   2.7103287e-01   3.6497394e+03   4.4513208e+03   9.2231424e+00   3.2392900e+01   4.7559754e+01   2.7989758e+03   6.4995825e+01   1.2289880e+02   1.9782646e-01   9.1993267e+01   4.9970860e+01   2.7035211e+03   2.5257559e+01   4.9681867e+01   3.3308103e+03   2.2886207e+01   6.6628303e+01   0.0000000e+00   2.7278218e+02   1.0248003e+02   9.2262531e+01   3.2149652e+01   1.4878492e+01   1.8851695e+01   5.9987578e+00   1.6668670e+01   4.0543784e+00   3.2629676e+01   2.1703562e+01   1.3297501e+01   8.9583558e-01   1.6137401e+01   5.3961314e+00   6.6753611e+00   3.2645311e+00   1.0714871e-02   5.7471747e-01   1.8613586e-01   5.3763098e+01   4.3985723e+01   6.2806984e+01   5.3286709e+01   2.6662173e+01   6.0482854e+01   2.4229301e+01   3.7208198e+01   4.6430526e+01   3.5865322e+01   1.2930642e+01
   2.7120352e-01   3.6623675e+03   4.4194048e+03   9.2085182e+00   3.2566379e+01   4.7469791e+01   2.8003855e+03   6.4968002e+01   1.2290763e+02   1.9779071e-01   9.2016519e+01   5.0037655e+01   2.7046640e+03   2.5184873e+01   5.0696945e+01   3.3317196e+03   2.2865790e+01   6.6613811e+01   3.5265019e-02   2.7305013e+02   1.0248171e+02   9.2600323e+01   3.2149652e+01   1.4878492e+01   1.8851695e+01   5.9987578e+00   1.6668670e+01   4.0543784e+00   3.2629676e+01   2.1703562e+01   1.3297501e+01   8.9583558e-01   1.6137401e+01   5.3961314e+00   6.6753611e+00   3.2645311e+00   1.0714871e-02   5.7471747e-01   1.8613586e-01   5.3763098e+01   4.3985723e+01   6.2831130e+01   5.3234379e+01   2.6682176e+01   6.0453847e+01   2.3987977e+01   3.7225335e+01   4.6445082e+01   3.6008469e+01   1.4713693e+01
   2.6905668e-01   3.6405205e+03   4.4911052e+03   9.2455458e+00   3.2329761e+01   4.7250409e+01   2.7994776e+03   6.5180005e+01   1.2290799e+02   1.9878512e-01   9.1975557e+01   4.9745175e+01   2.7043386e+03   2.5614830e+01   4.9994477e+01   3.3323741e+03   2.2799727e+01   6.6595303e+01  -3.4143002e-01   2.7305647e+02   1.0246876e+02   9.2397681e+01   3.2064643e+01   1.4900412e+01   1.9052002e+01   6.2207399e+00   1.6792863e+01   4.0341283e+00   3.2872597e+01   2.1549201e+01   1.3617299e+01   9.3821445e-01   1.6087562e+01   5.3980089e+00   6.7126367e+00   3.2380992e+00   1.0714871e-02   5.7471747e-01   1.8613586e-01   5.3763098e+01   4.3985723e+01   6.2836008e+01   5.3221696e+01   2.6699082e+01   6.0545750e+01   2.4117455e+01   3.7196669e+01   4.6441358e+01   3.6068457e+01   1.2009380e+01
   2.7545401e-01   3.6320785e+03   4.4593183e+03   9.2295171e+00   3.2601497e+01   4.7377928e+01   2.8010252e+03   6.5377764e+01   1.2290969e+02   1.9994800e-01   9.1999152e+01   5.0400206e+01   2.7053620e+03   2.5433120e+01   4.9227382e+01   3.3324333e+03   2.2785235e+01   6.6620138e+01   1.6377552e+00   2.7307751e+02   1.0245665e+02   9.2324909e+01   3.2100766e+01   1.5058146e+01   1.8849496e+01   6.2597035e+00   1.6937484e+01   4.0697736e+00   3.2819540e+01   2.1838510e+01   1.3363005e+01   9.1351423e-01   1.6556376e+01   5.4076337e+00   6.6856350e+00   3.2648045e+00  -2.0178654e-03   5.7825409e-01   1.7192285e-01   5.3910948e+01   4.4429613e+01   6.2844212e+01   5.3229912e+01   2.7019583e+01   6.0544386e+01   2.4580571e+01   3.7245205e+01   4.6426664e+01   3.6001574e+01   1.3215677e+01
   2.7270724e-01   3.6205329e+03   4.4604691e+03   9.3375676e+00   3.2481706e+01   4.8048077e+01   2.8007178e+03   6.5900972e+01   1.2290029e+02   2.0423321e-01   9.1960188e+01   4.9141369e+01   2.7048670e+03   2.5273894e+01   5.2443203e+01   3.3329009e+03   2.3058408e+01   6.6611285e+01   8.3803053e-01   2.7303147e+02   1.0247544e+02   9.2267444e+01   3.1860076e+01   1.4815958e+01   1.8706901e+01   6.0126284e+00   1.6437908e+01   4.0834113e+00   3.2545315e+01   2.1839205e+01   1.3229191e+01   8.4901883e-01   1.5753295e+01   5.4055500e+00   6.5769624e+00   3.2127333e+00  -2.0178654e-03   5.7825409e-01   1.7192285e-01   5.3910948e+01   4.4429613e+01   6.2835294e+01   5.3258421e+01   2.6955042e+01   6.0574357e+01   2.4936412e+01   3.7253558e+01   4.6456635e+01   3.6006859e+01   1.5595365e+01
   2.7378184e-01   3.6785810e+03   4.4455635e+03   9.3163993e+00   3.1941174e+01   4.7601483e+01   2.8020230e+03   6.5147950e+01   1.2288245e+02   2.0922481e-01   9.2065092e+01   4.9724126e+01   2.7063127e+03   2.5270838e+01   4.9631570e+01   3.3341366e+03   2.2717353e+01   6.6614107e+01   1.4209342e+00   2.7337131e+02   1.0245220e+02   9.2453167e+01   3.2329803e+01   1.4867265e+01   1.8970844e+01   5.9667418e+00   1.6603953e+01   4.0648446e+00   3.2614447e+01   2.1747430e+01   1.3578100e+01   9.3798092e-01   1.5677548e+01   5.3838045e+00   6.6020714e+00   3.2345045e+00   3.8066235e-03   5.9860886e-01   1.7155848e-01   5.4175624e+01   4.4162747e+01   6.2835477e+01   5.3225157e+01   2.6937769e+01   6.0642022e+01   2.5544583e+01   3.7238265e+01   4.6439761e+01   3.5849000e+01   1.3937825e+01
   2.7343710e-01   3.6786470e+03   4.4330579e+03   9.2050819e+00   3.2503068e+01   4.7378278e+01   2.8009863e+03   6.5314935e+01   1.2290291e+02   2.1174498e-01   9.1933659e+01   5.0214175e+01   2.7048242e+03   2.5326295e+01   4.9740247e+01   3.3330221e+03   2.2865937e+01   6.6641045e+01  -5.6530765e-02   2.7280694e+02   1.0247480e+02   9.2118931e+01   3.2451008e+01   1.4895579e+01   1.8597329e+01   6.0034792e+00   1.7079547e+01   4.0549634e+00   3.2749988e+01   2.1724074e+01   1.3504315e+01   8.0487487e-01   1.6345420e+01   5.3682774e+00   6.7457214e+00   3.2283730e+00   3.8066235e-03   5.9860886e-01   1.7155848e-01   5.4175624e+01   4.4162747e+01   6.2814396e+01   5.3276923e+01   2.6921670e+01   6.0476962e+01   2.6184439e+01   3.7241868e+01   4.6434816e+01   3.5927843e+01   1.0330223e+01
   2.6520985e-01   3.6493617e+03   4.4436152e+03   9.2138995e+00   3.2467958e+01   4.7232670e+01   2.8006242e+03   6.5157588e+01   1.2291060e+02   2.1292311e-01   9.1964026e+01   4.9723927e+01   2.7048051e+03   2.5049833e+01   5.0476191e+01   3.3329740e+03   2.2747600e+01   6.6571363e+01  -6.5715750e-01   2.7316860e+02   1.0248596e+02   9.2556526e+01   3.2089047e+01   1.4794620e+01   1.8869353e+01   5.9534599e+00   1.6809653e+01   4.0737193e+00   3.2455616e+01   2.1649855e+01   1.3332549e+01   9.7666525e-01   1.6547295e+01   5.4479103e+00   6.7233001e+00   3.2088569e+00   3.8066235e-03   5.9860886e-01   1.7155848e-01   5.4175624e+01   4.4162747e+01   6.2801279e+01   5.3286911e+01   2.6381075e+01   6.0554124e+01   2.6038828e+01   3.7241997e+01   4.6436250e+01   3.5889118e+01   1.1779079e+01
   2.6940787e-01   3.6555861e+03   4.4352661e+03   9.2566441e+00   3.2477568e+01   4.7795442e+01   2.8007115e+03   6.4470720e+01   1.2290335e+02   2.1314512e-01   9.2027170e+01   5.1072722e+01   2.7053055e+03   2.4977521e+01   5.0234321e+01   3.3324231e+03   2.3127062e+01   6.6601272e+01   2.4065704e+00   2.7301881e+02   1.0248213e+02   9.2451282e+01   3.2270535e+01   1.4694091e+01   1.9012364e+01   6.0859915e+00   1.6786753e+01   4.0683695e+00   3.2914752e+01   2.1714556e+01   1.2986475e+01   1.0490803e+00   1.6164262e+01   5.4287270e+00   6.5905792e+00   3.3133018e+00   1.5137769e-02   5.7579666e-01   2.0571512e-01   5.4532626e+01   4.4663674e+01   6.2761843e+01   5.3321511e+01   2.6641186e+01   6.0536316e+01   2.6317307e+01   3.7238554e+01   4.6439114e+01   3.5878195e+01   1.3631223e+01
   2.7436808e-01   3.6502785e+03   4.4409565e+03   9.2877777e+00   3.2576247e+01   4.7791666e+01   2.8000390e+03   6.4448034e+01   1.2287253e+02   2.1664252e-01   9.1990403e+01   5.0310041e+01   2.7041523e+03   2.5242898e+01   5.0591655e+01   3.3323008e+03   2.2903261e+01   6.6605017e+01  -2.9292007e-01   2.7282823e+02   1.0248825e+02   9.2349613e+01   3.2210755e+01   1.4882618e+01   1.8800886e+01   5.9770223e+00   1.6280647e+01   4.0321345e+00   3.2846044e+01   2.1738662e+01   1.3269737e+01   1.0510575e+00   1.5937558e+01   5.4429166e+00   6.6632727e+00   3.2576772e+00   1.5137769e-02   5.7579666e-01   2.0571512e-01   5.4532626e+01   4.4663674e+01   6.2730082e+01   5.3370479e+01   2.6845691e+01   6.0445924e+01   2.6374422e+01   3.7231312e+01   4.6424581e+01   3.5738364e+01   1.3143989e+01
   2.7224403e-01   3.6447429e+03   4.4517379e+03   9.2155306e+00   3.2231627e+01   4.7187817e+01   2.8007142e+03   6.4287655e+01   1.2290947e+02   2.1440781e-01   9.2068819e+01   4.9921082e+01   2.7056784e+03   2.5427955e+01   5.0023058e+01   3.3331302e+03   2.2842112e+01   6.6603784e+01  -5.6688607e-01   2.7294756e+02   1.0249824e+02   9.2528470e+01   3.1986551e+01   1.4964583e+01   1.9253982e+01   6.0533389e+00   1.6903118e+01   4.0881873e+00   3.2580358e+01   2.1782446e+01   1.3164482e+01   1.0155871e+00   1.6008707e+01   5.3940610e+00   6.7358530e+00   3.3008323e+00   1.1922394e-02   5.7622462e-01   1.9698283e-01   5.3112423e+01   4.4314094e+01   6.2709128e+01   5.3400441e+01   2.6748861e+01   6.0547601e+01   2.6420175e+01   3.7254365e+01   4.6415741e+01   3.5997197e+01   1.3095175e+01
   2.7938060e-01   3.6260931e+03   4.4677182e+03   9.1976285e+00   3.2294258e+01   4.7309662e+01   2.8000432e+03   6.5464238e+01   1.2291879e+02   2.1727981e-01   9.2028938e+01   5.1439302e+01   2.7042770e+03   2.5299031e+01   5.0787051e+01   3.3320015e+03   2.2873869e+01   6.6611302e+01  -1.3680932e+00   2.7349277e+02   1.0250522e+02   9.2636629e+01   3.1893716e+01   1.5095769e+01   1.8750840e+01   5.9555894e+00   1.6528816e+01   4.0616869e+00   3.2267270e+01   2.1526103e+01   1.3400978e+01   9.5259926e-01   1.5951130e+01   5.3936162e+00   6.6820101e+00   3.1979423e+00   1.1922394e-02   5.7622462e-01   1.9698283e-01   5.3112423e+01   4.4314094e+01   6.2807301e+01   5.3239873e+01   2.7413193e+01   6.0368978e+01   2.6467424e+01   3.7249325e+01   4.6400118e+01   3.5868549e+01   1.1278915e+01
   2.7897717e-01   3.6529344e+03   4.4318795e+03   9.3068987e+00   3.2572617e+01   4.7948366e+01   2.8004223e+03   6.5224320e+01   1.2290818e+02   2.1721021e-01   9.2016252e+01   5.1305093e+01   2.7050005e+03   2.5157836e+01   4.8881615e+01   3.3315778e+03   2.2776295e+01   6.6648591e+01  -4.2406485e-01   2.7287928e+02   1.0248273e+02   9.2415563e+01   3.2268997e+01   1.4763405e+01   1.8947360e+01   5.8828747e+00   1.6729353e+01   4.0094739e+00   3.2586908e+01   2.1661908e+01   1.3236236e+01   8.7240112e-01   1.5774931e+01   5.3823824e+00   6.6500764e+00   3.3054335e+00   1.1922394e-02   5.7622462e-01   1.9698283e-01   5.3112423e+01   4.4314094e+01   6.2879073e+01   5.3173743e+01   2.7300351e+01   6.0579236e+01   2.6550405e+01   3.7218751e+01   4.6437457e+01   3.5895397e+01   1.4447208e+01
   2.7656758e-01   3.6716856e+03   4.4622987e+03   9.2861633e+00   3.2402407e+01   4.7595434e+01   2.8000947e+03   6.5619767e+01   1.2290234e+02   2.1369119e-01   9.2095255e+01   5.1977162e+01   2.7042180e+03   2.5312292e+01   5.1425955e+01   3.3322157e+03   2.2979888e+01   6.6655089e+01   9.5590148e-01   2.7310267e+02   1.0243757e+02   9.2389517e+01   3.1987148e+01   1.4871295e+01   1.8703909e+01   6.1296944e+00   1.6961690e+01   4.0268589e+00   3.2727273e+01   2.1768688e+01   1.3474259e+01   8.9819747e-01   1.6122604e+01   5.4191602e+00   6.6790829e+00   3.2695173e+00   6.0346896e-03   5.5930827e-01   1.7522236e-01   5.3965003e+01   4.3814525e+01   6.2892880e+01   5.3182061e+01   2.7220746e+01   6.0434706e+01   2.6413971e+01   3.7233878e+01   4.6440969e+01   3.6176522e+01   1.4364318e+01
   2.7787047e-01   3.6550073e+03   4.4752204e+03   9.1859069e+00   3.2391913e+01   4.7767577e+01   2.7994558e+03   6.4175133e+01   1.2289532e+02   2.1065209e-01   9.2035879e+01   5.0465008e+01   2.7035604e+03   2.5458426e+01   4.9786384e+01   3.3309423e+03   2.2799501e+01   6.6629659e+01   3.6122881e-03   2.7305064e+02   1.0245619e+02   9.2501274e+01   3.2293079e+01   1.4887851e+01   1.8624283e+01   5.8425569e+00   1.6501244e+01   4.0670231e+00   3.3050645e+01   2.1740725e+01   1.3414695e+01   9.4268432e-01   1.5983397e+01   5.4125445e+00   6.6861498e+00   3.3065820e+00   6.0346896e-03   5.5930827e-01   1.7522236e-01   5.3965003e+01   4.3814525e+01   6.2854139e+01   5.3228488e+01   2.7087713e+01   6.0603556e+01   2.5777832e+01   3.7230633e+01   4.6446552e+01   3.5906634e+01   1.0997497e+01
   2.7251859e-01   3.6454338e+03   4.4532502e+03   9.2800046e+00   3.2477744e+01   4.7643933e+01   2.7988469e+03   6.5490014e+01   1.2288691e+02   2.1099407e-01   9.1970381e+01   5.0751362e+01   2.7042602e+03   2.5217790e+01   4.9173927e+01   3.3310361e+03   2.3015618e+01   6.6637928e+01   7.5159770e-01   2.7318460e+02   1.0247093e+02   9.2361535e+01   3.1969339e+01   1.4757279e+01   1.8490416e+01   5.9682539e+00   1.7079421e+01   4.1139329e+00   3.2491196e+01   2.1836547e+01   1.3439433e+01   9.4618899e-01   1.5890479e+01   5.3596940e+00   6.7090505e+00   3.2273929e+00   8.6985800e-03   5.7517051e-01   1.8132481e-01   5.4073770e+01   4.3726110e+01   6.2818055e+01   5.3241626e+01   2.6692155e+01   6.0540256e+01   2.5567342e+01   3.7215483e+01   4.6408479e+01   3.6120708e+01   1.0137436e+01
   2.7000694e-01   3.6393503e+03   4.4356684e+03   9.2963542e+00   3.2367183e+01   4.7747045e+01   2.8000261e+03   6.5546779e+01   1.2290289e+02   2.0822273e-01   9.2036574e+01   5.1753730e+01   2.7043992e+03   2.5293820e+01   4.9492126e+01   3.3326631e+03   2.2760900e+01   6.6633206e+01  -1.0754719e+00   2.7285226e+02   1.0246132e+02   9.2375368e+01   3.1955497e+01   1.4731507e+01   1.8850475e+01   5.9744529e+00   1.6987354e+01   4.0712515e+00   3.2823807e+01   2.1615021e+01   1.2952231e+01   9.1184573e-01   1.5614263e+01   5.4173482e+00   6.6180540e+00   3.2680662e+00   8.6985800e-03   5.7517051e-01   1.8132481e-01   5.4073770e+01   4.3726110e+01   6.2813034e+01   5.3272645e+01   2.6526990e+01   6.0665507e+01   2.5491865e+01   3.7249160e+01   4.6414622e+01   3.5855141e+01   1.4621018e+01
   2.7400331e-01   3.6602111e+03   4.4256868e+03   9.3078585e+00   3.2431851e+01   4.7914446e+01   2.8017081e+03   6.5413911e+01   1.2291864e+02   2.1026232e-01   9.2118431e+01   5.0727421e+01   2.7060411e+03   2.5214034e+01   4.9385792e+01   3.3338791e+03   2.2811426e+01   6.6592194e+01  -7.1855672e-01   2.7332412e+02   1.0244263e+02   9.2539592e+01   3.2164752e+01   1.4833566e+01   1.8712936e+01   6.1827976e+00   1.6456622e+01   4.0673478e+00   3.2670474e+01   2.1724165e+01   1.3045598e+01   9.5298059e-01   1.6381392e+01   5.3794039e+00   6.7074179e+00   3.2130764e+00   8.6985800e-03   5.7517051e-01   1.8132481e-01   5.4073770e+01   4.3726110e+01   6.2822870e+01   5.3274090e+01   2.6875837e+01   6.0612016e+01   2.5729788e+01   3.7249816e+01   4.6445415e+01   3.5919592e+01   1.4218980e+01
   2.7275626e-01   3.6353172e+03   4.4816244e+03   9.2496133e+00   3.2396088e+01   4.7551743e+01   2.8009045e+03   6.5337758e+01   1.2289128e+02   2.1466834e-01   9.1979937e+01   5.0929884e+01   2.7052953e+03   2.5249881e+01   4.9347891e+01   3.3322145e+03   2.2829803e+01   6.6626709e+01   1.2241625e+00   2.7302505e+02   1.0246290e+02   9.2377055e+01   3.2505261e+01   1.5151200e+01   1.8964330e+01   6.1625181e+00   1.6427876e+01   4.0550587e+00   3.3023701e+01   2.1787627e+01   1.3056482e+01   8.4271748e-01   1.6244607e+01   5.3763643e+00   6.7838555e+00   3.3369479e+00   2.5485563e-03   5.7415087e-01   1.9149225e-01   5.3913406e+01   4.4482538e+01   6.2803626e+01   5.3286215e+01   2.6770980e+01   6.0551390e+01   2.6212491e+01   3.7194639e+01   4.6429553e+01   3.5795374e+01   1.4479217e+01
   2.7168581e-01   3.6225002e+03   4.4119487e+03   9.2357297e+00   3.2647412e+01   4.7284865e+01   2.8006545e+03   6.5264942e+01   1.2290186e+02   2.1390388e-01   9.2095489e+01   5.0279793e+01   2.7050167e+03   2.5219871e+01   4.9490641e+01   3.3326681e+03   2.3044014e+01   6.6643962e+01   4.5732175e-01   2.7337595e+02   1.0246472e+02   9.2544426e+01   3.2290291e+01   1.4853564e+01   1.8828142e+01   6.0877639e+00   1.6560962e+01   4.0609239e+00   3.2669996e+01   2.1663972e+01   1.3428337e+01   7.2142396e-01   1.6368446e+01   5.4041707e+00   6.6712232e+00   3.3562245e+00   2.5485563e-03   5.7415087e-01   1.9149225e-01   5.3913406e+01   4.4482538e+01   6.2783201e+01   5.3252729e+01   2.6769738e+01   6.0515220e+01   2.6198085e+01   3.7233249e+01   4.6442264e+01   3.5974335e+01   1.5198608e+01
   2.7052909e-01   3.6508320e+03   4.4618535e+03   9.2382001e+00   3.2149330e+01   4.6956373e+01   2.7990932e+03   6.4461231e+01   1.2288882e+02   2.1124685e-01   9.1955211e+01   4.9605865e+01   2.7032918e+03   2.5416660e+01   4.9462145e+01   3.3309112e+03   2.2769723e+01   6.6646026e+01  -5.3015875e-01   2.7311036e+02   1.0247425e+02   9.2413770e+01   3.2343300e+01   1.5053641e+01   1.9147868e+01   6.0225723e+00   1.6125455e+01   4.0951980e+00   3.2939690e+01   2.1754731e+01   1.3132229e+01   1.0988456e+00   1.6059527e+01   5.4313451e+00   6.6816101e+00   3.2687672e+00   9.8550887e-03   5.8943939e-01   1.8649234e-01   5.3884180e+01   4.4564456e+01   6.2780135e+01   5.3257829e+01   2.6758025e+01   6.0498635e+01   2.6059205e+01   3.7243184e+01   4.6438250e+01   3.5897023e+01   1.0815345e+01
   2.7543155e-01   3.6192017e+03   4.4449762e+03   9.2618118e+00   3.2299628e+01   4.7792022e+01   2.7990726e+03   6.4239907e+01   1.2292076e+02   2.0673770e-01   9.2026399e+01   5.1487744e+01   2.7036288e+03   2.5401960e+01   5.0826749e+01   3.3313317e+03   2.3139128e+01   6.6656700e+01  -8.2576986e-01   2.7325266e+02   1.0246827e+02   9.2449228e+01   3.2118853e+01   1.4805786e+01   1.8730507e+01   6.0095153e+00   1.6369711e+01   4.0366590e+00   3.2162815e+01   2.1672862e+01   1.3219223e+01   7.5395977e-01   1.6229009e+01   5.3907805e+00   6.6544378e+00   3.2571758e+00   9.8550887e-03   5.8943939e-01   1.8649234e-01   5.3884180e+01   4.4564456e+01   6.2809467e+01   5.3260189e+01   2.7093477e+01   6.0374332e+01   2.5781518e+01   3.7253843e+01   4.6435811e+01   3.6038546e+01   1.4906960e+01
   2.7427869e-01   3.6608427e+03   4.4595036e+03   9.1906507e+00   3.2155564e+01   4.7743544e+01   2.7999346e+03   6.4505361e+01   1.2291601e+02   2.1117454e-01   9.2031596e+01   4.8786102e+01   2.7038888e+03   2.5551166e+01   4.8782513e+01   3.3314948e+03   2.2827430e+01   6.6679295e+01   1.0461167e+00   2.7299761e+02   1.0247486e+02   9.2299333e+01   3.2356007e+01   1.4813939e+01   1.8707673e+01   5.9139101e+00   1.6189852e+01   4.0616478e+00   3.2763320e+01   2.1722503e+01   1.3126029e+01   1.0494599e+00   1.6230793e+01   5.3788919e+00   6.6639180e+00   3.2204001e+00   9.8550887e-03   5.8943939e-01   1.8649234e-01   5.3884180e+01   4.4564456e+01   6.2800362e+01   5.3264194e+01   2.6965477e+01   6.0573691e+01   2.5603608e+01   3.7247172e+01   4.6440546e+01   3.5977503e+01   1.4869126e+01
   2.7152393e-01   3.6516902e+03   4.4584852e+03   9.1225654e+00   3.2628856e+01   4.7661048e+01   2.8002789e+03   6.5025378e+01   1.2290455e+02   2.0916542e-01   9.2026342e+01   4.9646409e+01   2.7042381e+03   2.5160809e+01   4.8074603e+01   3.3316524e+03   2.3015569e+01   6.6683752e+01  -5.7036515e-01   2.7333475e+02   1.0246579e+02   9.2354907e+01   3.2256942e+01   1.4794884e+01   1.8970713e+01   5.9874231e+00   1.6331201e+01   4.0505728e+00   3.2965530e+01   2.1635636e+01   1.3081751e+01   9.7136442e-01   1.5885210e+01   5.3723658e+00   6.7156708e+00   3.2265251e+00   1.9664394e-02   5.7211274e-01   1.8224216e-01   5.4757559e+01   4.4002592e+01   6.2757658e+01   5.3327597e+01   2.6685946e+01   6.0473665e+01   2.5550848e+01   3.7213970e+01   4.6426966e+01   3.5907061e+01   1.3744762e+01
   2.7188745e-01   3.6485120e+03   4.4746815e+03   9.2104479e+00   3.2969599e+01   4.7683701e+01   2.7999985e+03   6.5790203e+01   1.2287887e+02   2.0825395e-01   9.2010142e+01   5.1484946e+01   2.7035367e+03   2.5351564e+01   4.9133750e+01   3.3311966e+03   2.2827405e+01   6.6683641e+01  -5.1058522e-01   2.7296950e+02   1.0247302e+02   9.2281612e+01   3.2277051e+01   1.4742950e+01   1.8651659e+01   5.9121902e+00   1.6492845e+01   4.0205164e+00   3.2799392e+01   2.1728923e+01   1.2974034e+01   7.2839703e-01   1.5855262e+01   5.3820820e+00   6.6493537e+00   3.2244024e+00   1.9664394e-02   5.7211274e-01   1.8224216e-01   5.4757559e+01   4.4002592e+01   6.2676706e+01   5.3419877e+01   2.6910127e+01   6.0481341e+01   2.5531867e+01   3.7239363e+01   4.6462819e+01   3.5736206e+01   1.1467981e+01
   2.7271203e-01   3.6122504e+03   4.4628204e+03   9.3593360e+00   3.2336466e+01   4.7559614e+01   2.8009491e+03   6.4287702e+01   1.2290409e+02   2.1122170e-01   9.2115884e+01   4.8624431e+01   2.7061944e+03   2.5506161e+01   5.0001520e+01   3.3333957e+03   2.2819991e+01   6.6693056e+01   1.0356377e-01   2.7297188e+02   1.0246754e+02   9.2428993e+01   3.1693805e+01   1.4895387e+01   1.8446388e+01   6.0401940e+00   1.6788875e+01   4.0631359e+00   3.2371956e+01   2.1782410e+01   1.3144951e+01   8.1430605e-01   1.5966886e+01   5.4260196e+00   6.7050978e+00   3.3540793e+00   9.2728290e-03   5.7594534e-01   1.8594665e-01   5.4229885e+01   4.3502778e+01   6.2606673e+01   5.3449319e+01   2.6632376e+01   6.0569833e+01   2.5869692e+01   3.7223583e+01   4.6440536e+01   3.5904636e+01   1.3652057e+01
   2.6828321e-01   3.6475837e+03   4.4479400e+03   9.2547680e+00   3.2413457e+01   4.7696267e+01   2.8009101e+03   6.5739345e+01   1.2289662e+02   2.1402131e-01   9.1957401e+01   5.1482369e+01   2.7047043e+03   2.5509172e+01   4.9378060e+01   3.3328110e+03   2.2711856e+01   6.6625518e+01  -2.1531245e+00   2.7311190e+02   1.0249509e+02   9.2518574e+01   3.2110720e+01   1.4905425e+01   1.8911148e+01   5.9822898e+00   1.7237580e+01   4.0494010e+00   3.2930861e+01   2.1689693e+01   1.2746593e+01   8.7678515e-01   1.6441019e+01   5.3942713e+00   6.6613328e+00   3.3617837e+00   9.2728290e-03   5.7594534e-01   1.8594665e-01   5.4229885e+01   4.3502778e+01   6.2658639e+01   5.3408167e+01   2.6627841e+01   6.0716436e+01   2.6236062e+01   3.7226792e+01   4.6437577e+01   3.5875268e+01   9.7038757e+00
   2.7324429e-01   3.6123298e+03   4.4895645e+03   9.1928147e+00   3.2232209e+01   4.7542722e+01   2.8013483e+03   6.4943520e+01   1.2291066e+02   2.2046177e-01   9.2064145e+01   5.0787211e+01   2.7060249e+03   2.5095408e+01   4.7863643e+01   3.3335776e+03   2.2938404e+01   6.6646023e+01  -4.1361659e-01   2.7359649e+02   1.0248453e+02   9.2490353e+01   3.2058816e+01   1.5088167e+01   1.8380761e+01   5.7226636e+00   1.6377365e+01   4.0707689e+00   3.3095226e+01   2.1527699e+01   1.3033616e+01   1.0953521e+00   1.6122283e+01   5.4033031e+00   6.7609041e+00   3.2339170e+00   9.2728290e-03   5.7594534e-01   1.8594665e-01   5.4229885e+01   4.3502778e+01   6.2669123e+01   5.3387210e+01   2.6896451e+01   6.0512245e+01   2.6981073e+01   3.7189042e+01   4.6408232e+01   3.5956639e+01   1.2232056e+01
   2.6897729e-01   3.6341247e+03   4.4741417e+03   9.2691963e+00   3.2276830e+01   4.7714816e+01   2.8004609e+03   6.5782794e+01   1.2290615e+02   2.2642676e-01   9.2011946e+01   5.0640679e+01   2.7059898e+03   2.5208183e+01   4.9558612e+01   3.3334784e+03   2.3097435e+01   6.6649700e+01   1.0997629e-01   2.7293537e+02   1.0247357e+02   9.2418449e+01   3.2115307e+01   1.4957511e+01   1.8606718e+01   5.8047283e+00   1.6690086e+01   4.0549099e+00   3.2454727e+01   2.1931866e+01   1.2921848e+01   9.0559676e-01   1.6496203e+01   5.4260478e+00   6.7614927e+00   3.2207065e+00   4.2671135e-02   5.6882532e-01   1.8192801e-01   5.2729151e+01   4.4472774e+01   6.2757116e+01   5.3265130e+01   2.6437595e+01   6.0693182e+01   2.7669269e+01   3.7212627e+01   4.6425880e+01   3.5944574e+01   1.2822843e+01
   2.6865039e-01   3.6708551e+03   4.4251814e+03   9.2199037e+00   3.2672074e+01   4.7286514e+01   2.8008574e+03   6.4848224e+01   1.2291766e+02   2.2994745e-01   9.2048015e+01   5.2292339e+01   2.7051981e+03   2.5279316e+01   4.9753724e+01   3.3322206e+03   2.2769493e+01   6.6611219e+01   1.0619519e-01   2.7347604e+02   1.0245728e+02   9.2444433e+01   3.2534783e+01   1.4932242e+01   1.9334179e+01   5.8704361e+00   1.6556822e+01   4.0484871e+00   3.2668345e+01   2.1725649e+01   1.3282995e+01   8.9517144e-01   1.6051320e+01   5.3713265e+00   6.6250328e+00   3.2570655e+00   4.2671135e-02   5.6882532e-01   1.8192801e-01   5.2729151e+01   4.4472774e+01   6.2880583e+01   5.3123318e+01   2.6389535e+01   6.0583834e+01   2.8065747e+01   3.7217104e+01   4.6386376e+01   3.5974852e+01   1.4050867e+01
   2.7388593e-01   3.6581083e+03   4.4619150e+03   9.1420432e+00   3.2747017e+01   4.7619482e+01   2.7990204e+03   6.4835179e+01   1.2290408e+02   2.2422457e-01   9.2063881e+01   4.9159978e+01   2.7036215e+03   2.5175766e+01   4.9258955e+01   3.3312934e+03   2.3078856e+01   6.6669686e+01   9.4961217e-01   2.7341051e+02   1.0246657e+02   9.2473673e+01   3.2184413e+01   1.4761328e+01   1.8729539e+01   5.9830622e+00   1.6375077e+01   4.0235638e+00   3.3257990e+01   2.1761583e+01   1.3110996e+01   9.3812093e-01   1.6413454e+01   5.4238408e+00   6.6335010e+00   3.2408873e+00   1.6021942e-02   5.7978176e-01   1.9492096e-01   5.4224877e+01   4.3306669e+01   6.2939607e+01   5.3067407e+01   2.6943290e+01   6.0341913e+01   2.7716120e+01   3.7243257e+01   4.6420800e+01   3.5957972e+01   1.2242332e+01
   2.7166524e-01   3.6340550e+03   4.4165000e+03   9.2391697e+00   3.2575315e+01   4.7496560e+01   2.7974133e+03   6.4979914e+01   1.2289719e+02   2.1963241e-01   9.1947204e+01   4.8959840e+01   2.7016981e+03   2.5109373e+01   4.8162974e+01   3.3290332e+03   2.2868869e+01   6.6645969e+01   3.0997693e-01   2.7349074e+02   1.0249801e+02   9.2387394e+01   3.1971914e+01   1.4900277e+01   1.8842325e+01   5.9274560e+00   1.6518189e+01   4.0568210e+00   3.3249467e+01   2.2010843e+01   1.3531643e+01   8.6866481e-01   1.6149289e+01   5.4430087e+00   6.6021939e+00   3.3111688e+00   1.6021942e-02   5.7978176e-01   1.9492096e-01   5.4224877e+01   4.3306669e+01   6.2834202e+01   5.3218068e+01   2.6793992e+01   6.0585334e+01   2.6564591e+01   3.7206663e+01   4.6411359e+01   3.6017280e+01   1.3644156e+01
   2.7621073e-01   3.6527484e+03   4.4311910e+03   9.2424888e+00   3.2864688e+01   4.7381097e+01   2.7984547e+03   6.5098534e+01   1.2291614e+02   2.1237870e-01   9.2034589e+01   4.8808479e+01   2.7030781e+03   2.5321290e+01   5.0870317e+01   3.3305956e+03   2.2819669e+01   6.6667986e+01  -3.8289663e-01   2.7355857e+02   1.0248880e+02   9.2285879e+01   3.2338186e+01   1.4827779e+01   1.8586440e+01   5.9982680e+00   1.6651464e+01   4.0589553e+00   3.2377029e+01   2.1868447e+01   1.3183946e+01   6.3394928e-01   1.5873133e+01   5.4140120e+00   6.6888317e+00   3.2101107e+00   1.6021942e-02   5.7978176e-01   1.9492096e-01   5.4224877e+01   4.3306669e+01   6.2781253e+01   5.3313744e+01   2.7009367e+01   6.0542310e+01   2.5894190e+01   3.7219806e+01   4.6450611e+01   3.5967954e+01   1.2551127e+01
   2.6890934e-01   3.6501515e+03   4.4603546e+03   9.2781282e+00   3.2531338e+01   4.7585763e+01   2.7989590e+03   6.4225751e+01   1.2290186e+02   2.1032133e-01   9.1971023e+01   5.0727798e+01   2.7034431e+03   2.5168507e+01   5.0762319e+01   3.3309135e+03   2.2870594e+01   6.6663419e+01   1.6360543e+00   2.7322118e+02   1.0246701e+02   9.2320943e+01   3.2362646e+01   1.4917595e+01   1.8640939e+01   6.1504205e+00   1.6704482e+01   4.0602387e+00   3.2585304e+01   2.1711859e+01   1.3133087e+01   9.1020050e-01   1.6286098e+01   5.4539557e+00   6.6599847e+00   3.2944566e+00   1.2846725e-02   5.9856797e-01   1.8897387e-01   5.3484840e+01   4.3994079e+01   6.2784871e+01   5.3290752e+01   2.6551006e+01   6.0564331e+01   2.5464014e+01   3.7203436e+01   4.6404974e+01   3.5895317e+01   1.2415244e+01
   2.6669347e-01   3.6070147e+03   4.4292182e+03   9.2430325e+00   3.2742933e+01   4.7676095e+01   2.8005881e+03   6.4634848e+01   1.2290384e+02   2.0542981e-01   9.2148906e+01   5.0406498e+01   2.7049347e+03   2.5108248e+01   5.1533031e+01   3.3326602e+03   2.2769430e+01   6.6679688e+01  -8.5651549e-01   2.7351712e+02   1.0246120e+02   9.2383809e+01   3.2641858e+01   1.4869394e+01   1.8302807e+01   6.1559443e+00   1.6783907e+01   4.0641948e+00   3.2920671e+01   2.1608606e+01   1.3650057e+01   1.0082535e+00   1.6250145e+01   5.3887852e+00   6.7207566e+00   3.2780031e+00   1.2846725e-02   5.9856797e-01   1.8897387e-01   5.3484840e+01   4.3994079e+01   6.2823872e+01   5.3232745e+01   2.6321362e+01   6.0551723e+01   2.5258286e+01   3.7220444e+01   4.6411188e+01   3.5979861e+01   1.4193705e+01
   2.5901100e-01   3.6287765e+03   4.4358905e+03   9.2244820e+00   3.2431909e+01   4.7416684e+01   2.8006286e+03   6.4897265e+01   1.2290974e+02   2.0350171e-01   9.2064840e+01   5.0080976e+01   2.7042096e+03   2.5212988e+01   4.8069087e+01   3.3315557e+03   2.2701883e+01   6.6673647e+01   1.8101023e+00   2.7334141e+02   1.0245882e+02   9.2538121e+01   3.2110646e+01   1.4904474e+01   1.8857468e+01   5.8256315e+00   1.6774047e+01   4.0531324e+00   3.2260324e+01   2.1578446e+01   1.3508547e+01   1.0350471e+00   1.6075735e+01   5.3835474e+00   6.6987989e+00   3.3843806e+00   1.8525454e-02   5.7249512e-01   1.8144207e-01   5.4233243e+01   4.3864636e+01   6.2840446e+01   5.3197429e+01   2.5552078e+01   6.0729733e+01   2.5283851e+01   3.7218992e+01   4.6418371e+01   3.5956405e+01   1.2451556e+01
   2.6691191e-01   3.6520073e+03   4.4564068e+03   9.2148933e+00   3.2476833e+01   4.7729029e+01   2.8001310e+03   6.6108567e+01   1.2287816e+02   2.0694226e-01   9.2024739e+01   4.8980086e+01   2.7041914e+03   2.5547086e+01   5.3016809e+01   3.3314614e+03   2.2886653e+01   6.6665153e+01  -1.6874923e+00   2.7355629e+02   1.0246917e+02   9.2411275e+01   3.2345674e+01   1.4926294e+01   1.8906007e+01   6.0423785e+00   1.6827832e+01   4.0563751e+00   3.2583540e+01   2.1798056e+01   1.3255669e+01   9.5917883e-01   1.6224863e+01   5.4174782e+00   6.7483067e+00   3.2373522e+00   1.8525454e-02   5.7249512e-01   1.8144207e-01   5.4233243e+01   4.3864636e+01   6.2786547e+01   5.3282733e+01   2.6113144e+01   6.0538864e+01   2.5346906e+01   3.7216701e+01   4.6418760e+01   3.6053985e+01   1.2056430e+01
   2.6677482e-01   3.6382989e+03   4.4424549e+03   9.2642429e+00   3.2512286e+01   4.7405574e+01   2.7997767e+03   6.5361491e+01   1.2289713e+02   2.0861441e-01   9.2014537e+01   5.1506398e+01   2.7036768e+03   2.5457227e+01   5.1184506e+01   3.3310176e+03   2.2910540e+01   6.6668643e+01   2.4332547e+00   2.7331966e+02   1.0248258e+02   9.2180764e+01   3.2045244e+01   1.4894902e+01   1.8997094e+01   6.0255363e+00   1.6802120e+01   4.0351379e+00   3.2769082e+01   2.1842118e+01   1.3194683e+01   1.0599712e+00   1.6246993e+01   5.4091081e+00   6.6788357e+00   3.2248691e+00   1.8525454e-02   5.7249512e-01   1.8144207e-01   5.4233243e+01   4.3864636e+01   6.2722503e+01   5.3350660e+01   2.6318607e+01   6.0448406e+01   2.5274311e+01   3.7191241e+01   4.6400689e+01   3.6032287e+01   1.4863363e+01
   2.7198941e-01   3.6456908e+03   4.4701919e+03   9.1683489e+00   3.2509762e+01   4.7823213e+01   2.7999487e+03   6.4283887e+01   1.2289008e+02   2.0631294e-01   9.2084290e+01   4.9195883e+01   2.7044643e+03   2.5286340e+01   5.0468782e+01   3.3326058e+03   2.3126002e+01   6.6717158e+01  -3.6870613e-01   2.7356208e+02   1.0246891e+02   9.2483793e+01   3.2552425e+01   1.4798119e+01   1.8498851e+01   5.9055286e+00   1.6730074e+01   4.0462344e+00   3.2632954e+01   2.1639141e+01   1.3490135e+01   9.7219085e-01   1.6325281e+01   5.3914315e+00   6.7342636e+00   3.2474606e+00   3.3262422e-03   5.7670635e-01   1.7364140e-01   5.4285375e+01   4.4790352e+01   6.2707884e+01   5.3377315e+01   2.6765331e+01   6.0440193e+01   2.5309156e+01   3.7230369e+01   4.6419004e+01   3.5772913e+01   1.2834327e+01
   2.6521779e-01   3.6266624e+03   4.4383772e+03   9.2997947e+00   3.2505735e+01   4.7763549e+01   2.7999946e+03   6.5180995e+01   1.2289711e+02   2.0984790e-01   9.2014770e+01   5.0285232e+01   2.7043319e+03   2.5237580e+01   4.9040213e+01   3.3323099e+03   2.2683044e+01   6.6677377e+01  -1.0189298e+00   2.7329439e+02   1.0248605e+02   9.2377809e+01   3.1962882e+01   1.4929056e+01   1.8908677e+01   6.0252045e+00   1.6690577e+01   4.0727672e+00   3.2353275e+01   2.1565028e+01   1.3288892e+01   8.5787677e-01   1.5712009e+01   5.3531201e+00   6.5933126e+00   3.2032038e+00   3.3262422e-03   5.7670635e-01   1.7364140e-01   5.4285375e+01   4.4790352e+01   6.2683958e+01   5.3387455e+01   2.6055923e+01   6.0576384e+01   2.5315655e+01   3.7195332e+01   4.6416477e+01   3.5926120e+01   1.1972708e+01
   2.7072595e-01   3.6552483e+03   4.4747317e+03   9.1981217e+00   3.2224933e+01   4.7835373e+01   2.8005563e+03   6.4483247e+01   1.2290008e+02   2.1442861e-01   9.2036965e+01   4.8721039e+01   2.7052369e+03   2.5374590e+01   5.0219779e+01   3.3328353e+03   2.2918649e+01   6.6673030e+01   2.4105774e-01   2.7327342e+02   1.0248359e+02   9.2372867e+01   3.1766205e+01   1.4880618e+01   1.8587932e+01   6.1029697e+00   1.6643264e+01   4.0893672e+00   3.2943369e+01   2.1642572e+01   1.3127134e+01   8.8433079e-01   1.6267522e+01   5.4343402e+00   6.6426768e+00   3.2971243e+00   1.7645665e-02   5.5424003e-01   1.9517137e-01   5.5147893e+01   4.3577863e+01   6.2666367e+01   5.3394557e+01   2.6559427e+01   6.0559245e+01   2.5717211e+01   3.7228585e+01   4.6438090e+01   3.5909123e+01   1.3850482e+01
   2.7004889e-01   3.6575607e+03   4.4564428e+03   9.3224095e+00   3.2464630e+01   4.8035629e+01   2.8008577e+03   6.4400999e+01   1.2287871e+02   2.1328539e-01   9.2009794e+01   5.0594635e+01   2.7054316e+03   2.5340564e+01   5.0385445e+01   3.3330752e+03   2.2824989e+01   6.6633921e+01  -1.5002722e+00   2.7377724e+02   1.0249206e+02   9.2411397e+01   3.2409828e+01   1.4945370e+01   1.8593591e+01   5.8892221e+00   1.6929374e+01   4.0752107e+00   3.2482386e+01   2.1673255e+01   1.3497172e+01   6.9319459e-01   1.5992123e+01   5.3662064e+00   6.6898791e+00   3.3391411e+00   1.7645665e-02   5.5424003e-01   1.9517137e-01   5.5147893e+01   4.3577863e+01   6.2545405e+01   5.3506712e+01   2.6590873e+01   6.0640823e+01   2.6074914e+01   3.7247868e+01   4.6395567e+01   3.5864878e+01   1.2389521e+01
   2.6314912e-01   3.6033004e+03   4.4459147e+03   9.2734515e+00   3.2528214e+01   4.7629193e+01   2.8020316e+03   6.5985657e+01   1.2288656e+02   2.2266077e-01   9.2006692e+01   4.9725728e+01   2.7062133e+03   2.5240546e+01   5.0911343e+01   3.3338280e+03   2.3027096e+01   6.6646245e+01   1.7424669e+00   2.7347268e+02   1.0249145e+02   9.2273614e+01   3.2415539e+01   1.4924738e+01   1.8396240e+01   5.8055062e+00   1.6624975e+01   4.0498366e+00   3.2827064e+01   2.1772098e+01   1.3220389e+01   8.0974955e-01   1.6347873e+01   5.3857707e+00   6.6578852e+00   3.3590090e+00   1.7645665e-02   5.5424003e-01   1.9517137e-01   5.5147893e+01   4.3577863e+01   6.2498687e+01   5.3561194e+01   2.6159941e+01   6.0644971e+01   2.7035691e+01   3.7217313e+01   4.6424193e+01   3.5872649e+01   1.1175674e+01
   2.6073315e-01   3.6668711e+03   4.4815581e+03   9.2011154e+00   3.2503170e+01   4.7679914e+01   2.8016692e+03   6.4197692e+01   1.2287688e+02   2.2896778e-01   9.2002962e+01   4.9976732e+01   2.7063645e+03   2.5081502e+01   5.0652321e+01   3.3345572e+03   2.2833291e+01   6.6625397e+01  -1.0613695e+00   2.7298443e+02   1.0247312e+02   9.2136116e+01   3.1847921e+01   1.4813954e+01   1.8503190e+01   6.0590670e+00   1.6801625e+01   3.9974575e+00   3.2909599e+01   2.1652529e+01   1.3330942e+01   8.9087676e-01   1.6279232e+01   5.3544715e+00   6.7227966e+00   3.2655033e+00   2.8976927e-03   5.8134680e-01   1.8984216e-01   5.3193311e+01   4.3989581e+01   6.2569886e+01   5.3429351e+01   2.5639250e+01   6.0655605e+01   2.7970310e+01   3.7161725e+01   4.6416524e+01   3.5773122e+01   1.1274077e+01
   2.6185368e-01   3.6752240e+03   4.4673737e+03   9.3336033e+00   3.2589046e+01   4.7259964e+01   2.8027966e+03   6.4534961e+01   1.2289989e+02   2.3468464e-01   9.2182174e+01   5.0686864e+01   2.7074055e+03   2.5398297e+01   4.9913802e+01   3.3354496e+03   2.2932549e+01   6.6642366e+01   9.0862013e-01   2.7345496e+02   1.0245832e+02   9.2590893e+01   3.1888563e+01   1.4807884e+01   1.8410677e+01   5.9681854e+00   1.6719170e+01   4.0471788e+00   3.3453087e+01   2.1739411e+01   1.3390696e+01   1.0875837e+00   1.6080758e+01   5.4056448e+00   6.7162851e+00   3.3215909e+00   2.8976927e-03   5.8134680e-01   1.8984216e-01   5.3193311e+01   4.3989581e+01   6.2686520e+01   5.3289823e+01   2.5841778e+01   6.0685019e+01   2.8853978e+01   3.7179270e+01   4.6399726e+01   3.5982721e+01   1.3385977e+01
   2.6211644e-01   3.6758100e+03   4.4604105e+03   9.2804729e+00   3.2221458e+01   4.7601682e+01   2.8019653e+03   6.6427516e+01   1.2291921e+02   2.4113149e-01   9.2101267e+01   5.0080782e+01   2.7061539e+03   2.5334675e+01   4.9635728e+01   3.3341660e+03   2.2747677e+01   6.6654970e+01  -6.2076558e-01   2.7360520e+02   1.0247194e+02   9.2493960e+01   3.1935269e+01   1.4862304e+01   1.8373959e+01   5.9158224e+00   1.6629650e+01   4.0308671e+00   3.3072831e+01   2.1636947e+01   1.2908805e+01   8.6494117e-01   1.6015050e+01   5.3799944e+00   6.7191861e+00   3.2151941e+00   3.8646583e-03   5.8215116e-01   1.6921827e-01   5.3152208e+01   4.3344330e+01   6.2753369e+01   5.3241389e+01   2.5792443e+01   6.0791125e+01   2.9619187e+01   3.7224021e+01   4.6410374e+01   3.6057605e+01   1.0479589e+01
   2.6133896e-01   3.6128143e+03   4.4643545e+03   9.2850515e+00   3.2389519e+01   4.7326281e+01   2.7997825e+03   6.5093148e+01   1.2289144e+02   2.4833849e-01   9.1992712e+01   4.9759498e+01   2.7049875e+03   2.5125102e+01   5.1376924e+01   3.3327087e+03   2.2844763e+01   6.6656915e+01   1.8409383e+00   2.7293320e+02   1.0247815e+02   9.2204492e+01   3.1995044e+01   1.4685545e+01   1.8627743e+01   6.0462215e+00   1.6357799e+01   4.0298949e+00   3.3127457e+01   2.1633440e+01   1.3197724e+01   8.0263391e-01   1.6191751e+01   5.3967581e+00   6.5679436e+00   3.2192878e+00   3.8646583e-03   5.8215116e-01   1.6921827e-01   5.3152208e+01   4.3344330e+01   6.2803326e+01   5.3198312e+01   2.5664367e+01   6.0769380e+01   2.9992041e+01   3.7197552e+01   4.6422230e+01   3.5904543e+01   1.4159300e+01
   2.6096218e-01   3.6422612e+03   4.4183340e+03   9.2638788e+00   3.2418635e+01   4.7469829e+01   2.8005533e+03   6.4905573e+01   1.2291822e+02   2.4612148e-01   9.2138601e+01   4.9845913e+01   2.7042166e+03   2.5490433e+01   5.0870304e+01   3.3327347e+03   2.2847636e+01   6.6684172e+01  -7.8251062e-01   2.7315644e+02   1.0245669e+02   9.2338685e+01   3.2226535e+01   1.4815014e+01   1.8761134e+01   5.8550697e+00   1.6451714e+01   4.0639547e+00   3.2772128e+01   2.1720949e+01   1.3165954e+01   7.5228795e-01   1.5845453e+01   5.4526709e+00   6.6618378e+00   3.3296239e+00   3.8646583e-03   5.8215116e-01   1.6921827e-01   5.3152208e+01   4.3344330e+01   6.2849237e+01   5.3163550e+01   2.5843716e+01   6.0696131e+01   2.9990271e+01   3.7179237e+01   4.6434493e+01   3.6010554e+01   1.3802393e+01
   2.6384434e-01   3.6654435e+03   4.4243308e+03   9.2250257e+00   3.2800567e+01   4.7693250e+01   2.7983330e+03   6.4166634e+01   1.2292847e+02   2.4095921e-01   9.1987638e+01   4.9069440e+01   2.7020209e+03   2.5312477e+01   4.8890874e+01   3.3297239e+03   2.2739712e+01   6.6666904e+01   2.1416257e+00   2.7311739e+02   1.0248846e+02   9.2300039e+01   3.2832718e+01   1.4832384e+01   1.8930873e+01   6.0808403e+00   1.6528553e+01   4.0563107e+00   3.2742143e+01   2.1660254e+01   1.3566424e+01   8.4452228e-01   1.5995541e+01   5.3980068e+00   6.6600255e+00   3.2081186e+00   7.0914398e-03   5.7661403e-01   1.8617311e-01   5.4132704e+01   4.3539012e+01   6.2803730e+01   5.3225400e+01   2.5925889e+01   6.0590332e+01   2.9320228e+01   3.7153956e+01   4.6387289e+01   3.5776406e+01   1.2380635e+01
   2.6231747e-01   3.6370844e+03   4.4655360e+03   9.3098995e+00   3.2366622e+01   4.7449270e+01   2.7979906e+03   6.3926706e+01   1.2289541e+02   2.2961289e-01   9.2083187e+01   5.1524664e+01   2.7025618e+03   2.5379985e+01   5.2867773e+01   3.3292703e+03   2.2814905e+01   6.6721834e+01   7.0958684e-01   2.7301237e+02   1.0249134e+02   9.2440331e+01   3.2441033e+01   1.4801018e+01   1.8986191e+01   5.9772825e+00   1.6214872e+01   4.0637930e+00   3.2904322e+01   2.1623777e+01   1.3375982e+01   7.1475648e-01   1.5749567e+01   5.3795419e+00   6.6403610e+00   3.2830981e+00   7.0914398e-03   5.7661403e-01   1.8617311e-01   5.4132704e+01   4.3539012e+01   6.2739421e+01   5.3316624e+01   2.5748621e+01   6.0505634e+01   2.8368924e+01   3.7206868e+01   4.6415105e+01   3.5929980e+01   1.2869621e+01
   2.6371279e-01   3.6705196e+03   4.4662817e+03   9.2173263e+00   3.2548033e+01   4.7854174e+01   2.7970569e+03   6.5155528e+01   1.2291789e+02   2.2221505e-01   9.2124156e+01   5.0738577e+01   2.7023037e+03   2.5387285e+01   5.1950186e+01   3.3296997e+03   2.2969000e+01   6.6719381e+01  -1.3803465e+00   2.7294271e+02   1.0248574e+02   9.2426170e+01   3.2421830e+01   1.4917605e+01   1.8953063e+01   5.9364473e+00   1.6441072e+01   3.9946186e+00   3.3020381e+01   2.1552067e+01   1.3123405e+01   8.3912611e-01   1.6410057e+01   5.4291027e+00   6.6932005e+00   3.3582595e+00   1.5194239e-02   5.7661043e-01   1.9139036e-01   5.3823187e+01   4.4488684e+01   6.2715885e+01   5.3345086e+01   2.5962162e+01   6.0511229e+01   2.7145041e+01   3.7199507e+01   4.6403394e+01   3.5814936e+01   1.3822972e+01
   2.6355318e-01   3.6518084e+03   4.4370065e+03   9.2197379e+00   3.2679709e+01   4.7568469e+01   2.7968710e+03   6.4263897e+01   1.2290958e+02   2.1323831e-01   9.2058086e+01   4.9676508e+01   2.7017675e+03   2.5038409e+01   5.0397900e+01   3.3290121e+03   2.2804906e+01   6.6720240e+01   1.3951877e+00   2.7304255e+02   1.0249694e+02   9.2417884e+01   3.2265806e+01   1.4728386e+01   1.8975339e+01   5.9916259e+00   1.6638627e+01   4.0380113e+00   3.3073894e+01   2.1529743e+01   1.3493336e+01   9.7059174e-01   1.5905248e+01   5.3806657e+00   6.6275499e+00   3.3245245e+00   1.5194239e-02   5.7661043e-01   1.9139036e-01   5.3823187e+01   4.4488684e+01   6.2715094e+01   5.3333775e+01   2.6055804e+01   6.0509618e+01   2.6006083e+01   3.7194874e+01   4.6411686e+01   3.5823308e+01   1.1010849e+01
   2.6680603e-01   3.6454877e+03   4.4851499e+03   9.2389010e+00   3.2439520e+01   4.7937596e+01   2.7987235e+03   6.4494690e+01   1.2288876e+02   2.0499965e-01   9.2117643e+01   4.9696396e+01   2.7023569e+03   2.5344060e+01   5.2376183e+01   3.3302306e+03   2.2875194e+01   6.6732623e+01   9.2260068e-01   2.7338947e+02   1.0247604e+02   9.2525802e+01   3.2536870e+01   1.4681074e+01   1.9008505e+01   5.9082460e+00   1.6417157e+01   4.0343298e+00   3.2902651e+01   2.1416491e+01   1.3539950e+01   8.6670534e-01   1.6214384e+01   5.3698432e+00   6.6182044e+00   3.3469526e+00   1.5194239e-02   5.7661043e-01   1.9139036e-01   5.3823187e+01   4.4488684e+01   6.2723339e+01   5.3323265e+01   2.6249322e+01   6.0525146e+01   2.5233023e+01   3.7151741e+01   4.6406248e+01   3.5932496e+01   1.5155091e+01
   2.6398499e-01   3.6392450e+03   4.4218521e+03   9.1908300e+00   3.2485114e+01   4.7691358e+01   2.7983147e+03   6.5169537e+01   1.2291568e+02   2.0552992e-01   9.2090642e+01   4.9224767e+01   2.7032666e+03   2.5058766e+01   5.0699599e+01   3.3302321e+03   2.3075835e+01   6.6726250e+01  -6.1330329e-01   2.7318147e+02   1.0248388e+02   9.2516486e+01   3.2101042e+01   1.4982677e+01   1.8747502e+01   5.9381668e+00   1.6614896e+01   4.0841137e+00   3.3127619e+01   2.1625590e+01   1.2832216e+01   9.1195014e-01   1.6229328e+01   5.3540249e+00   6.7863665e+00   3.2974430e+00   1.5974150e-02   5.7375876e-01   1.8110079e-01   5.2980398e+01   4.3132894e+01   6.2793434e+01   5.3235342e+01   2.6214489e+01   6.0504972e+01   2.4641837e+01   3.7190211e+01   4.6436294e+01   3.5762324e+01   1.3280453e+01
   2.6423843e-01   3.6422100e+03   4.4675404e+03   9.2200425e+00   3.2774747e+01   4.7475087e+01   2.7988414e+03   6.5497662e+01   1.2291416e+02   1.9868652e-01   9.2033810e+01   5.1186354e+01   2.7023828e+03   2.5346132e+01   5.0720137e+01   3.3301569e+03   2.2733244e+01   6.6713964e+01   2.9807992e-01   2.7310518e+02   1.0248082e+02   9.2368965e+01   3.1693177e+01   1.4890670e+01   1.8385225e+01   5.9232126e+00   1.6594654e+01   4.0315071e+00   3.2444581e+01   2.1670533e+01   1.3444201e+01   7.7763704e-01   1.6171091e+01   5.3851814e+00   6.7111000e+00   3.2331481e+00   1.5974150e-02   5.7375876e-01   1.8110079e-01   5.2980398e+01   4.3132894e+01   6.2860840e+01   5.3167347e+01   2.6191973e+01   6.0559027e+01   2.4162894e+01   3.7162189e+01   4.6395341e+01   3.5906421e+01   1.2961117e+01
   2.6397540e-01   3.6476310e+03   4.4445824e+03   9.2467620e+00   3.2498962e+01   4.7644127e+01   2.7998917e+03   6.5091775e+01   1.2287971e+02   1.9956615e-01   9.2064686e+01   5.0259390e+01   2.7040125e+03   2.5200330e+01   5.0510218e+01   3.3319452e+03   2.3020640e+01   6.6696504e+01   1.4188099e-01   2.7301936e+02   1.0245084e+02   9.2312011e+01   3.2603484e+01   1.4846814e+01   1.8555518e+01   6.0335963e+00   1.6505502e+01   4.0865279e+00   3.2676527e+01   2.1613139e+01   1.3186091e+01   9.5471293e-01   1.5963401e+01   5.3788453e+00   6.7474627e+00   3.2459366e+00   5.0934335e-04   5.6051614e-01   1.9613964e-01   5.3264264e+01   4.4202505e+01   6.2923759e+01   5.3133576e+01   2.6031027e+01   6.0789102e+01   2.4120284e+01   3.7194169e+01   4.6424471e+01   3.6092924e+01   1.0754576e+01
   2.5839591e-01   3.6551303e+03   4.3994106e+03   9.3236226e+00   3.2758339e+01   4.7533938e+01   2.7998769e+03   6.5122163e+01   1.2288917e+02   2.0216034e-01   9.2012339e+01   4.8763406e+01   2.7046002e+03   2.5102764e+01   4.9041630e+01   3.3315544e+03   2.2734509e+01   6.6653926e+01   3.0372287e-02   2.7370881e+02   1.0246602e+02   9.2472663e+01   3.1963654e+01   1.4748380e+01   1.8871807e+01   5.9106914e+00   1.6618659e+01   4.0418912e+00   3.2716537e+01   2.1624706e+01   1.3247876e+01   9.2575211e-01   1.6174741e+01   5.3732679e+00   6.6862199e+00   3.3753494e+00   5.0934335e-04   5.6051614e-01   1.9613964e-01   5.3264264e+01   4.4202505e+01   6.2903284e+01   5.3139853e+01   2.5482905e+01   6.0676183e+01   2.4294426e+01   3.7192621e+01   4.6421336e+01   3.6012321e+01   1.2400602e+01
   2.6790798e-01   3.6379972e+03   4.4443189e+03   9.3009434e+00   3.2438113e+01   4.7728276e+01   2.8005293e+03   6.3912602e+01   1.2291101e+02   1.9898176e-01   9.2126362e+01   4.6713030e+01   2.7050807e+03   2.5322260e+01   4.9098277e+01   3.3326546e+03   2.2967300e+01   6.6663807e+01  -1.1417170e+00   2.7351850e+02   1.0243771e+02   9.2477200e+01   3.2405372e+01   1.4892318e+01   1.8484598e+01   6.1333051e+00   1.6436910e+01   4.0318055e+00   3.2641351e+01   2.1494276e+01   1.2870806e+01   1.0852041e+00   1.6267585e+01   5.3970284e+00   6.6417221e+00   3.2444035e+00   5.0934335e-04   5.6051614e-01   1.9613964e-01   5.3264264e+01   4.4202505e+01   6.2891854e+01   5.3137083e+01   2.5978652e+01   6.0579549e+01   2.4488507e+01   3.7183693e+01   4.6406317e+01   3.6056755e+01   1.0716486e+01
   2.6028029e-01   3.6854593e+03   4.4488678e+03   9.2590333e+00   3.2470784e+01   4.7678774e+01   2.8000766e+03   6.4175943e+01   1.2288639e+02   2.0503138e-01   9.2047478e+01   4.9478596e+01   2.7046643e+03   2.5291577e+01   5.1272223e+01   3.3325665e+03   2.2984065e+01   6.6666101e+01   3.0395769e-01   2.7332434e+02   1.0243564e+02   9.2488485e+01   3.1891486e+01   1.4935044e+01   1.8789472e+01   6.0557607e+00   1.6523624e+01   4.0237991e+00   3.2714631e+01   2.1646781e+01   1.2957946e+01   8.6341898e-01   1.5966656e+01   5.4188960e+00   6.6918228e+00   3.2230222e+00   1.0090762e-02   5.7478403e-01   1.7722960e-01   5.2477439e+01   4.4456249e+01   6.2950909e+01   5.3065409e+01   2.5476240e+01   6.0692872e+01   2.4757476e+01   3.7191760e+01   4.6411629e+01   3.5946994e+01   1.1897200e+01
   2.6392287e-01   3.6430272e+03   4.4318589e+03   9.2201845e+00   3.2535474e+01   4.7654823e+01   2.7998710e+03   6.4385238e+01   1.2288092e+02   2.0327416e-01   9.2004140e+01   4.8828463e+01   2.7044225e+03   2.5041361e+01   4.9288726e+01   3.3323374e+03   2.3061912e+01   6.6659829e+01  -1.7873209e+00   2.7380191e+02   1.0244134e+02   9.2461306e+01   3.2357937e+01   1.4797255e+01   1.8607298e+01   5.9949694e+00   1.6696039e+01   4.0515601e+00   3.2987522e+01   2.1579309e+01   1.3304977e+01   7.6166399e-01   1.6178240e+01   5.4023473e+00   6.7037087e+00   3.3493389e+00   1.0090762e-02   5.7478403e-01   1.7722960e-01   5.2477439e+01   4.4456249e+01   6.3017979e+01   5.2971437e+01   2.5902608e+01   6.0607449e+01   2.4978662e+01   3.7166679e+01   4.6391563e+01   3.5990977e+01   1.6105546e+01
   2.5720267e-01   3.6567252e+03   4.4655912e+03   9.2604458e+00   3.2120613e+01   4.7829158e+01   2.8008770e+03   6.4239789e+01   1.2290747e+02   2.0542349e-01   9.2052112e+01   5.0311448e+01   2.7043735e+03   2.5408004e+01   5.0489286e+01   3.3326006e+03   2.2943687e+01   6.6658574e+01  -1.1807331e+00   2.7359827e+02   1.0240468e+02   9.2447549e+01   3.2053666e+01   1.4743476e+01   1.8934736e+01   6.1535230e+00   1.6347893e+01   4.0555646e+00   3.2830051e+01   2.1717055e+01   1.3591570e+01   6.9369697e-01   1.6151641e+01   5.3736311e+00   6.6440340e+00   3.2789283e+00   1.4321746e-02   5.7129658e-01   1.8596084e-01   5.3342846e+01   4.4003287e+01   6.3077744e+01   5.2948356e+01   2.5598674e+01   6.0681376e+01   2.5155894e+01   3.7221143e+01   4.6414287e+01   3.6022326e+01   1.5764366e+01
   2.6473930e-01   3.6738267e+03   4.4415367e+03   9.1864915e+00   3.2235336e+01   4.7672388e+01   2.7993003e+03   6.5704125e+01   1.2290800e+02   2.0609062e-01   9.1974084e+01   4.9429504e+01   2.7031593e+03   2.5386388e+01   5.1387498e+01   3.3305578e+03   2.2763323e+01   6.6656319e+01   4.5774665e-02   2.7362083e+02   1.0246330e+02   9.2528713e+01   3.2001675e+01   1.4791677e+01   1.9028961e+01   5.8507173e+00   1.6382171e+01   4.0525823e+00   3.2727983e+01   2.1613463e+01   1.3523683e+01   6.9640308e-01   1.6286292e+01   5.3895030e+00   6.6530799e+00   3.3525034e+00   1.4321746e-02   5.7129658e-01   1.8596084e-01   5.3342846e+01   4.4003287e+01   6.3009183e+01   5.3017247e+01   2.6015979e+01   6.0569837e+01   2.5032386e+01   3.7178158e+01   4.6407903e+01   3.5974496e+01   1.1970378e+01
   2.6740129e-01   3.6573109e+03   4.4459468e+03   9.2780486e+00   3.2231947e+01   4.7456559e+01   2.7996272e+03   6.4886149e+01   1.2287379e+02   2.0385267e-01   9.2014863e+01   4.8667912e+01   2.7042655e+03   2.5081471e+01   5.0865884e+01   3.3314920e+03   2.3031249e+01   6.6681026e+01   1.7117810e+00   2.7345880e+02   1.0241866e+02   9.2250681e+01   3.2307463e+01   1.4943793e+01   1.8844355e+01   6.0848168e+00   1.6921036e+01   4.0398043e+00   3.3011176e+01   2.1642004e+01   1.3105320e+01   8.6193465e-01   1.6307316e+01   5.3993236e+00   6.6784892e+00   3.3419958e+00   1.4321746e-02   5.7129658e-01   1.8596084e-01   5.3342846e+01   4.4003287e+01   6.2988012e+01   5.3068221e+01   2.6420795e+01   6.0546166e+01   2.4985001e+01   3.7184911e+01   4.6397798e+01   3.5990630e+01   1.1873133e+01
   2.6738702e-01   3.6691110e+03   4.4208293e+03   9.2782111e+00   3.2156478e+01   4.7889524e+01   2.8004419e+03   6.4260155e+01   1.2288822e+02   2.0379205e-01   9.2089495e+01   4.9114520e+01   2.7046518e+03   2.5418845e+01   4.9631942e+01   3.3330551e+03   2.2805590e+01   6.6688314e+01   2.1460736e-01   2.7347684e+02   1.0244655e+02   9.2293253e+01   3.2080793e+01   1.4952924e+01   1.9300503e+01   5.9733644e+00   1.6379812e+01   4.0215593e+00   3.2480370e+01   2.1781878e+01   1.3298501e+01   9.6763879e-01   1.5979884e+01   5.4031442e+00   6.7343319e+00   3.2929837e+00  -4.8199560e-03   5.8186431e-01   1.9381117e-01   5.3786351e+01   4.3208251e+01   6.2943527e+01   5.3109475e+01   2.6233625e+01   6.0543318e+01   2.4904031e+01   3.7206345e+01   4.6407623e+01   3.5899525e+01   1.1735059e+01
   2.7305592e-01   3.6160506e+03   4.4475323e+03   9.3326563e+00   3.2587142e+01   4.7771515e+01   2.7991738e+03   6.5105513e+01   1.2291201e+02   2.0286890e-01   9.1964992e+01   5.1866194e+01   2.7034212e+03   2.5129556e+01   4.8175188e+01   3.3309708e+03   2.2946970e+01   6.6683981e+01  -3.5584918e-01   2.7341319e+02   1.0246862e+02   9.2550737e+01   3.2029442e+01   1.4828123e+01   1.8723526e+01   6.0227717e+00   1.6831851e+01   4.0039061e+00   3.2960278e+01   2.1629020e+01   1.3350512e+01   8.4639613e-01   1.5973945e+01   5.4602203e+00   6.6883919e+00   3.3026875e+00  -4.8199560e-03   5.8186431e-01   1.9381117e-01   5.3786351e+01   4.3208251e+01   6.2899629e+01   5.3153467e+01   2.6854517e+01   6.0417976e+01   2.4794903e+01   3.7231110e+01   4.6421120e+01   3.5840339e+01   1.4727994e+01
   2.6963035e-01   3.6797276e+03   4.4723766e+03   9.2717113e+00   3.2244153e+01   4.7738423e+01   2.8005923e+03   6.5423041e+01   1.2288710e+02   2.0822381e-01   9.2041775e+01   4.8655237e+01   2.7054738e+03   2.5185136e+01   4.9882464e+01   3.3326595e+03   2.3007979e+01   6.6717706e+01   2.8385149e+00   2.7345298e+02   1.0247607e+02   9.2330587e+01   3.1854920e+01   1.4678303e+01   1.8244099e+01   5.9742198e+00   1.6973410e+01   4.0565828e+00   3.3188676e+01   2.1896305e+01   1.3165660e+01   9.2802077e-01   1.6064283e+01   5.3759728e+00   6.6860623e+00   3.3041954e+00   2.2469892e-02   5.4940451e-01   1.7231573e-01   5.3948614e+01   4.4125328e+01   6.2887947e+01   5.3193283e+01   2.6579485e+01   6.0627975e+01   2.5189606e+01   3.7218138e+01   4.6452975e+01   3.5887139e+01   1.1890103e+01
   2.6108304e-01   3.6296973e+03   4.4134306e+03   9.3110035e+00   3.2343427e+01   4.7415709e+01   2.8015734e+03   6.4395532e+01   1.2290242e+02   2.0728810e-01   9.2055166e+01   5.0148333e+01   2.7062068e+03   2.5094876e+01   5.1045713e+01   3.3338664e+03   2.2914500e+01   6.6641223e+01   1.5064638e+00   2.7370123e+02   1.0246607e+02   9.2655643e+01   3.2074178e+01   1.4907884e+01   1.8664496e+01   6.0621944e+00   1.6795167e+01   4.0790131e+00   3.2901375e+01   2.1601964e+01   1.3277658e+01   1.0642327e+00   1.5863174e+01   5.3907317e+00   6.6077483e+00   3.2164327e+00   2.2469892e-02   5.4940451e-01   1.7231573e-01   5.3948614e+01   4.4125328e+01   6.2845688e+01   5.3197099e+01   2.5954080e+01   6.0798561e+01   2.5640783e+01   3.7189053e+01   4.6397106e+01   3.6180147e+01   1.2441537e+01
   2.6336725e-01   3.6426528e+03   4.4567022e+03   9.3384403e+00   3.2463867e+01   4.7799871e+01   2.8026694e+03   6.5314314e+01   1.2290698e+02   2.1791683e-01   9.2067063e+01   4.9391352e+01   2.7071747e+03   2.4932617e+01   5.1329319e+01   3.3343518e+03   2.2938139e+01   6.6679843e+01   6.1306170e-01   2.7388938e+02   1.0244452e+02   9.2650980e+01   3.2522764e+01   1.4771718e+01   1.8523212e+01   6.1123317e+00   1.6679367e+01   4.0744355e+00   3.2826747e+01   2.1415937e+01   1.3406663e+01   9.5949171e-01   1.5747929e+01   5.3591642e+00   6.7128583e+00   3.3500668e+00   2.2469892e-02   5.4940451e-01   1.7231573e-01   5.3948614e+01   4.4125328e+01   6.2850035e+01   5.3231755e+01   2.5950847e+01   6.0733217e+01   2.6838286e+01   3.7217175e+01   4.6454703e+01   3.5996321e+01   1.2769346e+01
   2.5916629e-01   3.6291355e+03   4.4360106e+03   9.2007470e+00   3.2297240e+01   4.7574226e+01   2.8024745e+03   6.5189125e+01   1.2288778e+02   2.2489687e-01   9.2115601e+01   5.0736531e+01   2.7066347e+03   2.5298991e+01   5.1006828e+01   3.3345093e+03   2.2846424e+01   6.6668503e+01   5.0115523e-01   2.7385731e+02   1.0247351e+02   9.2932080e+01   3.2409446e+01   1.4827687e+01   1.8709366e+01   6.0470192e+00   1.6346877e+01   4.0728134e+00   3.3117031e+01   2.1557482e+01   1.3142816e+01   9.3669694e-01   1.6033537e+01   5.3978749e+00   6.7748144e+00   3.2606579e+00   2.0682170e-02   5.8134112e-01   1.7982810e-01   5.3786265e+01   4.3305650e+01   6.2850100e+01   5.3196255e+01   2.5446195e+01   6.0675116e+01   2.7595310e+01   3.7205394e+01   4.6452678e+01   3.5803877e+01   1.3978989e+01
   2.5779297e-01   3.6512093e+03   4.4515798e+03   9.2878017e+00   3.2728784e+01   4.7612522e+01   2.8002841e+03   6.4962527e+01   1.2288099e+02   2.2874531e-01   9.1907442e+01   4.8849065e+01   2.7044264e+03   2.5136325e+01   5.0702844e+01   3.3322282e+03   2.3019483e+01   6.6651187e+01   8.7191246e-01   2.7347750e+02   1.0247526e+02   9.2713176e+01   3.2224366e+01   1.4834505e+01   1.9029220e+01   6.0109177e+00   1.6688053e+01   4.0631779e+00   3.2745869e+01   2.1752166e+01   1.3567005e+01   9.8368606e-01   1.5730592e+01   5.3783122e+00   6.6434894e+00   3.2263941e+00   2.0682170e-02   5.8134112e-01   1.7982810e-01   5.3786265e+01   4.3305650e+01   6.2834958e+01   5.3191977e+01   2.5426820e+01   6.0599951e+01   2.8064354e+01   3.7190389e+01   4.6434663e+01   3.5901672e+01   1.2699069e+01
   2.6254576e-01   3.6529439e+03   4.4671127e+03   9.2443417e+00   3.2843951e+01   4.7564542e+01   2.7999904e+03   6.4936923e+01   1.2288801e+02   2.3220860e-01   9.1982422e+01   5.1132757e+01   2.7039394e+03   2.5198785e+01   5.2026433e+01   3.3316633e+03   2.2984823e+01   6.6698299e+01  -4.3811675e-01   2.7342333e+02   1.0249444e+02   9.2236407e+01   3.2010682e+01   1.4749954e+01   1.9335701e+01   6.0101430e+00   1.6622152e+01   4.0209054e+00   3.2938807e+01   2.1617921e+01   1.3259773e+01   1.0231249e+00   1.6037230e+01   5.3930047e+00   6.7207325e+00   3.3911442e+00   1.7917379e-02   5.6067419e-01   1.9038688e-01   5.4650144e+01   4.4840953e+01   6.2828951e+01   5.3180163e+01   2.5925475e+01   6.0478655e+01   2.8541214e+01   3.7173297e+01   4.6428111e+01   3.5803307e+01   9.7436337e+00
   2.6928731e-01   3.6635481e+03   4.4367073e+03   9.2233649e+00   3.2365122e+01   4.7469886e+01   2.7988209e+03   6.4587048e+01   1.2288986e+02   2.2950697e-01   9.1969001e+01   4.8232141e+01   2.7034537e+03   2.5317610e+01   4.8762264e+01   3.3298585e+03   2.2749039e+01   6.6729930e+01   8.3308649e-01   2.7321119e+02   1.0251890e+02   9.2358414e+01   3.2445743e+01   1.4854053e+01   1.8885160e+01   6.0298609e+00   1.6681898e+01   4.0248636e+00   3.3076338e+01   2.1701762e+01   1.3238498e+01   7.6226492e-01   1.5473426e+01   5.3589357e+00   6.7098818e+00   3.2048997e+00   1.7917379e-02   5.6067419e-01   1.9038688e-01   5.4650144e+01   4.4840953e+01   6.2756100e+01   5.3313613e+01   2.6744840e+01   6.0415454e+01   2.8076879e+01   3.7194572e+01   4.6400256e+01   3.5779953e+01   1.1516553e+01
   2.6867391e-01   3.6159079e+03   4.4549144e+03   9.1470077e+00   3.2520302e+01   4.7802083e+01   2.7992337e+03   6.5150172e+01   1.2290138e+02   2.2310308e-01   9.2072871e+01   4.9911035e+01   2.7034646e+03   2.5272121e+01   4.9879194e+01   3.3316797e+03   2.2807677e+01   6.6723709e+01  -2.0963415e-01   2.7323318e+02   1.0250609e+02   9.2269645e+01   3.2688951e+01   1.4727411e+01   1.8960701e+01   5.8519224e+00   1.6806545e+01   4.0405176e+00   3.3093903e+01   2.1748780e+01   1.3142701e+01   7.6327598e-01   1.5987706e+01   5.3637654e+00   6.6902069e+00   3.2558574e+00   1.7917379e-02   5.6067419e-01   1.9038688e-01   5.4650144e+01   4.4840953e+01   6.2709790e+01   5.3372832e+01   2.6401387e+01   6.0577807e+01   2.7658360e+01   3.7190979e+01   4.6464548e+01   3.5753047e+01   1.2302473e+01
   2.6383889e-01   3.6133364e+03   4.4415769e+03   9.2784076e+00   3.2233050e+01   4.7594218e+01   2.7988590e+03   6.5086638e+01   1.2289691e+02   2.2669914e-01   9.2050217e+01   4.9159101e+01   2.7035483e+03   2.5263810e+01   4.9449424e+01   3.3313384e+03   2.2777142e+01   6.6726345e+01  -1.3247968e+00   2.7330491e+02   1.0250333e+02   9.2397544e+01   3.2490442e+01   1.4872840e+01   1.9358542e+01   5.7621170e+00   1.6478342e+01   4.0453092e+00   3.3045041e+01   2.1815733e+01   1.3068330e+01   7.2253858e-01   1.5649039e+01   5.3778914e+00   6.6788405e+00   3.3252313e+00  -1.0828648e-02   5.7923034e-01   1.8043046e-01   5.4020807e+01   4.3873709e+01   6.2702915e+01   5.3358187e+01   2.6122538e+01   6.0513503e+01   2.7354848e+01   3.7198059e+01   4.6483400e+01   3.5861811e+01   1.1673641e+01
   2.6931637e-01   3.6424357e+03   4.4435105e+03   9.1777785e+00   3.2282320e+01   4.7405286e+01   2.7988466e+03   6.5302724e+01   1.2289700e+02   2.2161672e-01   9.2096040e+01   4.9750219e+01   2.7036745e+03   2.5332070e+01   4.9918161e+01   3.3303439e+03   2.3119635e+01   6.6762997e+01  -9.5438061e-02   2.7326966e+02   1.0245381e+02   9.2363897e+01   3.2138895e+01   1.4883695e+01   1.9095080e+01   5.9375947e+00   1.6698172e+01   4.0430066e+00   3.3024821e+01   2.1633272e+01   1.2530798e+01   7.4362885e-01   1.5925002e+01   5.3836617e+00   6.6769018e+00   3.3058028e+00  -1.0828648e-02   5.7923034e-01   1.8043046e-01   5.4020807e+01   4.3873709e+01   6.2721866e+01   5.3286924e+01   2.6574419e+01   6.0392859e+01   2.7176535e+01   3.7128113e+01   4.6457366e+01   3.5993216e+01   1.3588090e+01
   2.7393330e-01   3.6381933e+03   4.4485805e+03   9.2447046e+00   3.2439973e+01   4.7811182e+01   2.7994713e+03   6.4877845e+01   1.2290543e+02   2.2061915e-01   9.2203053e+01   4.9300175e+01   2.7040633e+03   2.5066175e+01   4.9021907e+01   3.3318323e+03   2.3021932e+01   6.6752314e+01  -5.5643578e-01   2.7351664e+02   1.0247787e+02   9.2489098e+01   3.2560202e+01   1.4945261e+01   1.8946347e+01   5.9449438e+00   1.6195692e+01   4.0188488e+00   3.2691541e+01   2.1711686e+01   1.3203378e+01   7.4801490e-01   1.6384659e+01   5.3939515e+00   6.6502081e+00   3.2599279e+00   2.2122092e-02   5.7567493e-01   1.8457392e-01   5.3917651e+01   4.3963650e+01   6.2720101e+01   5.3274527e+01   2.6805240e+01   6.0457134e+01   2.6556370e+01   3.7153973e+01   4.6434625e+01   3.6037545e+01   1.2911541e+01
   2.6942560e-01   3.6645872e+03   4.4597029e+03   9.2201002e+00   3.2105050e+01   4.7358569e+01   2.8001871e+03   6.4829866e+01   1.2291785e+02   2.1548542e-01   9.2243101e+01   5.1852445e+01   2.7045831e+03   2.5475577e+01   5.0056503e+01   3.3321805e+03   2.2819571e+01   6.6745679e+01  -1.3764773e-01   2.7345089e+02   1.0248171e+02   9.2630234e+01   3.2909996e+01   1.4892227e+01   1.8967181e+01   5.7876088e+00   1.6423634e+01   4.0309066e+00   3.3014388e+01   2.1586084e+01   1.2954944e+01   9.7737628e-01   1.6246475e+01   5.3915142e+00   6.6423448e+00   3.2753069e+00   2.2122092e-02   5.7567493e-01   1.8457392e-01   5.3917651e+01   4.3963650e+01   6.2756968e+01   5.3271492e+01   2.6478049e+01   6.0443796e+01   2.6046326e+01   3.7156252e+01   4.6450044e+01   3.5977832e+01   1.3993553e+01
   2.6446499e-01   3.6397530e+03   4.4628472e+03   9.2284465e+00   3.3005107e+01   4.7703273e+01   2.7981916e+03   6.5866930e+01   1.2290108e+02   2.0795401e-01   9.2091710e+01   4.7784447e+01   2.7032267e+03   2.5011397e+01   5.0317353e+01   3.3297793e+03   2.3013537e+01   6.6722719e+01  -2.5881928e-01   2.7380437e+02   1.0249302e+02   9.2705184e+01   3.2466274e+01   1.4747010e+01   1.9060936e+01   6.1026486e+00   1.6528445e+01   4.0274942e+00   3.3157253e+01   2.1693903e+01   1.3337787e+01   8.3995863e-01   1.5984792e+01   5.4156795e+00   6.6744643e+00   3.2780519e+00   2.2122092e-02   5.7567493e-01   1.8457392e-01   5.3917651e+01   4.3963650e+01   6.2768571e+01   5.3272895e+01   2.6079990e+01   6.0383977e+01   2.5455555e+01   3.7176813e+01   4.6445582e+01   3.5808727e+01   1.2199927e+01
   2.6755535e-01   3.6465299e+03   4.4547511e+03   9.2477334e+00   3.2505068e+01   4.7549834e+01   2.7982183e+03   6.6168966e+01   1.2289652e+02   1.9975383e-01   9.2057680e+01   5.1090480e+01   2.7027502e+03   2.4980063e+01   4.8988576e+01   3.3296711e+03   2.2814162e+01   6.6744145e+01  -4.3697797e-01   2.7314441e+02   1.0249170e+02   9.2348490e+01   3.2817111e+01   1.4734293e+01   1.9134136e+01   5.8922431e+00   1.6405057e+01   4.0015689e+00   3.2572555e+01   2.1767146e+01   1.3520527e+01   1.0095557e+00   1.6199985e+01   5.4353550e+00   6.6849230e+00   3.2623085e+00   1.8884584e-02   5.7434595e-01   1.8492290e-01   5.3632547e+01   4.4250728e+01   6.2787502e+01   5.3240998e+01   2.6263355e+01   6.0404360e+01   2.4840009e+01   3.7137778e+01   4.6426767e+01   3.5932300e+01   1.1738072e+01
   2.6458734e-01   3.6422488e+03   4.4405018e+03   9.2433772e+00   3.2251946e+01   4.7635977e+01   2.7976322e+03   6.5337963e+01   1.2291648e+02   1.9225525e-01   9.2055952e+01   5.1174638e+01   2.7024895e+03   2.5255742e+01   5.1480076e+01   3.3293073e+03   2.2920500e+01   6.6728679e+01  -9.4424380e-01   2.7295073e+02   1.0246984e+02   9.2193643e+01   3.2436764e+01   1.4759129e+01   1.8905415e+01   5.9647458e+00   1.6372494e+01   4.0459443e+00   3.2933230e+01   2.1607097e+01   1.3587543e+01   1.0475879e+00   1.6230242e+01   5.4022534e+00   6.6780481e+00   3.3220401e+00   1.8884584e-02   5.7434595e-01   1.8492290e-01   5.3632547e+01   4.4250728e+01   6.2808863e+01   5.3221061e+01   2.6218670e+01   6.0347412e+01   2.3974791e+01   3.7174097e+01   4.6410795e+01   3.5925150e+01   1.3632638e+01
   2.6422235e-01   3.6345768e+03   4.4564994e+03   9.1723202e+00   3.2444926e+01   4.7475409e+01   2.7985147e+03   6.5383211e+01   1.2291073e+02   1.8727530e-01   9.2177985e+01   5.0721173e+01   2.7035638e+03   2.5399919e+01   4.8028212e+01   3.3311269e+03   2.2970429e+01   6.6722199e+01  -1.4326152e+00   2.7287853e+02   1.0244985e+02   9.2125786e+01   3.1724970e+01   1.4708972e+01   1.9031764e+01   5.8725288e+00   1.6504944e+01   4.0344065e+00   3.2738541e+01   2.1587431e+01   1.3397703e+01   8.3937575e-01   1.6378416e+01   5.4443113e+00   6.6428483e+00   3.3700365e+00  -3.2660146e-03   5.5635195e-01   1.7972736e-01   5.4150340e+01   4.3828315e+01   6.2832628e+01   5.3221856e+01   2.6184591e+01   6.0444784e+01   2.3336356e+01   3.7180717e+01   4.6445988e+01   3.6144896e+01   1.2663521e+01
   2.7213020e-01   3.6421347e+03   4.4323977e+03   9.1983608e+00   3.2506928e+01   4.7553644e+01   2.7988828e+03   6.4820019e+01   1.2289739e+02   1.8378486e-01   9.2065797e+01   4.9195980e+01   2.7035226e+03   2.5219404e+01   4.9494149e+01   3.3309362e+03   2.2872051e+01   6.6693136e+01   8.2844671e-02   2.7315698e+02   1.0248230e+02   9.2301078e+01   3.2284700e+01   1.4970130e+01   1.8999810e+01   5.8585222e+00   1.6840517e+01   4.0182127e+00   3.2480982e+01   2.1716344e+01   1.3353859e+01   9.6073550e-01   1.5950283e+01   5.3753429e+00   6.7311122e+00   3.2491548e+00  -3.2660146e-03   5.5635195e-01   1.7972736e-01   5.4150340e+01   4.3828315e+01   6.2779924e+01   5.3282143e+01   2.6827530e+01   6.0471743e+01   2.2777952e+01   3.7167086e+01   4.6424012e+01   3.5949050e+01   1.0081803e+01
   2.7128971e-01   3.6568417e+03   4.4501065e+03   9.2067693e+00   3.2414156e+01   4.7699334e+01   2.8002306e+03   6.4995023e+01   1.2289919e+02   1.8625580e-01   9.2128857e+01   4.9789960e+01   2.7053987e+03   2.5222787e+01   4.8217355e+01   3.3324933e+03   2.2821691e+01   6.6683761e+01   1.4921839e+00   2.7326801e+02   1.0248620e+02   9.2515336e+01   3.1848363e+01   1.4730944e+01   1.8710412e+01   5.8878986e+00   1.6905031e+01   4.0602532e+00   3.2748698e+01   2.1871513e+01   1.3514585e+01   7.8294390e-01   1.5781997e+01   5.4075056e+00   6.8198927e+00   3.3596444e+00  -3.2660146e-03   5.5635195e-01   1.7972736e-01   5.4150340e+01   4.3828315e+01   6.2758939e+01   5.3306308e+01   2.6787127e+01   6.0533375e+01   2.2704008e+01   3.7164740e+01   4.6428594e+01   3.6059587e+01   1.3447487e+01
   2.7240961e-01   3.6275286e+03   4.4790006e+03   9.2973078e+00   3.2040813e+01   4.7425687e+01   2.8002966e+03   6.5610096e+01   1.2290226e+02   1.9120033e-01   9.1976116e+01   4.9281327e+01   2.7052869e+03   2.5288793e+01   4.9816786e+01   3.3328815e+03   2.2757712e+01   6.6656576e+01  -8.0092661e-03   2.7324904e+02   1.0247923e+02   9.2307190e+01   3.2128944e+01   1.5084191e+01   1.9044915e+01   5.8004048e+00   1.6417926e+01   4.0334070e+00   3.2687627e+01   2.1810911e+01   1.3214871e+01   6.7446191e-01   1.6222128e+01   5.4101598e+00   6.7319146e+00   3.4131645e+00   7.3310882e-03   5.6375420e-01   1.9213782e-01   5.4606192e+01   4.4079096e+01   6.2720242e+01   5.3339568e+01   2.6739815e+01   6.0611171e+01   2.3301209e+01   3.7187719e+01   4.6429936e+01   3.5971894e+01   1.2497683e+01
   2.7437327e-01   3.6415699e+03   4.4622071e+03   9.1345131e+00   3.2510296e+01   4.7625781e+01   2.8019735e+03   6.5810143e+01   1.2290198e+02   1.9826491e-01   9.2098711e+01   4.8513198e+01   2.7066620e+03   2.5540329e+01   4.8681211e+01   3.3342762e+03   2.2774574e+01   6.6646714e+01   8.8312019e-02   2.7354314e+02   1.0245228e+02   9.2465818e+01   3.1894667e+01   1.4881021e+01   1.8481814e+01   5.9722003e+00   1.7017286e+01   4.0660508e+00   3.2547792e+01   2.1619011e+01   1.3364780e+01   1.0557837e+00   1.6376220e+01   5.4144862e+00   6.6845030e+00   3.2468634e+00   7.3310882e-03   5.6375420e-01   1.9213782e-01   5.4606192e+01   4.4079096e+01   6.2665876e+01   5.3412281e+01   2.6936098e+01   6.0450678e+01   2.3984869e+01   3.7165441e+01   4.6424722e+01   3.5962627e+01   1.1010297e+01
   2.7269741e-01   3.6167041e+03   4.4757000e+03   9.3272006e+00   3.2172814e+01   4.7416291e+01   2.8025912e+03   6.4498786e+01   1.2291439e+02   2.0449436e-01   9.1968054e+01   5.1187803e+01   2.7065077e+03   2.5100209e+01   4.9235154e+01   3.3342445e+03   2.2858953e+01   6.6620136e+01  -1.1932807e+00   2.7306409e+02   1.0249557e+02   9.2508981e+01   3.1867397e+01   1.4799648e+01   1.8769787e+01   5.9184632e+00   1.6439585e+01   4.1166315e+00   3.3081235e+01   2.1680777e+01   1.3335876e+01   1.1187452e+00   1.6184004e+01   5.4302054e+00   6.6276536e+00   3.1812999e+00   5.2832917e-03   5.7073841e-01   1.8335828e-01   5.3286764e+01   4.3209634e+01   6.2644728e+01   5.3450390e+01   2.6545058e+01   6.0674481e+01   2.5003058e+01   3.7174720e+01   4.6401657e+01   3.5943718e+01   1.1902361e+01
   2.7148158e-01   3.6393828e+03   4.4430148e+03   9.2347630e+00   3.2468259e+01   4.7780970e+01   2.8025481e+03   6.5031564e+01   1.2290191e+02   2.1564976e-01   9.1997228e+01   5.0532150e+01   2.7071272e+03   2.5152792e+01   4.8545982e+01   3.3347403e+03   2.2875438e+01   6.6591003e+01  -3.8611418e-01   2.7349189e+02   1.0243935e+02   9.2355183e+01   3.2101939e+01   1.4999420e+01   1.8984439e+01   5.9519834e+00   1.6249619e+01   4.0550014e+00   3.2893060e+01   2.1745693e+01   1.3242754e+01   8.6316236e-01   1.6685826e+01   5.3415712e+00   6.6473632e+00   3.2438425e+00   5.2832917e-03   5.7073841e-01   1.8335828e-01   5.3286764e+01   4.3209634e+01   6.2771411e+01   5.3271934e+01   2.6696264e+01   6.0583452e+01   2.6425578e+01   3.7189134e+01   4.6406056e+01   3.6039199e+01   1.3147202e+01
   2.7531206e-01   3.6373908e+03   4.4275798e+03   9.1918437e+00   3.2555194e+01   4.7725762e+01   2.8021327e+03   6.4021254e+01   1.2289998e+02   2.2618139e-01   9.2081601e+01   4.9935382e+01   2.7074924e+03   2.5318844e+01   4.8933267e+01   3.3350338e+03   2.2906036e+01   6.6639032e+01  -3.8770357e-01   2.7338209e+02   1.0245056e+02   9.2331532e+01   3.2346003e+01   1.4945295e+01   1.8435328e+01   5.8321661e+00   1.6434139e+01   4.0530063e+00   3.2990348e+01   2.1769658e+01   1.3359343e+01   7.7991719e-01   1.6160108e+01   5.4043967e+00   6.6691190e+00   3.2527781e+00   5.2832917e-03   5.7073841e-01   1.8335828e-01   5.3286764e+01   4.3209634e+01   6.2834977e+01   5.3201780e+01   2.6892841e+01   6.0517390e+01   2.7443142e+01   3.7228756e+01   4.6394833e+01   3.5997311e+01   1.0273270e+01
   2.6764663e-01   3.6251735e+03   4.4361189e+03   9.2356878e+00   3.2769226e+01   4.7755290e+01   2.8018890e+03   6.4427999e+01   1.2291212e+02   2.3009480e-01   9.2015213e+01   5.1592719e+01   2.7056482e+03   2.5339436e+01   4.9845353e+01   3.3336228e+03   2.2835389e+01   6.6654197e+01   7.6354885e-01   2.7339381e+02   1.0245748e+02   9.2470519e+01   3.2138029e+01   1.4805270e+01   1.8644728e+01   5.9279999e+00   1.6622522e+01   4.0709871e+00   3.2985675e+01   2.1685931e+01   1.3131471e+01   8.6255445e-01   1.6066096e+01   5.4139310e+00   6.6719683e+00   3.3087159e+00   1.0686765e-02   5.6662265e-01   1.7395425e-01   5.3769898e+01   4.5215861e+01   6.2848361e+01   5.3199350e+01   2.6170904e+01   6.0640482e+01   2.8013431e+01   3.7209277e+01   4.6407465e+01   3.6008902e+01   1.3715981e+01
   2.6657207e-01   3.6273305e+03   4.4341257e+03   9.2142807e+00   3.2762217e+01   4.7819720e+01   2.8005039e+03   6.5814613e+01   1.2288778e+02   2.3272594e-01   9.2023012e+01   5.0255047e+01   2.7058006e+03   2.5264904e+01   5.0228904e+01   3.3336579e+03   2.2848577e+01   6.6662939e+01  -1.0637882e-01   2.7302277e+02   1.0245544e+02   9.2177307e+01   3.2017715e+01   1.4894645e+01   1.8597841e+01   5.9855611e+00   1.7240322e+01   4.0727276e+00   3.3046082e+01   2.1715066e+01   1.3327555e+01   8.3717257e-01   1.5783520e+01   5.3906253e+00   6.7450106e+00   3.2951539e+00   1.0686765e-02   5.6662265e-01   1.7395425e-01   5.3769898e+01   4.5215861e+01   6.2827678e+01   5.3230697e+01   2.6138243e+01   6.0652138e+01   2.8504011e+01   3.7208770e+01   4.6410916e+01   3.5853505e+01   1.5735339e+01
   2.6592989e-01   3.6172037e+03   4.4312328e+03   9.2377971e+00   3.2385572e+01   4.7361608e+01   2.8003520e+03   6.4679994e+01   1.2291132e+02   2.3651393e-01   9.1971792e+01   4.9934091e+01   2.7044652e+03   2.5262098e+01   4.8614297e+01   3.3324608e+03   2.2733155e+01   6.6647670e+01   8.3115951e-01   2.7336313e+02   1.0248157e+02   9.2225671e+01   3.2128944e+01   1.4992488e+01   1.8824891e+01   5.9266595e+00   1.6207069e+01   4.0665865e+00   3.2737060e+01   2.1770288e+01   1.3546629e+01   8.1495368e-01   1.5876526e+01   5.4060634e+00   6.5726631e+00   3.2919115e+00  -4.8489943e-03   5.7032889e-01   1.7941453e-01   5.4028640e+01   4.4648219e+01   6.2833668e+01   5.3246522e+01   2.6138474e+01   6.0662923e+01   2.8518258e+01   3.7205122e+01   4.6407810e+01   3.5780850e+01   9.5629799e+00
   2.6860150e-01   3.6517393e+03   4.4427058e+03   9.1636682e+00   3.2246510e+01   4.7737893e+01   2.7997278e+03   6.5463545e+01   1.2288129e+02   2.2466492e-01   9.2027364e+01   4.9382960e+01   2.7041349e+03   2.5297702e+01   5.0261888e+01   3.3314921e+03   2.2942348e+01   6.6602869e+01   6.6836998e-01   2.7343848e+02   1.0247291e+02   9.2819830e+01   3.2457855e+01   1.4829007e+01   1.8844846e+01   5.9144667e+00   1.6612882e+01   4.0850380e+00   3.2978310e+01   2.1842890e+01   1.3596824e+01   7.4630969e-01   1.6084205e+01   5.4000851e+00   6.6731424e+00   3.3166151e+00  -4.8489943e-03   5.7032889e-01   1.7941453e-01   5.4028640e+01   4.4648219e+01   6.2813763e+01   5.3300883e+01   2.6330346e+01   6.0568480e+01   2.7939546e+01   3.7224199e+01   4.6431900e+01   3.5767194e+01   1.2384062e+01
   2.6495596e-01   3.6366001e+03   4.4686868e+03   9.2622600e+00   3.2325482e+01   4.7543499e+01   2.7986605e+03   6.4553686e+01   1.2290401e+02   2.2781899e-01   9.1954339e+01   5.1519965e+01   2.7027709e+03   2.5299113e+01   5.0703001e+01   3.3300932e+03   2.2913177e+01   6.6640416e+01   3.0683470e-01   2.7359049e+02   1.0250645e+02   9.2574569e+01   3.2426674e+01   1.4910530e+01   1.8891207e+01   5.9261841e+00   1.6390383e+01   4.0162175e+00   3.2880469e+01   2.1779841e+01   1.3335097e+01   8.9795419e-01   1.6121345e+01   5.3712804e+00   6.6701493e+00   3.3145487e+00  -4.8489943e-03   5.7032889e-01   1.7941453e-01   5.4028640e+01   4.4648219e+01   6.2768869e+01   5.3306544e+01   2.6232538e+01   6.0507559e+01   2.7542167e+01   3.7212788e+01   4.6410172e+01   3.5938616e+01   1.5113677e+01
   2.6879046e-01   3.6313664e+03   4.4534888e+03   9.1491402e+00   3.2489590e+01   4.7655847e+01   2.7986146e+03   6.4234412e+01   1.2288930e+02   2.1997554e-01   9.2034291e+01   5.0407368e+01   2.7029451e+03   2.5294645e+01   5.0093249e+01   3.3303718e+03   2.2890606e+01   6.6673403e+01   9.4253805e-01   2.7332914e+02   1.0246881e+02   9.2171168e+01   3.2759637e+01   1.4937424e+01   1.8601513e+01   6.0870214e+00   1.6766232e+01   4.0413599e+00   3.3034162e+01   2.1661506e+01   1.3337104e+01   9.2270957e-01   1.5962974e+01   5.4170303e+00   6.6748852e+00   3.2209332e+00   3.6925565e-03   5.6893024e-01   1.8821974e-01   5.3649996e+01   4.4780439e+01   6.2788240e+01   5.3266393e+01   2.6240299e+01   6.0494326e+01   2.7098866e+01   3.7221564e+01   4.6416440e+01   3.5880803e+01   1.1444550e+01
   2.5995770e-01   3.6331783e+03   4.4625187e+03   9.2514594e+00   3.2549126e+01   4.7387919e+01   2.7988023e+03   6.4770495e+01   1.2290548e+02   2.1719153e-01   9.2099919e+01   5.0030613e+01   2.7037113e+03   2.5298147e+01   4.9492006e+01   3.3312799e+03   2.2897814e+01   6.6708370e+01   4.9857947e-01   2.7315689e+02   1.0246644e+02   9.2391470e+01   3.2296277e+01   1.4779002e+01   1.8909592e+01   5.9413579e+00   1.6516279e+01   4.0499033e+00   3.2894918e+01   2.1691802e+01   1.3383867e+01   8.3875327e-01   1.6347889e+01   5.4066394e+00   6.6847318e+00   3.2622955e+00   3.6925565e-03   5.6893024e-01   1.8821974e-01   5.3649996e+01   4.4780439e+01   6.2798325e+01   5.3262482e+01   2.5646039e+01   6.0591266e+01   2.6586357e+01   3.7209633e+01   4.6432956e+01   3.5933600e+01   1.0212387e+01
   2.6188221e-01   3.6649732e+03   4.4335973e+03   9.2347128e+00   3.2417636e+01   4.7699782e+01   2.7983768e+03   6.5055466e+01   1.2289389e+02   2.1347845e-01   9.2080416e+01   4.8979556e+01   2.7029214e+03   2.5068754e+01   5.0679352e+01   3.3302385e+03   2.2839051e+01   6.6710094e+01   1.3324072e+00   2.7355552e+02   1.0247135e+02   9.2377492e+01   3.2401134e+01   1.4916767e+01   1.8968726e+01   6.0665689e+00   1.6735946e+01   4.0258701e+00   3.3016090e+01   2.1603487e+01   1.2841377e+01   8.6812063e-01   1.6272954e+01   5.3665458e+00   6.6991250e+00   3.3058935e+00   1.7705789e-02   5.7143985e-01   1.9951378e-01   5.3785364e+01   4.3902390e+01   6.2791037e+01   5.3268424e+01   2.5972234e+01   6.0486594e+01   2.6001409e+01   3.7207600e+01   4.6399647e+01   3.5879158e+01   1.2431733e+01
   2.6587888e-01   3.6466523e+03   4.4323128e+03   9.2048104e+00   3.2232599e+01   4.7260089e+01   2.7989730e+03   6.3898410e+01   1.2289208e+02   2.0570590e-01   9.2100593e+01   5.0011377e+01   2.7033833e+03   2.5323473e+01   4.9504211e+01   3.3301385e+03   2.2822414e+01   6.6699887e+01  -4.5459272e-01   2.7330426e+02   1.0247142e+02   9.2489086e+01   3.2324826e+01   1.4735139e+01   1.9132239e+01   5.8493101e+00   1.6632931e+01   4.0338939e+00   3.2611273e+01   2.1486136e+01   1.3235331e+01   9.7886917e-01   1.6021703e+01   5.4234335e+00   6.7565380e+00   3.3493040e+00   1.7705789e-02   5.7143985e-01   1.9951378e-01   5.3785364e+01   4.3902390e+01   6.2815553e+01   5.3268318e+01   2.6167986e+01   6.0505222e+01   2.5122380e+01   3.7206093e+01   4.6441274e+01   3.5958414e+01   1.1492608e+01
   2.6930949e-01   3.6576879e+03   4.4453053e+03   9.1644629e+00   3.2289219e+01   4.7459975e+01   2.7985283e+03   6.4963069e+01   1.2289386e+02   2.0110286e-01   9.2073649e+01   4.7618018e+01   2.7028898e+03   2.5093190e+01   5.1282789e+01   3.3301062e+03   2.2786225e+01   6.6711234e+01  -1.4653265e+00   2.7316265e+02   1.0247679e+02   9.2379299e+01   3.2475731e+01   1.4914646e+01   1.8705762e+01   6.0986393e+00   1.6979695e+01   4.0678610e+00   3.2824100e+01   2.1786551e+01   1.3008888e+01   8.0635153e-01   1.5612126e+01   5.4249346e+00   6.6604150e+00   3.3165358e+00   1.7705789e-02   5.7143985e-01   1.9951378e-01   5.3785364e+01   4.3902390e+01   6.2806384e+01   5.3249541e+01   2.6517090e+01   6.0448865e+01   2.4554850e+01   3.7161691e+01   4.6422795e+01   3.5996172e+01   1.3111906e+01
   2.6622856e-01   3.6817935e+03   4.4183406e+03   9.2848731e+00   3.2288327e+01   4.7508668e+01   2.7993650e+03   6.4702961e+01   1.2290210e+02   1.9438975e-01   9.2142789e+01   5.1024419e+01   2.7036088e+03   2.5418975e+01   4.8402010e+01   3.3306914e+03   2.2794821e+01   6.6652342e+01  -6.2514820e-01   2.7346820e+02   1.0247150e+02   9.2658046e+01   3.2274813e+01   1.4940925e+01   1.9257707e+01   6.1610478e+00   1.6686647e+01   3.9784738e+00   3.2582754e+01   2.1688759e+01   1.3186335e+01   7.5442630e-01   1.5646017e+01   5.3871006e+00   6.6690002e+00   3.2737104e+00   2.4823754e-02   5.5579725e-01   1.6860114e-01   5.3850289e+01   4.3619459e+01   6.2778986e+01   5.3263429e+01   2.6108757e+01   6.0530413e+01   2.3824765e+01   3.7185816e+01   4.6416431e+01   3.5973017e+01   1.5165451e+01
   2.6984362e-01   3.6553403e+03   4.4572387e+03   9.3010743e+00   3.2302942e+01   4.7583297e+01   2.7981241e+03   6.5056165e+01   1.2288911e+02   1.9033603e-01   9.1983366e+01   4.8803724e+01   2.7028783e+03   2.5216733e+01   4.8586217e+01   3.3303185e+03   2.2918454e+01   6.6686428e+01   2.1344576e-01   2.7340244e+02   1.0249373e+02   9.2314736e+01   3.2174881e+01   1.5055427e+01   1.9376725e+01   6.0063975e+00   1.6299925e+01   4.0293485e+00   3.3225317e+01   2.1749466e+01   1.3222239e+01   9.3100691e-01   1.6263759e+01   5.3975119e+00   6.6962327e+00   3.2281099e+00   2.4823754e-02   5.5579725e-01   1.6860114e-01   5.3850289e+01   4.3619459e+01   6.2770331e+01   5.3279232e+01   2.6685931e+01   6.0403611e+01   2.3548210e+01   3.7213091e+01   4.6408795e+01   3.5857641e+01   1.2205979e+01
   2.7963965e-01   3.6372746e+03   4.4538833e+03   9.1723779e+00   3.2547065e+01   4.7658557e+01   2.7990878e+03   6.5112726e+01   1.2288518e+02   1.8827111e-01   9.2081401e+01   4.9225155e+01   2.7033531e+03   2.5344159e+01   5.1538813e+01   3.3305669e+03   2.2995818e+01   6.6723065e+01   2.3048447e+00   2.7291825e+02   1.0248050e+02   9.2336228e+01   3.2508094e+01   1.4870948e+01   1.8474271e+01   6.0588477e+00   1.6457292e+01   3.9933127e+00   3.2724865e+01   2.1641100e+01   1.3229825e+01   8.7808418e-01   1.5885562e+01   5.3911472e+00   6.6168615e+00   3.2256970e+00   6.7675044e-03   5.7443692e-01   1.8020310e-01   5.3515720e+01   4.3650250e+01   6.2766524e+01   5.3287261e+01   2.7259612e+01   6.0295540e+01   2.3166815e+01   3.7192678e+01   4.6426115e+01   3.5951247e+01   1.3207569e+01
   2.6733433e-01   3.6413372e+03   4.4637717e+03   9.2214745e+00   3.2707060e+01   4.7641940e+01   2.7995359e+03   6.5496929e+01   1.2292014e+02   1.8423655e-01   9.2020892e+01   5.0428294e+01   2.7042596e+03   2.5188053e+01   4.9272688e+01   3.3313865e+03   2.2976966e+01   6.6666654e+01  -2.5147906e-01   2.7291292e+02   1.0246406e+02   9.2297799e+01   3.1987571e+01   1.4884488e+01   1.8943942e+01   6.2454793e+00   1.6377679e+01   4.0648549e+00   3.3035215e+01   2.1885088e+01   1.3467151e+01   1.0701024e+00   1.5888513e+01   5.4158993e+00   6.7361956e+00   3.2821416e+00   6.7675044e-03   5.7443692e-01   1.8020310e-01   5.3515720e+01   4.3650250e+01   6.2810338e+01   5.3248005e+01   2.6283174e+01   6.0577834e+01   2.2890216e+01   3.7188032e+01   4.6466179e+01   3.5925895e+01   1.2728737e+01
   2.7392089e-01   3.6700527e+03   4.4421553e+03   9.2127097e+00   3.2623399e+01   4.7321259e+01   2.7997111e+03   6.5068144e+01   1.2289720e+02   1.8971289e-01   9.2003567e+01   4.8909430e+01   2.7049719e+03   2.5160957e+01   4.9917848e+01   3.3320705e+03   2.2936031e+01   6.6658965e+01   2.7588799e-01   2.7344824e+02   1.0247790e+02   9.2357048e+01   3.2180337e+01   1.4801107e+01   1.8325837e+01   6.0047236e+00   1.6674618e+01   4.0401347e+00   3.2962035e+01   2.1715274e+01   1.2570491e+01   8.2452925e-01   1.5925888e+01   5.3987049e+00   6.6406013e+00   3.2090702e+00   6.7675044e-03   5.7443692e-01   1.8020310e-01   5.3515720e+01   4.3650250e+01   6.2832006e+01   5.3239039e+01   2.6664874e+01   6.0529153e+01   2.3144533e+01   3.7229235e+01   4.6476686e+01   3.5968263e+01   1.2578832e+01
   2.6257142e-01   3.6602500e+03   4.4080579e+03   9.3430167e+00   3.2249449e+01   4.6967650e+01   2.8014947e+03   6.4888353e+01   1.2291560e+02   1.9385423e-01   9.2000339e+01   5.0535603e+01   2.7057094e+03   2.5075006e+01   4.9090258e+01   3.3335653e+03   2.2919372e+01   6.6638823e+01  -2.2562363e+00   2.7302015e+02   1.0246213e+02   9.2323133e+01   3.2407040e+01   1.5117793e+01   1.8802054e+01   5.9057101e+00   1.6625428e+01   4.0875410e+00   3.3174359e+01   2.1618734e+01   1.3329544e+01   8.9009578e-01   1.6165831e+01   5.4072526e+00   6.7076817e+00   3.2215173e+00   5.2795359e-03   5.7369787e-01   1.8453811e-01   5.4518425e+01   4.3499551e+01   6.2787655e+01   5.3308368e+01   2.5978439e+01   6.0652091e+01   2.3594691e+01   3.7206517e+01   4.6414581e+01   3.6045167e+01   1.2396329e+01
   2.6512041e-01   3.6647039e+03   4.4588913e+03   9.2252525e+00   3.2443998e+01   4.7741701e+01   2.8016223e+03   6.6408431e+01   1.2289576e+02   1.9767663e-01   9.1975662e+01   5.1692726e+01   2.7055513e+03   2.5362135e+01   4.9527412e+01   3.3336469e+03   2.2833874e+01   6.6656809e+01  -9.3782987e-01   2.7310170e+02   1.0247463e+02   9.2250953e+01   3.2233029e+01   1.4988418e+01   1.8690150e+01   5.9744023e+00   1.6942418e+01   4.0433101e+00   3.2708215e+01   2.1670551e+01   1.2986602e+01   7.9655117e-01   1.6234527e+01   5.4082024e+00   6.6691617e+00   3.2980946e+00   5.2795359e-03   5.7369787e-01   1.8453811e-01   5.4518425e+01   4.3499551e+01   6.2731571e+01   5.3390098e+01   2.5992559e+01   6.0538197e+01   2.4181414e+01   3.7207932e+01   4.6416087e+01   3.5885424e+01   1.0283442e+01
   2.6170666e-01   3.6813116e+03   4.4606556e+03   9.2522346e+00   3.2545526e+01   4.7279615e+01   2.8014098e+03   6.5625017e+01   1.2290535e+02   2.0250941e-01   9.1989136e+01   5.2040666e+01   2.7063331e+03   2.5285787e+01   4.9786529e+01   3.3336771e+03   2.2979147e+01   6.6604508e+01   7.2281866e-01   2.7304232e+02   1.0248014e+02   9.2376780e+01   3.2360827e+01   1.4911826e+01   1.8930575e+01   6.1463421e+00   1.6825509e+01   4.0455581e+00   3.2626963e+01   2.1582456e+01   1.3350897e+01   1.0267851e+00   1.6255641e+01   5.4185645e+00   6.6893061e+00   3.2766873e+00   1.7831416e-02   5.6194220e-01   1.9020541e-01   5.2947253e+01   4.3951103e+01   6.2701483e+01   5.3422826e+01   2.5976835e+01   6.0590691e+01   2.4607955e+01   3.7245692e+01   4.6449685e+01   3.5922172e+01   1.1338532e+01
   2.6586219e-01   3.6557028e+03   4.4560803e+03   9.2501289e+00   3.2357844e+01   4.7780028e+01   2.8011249e+03   6.4828739e+01   1.2290654e+02   2.0736620e-01   9.2000013e+01   4.9895713e+01   2.7055670e+03   2.5336224e+01   5.0515582e+01   3.3337784e+03   2.3079149e+01   6.6628937e+01  -8.1981769e-01   2.7302228e+02   1.0248204e+02   9.2210416e+01   3.2354315e+01   1.4781965e+01   1.8192157e+01   6.0969276e+00   1.6869517e+01   4.0630569e+00   3.2284187e+01   2.1519620e+01   1.3069240e+01   8.2432847e-01   1.6310508e+01   5.4157832e+00   6.5412691e+00   3.2039451e+00   1.7831416e-02   5.6194220e-01   1.9020541e-01   5.2947253e+01   4.3951103e+01   6.2819154e+01   5.3235061e+01   2.6150862e+01   6.0482987e+01   2.5355937e+01   3.7230553e+01   4.6430759e+01   3.5881539e+01   1.3891968e+01
   2.5718602e-01   3.6723293e+03   4.4053338e+03   9.1934395e+00   3.2628484e+01   4.7486320e+01   2.8016174e+03   6.4893522e+01   1.2290093e+02   2.1328567e-01   9.2029925e+01   5.1476775e+01   2.7058528e+03   2.5335943e+01   4.9388998e+01   3.3339522e+03   2.2918444e+01   6.6610947e+01  -1.6907304e+00   2.7330419e+02   1.0245471e+02   9.2285472e+01   3.2109744e+01   1.4928453e+01   1.8665512e+01   6.1330217e+00   1.7071147e+01   4.0543804e+00   3.2688606e+01   2.1680165e+01   1.2976521e+01   9.2999792e-01   1.6550824e+01   5.4100688e+00   6.6387447e+00   3.3329917e+00   1.7831416e-02   5.6194220e-01   1.9020541e-01   5.2947253e+01   4.3951103e+01   6.2891625e+01   5.3155211e+01   2.5337066e+01   6.0716118e+01   2.5908693e+01   3.7257972e+01   4.6415413e+01   3.6119279e+01   1.1849366e+01
   2.6127437e-01   3.6194745e+03   4.4133509e+03   9.2744319e+00   3.2601361e+01   4.7665239e+01   2.8000754e+03   6.5925469e+01   1.2289050e+02   2.1668365e-01   9.1914240e+01   5.1763270e+01   2.7046885e+03   2.5238525e+01   5.1141366e+01   3.3324331e+03   2.2870975e+01   6.6576404e+01  -9.3717359e-01   2.7293819e+02   1.0247040e+02   9.2383530e+01   3.1908118e+01   1.4871403e+01   1.8671998e+01   6.0012515e+00   1.6468689e+01   4.0417195e+00   3.2878401e+01   2.1714491e+01   1.3156493e+01   8.5645736e-01   1.6041905e+01   5.4206559e+00   6.6464005e+00   3.2588879e+00   2.5415312e-02   5.7377052e-01   1.9458202e-01   5.3888401e+01   4.3299509e+01   6.2880860e+01   5.3186095e+01   2.5596433e+01   6.0615911e+01   2.6187566e+01   3.7260754e+01   4.6425278e+01   3.6053341e+01   1.1816291e+01
   2.6093407e-01   3.6575035e+03   4.4408187e+03   9.3062460e+00   3.2236296e+01   4.7392189e+01   2.7998709e+03   6.5463106e+01   1.2289897e+02   2.1992244e-01   9.1976739e+01   5.0554427e+01   2.7054252e+03   2.5149671e+01   4.9353877e+01   3.3328259e+03   2.2990128e+01   6.6636543e+01   7.3915058e-01   2.7322974e+02   1.0245795e+02   9.2185838e+01   3.2252230e+01   1.4943142e+01   1.8658210e+01   5.8806127e+00   1.6367348e+01   4.0567326e+00   3.3155493e+01   2.1853204e+01   1.3388048e+01   8.6377537e-01   1.6429366e+01   5.4166202e+00   6.6789971e+00   3.2328287e+00   2.5415312e-02   5.7377052e-01   1.9458202e-01   5.3888401e+01   4.3299509e+01   6.2842342e+01   5.3220527e+01   2.5870354e+01   6.0590612e+01   2.6648951e+01   3.7218130e+01   4.6417448e+01   3.5933817e+01   1.2468366e+01
   2.6213093e-01   3.6329748e+03   4.3978838e+03   9.1869416e+00   3.2336624e+01   4.8069217e+01   2.7999397e+03   6.4705745e+01   1.2287740e+02   2.1776430e-01   9.1935740e+01   5.0062250e+01   2.7047293e+03   2.5434343e+01   5.0662972e+01   3.3317397e+03   2.2719714e+01   6.6604910e+01  -9.0746251e-01   2.7361433e+02   1.0247577e+02   9.2519802e+01   3.2044988e+01   1.4960916e+01   1.8685948e+01   6.0781741e+00   1.7107321e+01   4.0336269e+00   3.2531686e+01   2.1681428e+01   1.3180782e+01   6.6145286e-01   1.6078567e+01   5.3957980e+00   6.7092685e+00   3.2637753e+00   1.1602230e-02   5.7343569e-01   1.9924726e-01   5.3252570e+01   4.3086520e+01   6.2830755e+01   5.3258405e+01   2.5763879e+01   6.0606414e+01   2.6538779e+01   3.7226904e+01   4.6424249e+01   3.5947742e+01   1.2266120e+01
   2.6375214e-01   3.6327858e+03   4.4515642e+03   9.2878264e+00   3.2349454e+01   4.7842076e+01   2.8009347e+03   6.5737697e+01   1.2290422e+02   2.1899492e-01   9.2079898e+01   4.8648381e+01   2.7056480e+03   2.5346381e+01   5.2032668e+01   3.3335911e+03   2.3275075e+01   6.6650901e+01   2.0517934e-02   2.7282621e+02   1.0244256e+02   9.2216731e+01   3.2619707e+01   1.4799882e+01   1.8947437e+01   5.8888376e+00   1.6616605e+01   4.0428794e+00   3.2466111e+01   2.1575391e+01   1.3520462e+01   8.5633124e-01   1.6410331e+01   5.4054733e+00   6.6280266e+00   3.2932985e+00   1.1602230e-02   5.7343569e-01   1.9924726e-01   5.3252570e+01   4.3086520e+01   6.2875137e+01   5.3174934e+01   2.5865046e+01   6.0650356e+01   2.6790933e+01   3.7257340e+01   4.6406896e+01   3.5938104e+01   1.0222459e+01
   2.6181899e-01   3.6443070e+03   4.4599752e+03   9.2663887e+00   3.2646710e+01   4.7403491e+01   2.8002229e+03   6.5248289e+01   1.2291296e+02   2.1449386e-01   9.2080268e+01   5.2559764e+01   2.7047518e+03   2.5417555e+01   4.9374226e+01   3.3324897e+03   2.2980312e+01   6.6645320e+01   1.5376176e+00   2.7357072e+02   1.0246150e+02   9.2602359e+01   3.2158734e+01   1.4739593e+01   1.9012806e+01   5.8855016e+00   1.6831979e+01   4.0626575e+00   3.2992077e+01   2.1578084e+01   1.3421731e+01   7.4185891e-01   1.5705402e+01   5.4114845e+00   6.6852175e+00   3.3448783e+00   1.1602230e-02   5.7343569e-01   1.9924726e-01   5.3252570e+01   4.3086520e+01   6.2917393e+01   5.3172729e+01   2.5823933e+01   6.0506572e+01   2.6460372e+01   3.7263862e+01   4.6421438e+01   3.5947240e+01   1.2089048e+01
   2.6591533e-01   3.6655177e+03   4.3819194e+03   9.1417558e+00   3.2989361e+01   4.7378891e+01   2.7983290e+03   6.5266808e+01   1.2288813e+02   2.1301143e-01   9.1916636e+01   5.0078880e+01   2.7031111e+03   2.5346511e+01   4.7988973e+01   3.3299396e+03   2.2876778e+01   6.6631852e+01   6.3129408e-01   2.7311442e+02   1.0251345e+02   9.2356891e+01   3.2060337e+01   1.4743909e+01   1.8718332e+01   6.0289739e+00   1.6453006e+01   4.0346698e+00   3.2765548e+01   2.1581474e+01   1.3353911e+01   9.5588971e-01   1.6071802e+01   5.4751684e+00   6.7067900e+00   3.2077646e+00  -1.4698517e-03   5.8181902e-01   1.7003847e-01   5.2957557e+01   4.3659738e+01   6.2949622e+01   5.3120477e+01   2.6209711e+01   6.0517827e+01   2.6038482e+01   3.7240014e+01   4.6433700e+01   3.5779965e+01   1.0624706e+01
   2.6486220e-01   3.6439819e+03   4.4130550e+03   9.1914242e+00   3.2215858e+01   4.7668772e+01   2.7989501e+03   6.4835992e+01   1.2290918e+02   2.0818846e-01   9.1970890e+01   4.9943362e+01   2.7038413e+03   2.5232327e+01   4.8938627e+01   3.3308074e+03   2.2987246e+01   6.6632613e+01  -1.4364089e+00   2.7301726e+02   1.0245465e+02   9.2147436e+01   3.1896626e+01   1.4726707e+01   1.8954732e+01   5.9942945e+00   1.6719500e+01   4.0790541e+00   3.2657257e+01   2.1856928e+01   1.2863572e+01   9.5957766e-01   1.6135274e+01   5.4032416e+00   6.5940366e+00   3.2133947e+00  -1.4698517e-03   5.8181902e-01   1.7003847e-01   5.2957557e+01   4.3659738e+01   6.2989345e+01   5.3066736e+01   2.6154645e+01   6.0625355e+01   2.5564668e+01   3.7256188e+01   4.6451589e+01   3.6113762e+01   1.1556530e+01
   2.7007827e-01   3.6576762e+03   4.4359775e+03   9.2237113e+00   3.2444888e+01   4.8164478e+01   2.7991548e+03   6.5042523e+01   1.2291475e+02   2.0717821e-01   9.2092199e+01   4.9963522e+01   2.7044685e+03   2.5055839e+01   4.9936233e+01   3.3316131e+03   2.2921865e+01   6.6655024e+01   1.1696866e+00   2.7283937e+02   1.0242792e+02   9.2389984e+01   3.2200639e+01   1.4829064e+01   1.8453387e+01   5.9263795e+00   1.6558746e+01   4.0551259e+00   3.2739988e+01   2.1754987e+01   1.3186390e+01   9.5668770e-01   1.6267695e+01   5.4042696e+00   6.6545268e+00   3.2396970e+00  -1.2149599e-02   5.6850048e-01   1.7315565e-01   5.3608351e+01   4.4335706e+01   6.3024291e+01   5.3029118e+01   2.6527660e+01   6.0517718e+01   2.5169117e+01   3.7250757e+01   4.6444106e+01   3.5963157e+01   1.3689808e+01
   2.6543915e-01   3.6544261e+03   4.4394077e+03   9.2823855e+00   3.2278918e+01   4.7721286e+01   2.7999733e+03   6.4508129e+01   1.2289988e+02   2.0559284e-01   9.2062324e+01   4.9885680e+01   2.7051261e+03   2.5326054e+01   5.0463871e+01   3.3322841e+03   2.2812304e+01   6.6666980e+01   5.3332291e-01   2.7303708e+02   1.0241193e+02   9.2277336e+01   3.2654886e+01   1.4847503e+01   1.8502684e+01   6.0756335e+00   1.6704633e+01   4.0880299e+00   3.2250468e+01   2.1708352e+01   1.2951770e+01   8.8992063e-01   1.6421007e+01   5.3922489e+00   6.7231445e+00   3.3021378e+00  -1.2149599e-02   5.6850048e-01   1.7315565e-01   5.3608351e+01   4.4335706e+01   6.2972141e+01   5.3123793e+01   2.5927604e+01   6.0695706e+01   2.5248541e+01   3.7204934e+01   4.6449258e+01   3.5924287e+01   1.4266737e+01
   2.5665796e-01   3.6831319e+03   4.4684446e+03   9.2785326e+00   3.2817418e+01   4.7550223e+01   2.7996668e+03   6.4983567e+01   1.2289763e+02   2.0104064e-01   9.1971875e+01   5.1359897e+01   2.7043302e+03   2.5377514e+01   5.0783939e+01   3.3313657e+03   2.2893449e+01   6.6591046e+01  -2.5491516e-02   2.7331259e+02   1.0248590e+02   9.2625930e+01   3.2152051e+01   1.4686676e+01   1.8756507e+01   6.0913269e+00   1.6683103e+01   4.0755090e+00   3.2739196e+01   2.1570506e+01   1.3683847e+01   9.9472860e-01   1.6094943e+01   5.4057390e+00   6.7182269e+00   3.2970788e+00  -1.2149599e-02   5.6850048e-01   1.7315565e-01   5.3608351e+01   4.4335706e+01   6.2933127e+01   5.3137416e+01   2.5305041e+01   6.0667049e+01   2.4794277e+01   3.7248914e+01   4.6421775e+01   3.5866196e+01   1.3197417e+01
   2.6049866e-01   3.6474625e+03   4.4134795e+03   9.2304427e+00   3.2805804e+01   4.7343024e+01   2.8002906e+03   6.5084785e+01   1.2289168e+02   2.0498183e-01   9.1993019e+01   5.0866893e+01   2.7039561e+03   2.5136790e+01   4.8753584e+01   3.3318416e+03   2.2889270e+01   6.6668015e+01  -3.2158820e-01   2.7288659e+02   1.0244936e+02   9.2398182e+01   3.2512344e+01   1.4808222e+01   1.8705538e+01   5.9638330e+00   1.6360723e+01   4.0318912e+00   3.3078589e+01   2.1629935e+01   1.2584539e+01   8.6539838e-01   1.6275402e+01   5.4243431e+00   6.6633005e+00   3.2379380e+00   1.3273001e-02   5.6607832e-01   1.8752511e-01   5.4289633e+01   4.3405372e+01   6.2889320e+01   5.3227379e+01   2.5581957e+01   6.0646580e+01   2.5165168e+01   3.7232175e+01   4.6444690e+01   3.5966871e+01   1.2128292e+01
   2.5773392e-01   3.6480296e+03   4.4106790e+03   9.2051163e+00   3.2384636e+01   4.7794223e+01   2.7991133e+03   6.5251783e+01   1.2288281e+02   2.0212614e-01   9.1961976e+01   5.2335397e+01   2.7042530e+03   2.5198061e+01   5.0159958e+01   3.3323871e+03   2.3041741e+01   6.6623253e+01  -1.8453655e-01   2.7326088e+02   1.0247739e+02   9.2241830e+01   3.2151752e+01   1.4765265e+01   1.8965970e+01   5.7837588e+00   1.6478102e+01   4.0970164e+00   3.2486879e+01   2.1732541e+01   1.3255713e+01   9.1678079e-01   1.6063411e+01   5.4334293e+00   6.6694126e+00   3.2102897e+00   1.3273001e-02   5.6607832e-01   1.8752511e-01   5.4289633e+01   4.3405372e+01   6.2837695e+01   5.3280697e+01   2.5402031e+01   6.0613497e+01   2.5152174e+01   3.7209001e+01   4.6438283e+01   3.5968978e+01   1.1022019e+01
   2.6238411e-01   3.6680737e+03   4.4367791e+03   9.1763436e+00   3.2636335e+01   4.7673079e+01   2.8004963e+03   6.4713060e+01   1.2288458e+02   2.1098539e-01   9.2029822e+01   4.9613749e+01   2.7052978e+03   2.5099182e+01   5.0598836e+01   3.3328029e+03   2.3094605e+01   6.6641037e+01   1.2225895e+00   2.7289687e+02   1.0248084e+02   9.2361983e+01   3.2316693e+01   1.4926465e+01   1.9060458e+01   6.0443033e+00   1.6728444e+01   4.0779817e+00   3.2802127e+01   2.1706639e+01   1.2860311e+01   8.4071519e-01   1.6265330e+01   5.4328534e+00   6.7005667e+00   3.3096308e+00   8.0177627e-03   5.6764977e-01   1.8298900e-01   5.3329860e+01   4.4504819e+01   6.2788936e+01   5.3305717e+01   2.5856815e+01   6.0532973e+01   2.5375019e+01   3.7239438e+01   4.6437130e+01   3.5919474e+01   1.2660978e+01
   2.6666971e-01   3.6662192e+03   4.4830911e+03   9.2525144e+00   3.2015495e+01   4.7543158e+01   2.8010996e+03   6.5592587e+01   1.2290194e+02   2.1190176e-01   9.2024786e+01   4.9995415e+01   2.7051238e+03   2.5616669e+01   4.8787992e+01   3.3322810e+03   2.2998529e+01   6.6655880e+01   7.5963618e-01   2.7292064e+02   1.0246811e+02   9.2376661e+01   3.2180382e+01   1.4886783e+01   1.8876036e+01   5.9154959e+00   1.6757314e+01   4.0762827e+00   3.2674265e+01   2.1560898e+01   1.3118114e+01   9.4172532e-01   1.6227121e+01   5.3459929e+00   6.6542457e+00   3.3210256e+00   8.0177627e-03   5.6764977e-01   1.8298900e-01   5.3329860e+01   4.4504819e+01   6.2837794e+01   5.3185199e+01   2.6113624e+01   6.0499020e+01   2.5634415e+01   3.7247303e+01   4.6413252e+01   3.5918801e+01   1.0840550e+01
   2.6505902e-01   3.6679890e+03   4.3966056e+03   9.2812483e+00   3.2320217e+01   4.7715951e+01   2.8001992e+03   6.4239146e+01   1.2290097e+02   2.1076690e-01   9.2033491e+01   4.8943446e+01   2.7048161e+03   2.5212190e+01   5.3539430e+01   3.3322843e+03   2.3043368e+01   6.6662260e+01   6.7926701e-01   2.7314698e+02   1.0249065e+02   9.2329511e+01   3.1901028e+01   1.4928175e+01   1.8838778e+01   5.9837756e+00   1.6600894e+01   4.0388757e+00   3.2733738e+01   2.1657037e+01   1.3244233e+01   9.7628970e-01   1.5826164e+01   5.4315184e+00   6.5223837e+00   3.2136561e+00   8.0177627e-03   5.6764977e-01   1.8298900e-01   5.3329860e+01   4.4504819e+01   6.2901248e+01   5.3132046e+01   2.6150160e+01   6.0554910e+01   2.5845945e+01   3.7249029e+01   4.6437465e+01   3.5943999e+01   1.3501381e+01
   2.6877863e-01   3.6707992e+03   4.4127304e+03   9.2222423e+00   3.2709836e+01   4.7224414e+01   2.8000424e+03   6.4552179e+01   1.2291054e+02   2.0984187e-01   9.1949552e+01   5.0599906e+01   2.7044339e+03   2.5286337e+01   4.9372609e+01   3.3315737e+03   2.2804305e+01   6.6621988e+01   3.7110539e-01   2.7321770e+02   1.0247908e+02   9.2134196e+01   3.2254569e+01   1.4832646e+01   1.8767493e+01   5.9671638e+00   1.7023644e+01   4.0579008e+00   3.2734799e+01   2.1772250e+01   1.3387586e+01   9.6571688e-01   1.5593259e+01   5.3911756e+00   6.6752770e+00   3.2785925e+00   5.2903410e-03   5.7301538e-01   1.8106661e-01   5.3364336e+01   4.3813365e+01   6.2944113e+01   5.3110133e+01   2.6337636e+01   6.0565348e+01   2.5876217e+01   3.7234978e+01   4.6448494e+01   3.5865274e+01   1.1393272e+01
   2.6393501e-01   3.6259564e+03   4.4405631e+03   9.1598944e+00   3.2695780e+01   4.7695347e+01   2.7995058e+03   6.4460237e+01   1.2289519e+02   2.1147145e-01   9.2014296e+01   5.0901253e+01   2.7041199e+03   2.5065114e+01   5.1619691e+01   3.3323192e+03   2.2911482e+01   6.6666773e+01  -2.2728385e+00   2.7291118e+02   1.0247426e+02   9.2111769e+01   3.2118154e+01   1.4836401e+01   1.9227179e+01   5.9315271e+00   1.6770221e+01   4.0341512e+00   3.2688476e+01   2.1782972e+01   1.3083597e+01   9.6224595e-01   1.6102404e+01   5.4086887e+00   6.5864325e+00   3.2630514e+00   5.2903410e-03   5.7301538e-01   1.8106661e-01   5.3364336e+01   4.3813365e+01   6.2953727e+01   5.3082264e+01   2.6104770e+01   6.0521785e+01   2.5957783e+01   3.7216878e+01   4.6413508e+01   3.6027282e+01   1.2516157e+01
   2.7153959e-01   3.6506424e+03   4.4219536e+03   9.2173375e+00   3.1962122e+01   4.7773566e+01   2.7993484e+03   6.5082678e+01   1.2289487e+02   2.0729573e-01   9.2028109e+01   4.9414209e+01   2.7042472e+03   2.5387723e+01   5.0345877e+01   3.3315086e+03   2.2896041e+01   6.6636295e+01   1.2660457e+00   2.7299679e+02   1.0247035e+02   9.2227814e+01   3.2070253e+01   1.4811944e+01   1.8612292e+01   5.9858535e+00   1.6609906e+01   4.0480321e+00   3.2612093e+01   2.1763030e+01   1.3307266e+01   8.1035304e-01   1.6273976e+01   5.4048285e+00   6.6197791e+00   3.2902414e+00   1.3655165e-02   5.7825174e-01   1.8381335e-01   5.4356646e+01   4.4496937e+01   6.2960376e+01   5.3102892e+01   2.6652608e+01   6.0435689e+01   2.5599800e+01   3.7225503e+01   4.6442977e+01   3.6026979e+01   1.2448821e+01
   2.6829137e-01   3.6541476e+03   4.4544571e+03   9.3112168e+00   3.2431134e+01   4.7617238e+01   2.8005006e+03   6.5188163e+01   1.2290985e+02   2.0462711e-01   9.2018663e+01   5.0896973e+01   2.7042905e+03   2.5142509e+01   5.1137936e+01   3.3319327e+03   2.2878619e+01   6.6614642e+01   5.3998534e-01   2.7284170e+02   1.0247623e+02   9.2344738e+01   3.2237463e+01   1.5035760e+01   1.8961526e+01   5.9910236e+00   1.6520027e+01   4.0668347e+00   3.2881947e+01   2.1783712e+01   1.2941338e+01   8.0447979e-01   1.6246740e+01   5.4300245e+00   6.7373246e+00   3.2949595e+00   1.3655165e-02   5.7825174e-01   1.8381335e-01   5.4356646e+01   4.4496937e+01   6.2864932e+01   5.3235542e+01   2.6271515e+01   6.0635357e+01   2.5183582e+01   3.7212675e+01   4.6419954e+01   3.5911724e+01   8.8044913e+00
   2.6688389e-01   3.6532743e+03   4.4362185e+03   9.2264267e+00   3.2396882e+01   4.7449384e+01   2.8005768e+03   6.4801261e+01   1.2290542e+02   2.0687264e-01   9.1967862e+01   5.0823085e+01   2.7043165e+03   2.5160307e+01   4.8730543e+01   3.3320981e+03   2.2810650e+01   6.6612340e+01  -5.9669585e-01   2.7305226e+02   1.0247989e+02   9.2535373e+01   3.1989189e+01   1.4869766e+01   1.8645816e+01   6.0093618e+00   1.7079612e+01   4.0517031e+00   3.3057519e+01   2.1873111e+01   1.3684998e+01   7.2834930e-01   1.5792800e+01   5.4350635e+00   6.7773149e+00   3.3868921e+00   1.3655165e-02   5.7825174e-01   1.8381335e-01   5.4356646e+01   4.4496937e+01   6.2813164e+01   5.3281065e+01   2.6365864e+01   6.0508690e+01   2.5210797e+01   3.7222470e+01   4.6390949e+01   3.6042890e+01   1.3171924e+01
   2.6390691e-01   3.6415150e+03   4.4616645e+03   9.2661477e+00   3.2388683e+01   4.7561549e+01   2.8006239e+03   6.5137979e+01   1.2290202e+02   2.1639702e-01   9.1996361e+01   5.0114975e+01   2.7045829e+03   2.5286797e+01   5.0623596e+01   3.3330100e+03   2.3026764e+01   6.6666750e+01  -3.9079349e-01   2.7263325e+02   1.0245917e+02   9.2191078e+01   3.2265379e+01   1.4858997e+01   1.8991188e+01   6.0949169e+00   1.6879164e+01   4.1020397e+00   3.2868243e+01   2.1623544e+01   1.3509842e+01   8.2729533e-01   1.6147783e+01   5.3854892e+00   6.7058574e+00   3.3103195e+00  -2.3555627e-03   6.0399482e-01   1.8783333e-01   5.3338903e+01   4.3479251e+01   6.2848515e+01   5.3231959e+01   2.6225660e+01   6.0580231e+01   2.5987554e+01   3.7251662e+01   4.6418609e+01   3.5952272e+01   1.2843136e+01
   2.6833063e-01   3.6444607e+03   4.4234090e+03   9.1128884e+00   3.2623182e+01   4.7610387e+01   2.8012607e+03   6.4792086e+01   1.2291118e+02   2.1430533e-01   9.2105603e+01   5.0980243e+01   2.7059985e+03   2.5205102e+01   5.0330775e+01   3.3337785e+03   2.2630801e+01   6.6648334e+01  -4.8888513e-01   2.7279906e+02   1.0244703e+02   9.2290783e+01   3.1940348e+01   1.4992383e+01   1.8908481e+01   6.1004503e+00   1.6617313e+01   4.1029109e+00   3.3011106e+01   2.1848065e+01   1.3115120e+01   9.4148397e-01   1.5957909e+01   5.3977120e+00   6.7288118e+00   3.1851637e+00  -2.3555627e-03   6.0399482e-01   1.8783333e-01   5.3338903e+01   4.3479251e+01   6.2913009e+01   5.3134623e+01   2.6373695e+01   6.0487208e+01   2.6177483e+01   3.7220134e+01   4.6422432e+01   3.6038430e+01   1.5238711e+01
   2.6831075e-01   3.6253899e+03   4.4637411e+03   9.2602423e+00   3.2386181e+01   4.7213405e+01   2.8006571e+03   6.5027343e+01   1.2290542e+02   2.1506247e-01   9.2104330e+01   4.8982771e+01   2.7056153e+03   2.5199887e+01   5.1016340e+01   3.3335891e+03   2.2963982e+01   6.6648052e+01  -4.5109101e-01   2.7300001e+02   1.0243526e+02   9.2442099e+01   3.2276328e+01   1.4824029e+01   1.8801453e+01   6.0251466e+00   1.6764677e+01   4.1244646e+00   3.2739760e+01   2.1584040e+01   1.3522294e+01   1.0262730e+00   1.6299270e+01   5.4395962e+00   6.6923014e+00   3.2433213e+00   8.6018969e-03   5.8680451e-01   1.8106298e-01   5.4288789e+01   4.3691482e+01   6.2949073e+01   5.3108523e+01   2.6602798e+01   6.0539094e+01   2.6200712e+01   3.7237992e+01   4.6444457e+01   3.5983303e+01   1.6269622e+01
   2.6966224e-01   3.6494746e+03   4.3945730e+03   9.2285185e+00   3.2282445e+01   4.7447335e+01   2.7991923e+03   6.5493430e+01   1.2290051e+02   2.1158701e-01   9.1883382e+01   5.0998255e+01   2.7031510e+03   2.5334081e+01   5.1197937e+01   3.3312856e+03   2.2952280e+01   6.6621728e+01   3.1681345e+00   2.7268398e+02   1.0245341e+02   9.2078766e+01   3.2091293e+01   1.4714266e+01   1.8369716e+01   6.0425485e+00   1.6616298e+01   4.1155688e+00   3.3095177e+01   2.1580071e+01   1.2864077e+01   8.6318762e-01   1.6254769e+01   5.3925696e+00   6.6749585e+00   3.2884997e+00   8.6018969e-03   5.8680451e-01   1.8106298e-01   5.4288789e+01   4.3691482e+01   6.2865495e+01   5.3233768e+01   2.6381011e+01   6.0594078e+01   2.6102558e+01   3.7219919e+01   4.6453311e+01   3.5915493e+01   1.1147840e+01
   2.6270070e-01   3.6777764e+03   4.4431100e+03   9.3552169e+00   3.2323813e+01   4.7762423e+01   2.8002575e+03   6.4765045e+01   1.2289286e+02   2.1139351e-01   9.1996529e+01   5.0505372e+01   2.7052266e+03   2.5204138e+01   5.0640968e+01   3.3324189e+03   2.2997033e+01   6.6574752e+01  -8.5774369e-01   2.7301293e+02   1.0246322e+02   9.2396334e+01   3.1874302e+01   1.4834784e+01   1.8853002e+01   5.9307887e+00   1.6836014e+01   4.0739166e+00   3.2787374e+01   2.1680747e+01   1.3121841e+01   7.8766134e-01   1.6503350e+01   5.3645834e+00   6.6479886e+00   3.1709179e+00   8.6018969e-03   5.8680451e-01   1.8106298e-01   5.4288789e+01   4.3691482e+01   6.2841707e+01   5.3301097e+01   2.5849545e+01   6.0750178e+01   2.5998972e+01   3.7203830e+01   4.6444999e+01   3.5870626e+01   1.1004779e+01
   2.6598795e-01   3.6236610e+03   4.4679956e+03   9.2422919e+00   3.2423384e+01   4.7831487e+01   2.8011262e+03   6.5893657e+01   1.2290407e+02   2.1568154e-01   9.2039206e+01   4.9323130e+01   2.7057258e+03   2.5486841e+01   5.1814100e+01   3.3336195e+03   2.2856575e+01   6.6616928e+01   3.0045659e+00   2.7308282e+02   1.0246671e+02   9.2316889e+01   3.2079484e+01   1.5019034e+01   1.8373141e+01   5.8805957e+00   1.6959450e+01   4.0532778e+00   3.2488522e+01   2.1623209e+01   1.3282664e+01   1.1118745e+00   1.6104088e+01   5.4336494e+00   6.7436930e+00   3.2636298e+00   1.0371523e-02   5.6916505e-01   1.8408672e-01   5.3999048e+01   4.3805036e+01   6.2807136e+01   5.3283352e+01   2.6285234e+01   6.0590864e+01   2.6573214e+01   3.7231604e+01   4.6445846e+01   3.5899317e+01   1.5124123e+01
   2.6219846e-01   3.6467692e+03   4.4865204e+03   9.2438859e+00   3.2341562e+01   4.7657612e+01   2.8006096e+03   6.5172103e+01   1.2287965e+02   2.1965648e-01   9.1941054e+01   4.7493950e+01   2.7050324e+03   2.5417247e+01   5.0201995e+01   3.3329498e+03   2.2841178e+01   6.6576028e+01   4.0749008e-01   2.7293990e+02   1.0248093e+02   9.2296275e+01   3.2235289e+01   1.4695203e+01   1.8909564e+01   5.8538205e+00   1.7165211e+01   4.0688665e+00   3.2624773e+01   2.1738043e+01   1.2832752e+01   8.4526585e-01   1.5473688e+01   5.4274303e+00   6.7655568e+00   3.2355317e+00   1.0371523e-02   5.6916505e-01   1.8408672e-01   5.3999048e+01   4.3805036e+01   6.2791028e+01   5.3260987e+01   2.5787604e+01   6.0762177e+01   2.6836078e+01   3.7217795e+01   4.6401063e+01   3.5936121e+01   1.2917159e+01
   2.6556124e-01   3.6732833e+03   4.4441009e+03   9.2841249e+00   3.2147354e+01   4.7264267e+01   2.8007713e+03   6.4985218e+01   1.2286730e+02   2.2552172e-01   9.1996689e+01   5.1225879e+01   2.7051800e+03   2.5376644e+01   5.0605377e+01   3.3333446e+03   2.2996973e+01   6.6617595e+01  -4.3142100e-01   2.7274491e+02   1.0245164e+02   9.2174955e+01   3.2460218e+01   1.5019512e+01   1.8692767e+01   5.9276422e+00   1.7002766e+01   4.0791059e+00   3.2618266e+01   2.1834105e+01   1.2420776e+01   9.6304484e-01   1.5788940e+01   5.4070517e+00   6.7032122e+00   3.2547023e+00   1.8857598e-02   5.9315988e-01   1.8440995e-01   5.4517423e+01   4.4892814e+01   6.2785051e+01   5.3257483e+01   2.6049956e+01   6.0526221e+01   2.7614104e+01   3.7251530e+01   4.6441290e+01   3.5902780e+01   1.1646248e+01
   2.6264262e-01   3.6316800e+03   4.4275412e+03   9.2211597e+00   3.2216691e+01   4.7556386e+01   2.7996908e+03   6.5121824e+01   1.2290076e+02   2.2955654e-01   9.1916486e+01   4.8810460e+01   2.7047193e+03   2.5259898e+01   5.1294116e+01   3.3322545e+03   2.2932599e+01   6.6643783e+01   1.0777684e-01   2.7297344e+02   1.0250218e+02   9.2294365e+01   3.2295135e+01   1.4899217e+01   1.8634200e+01   5.9623183e+00   1.7144466e+01   4.0486644e+00   3.2880717e+01   2.1689645e+01   1.3294298e+01   1.0854712e+00   1.5760602e+01   5.4330709e+00   6.5799861e+00   3.2963955e+00   1.8857598e-02   5.9315988e-01   1.8440995e-01   5.4517423e+01   4.4892814e+01   6.2725421e+01   5.3309950e+01   2.5766840e+01   6.0572532e+01   2.7933807e+01   3.7214364e+01   4.6405212e+01   3.5792594e+01   1.0340251e+01
   2.6227877e-01   3.6089165e+03   4.4542173e+03   9.2618840e+00   3.2048523e+01   4.7107919e+01   2.8005202e+03   6.4722313e+01   1.2290715e+02   2.2870103e-01   9.2032301e+01   5.0702045e+01   2.7059329e+03   2.5304707e+01   5.2554963e+01   3.3328724e+03   2.2935337e+01   6.6611521e+01  -1.3984077e+00   2.7269477e+02   1.0249017e+02   9.2339253e+01   3.2049601e+01   1.4915385e+01   1.8862490e+01   6.0424874e+00   1.6649599e+01   4.0330338e+00   3.2500174e+01   2.1785109e+01   1.3201411e+01   8.9344616e-01   1.6168930e+01   5.4317001e+00   6.6552002e+00   3.3229452e+00   1.8857598e-02   5.9315988e-01   1.8440995e-01   5.4517423e+01   4.4892814e+01   6.2702802e+01   5.3354496e+01   2.5632010e+01   6.0603445e+01   2.7959203e+01   3.7219989e+01   4.6435214e+01   3.5765953e+01   1.3490262e+01
   2.6381014e-01   3.6294208e+03   4.4952362e+03   9.3365568e+00   3.2227491e+01   4.7374292e+01   2.8010008e+03   6.4840070e+01   1.2290640e+02   2.3290477e-01   9.2127086e+01   5.0222197e+01   2.7055268e+03   2.5407002e+01   4.8826974e+01   3.3331592e+03   2.2810526e+01   6.6665772e+01   1.9155747e+00   2.7301488e+02   1.0248911e+02   9.2259780e+01   3.2234557e+01   1.4794645e+01   1.8922237e+01   6.0693663e+00   1.6678873e+01   4.0638384e+00   3.2479463e+01   2.1827378e+01   1.3084075e+01   8.7624656e-01   1.6462684e+01   5.4550301e+00   6.6697442e+00   3.1481113e+00   8.0964291e-03   5.8199412e-01   1.9937103e-01   5.4143669e+01   4.3802962e+01   6.2715393e+01   5.3373732e+01   2.5990192e+01   6.0570360e+01   2.8204626e+01   3.7249322e+01   4.6464029e+01   3.5827285e+01   1.1573019e+01
   2.6465430e-01   3.6337002e+03   4.4789047e+03   9.2949383e+00   3.2823861e+01   4.7283130e+01   2.7998490e+03   6.5258151e+01   1.2290748e+02   2.2745139e-01   9.2105932e+01   5.1214767e+01   2.7052663e+03   2.5184772e+01   4.9606741e+01   3.3324849e+03   2.2869488e+01   6.6652453e+01   1.8063267e+00   2.7294751e+02   1.0249525e+02   9.2421038e+01   3.2099239e+01   1.4902680e+01   1.8518416e+01   5.8164923e+00   1.6729407e+01   4.1022183e+00   3.2306238e+01   2.1541444e+01   1.2783868e+01   8.3249403e-01   1.5866606e+01   5.3856935e+00   6.7092923e+00   3.2069917e+00   8.0964291e-03   5.8199412e-01   1.9937103e-01   5.4143669e+01   4.3802962e+01   6.2705309e+01   5.3322187e+01   2.6143956e+01   6.0490837e+01   2.8087539e+01   3.7204088e+01   4.6429608e+01   3.6112262e+01   1.2981915e+01
   2.6224669e-01   3.6350077e+03   4.4727451e+03   9.3276316e+00   3.2159863e+01   4.7580496e+01   2.7990486e+03   6.5039851e+01   1.2290689e+02   2.2838506e-01   9.1932448e+01   5.0965693e+01   2.7034829e+03   2.5305507e+01   5.0846498e+01   3.3309695e+03   2.2890091e+01   6.6612228e+01  -7.7375695e-04   2.7281567e+02   1.0249950e+02   9.2212738e+01   3.2064600e+01   1.4828036e+01   1.8416764e+01   6.0267513e+00   1.6710672e+01   4.0686725e+00   3.2409236e+01   2.1708714e+01   1.3297966e+01   9.1477948e-01   1.6473007e+01   5.4310952e+00   6.7473217e+00   3.1836358e+00   1.5024263e-02   5.7285623e-01   1.8047389e-01   5.2728986e+01   4.3829064e+01   6.2724697e+01   5.3319823e+01   2.5832885e+01   6.0667442e+01   2.7872623e+01   3.7207471e+01   4.6432928e+01   3.5809872e+01   1.3124307e+01
   2.6087662e-01   3.6816105e+03   4.4541708e+03   9.1954655e+00   3.2088479e+01   4.7302946e+01   2.8002579e+03   6.4505267e+01   1.2291615e+02   2.2780513e-01   9.2070937e+01   4.9016185e+01   2.7051313e+03   2.5271933e+01   5.1118288e+01   3.3323503e+03   2.2783548e+01   6.6618420e+01   8.7993490e-01   2.7312103e+02   1.0246083e+02   9.2333974e+01   3.2305615e+01   1.4940489e+01   1.8718408e+01   6.1619425e+00   1.7341126e+01   4.0673334e+00   3.2428093e+01   2.1588648e+01   1.3450538e+01   8.8029732e-01   1.6744059e+01   5.4063815e+00   6.7365848e+00   3.2058754e+00   1.5024263e-02   5.7285623e-01   1.8047389e-01   5.2728986e+01   4.3829064e+01   6.2872426e+01   5.3116747e+01   2.5538534e+01   6.0723104e+01   2.7738813e+01   3.7207912e+01   4.6429275e+01   3.5972168e+01   1.2374921e+01
   2.5739269e-01   3.6368679e+03   4.4198951e+03   9.1946584e+00   3.2347384e+01   4.7539270e+01   2.7996053e+03   6.5284708e+01   1.2290516e+02   2.2615553e-01   9.2039004e+01   5.0021603e+01   2.7036953e+03   2.5175694e+01   4.9695887e+01   3.3306547e+03   2.2965118e+01   6.6634153e+01  -3.1048673e-01   2.7255418e+02   1.0245236e+02   9.2394989e+01   3.2552354e+01   1.4740823e+01   1.8619214e+01   5.8504150e+00   1.6776520e+01   4.0846259e+00   3.2504173e+01   2.1677491e+01   1.3070849e+01   1.0624743e+00   1.6103534e+01   5.3844981e+00   6.7735350e+00   3.2113744e+00   1.5024263e-02   5.7285623e-01   1.8047389e-01   5.2728986e+01   4.3829064e+01   6.2952048e+01   5.3037170e+01   2.5550060e+01   6.0584880e+01   2.7673978e+01   3.7211467e+01   4.6448033e+01   3.6006065e+01   1.2493022e+01
   2.5661667e-01   3.6769221e+03   4.4028495e+03   9.2268984e+00   3.2347224e+01   4.7494873e+01   2.7982781e+03   6.5199245e+01   1.2291428e+02   2.1994159e-01   9.2036897e+01   5.0857731e+01   2.7023535e+03   2.5428490e+01   4.9633134e+01   3.3303491e+03   2.2804702e+01   6.6647006e+01   1.5736048e+00   2.7257599e+02   1.0244572e+02   9.2314514e+01   3.2090868e+01   1.4889708e+01   1.8807596e+01   5.8132281e+00   1.6916370e+01   4.0551836e+00   3.2762788e+01   2.1650833e+01   1.3259938e+01   8.6359334e-01   1.6686725e+01   5.3951087e+00   6.6041407e+00   3.3810285e+00  -4.1305501e-03   5.6525988e-01   1.8874575e-01   5.3518317e+01   4.4024833e+01   6.2960494e+01   5.3074119e+01   2.5238169e+01   6.0665615e+01   2.7108686e+01   3.7219309e+01   4.6451146e+01   3.6008705e+01   1.1563797e+01
   2.5945502e-01   3.6701697e+03   4.4711804e+03   9.1673425e+00   3.2174374e+01   4.7452693e+01   2.7985075e+03   6.5467631e+01   1.2289316e+02   2.1566743e-01   9.2008685e+01   5.0251209e+01   2.7023878e+03   2.5262707e+01   5.0892774e+01   3.3302337e+03   2.2835518e+01   6.6653232e+01  -1.3666288e+00   2.7308910e+02   1.0247440e+02   9.2469898e+01   3.1946114e+01   1.4872488e+01   1.8061098e+01   6.1224042e+00   1.6449735e+01   4.0485633e+00   3.2778778e+01   2.1789304e+01   1.3551267e+01   1.0265211e+00   1.6012479e+01   5.3878939e+00   6.6675676e+00   3.3069511e+00  -4.1305501e-03   5.6525988e-01   1.8874575e-01   5.3518317e+01   4.4024833e+01   6.2924616e+01   5.3094342e+01   2.5590142e+01   6.0603420e+01   2.6263127e+01   3.7172353e+01   4.6395983e+01   3.5984104e+01   1.3605904e+01
   2.5311409e-01   3.6546718e+03   4.4728399e+03   9.3817627e+00   3.2329842e+01   4.7321838e+01   2.7999162e+03   6.5701037e+01   1.2290125e+02   2.0900865e-01   9.2087920e+01   4.7886487e+01   2.7045192e+03   2.5170390e+01   4.9187162e+01   3.3320345e+03   2.2816677e+01   6.6607934e+01  -1.5362949e-01   2.7294942e+02   1.0246272e+02   9.2408430e+01   3.2444158e+01   1.4939672e+01   1.9136818e+01   6.0977874e+00   1.6745569e+01   4.0858914e+00   3.2615476e+01   2.1673910e+01   1.3280545e+01   9.8125335e-01   1.5906908e+01   5.3551656e+00   6.7172922e+00   3.1758311e+00   2.5668200e-03   5.7015818e-01   1.9516096e-01   5.3770648e+01   4.4244508e+01   6.2919621e+01   5.3109159e+01   2.4963384e+01   6.0881071e+01   2.5832697e+01   3.7186326e+01   4.6388542e+01   3.6085034e+01   1.4685418e+01
   2.6095120e-01   3.6976193e+03   4.4246627e+03   9.1593575e+00   3.2538042e+01   4.7494487e+01   2.7999073e+03   6.4137900e+01   1.2290858e+02   2.0796142e-01   9.2124595e+01   4.9660605e+01   2.7046656e+03   2.5323201e+01   4.9726159e+01   3.3314514e+03   2.2882591e+01   6.6661070e+01  -1.6533448e+00   2.7319338e+02   1.0247459e+02   9.2642077e+01   3.2521035e+01   1.4958325e+01   1.8714028e+01   5.8437754e+00   1.6549879e+01   4.0563395e+00   3.2562065e+01   2.1686425e+01   1.3484309e+01   1.1581533e+00   1.5879701e+01   5.3976733e+00   6.7232631e+00   3.3023398e+00   2.5668200e-03   5.7015818e-01   1.9516096e-01   5.3770648e+01   4.4244508e+01   6.2906974e+01   5.3171177e+01   2.5539864e+01   6.0470132e+01   2.5583124e+01   3.7247873e+01   4.6432777e+01   3.5847596e+01   1.2703602e+01
   2.5806855e-01   3.6552325e+03   4.4497917e+03   9.2216357e+00   3.2688548e+01   4.7685704e+01   2.7986624e+03   6.5239572e+01   1.2288379e+02   2.0612358e-01   9.1985267e+01   5.0183440e+01   2.7031872e+03   2.5238947e+01   5.0236497e+01   3.3302165e+03   2.2710179e+01   6.6650225e+01  -6.4318347e-01   2.7282052e+02   1.0248697e+02   9.2321253e+01   3.1723060e+01   1.4976520e+01   1.8706378e+01   6.1514720e+00   1.6390574e+01   4.0512756e+00   3.2589318e+01   2.1693431e+01   1.2932831e+01   8.0190169e-01   1.6230704e+01   5.3708463e+00   6.6995055e+00   3.2326542e+00   2.5668200e-03   5.7015818e-01   1.9516096e-01   5.3770648e+01   4.4244508e+01   6.2871891e+01   5.3187642e+01   2.5289178e+01   6.0570466e+01   2.5212822e+01   3.7194455e+01   4.6421485e+01   3.5904910e+01   1.0695520e+01
   2.6116176e-01   3.6354506e+03   4.4518448e+03   9.1386922e+00   3.2265110e+01   4.7426144e+01   2.7985870e+03   6.4915400e+01   1.2290260e+02   2.0255695e-01   9.1932390e+01   4.9815900e+01   2.7026855e+03   2.5210063e+01   5.0211807e+01   3.3304976e+03   2.2890108e+01   6.6614934e+01   1.0694263e+00   2.7231401e+02   1.0248315e+02   9.2108946e+01   3.2093889e+01   1.4978627e+01   1.8955319e+01   5.8892066e+00   1.6473355e+01   4.0559323e+00   3.2457153e+01   2.1783723e+01   1.2980601e+01   9.1132052e-01   1.5967840e+01   5.4207528e+00   6.6705336e+00   3.3202072e+00  -4.9996766e-03   5.7166854e-01   1.9555118e-01   5.2922103e+01   4.4026755e+01   6.2903218e+01   5.3123416e+01   2.5689772e+01   6.0649945e+01   2.4739625e+01   3.7204076e+01   4.6425792e+01   3.5881331e+01   1.2556896e+01
   2.6197513e-01   3.6654164e+03   4.4333409e+03   9.2031076e+00   3.2715823e+01   4.7521003e+01   2.7995353e+03   6.5811150e+01   1.2291726e+02   2.0117031e-01   9.2031730e+01   4.9830875e+01   2.7043339e+03   2.5458523e+01   4.9622238e+01   3.3325174e+03   2.2969893e+01   6.6611459e+01   2.7960460e+00   2.7313913e+02   1.0247591e+02   9.2310262e+01   3.2238651e+01   1.4911026e+01   1.9043586e+01   6.0592815e+00   1.6319947e+01   4.0737169e+00   3.3218187e+01   2.1695511e+01   1.3524920e+01   8.6784972e-01   1.5984223e+01   5.3699738e+00   6.7282316e+00   3.2283710e+00  -4.9996766e-03   5.7166854e-01   1.9555118e-01   5.2922103e+01   4.4026755e+01   6.2960742e+01   5.3052997e+01   2.5970244e+01   6.0540238e+01   2.4708496e+01   3.7195719e+01   4.6413159e+01   3.6200540e+01   1.3434238e+01
   2.6629903e-01   3.6713725e+03   4.4093019e+03   9.2096737e+00   3.2133795e+01   4.7604129e+01   2.7991770e+03   6.4870540e+01   1.2288920e+02   2.0006260e-01   9.1956160e+01   4.7943666e+01   2.7037507e+03   2.5314972e+01   4.9379153e+01   3.3315135e+03   2.2882852e+01   6.6615199e+01  -1.2530661e+00   2.7283435e+02   1.0245916e+02   9.2190744e+01   3.1643979e+01   1.4746793e+01   1.8625951e+01   6.0540300e+00   1.6610936e+01   4.0352709e+00   3.3081500e+01   2.1612117e+01   1.3593396e+01   7.5099641e-01   1.5833071e+01   5.4056203e+00   6.6064135e+00   3.2121737e+00   9.2159134e-03   5.7953766e-01   1.8720115e-01   5.3679453e+01   4.3123834e+01   6.3020512e+01   5.3015482e+01   2.6146856e+01   6.0513713e+01   2.4663500e+01   3.7181673e+01   4.6438982e+01   3.5971339e+01   1.4392892e+01
   2.6663455e-01   3.6827638e+03   4.3679339e+03   9.2836343e+00   3.2356389e+01   4.7289693e+01   2.8003909e+03   6.4738865e+01   1.2290171e+02   1.9720126e-01   9.2029884e+01   4.9612284e+01   2.7050779e+03   2.5216184e+01   4.8500917e+01   3.3324447e+03   2.2824203e+01   6.6587054e+01  -3.3474160e-01   2.7305358e+02   1.0244352e+02   9.2581764e+01   3.2315292e+01   1.4908201e+01   1.9293077e+01   5.9793235e+00   1.6734103e+01   4.0635220e+00   3.2702601e+01   2.1781758e+01   1.3496451e+01   9.7878645e-01   1.6082432e+01   5.4388256e+00   6.6538469e+00   3.3614793e+00   9.2159134e-03   5.7953766e-01   1.8720115e-01   5.3679453e+01   4.3123834e+01   6.2975935e+01   5.3075990e+01   2.6168107e+01   6.0785107e+01   2.4407039e+01   3.7228316e+01   4.6433718e+01   3.5953401e+01   1.1885096e+01
   2.6909649e-01   3.6281573e+03   4.4426864e+03   9.2002139e+00   3.2484747e+01   4.7375591e+01   2.7997361e+03   6.5726796e+01   1.2290895e+02   2.0407255e-01   9.1976556e+01   5.0736735e+01   2.7042984e+03   2.5300554e+01   5.0497132e+01   3.3319560e+03   2.2930621e+01   6.6627378e+01  -2.0859857e-01   2.7315413e+02   1.0245836e+02   9.2593651e+01   3.1742977e+01   1.4763700e+01   1.8876977e+01   5.9959435e+00   1.6651155e+01   4.0703213e+00   3.2599611e+01   2.1710662e+01   1.3954310e+01   1.0437002e+00   1.6175481e+01   5.4363683e+00   6.6543741e+00   3.1468277e+00   9.2159134e-03   5.7953766e-01   1.8720115e-01   5.3679453e+01   4.3123834e+01   6.2957913e+01   5.3118524e+01   2.6538522e+01   6.0473876e+01   2.4862415e+01   3.7201445e+01   4.6441479e+01   3.6085723e+01   1.3487094e+01
   2.7161284e-01   3.6898811e+03   4.4250747e+03   9.2046610e+00   3.2312063e+01   4.7603218e+01   2.7998593e+03   6.4745010e+01   1.2290583e+02   2.0227670e-01   9.1963611e+01   5.0270939e+01   2.7050510e+03   2.5403721e+01   4.9943888e+01   3.3321795e+03   2.2917237e+01   6.6615513e+01  -7.8603759e-01   2.7294781e+02   1.0247041e+02   9.2367228e+01   3.2208284e+01   1.4815649e+01   1.8568846e+01   5.9961772e+00   1.6465329e+01   4.0376560e+00   3.2986807e+01   2.1724152e+01   1.3344994e+01   8.1569451e-01   1.5959834e+01   5.4322110e+00   6.6596163e+00   3.2660776e+00   1.0027404e-02   5.8686797e-01   1.7465463e-01   5.4170146e+01   4.3983275e+01   6.2920128e+01   5.3164101e+01   2.6695581e+01   6.0605207e+01   2.4916657e+01   3.7215896e+01   4.6420849e+01   3.6057434e+01   1.1949554e+01
   2.6489832e-01   3.6347359e+03   4.4287041e+03   9.1474044e+00   3.2934092e+01   4.7724981e+01   2.8012694e+03   6.5484468e+01   1.2288154e+02   2.0930490e-01   9.1984866e+01   4.8611022e+01   2.7053034e+03   2.5185203e+01   5.0173097e+01   3.3337897e+03   2.2889793e+01   6.6621964e+01   2.0395961e+00   2.7262170e+02   1.0246042e+02   9.2113737e+01   3.1664095e+01   1.4946966e+01   1.8763093e+01   6.1635555e+00   1.6580789e+01   4.0966778e+00   3.2380765e+01   2.1794553e+01   1.3585407e+01   9.8732096e-01   1.6367238e+01   5.3860390e+00   6.6940277e+00   3.2275872e+00   1.0027404e-02   5.8686797e-01   1.7465463e-01   5.4170146e+01   4.3983275e+01   6.2876754e+01   5.3228378e+01   2.6107052e+01   6.0682262e+01   2.5482509e+01   3.7221552e+01   4.6457652e+01   3.6067675e+01   1.2534141e+01
   2.7017537e-01   3.6633151e+03   4.4506343e+03   9.2114459e+00   3.2236607e+01   4.7351236e+01   2.8010791e+03   6.5519953e+01   1.2288723e+02   2.1283766e-01   9.1901678e+01   5.0541995e+01   2.7053817e+03   2.5123042e+01   5.0658360e+01   3.3333552e+03   2.2904880e+01   6.6597069e+01   1.0426046e+00   2.7297645e+02   1.0247013e+02   9.2166234e+01   3.2006682e+01   1.4909042e+01   1.8888307e+01   6.0006591e+00   1.6621395e+01   3.9903966e+00   3.2441933e+01   2.1722394e+01   1.3363768e+01   9.3099202e-01   1.5839534e+01   5.4099910e+00   6.5878348e+00   3.1475867e+00   1.5414070e-02   5.6899433e-01   1.9002366e-01   5.3566201e+01   4.4045697e+01   6.2833771e+01   5.3236934e+01   2.6393058e+01   6.0677760e+01   2.6082308e+01   3.7224561e+01   4.6408410e+01   3.5895579e+01   1.4383249e+01
   2.6817426e-01   3.6568904e+03   4.4498168e+03   9.1928103e+00   3.2675564e+01   4.7356466e+01   2.8021329e+03   6.5361456e+01   1.2291696e+02   2.1748011e-01   9.2017282e+01   5.0698629e+01   2.7065736e+03   2.5164742e+01   5.0994190e+01   3.3342674e+03   2.2648675e+01   6.6609125e+01  -5.2832626e-01   2.7308586e+02   1.0245202e+02   9.2455709e+01   3.2250903e+01   1.4869550e+01   1.8450130e+01   5.8784583e+00   1.6968703e+01   4.0788783e+00   3.2778621e+01   2.1803442e+01   1.3584525e+01   9.3333039e-01   1.6304413e+01   5.4128764e+00   6.6972877e+00   3.2292493e+00   1.5414070e-02   5.6899433e-01   1.9002366e-01   5.3566201e+01   4.4045697e+01   6.2869471e+01   5.3184366e+01   2.6485831e+01   6.0569642e+01   2.6790101e+01   3.7197158e+01   4.6424642e+01   3.6016725e+01   1.4601542e+01
   2.6210287e-01   3.6713440e+03   4.4886866e+03   9.1741829e+00   3.2347215e+01   4.7493467e+01   2.8014986e+03   6.4616622e+01   1.2289718e+02   2.2529459e-01   9.2004223e+01   5.1438320e+01   2.7059955e+03   2.5302563e+01   4.8584117e+01   3.3338155e+03   2.2948673e+01   6.6585123e+01  -4.7291726e-01   2.7294803e+02   1.0245142e+02   9.2346606e+01   3.1902014e+01   1.4914175e+01   1.8858402e+01   5.9021664e+00   1.6624305e+01   4.0691222e+00   3.2254657e+01   2.1718982e+01   1.3474985e+01   8.2329997e-01   1.6021013e+01   5.4001615e+00   6.6456391e+00   3.2903714e+00   1.5414070e-02   5.6899433e-01   1.9002366e-01   5.3566201e+01   4.4045697e+01   6.2878853e+01   5.3170401e+01   2.5830242e+01   6.0690807e+01   2.7428303e+01   3.7212947e+01   4.6423652e+01   3.5971038e+01   1.4357938e+01
   2.6593778e-01   3.6746158e+03   4.4416528e+03   9.3003367e+00   3.2105702e+01   4.7973174e+01   2.8009837e+03   6.5079946e+01   1.2289764e+02   2.2839232e-01   9.2018923e+01   5.1279625e+01   2.7059662e+03   2.5433347e+01   4.9119317e+01   3.3332176e+03   2.2947625e+01   6.6591005e+01  -1.1359477e+00   2.7292915e+02   1.0247548e+02   9.2276328e+01   3.1842562e+01   1.4844048e+01   1.8999251e+01   6.0008728e+00   1.6474220e+01   3.9956872e+00   3.2638455e+01   2.1705236e+01   1.3388417e+01   1.0366157e+00   1.6117632e+01   5.4377990e+00   6.6545539e+00   3.1884391e+00   1.8808583e-03   5.9141409e-01   1.9825677e-01   5.3539353e+01   4.4076450e+01   6.2923879e+01   5.3130730e+01   2.6205682e+01   6.0595656e+01   2.7861263e+01   3.7233983e+01   4.6438880e+01   3.5930212e+01   1.1936809e+01
   2.7140245e-01   3.6382498e+03   4.4590880e+03   9.2377937e+00   3.2301994e+01   4.8049758e+01   2.8008589e+03   6.5296979e+01   1.2291495e+02   2.3060630e-01   9.2056081e+01   4.9335514e+01   2.7050155e+03   2.5263398e+01   4.9393663e+01   3.3332411e+03   2.2881343e+01   6.6631902e+01  -1.5725688e-01   2.7250295e+02   1.0247851e+02   9.2338977e+01   3.2551618e+01   1.5019996e+01   1.9225277e+01   5.9362089e+00   1.6869440e+01   4.0567320e+00   3.2554122e+01   2.1698979e+01   1.3365094e+01   7.2440507e-01   1.6031170e+01   5.4061729e+00   6.6381641e+00   3.3152013e+00   1.8808583e-03   5.9141409e-01   1.9825677e-01   5.3539353e+01   4.4076450e+01   6.2949286e+01   5.3118899e+01   2.6641364e+01   6.0567752e+01   2.8246717e+01   3.7227263e+01   4.6433785e+01   3.6050169e+01   1.3690636e+01
   2.7093886e-01   3.6506394e+03   4.4179195e+03   9.2588066e+00   3.2345514e+01   4.7426666e+01   2.7994651e+03   6.4068776e+01   1.2288959e+02   2.2647693e-01   9.2049131e+01   4.9941992e+01   2.7041069e+03   2.5332195e+01   4.8189278e+01   3.3307281e+03   2.2831918e+01   6.6676355e+01  -2.1208639e+00   2.7329960e+02   1.0247380e+02   9.2382481e+01   3.2061688e+01   1.5012942e+01   1.8922242e+01   6.0983867e+00   1.6731049e+01   4.0784577e+00   3.2726414e+01   2.1539222e+01   1.2976598e+01   9.0859418e-01   1.6524403e+01   5.3676418e+00   6.7035174e+00   3.2586829e+00   1.0386138e-04   5.7052762e-01   1.8744062e-01   5.3483971e+01   4.3293405e+01   6.2960318e+01   5.3106250e+01   2.6681904e+01   6.0424283e+01   2.7992990e+01   3.7234240e+01   4.6461154e+01   3.5973706e+01   1.2012450e+01
   2.7299318e-01   3.6654734e+03   4.4661174e+03   9.2051456e+00   3.2159845e+01   4.7485880e+01   2.7985308e+03   6.4669420e+01   1.2289193e+02   2.2011145e-01   9.2044236e+01   5.1047985e+01   2.7034855e+03   2.5432534e+01   5.1636919e+01   3.3305409e+03   2.3144290e+01   6.6644892e+01  -7.9709666e-01   2.7301897e+02   1.0246398e+02   9.2516741e+01   3.2316597e+01   1.4811938e+01   1.9183107e+01   6.0605752e+00   1.6282869e+01   4.0966506e+00   3.2290094e+01   2.1665319e+01   1.3420784e+01   6.4361497e-01   1.6329130e+01   5.3789610e+00   6.6555248e+00   3.2324606e+00   1.0386138e-04   5.7052762e-01   1.8744062e-01   5.3483971e+01   4.3293405e+01   6.2954978e+01   5.3107132e+01   2.6713505e+01   6.0549531e+01   2.7093843e+01   3.7220846e+01   4.6466141e+01   3.5882893e+01   8.1908866e+00
   2.7397164e-01   3.6737443e+03   4.4209373e+03   9.1530601e+00   3.2505819e+01   4.7437583e+01   2.7979479e+03   6.4724218e+01   1.2289047e+02   2.1666359e-01   9.2014931e+01   5.1631742e+01   2.7027543e+03   2.5285436e+01   5.2209621e+01   3.3297409e+03   2.2977908e+01   6.6674869e+01  -1.1090369e+00   2.7281232e+02   1.0246507e+02   9.2468387e+01   3.2365495e+01   1.4789510e+01   1.8668511e+01   6.1423971e+00   1.6543467e+01   4.0693729e+00   3.2751736e+01   2.1656709e+01   1.3125531e+01   8.5999642e-01   1.5931761e+01   5.3848641e+00   6.6920642e+00   3.2440285e+00   1.0386138e-04   5.7052762e-01   1.8744062e-01   5.3483971e+01   4.3293405e+01   6.2951824e+01   5.3105695e+01   2.6895549e+01   6.0483127e+01   2.6326000e+01   3.7208040e+01   4.6447619e+01   3.6037550e+01   1.1444858e+01
   2.7030279e-01   3.6644839e+03   4.4447598e+03   9.2285193e+00   3.2787209e+01   4.7676721e+01   2.7986928e+03   6.6015718e+01   1.2291054e+02   2.0902648e-01   9.2032857e+01   5.1082080e+01   2.7034879e+03   2.5327731e+01   5.0065997e+01   3.3306334e+03   2.2781617e+01   6.6645414e+01  -2.1439155e+00   2.7313951e+02   1.0246074e+02   9.2526433e+01   3.1744735e+01   1.5053269e+01   1.8689913e+01   6.1150313e+00   1.6377786e+01   4.0658059e+00   3.2772625e+01   2.1731179e+01   1.3470883e+01   7.2537604e-01   1.6352626e+01   5.4005285e+00   6.7075958e+00   3.3109752e+00   1.8042916e-02   5.7636853e-01   1.7649102e-01   5.4907705e+01   4.2987141e+01   6.2882837e+01   5.3211903e+01   2.6357389e+01   6.0619444e+01   2.5429162e+01   3.7214444e+01   4.6447287e+01   3.6024772e+01   1.3961810e+01
   2.7043540e-01   3.6039425e+03   4.4861427e+03   9.2049223e+00   3.2224907e+01   4.7589333e+01   2.7998650e+03   6.4989196e+01   1.2289780e+02   2.0624564e-01   9.2061738e+01   5.0318464e+01   2.7046067e+03   2.5390961e+01   5.0412864e+01   3.3314419e+03   2.2932523e+01   6.6651552e+01  -2.0145429e+00   2.7249310e+02   1.0246409e+02   9.2183140e+01   3.2315876e+01   1.4806803e+01   1.8844355e+01   5.7283497e+00   1.6555780e+01   4.0358203e+00   3.2488719e+01   2.1598431e+01   1.3430280e+01   7.4589786e-01   1.6090273e+01   5.3820462e+00   6.6880869e+00   3.3144772e+00   1.8042916e-02   5.7636853e-01   1.7649102e-01   5.4907705e+01   4.2987141e+01   6.2778972e+01   5.3338302e+01   2.6518000e+01   6.0677604e+01   2.5233796e+01   3.7223294e+01   4.6437266e+01   3.5988871e+01   1.1092590e+01
   2.6930175e-01   3.6553691e+03   4.4560565e+03   9.1944699e+00   3.2024085e+01   4.7326208e+01   2.8014449e+03   6.5328496e+01   1.2290025e+02   2.0819588e-01   9.2146083e+01   5.1691151e+01   2.7063559e+03   2.5448332e+01   5.1208128e+01   3.3335607e+03   2.2794724e+01   6.6668646e+01  -7.9417896e-01   2.7303656e+02   1.0245759e+02   9.2569176e+01   3.2219761e+01   1.5074652e+01   1.8685997e+01   5.9902241e+00   1.6594319e+01   4.0708927e+00   3.3019638e+01   2.1729827e+01   1.2903562e+01   9.1494417e-01   1.6033684e+01   5.4026008e+00   6.7082037e+00   3.1178926e+00   6.8423779e-03   5.6864379e-01   1.7923964e-01   5.4476729e+01   4.4291851e+01   6.2728182e+01   5.3425768e+01   2.6391057e+01   6.0598489e+01   2.5584734e+01   3.7212239e+01   4.6435333e+01   3.5943232e+01   1.4820041e+01
   2.6616763e-01   3.6320916e+03   4.4520856e+03   9.2607009e+00   3.2261230e+01   4.7760587e+01   2.8011183e+03   6.4989003e+01   1.2289965e+02   2.1444666e-01   9.2062917e+01   5.0424576e+01   2.7055142e+03   2.5117292e+01   5.0789711e+01   3.3337868e+03   2.2930382e+01   6.6654658e+01   6.5434351e-01   2.7336717e+02   1.0249309e+02   9.2542331e+01   3.2249874e+01   1.4862106e+01   1.8977648e+01   5.9462243e+00   1.7020024e+01   4.0457802e+00   3.2403804e+01   2.1829565e+01   1.3367029e+01   9.0386972e-01   1.6037853e+01   5.3800161e+00   6.6940119e+00   3.2986161e+00   6.8423779e-03   5.6864379e-01   1.7923964e-01   5.4476729e+01   4.4291851e+01   6.2724123e+01   5.3365237e+01   2.6205070e+01   6.0561318e+01   2.6239701e+01   3.7223643e+01   4.6427594e+01   3.5977239e+01   1.1079207e+01
   2.6639156e-01   3.6442080e+03   4.4875986e+03   9.2146122e+00   3.2361231e+01   4.7574056e+01   2.8011626e+03   6.5045201e+01   1.2291018e+02   2.2259162e-01   9.2098168e+01   5.0045307e+01   2.7059529e+03   2.5144759e+01   5.0096105e+01   3.3332632e+03   2.2776138e+01   6.6673261e+01  -4.0598780e-01   2.7317767e+02   1.0245400e+02   9.2277627e+01   3.2118496e+01   1.4802210e+01   1.8327238e+01   5.9652953e+00   1.7024173e+01   4.0661296e+00   3.2512658e+01   2.1530921e+01   1.3250711e+01   8.1707177e-01   1.6339589e+01   5.3975329e+00   6.7920648e+00   3.2741099e+00   6.8423779e-03   5.6864379e-01   1.7923964e-01   5.4476729e+01   4.4291851e+01   6.2698250e+01   5.3358677e+01   2.6418453e+01   6.0534743e+01   2.6794247e+01   3.7209447e+01   4.6426802e+01   3.5910919e+01   1.2653602e+01
   2.6432415e-01   3.6297866e+03   4.4566856e+03   9.2958405e+00   3.2798162e+01   4.7785534e+01   2.8011777e+03   6.5178184e+01   1.2290793e+02   2.2543713e-01   9.1988576e+01   5.0249910e+01   2.7057558e+03   2.5230536e+01   5.1239756e+01   3.3332956e+03   2.2963113e+01   6.6629622e+01  -2.2837429e+00   2.7298216e+02   1.0247447e+02   9.2223639e+01   3.1680234e+01   1.4813672e+01   1.8564947e+01   6.0054512e+00   1.7094399e+01   4.0689912e+00   3.2373328e+01   2.1647186e+01   1.3227271e+01   8.8285287e-01   1.6248619e+01   5.3776041e+00   6.6700078e+00   3.2648690e+00   4.1385327e-04   5.6294762e-01   1.8875027e-01   5.4151030e+01   4.4258206e+01   6.2713258e+01   5.3336833e+01   2.5842485e+01   6.0742890e+01   2.7291037e+01   3.7188106e+01   4.6449660e+01   3.5958081e+01   1.2217286e+01
   2.6629692e-01   3.6573754e+03   4.4302903e+03   9.2959380e+00   3.2477428e+01   4.7582312e+01   2.8022789e+03   6.5202225e+01   1.2289843e+02   2.2787793e-01   9.2017668e+01   5.0977799e+01   2.7058703e+03   2.5277975e+01   5.0203384e+01   3.3341300e+03   2.2891727e+01   6.6635226e+01   4.8522995e-01   2.7304731e+02   1.0247009e+02   9.2348557e+01   3.1874385e+01   1.4794532e+01   1.9231307e+01   5.7252912e+00   1.6412819e+01   4.0653249e+00   3.2960454e+01   2.1606086e+01   1.2732971e+01   9.4694544e-01   1.6345192e+01   5.3784638e+00   6.7065459e+00   3.2300721e+00   4.1385327e-04   5.6294762e-01   1.8875027e-01   5.4151030e+01   4.4258206e+01   6.2722838e+01   5.3297449e+01   2.6103590e+01   6.0775043e+01   2.8163085e+01   3.7170969e+01   4.6436673e+01   3.5853664e+01   1.2471952e+01
   2.7323027e-01   3.6687571e+03   4.4425835e+03   9.2118868e+00   3.2207566e+01   4.7651717e+01   2.8009233e+03   6.5894226e+01   1.2288229e+02   2.3290141e-01   9.2015606e+01   4.9529235e+01   2.7046640e+03   2.5223215e+01   4.8461022e+01   3.3326190e+03   2.2816689e+01   6.6627253e+01  -1.5689645e+00   2.7288426e+02   1.0249251e+02   9.2444316e+01   3.2181283e+01   1.4719470e+01   1.8661454e+01   6.0834649e+00   1.6660247e+01   4.0657303e+00   3.2821080e+01   2.1553600e+01   1.3450419e+01   8.5104257e-01   1.5905098e+01   5.4084178e+00   6.6567802e+00   3.3379065e+00   2.4826937e-02   5.6375734e-01   1.8241631e-01   5.4927033e+01   4.3711555e+01   6.2727988e+01   5.3275120e+01   2.6929924e+01   6.0494464e+01   2.8598834e+01   3.7170715e+01   4.6417360e+01   3.5815789e+01   1.1077608e+01
   2.6954616e-01   3.6370466e+03   4.4809613e+03   9.2765902e+00   3.2486935e+01   4.7573392e+01   2.8001492e+03   6.5373095e+01   1.2290378e+02   2.3738856e-01   9.1962848e+01   4.9932739e+01   2.7039462e+03   2.5464275e+01   5.0629233e+01   3.3323309e+03   2.2812084e+01   6.6645061e+01   8.4862503e-01   2.7316931e+02   1.0249909e+02   9.2347808e+01   3.2296439e+01   1.4691320e+01   1.8992477e+01   5.9003242e+00   1.6907373e+01   4.0470053e+00   3.2547224e+01   2.1711329e+01   1.3442151e+01   9.4958354e-01   1.6591808e+01   5.3893285e+00   6.7157180e+00   3.2394814e+00   2.4826937e-02   5.6375734e-01   1.8241631e-01   5.4927033e+01   4.3711555e+01   6.2649671e+01   5.3405452e+01   2.6525207e+01   6.0617172e+01   2.8726854e+01   3.7196577e+01   4.6403649e+01   3.5964802e+01   9.5164740e+00
   2.7058182e-01   3.6095206e+03   4.4730465e+03   9.2277992e+00   3.2560869e+01   4.7815769e+01   2.7999960e+03   6.5725406e+01   1.2290794e+02   2.3901543e-01   9.2040771e+01   4.8997792e+01   2.7053359e+03   2.5221578e+01   4.9686275e+01   3.3327730e+03   2.2862180e+01   6.6652138e+01  -2.1532698e+00   2.7304772e+02   1.0250888e+02   9.2262500e+01   3.1886544e+01   1.4651475e+01   1.8787900e+01   5.9764735e+00   1.6236285e+01   4.0353530e+00   3.2579501e+01   2.1874395e+01   1.3377338e+01   8.3004077e-01   1.6330269e+01   5.3888644e+00   6.6949336e+00   3.3176124e+00   2.4826937e-02   5.6375734e-01   1.8241631e-01   5.4927033e+01   4.3711555e+01   6.2607951e+01   5.3467149e+01   2.6608873e+01   6.0597219e+01   2.8868651e+01   3.7218681e+01   4.6430757e+01   3.5812544e+01   9.6838619e+00
   2.7286148e-01   3.6538660e+03   4.4417778e+03   9.2577326e+00   3.2255006e+01   4.7517312e+01   2.8004921e+03   6.4633413e+01   1.2292121e+02   2.3599288e-01   9.2082342e+01   4.9034625e+01   2.7055111e+03   2.5103613e+01   5.0420968e+01   3.3327362e+03   2.2951092e+01   6.6656099e+01  -1.6829032e+00   2.7332813e+02   1.0252226e+02   9.2531695e+01   3.2361385e+01   1.4855142e+01   1.8822167e+01   5.9090468e+00   1.6750702e+01   4.0309927e+00   3.2979799e+01   2.1615003e+01   1.2906289e+01   9.5251646e-01   1.6037615e+01   5.4182984e+00   6.6628879e+00   3.2166519e+00   2.7862570e-02   5.6288364e-01   1.7458676e-01   5.3124929e+01   4.3093632e+01   6.2663340e+01   5.3326589e+01   2.6706775e+01   6.0591374e+01   2.8657508e+01   3.7184807e+01   4.6410435e+01   3.5993388e+01   1.1151122e+01
   2.6978413e-01   3.6319720e+03   4.4257964e+03   9.1929045e+00   3.2380722e+01   4.7214653e+01   2.8000501e+03   6.5090030e+01   1.2290435e+02   2.3318975e-01   9.2038318e+01   5.0409255e+01   2.7044185e+03   2.5405572e+01   4.9783349e+01   3.3319605e+03   2.2841053e+01   6.6678262e+01  -1.8051122e+00   2.7288699e+02   1.0247074e+02   9.2444267e+01   3.1861751e+01   1.4825686e+01   1.9345482e+01   5.9449685e+00   1.6979339e+01   4.0885327e+00   3.2310797e+01   2.1601669e+01   1.3687121e+01   8.5403359e-01   1.5953521e+01   5.4004324e+00   6.7241996e+00   3.2266566e+00   2.7862570e-02   5.6288364e-01   1.7458676e-01   5.3124929e+01   4.3093632e+01   6.2770716e+01   5.3198098e+01   2.6489143e+01   6.0536810e+01   2.8783839e+01   3.7209993e+01   4.6425231e+01   3.5850301e+01   1.3052641e+01
   2.7627433e-01   3.6800964e+03   4.3662597e+03   9.1542915e+00   3.2723039e+01   4.7613376e+01   2.7983574e+03   6.5062098e+01   1.2290835e+02   2.3188625e-01   9.2044200e+01   4.7199127e+01   2.7027799e+03   2.5237198e+01   4.9534325e+01   3.3302345e+03   2.2786540e+01   6.6697319e+01  -4.1199152e-01   2.7295957e+02   1.0245824e+02   9.2356028e+01   3.2232623e+01   1.4598309e+01   1.8648627e+01   5.9853097e+00   1.6932714e+01   4.0234593e+00   3.3045399e+01   2.1533563e+01   1.3069838e+01   9.3892466e-01   1.5831989e+01   5.3616728e+00   6.6840374e+00   3.2834855e+00   1.3875358e-02   5.4891684e-01   1.8799528e-01   5.3595832e+01   4.4257118e+01   6.2859568e+01   5.3146035e+01   2.7367886e+01   6.0469393e+01   2.8335606e+01   3.7191936e+01   4.6446521e+01   3.5950502e+01   1.0072274e+01
   2.7280945e-01   3.6411945e+03   4.3960420e+03   9.2088064e+00   3.2349151e+01   4.7617153e+01   2.7985901e+03   6.5403269e+01   1.2292595e+02   2.2549543e-01   9.2168816e+01   5.1233207e+01   2.7038494e+03   2.5254304e+01   5.0129672e+01   3.3311686e+03   2.2729593e+01   6.6715335e+01   2.8826313e-01   2.7285027e+02   1.0244896e+02   9.2319426e+01   3.2106300e+01   1.4854306e+01   1.9112865e+01   5.8163758e+00   1.6496047e+01   4.0154325e+00   3.3088569e+01   2.1409987e+01   1.3407996e+01   9.1337731e-01   1.5753876e+01   5.4301727e+00   6.6667233e+00   3.2727035e+00   1.3875358e-02   5.4891684e-01   1.8799528e-01   5.3595832e+01   4.4257118e+01   6.2846924e+01   5.3147734e+01   2.6792593e+01   6.0603954e+01   2.7601953e+01   3.7159859e+01   4.6421570e+01   3.6099302e+01   1.3109910e+01
   2.7747958e-01   3.6522119e+03   4.4903078e+03   9.1955361e+00   3.2376816e+01   4.7429127e+01   2.7972282e+03   6.5754646e+01   1.2289827e+02   2.1792329e-01   9.2051350e+01   4.9388796e+01   2.7026085e+03   2.5177269e+01   5.0854791e+01   3.3294047e+03   2.2774937e+01   6.6718156e+01   1.0272665e+00   2.7345643e+02   1.0248122e+02   9.2269285e+01   3.2171575e+01   1.4896605e+01   1.9095844e+01   6.0217746e+00   1.6808228e+01   4.0581264e+00   3.2848855e+01   2.1515257e+01   1.3366401e+01   8.8801343e-01   1.6334822e+01   5.3754772e+00   6.6088466e+00   3.2610282e+00   1.3875358e-02   5.4891684e-01   1.8799528e-01   5.3595832e+01   4.4257118e+01   6.2847189e+01   5.3181036e+01   2.7134412e+01   6.0435746e+01   2.6341835e+01   3.7187236e+01   4.6434811e+01   3.5957142e+01   1.4063631e+01
   2.7780753e-01   3.6515720e+03   4.4133236e+03   9.2167463e+00   3.2193160e+01   4.8062534e+01   2.7975816e+03   6.4457885e+01   1.2289693e+02   2.0505587e-01   9.2059487e+01   4.9649379e+01   2.7019997e+03   2.5216823e+01   5.0374352e+01   3.3290362e+03   2.2842334e+01   6.6676810e+01   1.4194161e+00   2.7318770e+02   1.0247627e+02   9.2342658e+01   3.1711546e+01   1.4981792e+01   1.8643831e+01   5.9553548e+00   1.6523883e+01   4.0135287e+00   3.2409507e+01   2.1686362e+01   1.3480152e+01   8.1368824e-01   1.6330765e+01   5.3526054e+00   6.7359635e+00   3.3011236e+00  -5.9377127e-03   5.7630078e-01   1.9061910e-01   5.3120322e+01   4.3825977e+01   6.2879444e+01   5.3132536e+01   2.7285951e+01   6.0466647e+01   2.5043216e+01   3.7193570e+01   4.6426156e+01   3.5900854e+01   1.1316241e+01
   2.7254096e-01   3.6800818e+03   4.4245318e+03   9.2178356e+00   3.2288880e+01   4.7998938e+01   2.7990103e+03   6.5048494e+01   1.2290428e+02   1.9775718e-01   9.2068369e+01   5.0452532e+01   2.7037234e+03   2.5289671e+01   5.0006304e+01   3.3306688e+03   2.3104701e+01   6.6692857e+01  -3.6995023e-01   2.7342465e+02   1.0243733e+02   9.2448553e+01   3.1891707e+01   1.4784405e+01   1.8864662e+01   5.9873909e+00   1.6663616e+01   4.0323155e+00   3.2921711e+01   2.1643225e+01   1.3595476e+01   8.5734380e-01   1.6174899e+01   5.3664418e+00   6.7305444e+00   3.2890437e+00  -5.9377127e-03   5.7630078e-01   1.9061910e-01   5.3120322e+01   4.3825977e+01   6.2931803e+01   5.3107209e+01   2.7182510e+01   6.0702318e+01   2.4374172e+01   3.7191336e+01   4.6428503e+01   3.5910917e+01   1.3123256e+01
   2.7566208e-01   3.6520452e+03   4.4097378e+03   9.2728900e+00   3.2409149e+01   4.7711633e+01   2.7988360e+03   6.4263748e+01   1.2290393e+02   1.9643731e-01   9.2043696e+01   4.8174597e+01   2.7033812e+03   2.5569991e+01   5.0068017e+01   3.3308869e+03   2.2846942e+01   6.6680464e+01  -3.5255421e-01   2.7306295e+02   1.0243274e+02   9.2461400e+01   3.1793115e+01   1.4941611e+01   1.8779675e+01   5.8129422e+00   1.6324192e+01   4.0530160e+00   3.2264426e+01   2.1504594e+01   1.3358536e+01   1.0307851e+00   1.5623612e+01   5.3774905e+00   6.7623469e+00   3.2816864e+00   2.4949966e-02   5.6116415e-01   1.9470841e-01   5.4332167e+01   4.3900073e+01   6.2950254e+01   5.3088004e+01   2.7288886e+01   6.0587630e+01   2.4199848e+01   3.7214891e+01   4.6453244e+01   3.6081124e+01   1.3548390e+01
   2.7675524e-01   3.6671762e+03   4.4623540e+03   9.1996904e+00   3.1996684e+01   4.7646289e+01   2.7997784e+03   6.4429757e+01   1.2290743e+02   1.9875844e-01   9.2104778e+01   5.0263703e+01   2.7048833e+03   2.5320513e+01   5.0549079e+01   3.3324771e+03   2.2877119e+01   6.6711246e+01   4.8161460e-01   2.7349316e+02   1.0242892e+02   9.2273211e+01   3.2468149e+01   1.4773493e+01   1.8575957e+01   6.0097247e+00   1.6629481e+01   4.0037527e+00   3.2794846e+01   2.1662851e+01   1.3242491e+01   1.1021804e+00   1.6245972e+01   5.3803433e+00   6.7353429e+00   3.1968549e+00   2.4949966e-02   5.6116415e-01   1.9470841e-01   5.4332167e+01   4.3900073e+01   6.2848151e+01   5.3221791e+01   2.7328991e+01   6.0560337e+01   2.4389088e+01   3.7183234e+01   4.6416474e+01   3.5997781e+01   1.1259697e+01
   2.7090241e-01   3.6416758e+03   4.4641763e+03   9.2264445e+00   3.2641863e+01   4.7772487e+01   2.8003931e+03   6.4619493e+01   1.2289511e+02   1.9878592e-01   9.2065075e+01   4.9107720e+01   2.7053465e+03   2.5418663e+01   4.9206777e+01   3.3328548e+03   2.2899014e+01   6.6697043e+01  -1.0754100e+00   2.7340911e+02   1.0246014e+02   9.2523151e+01   3.2469941e+01   1.4771448e+01   1.8554980e+01   6.1510487e+00   1.6257449e+01   4.0719076e+00   3.3133611e+01   2.1483785e+01   1.3229721e+01   9.0857262e-01   1.5972628e+01   5.3442111e+00   6.6905576e+00   3.2910441e+00   2.4949966e-02   5.6116415e-01   1.9470841e-01   5.4332167e+01   4.3900073e+01   6.2806928e+01   5.3311580e+01   2.6644852e+01   6.0607747e+01   2.4690038e+01   3.7155526e+01   4.6439103e+01   3.5917518e+01   1.4115529e+01
   2.6594096e-01   3.6572826e+03   4.4435755e+03   9.2044840e+00   3.2129371e+01   4.7750309e+01   2.8008690e+03   6.4715531e+01   1.2289008e+02   2.0705607e-01   9.2024702e+01   5.1337542e+01   2.7057877e+03   2.5175893e+01   5.0051356e+01   3.3330591e+03   2.2907889e+01   6.6712097e+01   1.2987890e+00   2.7353379e+02   1.0247980e+02   9.2296372e+01   3.2133388e+01   1.4612802e+01   1.8510992e+01   5.9164019e+00   1.6976590e+01   4.0626430e+00   3.3150648e+01   2.1716175e+01   1.3079097e+01   1.1084103e+00   1.6011673e+01   5.3608292e+00   6.6608821e+00   3.3498137e+00   2.5019233e-04   5.7242609e-01   1.8275370e-01   5.3066501e+01   4.3700319e+01   6.2831239e+01   5.3239878e+01   2.6204649e+01   6.0656115e+01   2.5213950e+01   3.7190374e+01   4.6441087e+01   3.6002511e+01   1.3462572e+01
   2.6713663e-01   3.6429117e+03   4.4617388e+03   9.1859576e+00   3.2470046e+01   4.7495937e+01   2.8010052e+03   6.5465534e+01   1.2290047e+02   2.1490527e-01   9.2068988e+01   4.9712796e+01   2.7059262e+03   2.5246486e+01   4.8575921e+01   3.3334662e+03   2.2898349e+01   6.6684474e+01  -1.7330079e+00   2.7363683e+02   1.0245003e+02   9.2442915e+01   3.1760143e+01   1.4738884e+01   1.8744573e+01   5.9102483e+00   1.6538594e+01   4.0366119e+00   3.2632210e+01   2.1524333e+01   1.3636763e+01   8.4095013e-01   1.6472604e+01   5.4025857e+00   6.6126743e+00   3.2506653e+00   2.5019233e-04   5.7242609e-01   1.8275370e-01   5.3066501e+01   4.3700319e+01   6.2894429e+01   5.3104340e+01   2.6107234e+01   6.0674163e+01   2.5808253e+01   3.7183336e+01   4.6394128e+01   3.5975188e+01   1.2838395e+01
   2.6916001e-01   3.6406197e+03   4.4301081e+03   9.3005421e+00   3.2632288e+01   4.7793064e+01   2.8007530e+03   6.5339909e+01   1.2289805e+02   2.1145625e-01   9.1935021e+01   5.2311247e+01   2.7048153e+03   2.5275003e+01   4.7962470e+01   3.3326587e+03   2.2935211e+01   6.6620459e+01   2.3529037e-01   2.7377115e+02   1.0244402e+02   9.2605968e+01   3.2433695e+01   1.4787134e+01   1.9161550e+01   5.9832609e+00   1.6377708e+01   4.0790814e+00   3.2795527e+01   2.1628058e+01   1.3871479e+01   8.4766938e-01   1.6127765e+01   5.3528621e+00   6.7439529e+00   3.2944758e+00   2.3568650e-02   5.7309821e-01   1.7602148e-01   5.4133273e+01   4.3980786e+01   6.2942039e+01   5.3074839e+01   2.6583942e+01   6.0663909e+01   2.6092489e+01   3.7192031e+01   4.6400730e+01   3.5885675e+01   1.1588586e+01
   2.7362205e-01   3.6542774e+03   4.4398032e+03   9.1612368e+00   3.2376621e+01   4.7491784e+01   2.8003017e+03   6.4461802e+01   1.2288871e+02   2.1609724e-01   9.2090402e+01   5.0514094e+01   2.7055003e+03   2.5396023e+01   5.0840922e+01   3.3328255e+03   2.2775514e+01   6.6689645e+01   2.4461610e-01   2.7355947e+02   1.0244216e+02   9.2486200e+01   3.1965651e+01   1.4840006e+01   1.8795946e+01   5.9557350e+00   1.6070910e+01   4.0618067e+00   3.2931640e+01   2.1676952e+01   1.3862433e+01   9.3099263e-01   1.6083867e+01   5.3725060e+00   6.6423102e+00   3.2003789e+00   2.3568650e-02   5.7309821e-01   1.7602148e-01   5.4133273e+01   4.3980786e+01   6.2872524e+01   5.3196724e+01   2.6893084e+01   6.0405292e+01   2.6519565e+01   3.7200707e+01   4.6403295e+01   3.6072072e+01   1.2799082e+01
   2.7512296e-01   3.6604112e+03   4.4705191e+03   9.2219575e+00   3.2283765e+01   4.7621828e+01   2.7994847e+03   6.4609425e+01   1.2289733e+02   2.1825716e-01   9.2014672e+01   4.8144232e+01   2.7038009e+03   2.5142221e+01   4.9502735e+01   3.3317997e+03   2.2748727e+01   6.6696697e+01   4.7023388e-01   2.7357111e+02   1.0246914e+02   9.2447330e+01   3.2075417e+01   1.4960531e+01   1.8845034e+01   5.9204607e+00   1.6498757e+01   4.0646777e+00   3.2617902e+01   2.1673473e+01   1.3745527e+01   9.4433224e-01   1.6097884e+01   5.3551540e+00   6.6580264e+00   3.2073112e+00   2.3568650e-02   5.7309821e-01   1.7602148e-01   5.4133273e+01   4.3980786e+01   6.2836437e+01   5.3281273e+01   2.6975421e+01   6.0584663e+01   2.6419539e+01   3.7197778e+01   4.6447499e+01   3.5967959e+01   1.0308985e+01
   2.7492332e-01   3.6364478e+03   4.4729044e+03   9.2641011e+00   3.2458920e+01   4.7507965e+01   2.7995180e+03   6.4854894e+01   1.2290285e+02   2.1640520e-01   9.2016129e+01   5.0728337e+01   2.7042584e+03   2.5530988e+01   4.8622958e+01   3.3317075e+03   2.2590544e+01   6.6721061e+01  -2.0858035e+00   2.7354252e+02   1.0248600e+02   9.2553419e+01   3.2245614e+01   1.4607729e+01   1.8487804e+01   5.9597437e+00   1.6340550e+01   4.0507837e+00   3.3180132e+01   2.1728357e+01   1.3065296e+01   8.8491499e-01   1.6292895e+01   5.3799153e+00   6.5690215e+00   3.2482202e+00   4.7378389e-03   5.6922017e-01   1.7781204e-01   5.3708943e+01   4.4459077e+01   6.2816735e+01   5.3256966e+01   2.7012804e+01   6.0566550e+01   2.6540080e+01   3.7183641e+01   4.6412258e+01   3.5800712e+01   1.0258658e+01
   2.7073774e-01   3.6863933e+03   4.4246265e+03   9.3599052e+00   3.2381041e+01   4.7990933e+01   2.8008023e+03   6.5193121e+01   1.2291865e+02   2.1613292e-01   9.2086893e+01   5.0697187e+01   2.7056077e+03   2.5274833e+01   5.0319482e+01   3.3324329e+03   2.2779899e+01   6.6687459e+01  -3.2198979e+00   2.7361755e+02   1.0246535e+02   9.2667875e+01   3.2423386e+01   1.4920237e+01   1.8549639e+01   6.0382285e+00   1.6535807e+01   4.0066789e+00   3.2865574e+01   2.1806302e+01   1.3629771e+01   8.5553508e-01   1.5703588e+01   5.3816729e+00   6.6321394e+00   3.2839467e+00   4.7378389e-03   5.6922017e-01   1.7781204e-01   5.3708943e+01   4.4459077e+01   6.2827160e+01   5.3217105e+01   2.6483494e+01   6.0692306e+01   2.6496412e+01   3.7183013e+01   4.6422265e+01   3.5983575e+01   9.7501335e+00
   2.6592919e-01   3.6237861e+03   4.4441837e+03   9.2277014e+00   3.2351943e+01   4.7749396e+01   2.8000472e+03   6.5468171e+01   1.2291676e+02   2.2274566e-01   9.2050874e+01   4.9753337e+01   2.7053108e+03   2.5480340e+01   5.0708445e+01   3.3329445e+03   2.3005103e+01   6.6685814e+01  -3.4611619e-01   2.7379137e+02   1.0245131e+02   9.2467344e+01   3.2363276e+01   1.4714567e+01   1.9085040e+01   5.8363551e+00   1.6926874e+01   4.0570154e+00   3.2682422e+01   2.1540986e+01   1.3216743e+01   8.2945561e-01   1.5943669e+01   5.3863126e+00   6.6240162e+00   3.2906917e+00  -6.1973749e-03   5.8716910e-01   1.7563056e-01   5.3567947e+01   4.4125138e+01   6.2844754e+01   5.3187614e+01   2.6106095e+01   6.0647649e+01   2.6907008e+01   3.7204935e+01   4.6404755e+01   3.5878582e+01   1.2057298e+01
   2.6883244e-01   3.6604803e+03   4.4396337e+03   9.2756448e+00   3.2378925e+01   4.7664428e+01   2.7998241e+03   6.4525072e+01   1.2289463e+02   2.2318348e-01   9.2031523e+01   5.0393956e+01   2.7042678e+03   2.4933327e+01   5.1719667e+01   3.3315409e+03   2.2677947e+01   6.6733982e+01  -8.3731732e-01   2.7362231e+02   1.0245228e+02   9.2314228e+01   3.2185483e+01   1.4839568e+01   1.9310324e+01   5.8384397e+00   1.6336000e+01   4.0176246e+00   3.3271581e+01   2.1765361e+01   1.3427690e+01   9.9216297e-01   1.5982219e+01   5.3966883e+00   6.5525090e+00   3.2882074e+00  -6.1973749e-03   5.8716910e-01   1.7563056e-01   5.3567947e+01   4.4125138e+01   6.2873299e+01   5.3175687e+01   2.6565418e+01   6.0456470e+01   2.7156679e+01   3.7195361e+01   4.6421605e+01   3.5907356e+01   1.1359353e+01
   2.7824717e-01   3.6801542e+03   4.4554416e+03   9.3222994e+00   3.2489779e+01   4.7490444e+01   2.8001051e+03   6.4884661e+01   1.2292799e+02   2.1770569e-01   9.2197330e+01   4.9999285e+01   2.7047087e+03   2.5143145e+01   4.9232777e+01   3.3321018e+03   2.2763145e+01   6.6779262e+01   6.1356507e-01   2.7380584e+02   1.0244396e+02   9.2692378e+01   3.2584161e+01   1.4865631e+01   1.8899735e+01   6.0603548e+00   1.6418860e+01   4.0543524e+00   3.2743915e+01   2.1708194e+01   1.3493884e+01   9.4952484e-01   1.5775833e+01   5.3392125e+00   6.6878392e+00   3.1914783e+00  -6.1973749e-03   5.8716910e-01   1.7563056e-01   5.3567947e+01   4.4125138e+01   6.2895437e+01   5.3172351e+01   2.7236356e+01   6.0390356e+01   2.6932918e+01   3.7215899e+01   4.6434027e+01   3.5981412e+01   1.6326963e+01
   2.7375239e-01   3.6684114e+03   4.4189474e+03   9.2163468e+00   3.2834192e+01   4.7702057e+01   2.7987348e+03   6.4458197e+01   1.2290324e+02   2.1390177e-01   9.2092379e+01   5.0351735e+01   2.7032055e+03   2.5281663e+01   5.0569054e+01   3.3300908e+03   2.2966606e+01   6.6778486e+01  -3.6157519e-01   2.7389965e+02   1.0245144e+02   9.2693926e+01   3.2700817e+01   1.4726936e+01   1.9052607e+01   6.0192374e+00   1.6688926e+01   4.0563976e+00   3.2579341e+01   2.1626597e+01   1.3004813e+01   8.6193676e-01   1.6021589e+01   5.3699411e+00   6.7456241e+00   3.2454891e+00   2.3006370e-02   5.7481181e-01   1.8339475e-01   5.4141109e+01   4.4071418e+01   6.2875655e+01   5.3235544e+01   2.6865622e+01   6.0475930e+01   2.6239427e+01   3.7185138e+01   4.6462292e+01   3.6042463e+01   1.0957344e+01
   2.7447604e-01   3.6330063e+03   4.4162682e+03   9.2095018e+00   3.2142567e+01   4.7383969e+01   2.7983318e+03   6.5362825e+01   1.2289551e+02   2.0740186e-01   9.2079474e+01   5.1355582e+01   2.7024662e+03   2.5198318e+01   4.9569598e+01   3.3299259e+03   2.2944006e+01   6.6757894e+01  -4.2950269e-01   2.7344757e+02   1.0244885e+02   9.2412109e+01   3.2203880e+01   1.4811660e+01   1.8853318e+01   6.0243972e+00   1.6301892e+01   4.0485914e+00   3.2533686e+01   2.1608216e+01   1.3496810e+01   1.0265566e+00   1.5619089e+01   5.4036125e+00   6.7820268e+00   3.2780055e+00   2.3006370e-02   5.7481181e-01   1.8339475e-01   5.4141109e+01   4.4071418e+01   6.2825067e+01   5.3272007e+01   2.6763143e+01   6.0413998e+01   2.5436606e+01   3.7174719e+01   4.6445152e+01   3.5818141e+01   1.3639533e+01
   2.7168616e-01   3.6284208e+03   4.4894716e+03   9.2503440e+00   3.2346239e+01   4.7681011e+01   2.7983748e+03   6.4780881e+01   1.2290325e+02   2.0416619e-01   9.2029179e+01   5.0387401e+01   2.7030980e+03   2.5374332e+01   5.0063331e+01   3.3305308e+03   2.2950401e+01   6.6761335e+01  -2.3679353e+00   2.7345349e+02   1.0246417e+02   9.2491014e+01   3.2236249e+01   1.4651403e+01   1.8681679e+01   5.8308752e+00   1.6640508e+01   4.0845778e+00   3.2432403e+01   2.1549720e+01   1.3173979e+01   8.6347599e-01   1.5910565e+01   5.3770508e+00   6.7253864e+00   3.2837057e+00   1.4911970e-02   5.7331992e-01   1.8395310e-01   5.3822126e+01   4.4558223e+01   6.2818939e+01   5.3289655e+01   2.6808963e+01   6.0528523e+01   2.4834742e+01   3.7201082e+01   4.6450078e+01   3.5931245e+01   1.0958468e+01
   2.6828555e-01   3.6773614e+03   4.4361409e+03   9.1859680e+00   3.2455999e+01   4.7469391e+01   2.7999634e+03   6.5235397e+01   1.2289227e+02   2.0416738e-01   9.2106292e+01   4.9875415e+01   2.7038396e+03   2.5238150e+01   4.9861594e+01   3.3311881e+03   2.2909916e+01   6.6744665e+01   1.4819725e+00   2.7390566e+02   1.0246148e+02   9.2603084e+01   3.1816168e+01   1.4943827e+01   1.8539052e+01   6.0235512e+00   1.6204465e+01   4.0367684e+00   3.2754309e+01   2.1602135e+01   1.3248815e+01   9.0544359e-01   1.5711243e+01   5.3532215e+00   6.7464199e+00   3.2154626e+00   1.4911970e-02   5.7331992e-01   1.8395310e-01   5.3822126e+01   4.4558223e+01   6.2806871e+01   5.3250817e+01   2.6607654e+01   6.0577154e+01   2.4634002e+01   3.7198016e+01   4.6442927e+01   3.5998912e+01   8.8353830e+00
   2.7033765e-01   3.6633439e+03   4.4364457e+03   9.3433345e+00   3.2725518e+01   4.7493677e+01   2.8003751e+03   6.4561581e+01   1.2290105e+02   2.0344949e-01   9.2080887e+01   4.9034342e+01   2.7047975e+03   2.5253729e+01   5.0909428e+01   3.3324786e+03   2.2750048e+01   6.6702888e+01  -1.8712431e+00   2.7379856e+02   1.0245535e+02   9.2722725e+01   3.1932099e+01   1.4839204e+01   1.8876611e+01   6.0046556e+00   1.6794951e+01   4.0488206e+00   3.2820873e+01   2.1480497e+01   1.3232361e+01   8.8660042e-01   1.5837319e+01   5.3680064e+00   6.7225722e+00   3.2283076e+00   1.4911970e-02   5.7331992e-01   1.8395310e-01   5.3822126e+01   4.4558223e+01   6.2808032e+01   5.3212167e+01   2.6597365e+01   6.0672749e+01   2.4743446e+01   3.7155573e+01   4.6412842e+01   3.6039051e+01   1.5205196e+01
   2.7187712e-01   3.6425523e+03   4.4841886e+03   9.2550916e+00   3.2895107e+01   4.7745459e+01   2.8011137e+03   6.5002670e+01   1.2290920e+02   2.0653031e-01   9.2116482e+01   4.9755694e+01   2.7059184e+03   2.5082066e+01   5.0682393e+01   3.3332647e+03   2.2782827e+01   6.6728266e+01  -1.1804284e+00   2.7418732e+02   1.0242825e+02   9.2469564e+01   3.2402643e+01   1.4706447e+01   1.8881169e+01   5.9602160e+00   1.6683993e+01   4.0519971e+00   3.2832954e+01   2.1691263e+01   1.3403545e+01   8.9436269e-01   1.5882943e+01   5.3644818e+00   6.6083018e+00   3.3199257e+00   1.2620368e-03   5.6021441e-01   1.6527592e-01   5.3957757e+01   4.3225254e+01   6.2796738e+01   5.3208592e+01   2.6930276e+01   6.0581103e+01   2.5256052e+01   3.7161813e+01   4.6407992e+01   3.6033938e+01   9.1134601e+00
   2.7331246e-01   3.6685935e+03   4.4460222e+03   9.1455736e+00   3.2364051e+01   4.7628759e+01   2.8004360e+03   6.5031312e+01   1.2289591e+02   2.1097416e-01   9.2008065e+01   5.1260671e+01   2.7043452e+03   2.5413046e+01   5.0721109e+01   3.3322977e+03   2.2773897e+01   6.6719435e+01   1.5581938e+00   2.7383202e+02   1.0244875e+02   9.2472552e+01   3.2568169e+01   1.4816634e+01   1.8624206e+01   6.1141441e+00   1.6791343e+01   4.0160454e+00   3.3346909e+01   2.1721503e+01   1.3169836e+01   9.3097662e-01   1.6241680e+01   5.3878624e+00   6.7320518e+00   3.1977423e+00   1.2620368e-03   5.6021441e-01   1.6527592e-01   5.3957757e+01   4.3225254e+01   6.2776300e+01   5.3245494e+01   2.6798325e+01   6.0536414e+01   2.5748485e+01   3.7182779e+01   4.6388503e+01   3.5940953e+01   1.1650630e+01
   2.6649598e-01   3.6383783e+03   4.4788205e+03   9.1685730e+00   3.2390906e+01   4.7686548e+01   2.8002446e+03   6.4914468e+01   1.2289057e+02   2.1398274e-01   9.2018073e+01   4.9966064e+01   2.7043937e+03   2.5258510e+01   4.9184401e+01   3.3320334e+03   2.2810706e+01   6.6717736e+01   5.3149957e-01   2.7360080e+02   1.0248569e+02   9.2486651e+01   3.2039881e+01   1.4716643e+01   1.8913749e+01   6.0923353e+00   1.5929085e+01   4.0279162e+00   3.3403912e+01   2.1641439e+01   1.3707889e+01   8.0677265e-01   1.5602388e+01   5.3946086e+00   6.6485733e+00   3.2232806e+00   2.1201883e-02   5.7027233e-01   2.0988415e-01   5.3949477e+01   4.4296301e+01   6.2793243e+01   5.3243088e+01   2.6301049e+01   6.0605105e+01   2.6023159e+01   3.7179848e+01   4.6428984e+01   3.5998877e+01   1.0776287e+01
   2.7433445e-01   3.6314465e+03   4.4623766e+03   9.2742008e+00   3.2752659e+01   4.7652330e+01   2.8013762e+03   6.5824052e+01   1.2291287e+02   2.1493284e-01   9.2087886e+01   5.0000320e+01   2.7059002e+03   2.5179687e+01   5.0640818e+01   3.3329597e+03   2.2806135e+01   6.6687553e+01   4.3267994e-01   2.7336316e+02   1.0249294e+02   9.2589657e+01   3.2090120e+01   1.4710182e+01   1.8647036e+01   5.9030392e+00   1.6900717e+01   4.0374748e+00   3.3180234e+01   2.1612584e+01   1.3502817e+01   7.7684634e-01   1.5870931e+01   5.3739206e+00   6.7042223e+00   3.2551394e+00   2.1201883e-02   5.7027233e-01   2.0988415e-01   5.3949477e+01   4.4296301e+01   6.2791185e+01   5.3249671e+01   2.6718022e+01   6.0555695e+01   2.6373063e+01   3.7175362e+01   4.6407891e+01   3.6019438e+01   1.2460150e+01
   2.7153309e-01   3.6395964e+03   4.4178512e+03   9.2329291e+00   3.2455451e+01   4.7892118e+01   2.8019538e+03   6.4002099e+01   1.2291587e+02   2.2397128e-01   9.2106834e+01   4.9706494e+01   2.7069292e+03   2.5518414e+01   4.9293580e+01   3.3346530e+03   2.2978355e+01   6.6706819e+01  -5.8908883e-01   2.7333192e+02   1.0249987e+02   9.2549471e+01   3.2466082e+01   1.4764150e+01   1.8862162e+01   5.8539698e+00   1.6292919e+01   4.0825332e+00   3.2549771e+01   2.1515446e+01   1.3514552e+01   7.4519261e-01   1.5787062e+01   5.3720817e+00   6.6725709e+00   3.3381675e+00   2.1201883e-02   5.7027233e-01   2.0988415e-01   5.3949477e+01   4.4296301e+01   6.2799582e+01   5.3256963e+01   2.6601724e+01   6.0617164e+01   2.7384801e+01   3.7180031e+01   4.6412136e+01   3.5883148e+01   1.3351644e+01
   2.6985758e-01   3.6803644e+03   4.4816821e+03   9.2322515e+00   3.2495608e+01   4.7757654e+01   2.8038062e+03   6.5355748e+01   1.2289503e+02   2.3969781e-01   9.2185593e+01   5.0121809e+01   2.7081008e+03   2.5318984e+01   5.0706260e+01   3.3363950e+03   2.3036511e+01   6.6736587e+01  -1.6681553e+00   2.7381091e+02   1.0250686e+02   9.2545609e+01   3.2607302e+01   1.4728962e+01   1.8840657e+01   5.8748938e+00   1.6524296e+01   4.0359133e+00   3.2817220e+01   2.1755371e+01   1.3213377e+01   7.8771882e-01   1.6003803e+01   5.3880253e+00   6.6723443e+00   3.3104492e+00   1.1731281e-03   5.7351850e-01   1.7607947e-01   5.3945121e+01   4.3681300e+01   6.2800236e+01   5.3237254e+01   2.6521349e+01   6.0492833e+01   2.8942578e+01   3.7189041e+01   4.6389562e+01   3.5970172e+01   1.0663504e+01
   2.6770310e-01   3.6165241e+03   4.4233849e+03   9.2464390e+00   3.2424589e+01   4.7072914e+01   2.8034270e+03   6.4457332e+01   1.2289871e+02   2.4958528e-01   9.2187907e+01   4.8859704e+01   2.7086903e+03   2.5199903e+01   4.8983301e+01   3.3366321e+03   2.2869803e+01   6.6775003e+01  -2.1801414e+00   2.7350294e+02   1.0250751e+02   9.2478033e+01   3.2269117e+01   1.5012804e+01   1.8590742e+01   5.9830987e+00   1.6220238e+01   4.0398376e+00   3.2499479e+01   2.1767395e+01   1.3198007e+01   7.6939519e-01   1.6182458e+01   5.3738232e+00   6.6966476e+00   3.3193975e+00   1.1731281e-03   5.7351850e-01   1.7607947e-01   5.3945121e+01   4.3681300e+01   6.2785550e+01   5.3239694e+01   2.6342183e+01   6.0469986e+01   3.0598982e+01   3.7176999e+01   4.6385039e+01   3.5764061e+01   1.4273338e+01
   2.6671733e-01   3.6677557e+03   4.4711662e+03   9.2676735e+00   3.2943322e+01   4.7368143e+01   2.8045419e+03   6.5310399e+01   1.2289283e+02   2.6299535e-01   9.2200116e+01   5.0922175e+01   2.7089927e+03   2.5179159e+01   4.9346829e+01   3.3369977e+03   2.2875843e+01   6.6752264e+01   2.0057820e+00   2.7334269e+02   1.0253973e+02   9.2585127e+01   3.2232589e+01   1.4863411e+01   1.8540413e+01   5.9766395e+00   1.6609330e+01   4.0286685e+00   3.2555011e+01   2.1772527e+01   1.3081738e+01   8.5078101e-01   1.5879419e+01   5.3254185e+00   6.7294546e+00   3.3221995e+00  -8.6042712e-03   5.6214842e-01   1.9086565e-01   5.3652992e+01   4.4122275e+01   6.2794116e+01   5.3257101e+01   2.6165067e+01   6.0609892e+01   3.2068469e+01   3.7183334e+01   4.6423944e+01   3.5651258e+01   1.1831440e+01
   2.6287426e-01   3.6573930e+03   4.4613369e+03   9.1506659e+00   3.2797328e+01   4.7511984e+01   2.8041285e+03   6.4549929e+01   1.2288709e+02   2.7394751e-01   9.2089197e+01   5.0626592e+01   2.7081766e+03   2.4969243e+01   4.7359657e+01   3.3361851e+03   2.2880272e+01   6.6711637e+01  -1.3964514e+00   2.7318433e+02   1.0255327e+02   9.2496487e+01   3.1807820e+01   1.4992433e+01   1.8785641e+01   5.9831210e+00   1.6352773e+01   4.0520655e+00   3.2876698e+01   2.1998242e+01   1.3075202e+01   1.0118558e+00   1.5906662e+01   5.4159662e+00   6.6863726e+00   3.3033861e+00  -8.6042712e-03   5.6214842e-01   1.9086565e-01   5.3652992e+01   4.4122275e+01   6.2810811e+01   5.3224851e+01   2.5984083e+01   6.0607837e+01   3.3831151e+01   3.7134944e+01   4.6402958e+01   3.5831788e+01   1.0443552e+01
   2.6933614e-01   3.6257676e+03   4.4612987e+03   9.2902008e+00   3.2161861e+01   4.7805359e+01   2.8045385e+03   6.4759803e+01   1.2292374e+02   2.8967073e-01   9.2158783e+01   5.0086119e+01   2.7092355e+03   2.5155591e+01   4.8775333e+01   3.3370669e+03   2.2953785e+01   6.6722597e+01  -1.0334975e+00   2.7298650e+02   1.0253849e+02   9.2574373e+01   3.2512142e+01   1.5125142e+01   1.8654004e+01   6.0212589e+00   1.7016537e+01   4.0303495e+00   3.2582049e+01   2.2161102e+01   1.3160922e+01   9.5404078e-01   1.5815387e+01   5.4056616e+00   6.7220044e+00   3.1968415e+00  -8.6042712e-03   5.6214842e-01   1.9086565e-01   5.3652992e+01   4.4122275e+01   6.2853564e+01   5.3221739e+01   2.6478086e+01   6.0606145e+01   3.5650791e+01   3.7131501e+01   4.6415097e+01   3.5649783e+01   1.0179843e+01
   2.6504783e-01   3.6390639e+03   4.4587381e+03   9.1636434e+00   3.2652854e+01   4.7320423e+01   2.8041615e+03   6.4711006e+01   1.2290230e+02   3.0845816e-01   9.2212937e+01   5.0660043e+01   2.7089267e+03   2.5146277e+01   5.1676558e+01   3.3368019e+03   2.2710086e+01   6.6733893e+01  -2.3452914e-01   2.7316172e+02   1.0254408e+02   9.2809034e+01   3.2066538e+01   1.5253230e+01   1.8865069e+01   5.9057234e+00   1.6367282e+01   4.0338173e+00   3.2290582e+01   2.2175922e+01   1.3188975e+01   9.2537843e-01   1.6241675e+01   5.3382167e+00   6.7192055e+00   3.2479337e+00   8.9467132e-03   5.5629052e-01   1.7190813e-01   5.3896626e+01   4.4115494e+01   6.2843389e+01   5.3216552e+01   2.6092486e+01   6.0501547e+01   3.7474193e+01   3.7128517e+01   4.6382062e+01   3.5832545e+01   1.4039972e+01
   2.6970864e-01   3.6483917e+03   4.4449221e+03   9.2223445e+00   3.2280256e+01   4.7398580e+01   2.8039448e+03   6.4953973e+01   1.2288621e+02   3.1895966e-01   9.2273969e+01   4.9131196e+01   2.7084728e+03   2.5151127e+01   5.1015293e+01   3.3364410e+03   2.2870838e+01   6.6779827e+01   5.8728591e-01   2.7275273e+02   1.0258164e+02   9.2642329e+01   3.2096975e+01   1.5182690e+01   1.8758169e+01   5.7931900e+00   1.6423339e+01   4.0336319e+00   3.2788573e+01   2.1931197e+01   1.2805639e+01   9.3523610e-01   1.5651689e+01   5.3713982e+00   6.7354839e+00   3.3212152e+00   8.9467132e-03   5.5629052e-01   1.7190813e-01   5.3896626e+01   4.4115494e+01   6.2840546e+01   5.3252352e+01   2.6437727e+01   6.0555987e+01   3.9032740e+01   3.7134456e+01   4.6412850e+01   3.5718635e+01   9.4319861e+00
   2.7041151e-01   3.6702036e+03   4.4428248e+03   9.2728211e+00   3.2656732e+01   4.7459510e+01   2.8037978e+03   6.4755679e+01   1.2289933e+02   3.2984986e-01   9.2281782e+01   5.1319035e+01   2.7073574e+03   2.5227822e+01   4.9993200e+01   3.3358869e+03   2.2943968e+01   6.6801837e+01  -1.1391152e+00   2.7209276e+02   1.0256546e+02   9.2459079e+01   3.2094722e+01   1.5367935e+01   1.8377532e+01   5.9596065e+00   1.6378178e+01   3.9878462e+00   3.2533815e+01   2.2162688e+01   1.2920516e+01   1.0538600e+00   1.6599475e+01   5.3402305e+00   6.7422222e+00   3.2847795e+00  -1.0527770e-04   5.8132517e-01   1.9525806e-01   5.3966298e+01   4.4055189e+01   6.2814173e+01   5.3249661e+01   2.6477810e+01   6.0606193e+01   4.0453737e+01   3.7096930e+01   4.6400120e+01   3.5638133e+01   1.4356739e+01
   2.6644817e-01   3.6598931e+03   4.4480578e+03   9.2785631e+00   3.2524245e+01   4.7737859e+01   2.8042155e+03   6.4462276e+01   1.2288211e+02   3.4127705e-01   9.2291018e+01   4.7970930e+01   2.7080978e+03   2.5186691e+01   4.8021965e+01   3.3360335e+03   2.3030513e+01   6.6774850e+01  -4.3717165e-01   2.7217387e+02   1.0258605e+02   9.2460043e+01   3.1626329e+01   1.5235501e+01   1.8336244e+01   5.9322414e+00   1.7030908e+01   4.0563055e+00   3.2636928e+01   2.2205749e+01   1.3196067e+01   1.0260397e+00   1.6036003e+01   5.3585373e+00   6.7014346e+00   3.3453159e+00  -1.0527770e-04   5.8132517e-01   1.9525806e-01   5.3966298e+01   4.4055189e+01   6.2796293e+01   5.3228513e+01   2.6029840e+01   6.0700202e+01   4.1522853e+01   3.7047708e+01   4.6381917e+01   3.5753657e+01   9.3714085e+00
   2.6398742e-01   3.6317025e+03   4.3940273e+03   9.2280859e+00   3.2302543e+01   4.7479024e+01   2.8037165e+03   6.4424863e+01   1.2291210e+02   3.4756554e-01   9.2227764e+01   4.9098543e+01   2.7074061e+03   2.5113700e+01   5.1340959e+01   3.3358610e+03   2.2889044e+01   6.6758622e+01  -7.0432821e-01   2.7207487e+02   1.0260623e+02   9.2553647e+01   3.2225718e+01   1.5340305e+01   1.8889144e+01   5.8024515e+00   1.6649957e+01   4.0081325e+00   3.2257089e+01   2.2201748e+01   1.3305109e+01   9.4969162e-01   1.5830114e+01   5.3166505e+00   6.6685472e+00   3.2293817e+00  -1.0527770e-04   5.8132517e-01   1.9525806e-01   5.3966298e+01   4.4055189e+01   6.2778316e+01   5.3253584e+01   2.6035027e+01   6.0817822e+01   4.2669028e+01   3.7037944e+01   4.6361372e+01   3.5556650e+01   1.3547384e+01
   2.6636973e-01   3.6609756e+03   4.4083511e+03   9.3068178e+00   3.2502245e+01   4.7365560e+01   2.8029849e+03   6.4643026e+01   1.2290034e+02   3.5923163e-01   9.2320667e+01   4.9963470e+01   2.7073262e+03   2.4955957e+01   4.8269323e+01   3.3354501e+03   2.2801224e+01   6.6776605e+01   5.5165166e-01   2.7201545e+02   1.0259056e+02   9.2595859e+01   3.2040102e+01   1.5293918e+01   1.8414122e+01   6.0542371e+00   1.6716975e+01   3.9717507e+00   3.2366813e+01   2.2439569e+01   1.3414184e+01   9.0180271e-01   1.6111516e+01   5.3163268e+00   6.7688377e+00   3.3742011e+00   1.1144788e-03   5.5973886e-01   1.7285126e-01   5.4300098e+01   4.4635951e+01   6.2769934e+01   5.3276936e+01   2.6276297e+01   6.0574985e+01   4.3951649e+01   3.7024390e+01   4.6362050e+01   3.5616155e+01   1.1158902e+01
   2.6404653e-01   3.6487558e+03   4.4739198e+03   9.1822208e+00   3.2370508e+01   4.7098464e+01   2.8021050e+03   6.4150238e+01   1.2290012e+02   3.6321298e-01   9.2264274e+01   4.9726181e+01   2.7067292e+03   2.5177403e+01   4.7918317e+01   3.3343194e+03   2.3142154e+01   6.6754173e+01   2.0503706e+00   2.7183561e+02   1.0263079e+02   9.2684427e+01   3.2268835e+01   1.5459516e+01   1.8298623e+01   6.1127304e+00   1.6871770e+01   3.9604968e+00   3.2267300e+01   2.2436735e+01   1.2833380e+01   9.6068438e-01   1.5805598e+01   5.3004737e+00   6.8391563e+00   3.2959105e+00   1.1144788e-03   5.5973886e-01   1.7285126e-01   5.4300098e+01   4.4635951e+01   6.2753729e+01   5.3326856e+01   2.5970198e+01   6.0793015e+01   4.4587588e+01   3.7005801e+01   4.6365583e+01   3.5670931e+01   1.1055017e+01
   2.5728789e-01   3.6065302e+03   4.5181870e+03   9.3259024e+00   3.2058066e+01   4.7202920e+01   2.8027075e+03   6.5080072e+01   1.2289138e+02   3.6976712e-01   9.2379649e+01   4.9063546e+01   2.7067360e+03   2.4970010e+01   4.9103988e+01   3.3348860e+03   2.2827599e+01   6.6820620e+01   3.0142415e-01   2.7139281e+02   1.0259923e+02   9.2434987e+01   3.1731920e+01   1.5479801e+01   1.8792656e+01   5.7252803e+00   1.6543241e+01   3.9533853e+00   3.2287040e+01   2.2198073e+01   1.2916096e+01   1.0228991e+00   1.5727487e+01   5.2584256e+00   6.6472222e+00   3.2589601e+00   1.5425383e-02   5.5958249e-01   1.6300625e-01   5.3347468e+01   4.4560098e+01   6.2730537e+01   5.3360862e+01   2.5461515e+01   6.0815991e+01   4.5606683e+01   3.6964335e+01   4.6326125e+01   3.5609621e+01   1.3139231e+01
   2.6761828e-01   3.6393477e+03   4.4281435e+03   9.3328412e+00   3.2076096e+01   4.7532771e+01   2.8021889e+03   6.4038235e+01   1.2289975e+02   3.7640902e-01   9.2412072e+01   4.7799042e+01   2.7060560e+03   2.5132290e+01   4.7467275e+01   3.3345360e+03   2.3071386e+01   6.6809355e+01   8.8200932e-01   2.7138403e+02   1.0260672e+02   9.2543272e+01   3.1959970e+01   1.5331339e+01   1.8378770e+01   6.1787353e+00   1.6506247e+01   3.9325045e+00   3.1795500e+01   2.2436474e+01   1.2882217e+01   8.4366149e-01   1.6378418e+01   5.3084999e+00   6.8084486e+00   3.2713598e+00   1.5425383e-02   5.5958249e-01   1.6300625e-01   5.3347468e+01   4.4560098e+01   6.2822069e+01   5.3242543e+01   2.6130441e+01   6.0671200e+01   4.6149765e+01   3.6941951e+01   4.6300842e+01   3.5551631e+01   1.2839434e+01
   2.6260056e-01   3.6409640e+03   4.4418800e+03   9.3825269e+00   3.2120003e+01   4.7323250e+01   2.8022414e+03   6.4344099e+01   1.2289622e+02   3.7962199e-01   9.2456808e+01   4.7310992e+01   2.7061772e+03   2.5191296e+01   5.0400488e+01   3.3343616e+03   2.2898219e+01   6.6802210e+01  -2.8118490e+00   2.7150329e+02   1.0260441e+02   9.2633199e+01   3.1855841e+01   1.5414157e+01   1.8835046e+01   5.7992996e+00   1.6242073e+01   3.9468895e+00   3.1550559e+01   2.2490550e+01   1.2370263e+01   1.0969541e+00   1.6734635e+01   5.2449389e+00   6.7579801e+00   3.3936284e+00   1.5425383e-02   5.5958249e-01   1.6300625e-01   5.3347468e+01   4.4560098e+01   6.2881751e+01   5.3212051e+01   2.5841015e+01   6.0854429e+01   4.6512648e+01   3.6941645e+01   4.6311290e+01   3.5707206e+01   1.4738932e+01
   2.6792580e-01   3.6477826e+03   4.4646856e+03   9.2631069e+00   3.2278131e+01   4.7196067e+01   2.8010912e+03   6.4892525e+01   1.2290667e+02   3.7726659e-01   9.2502405e+01   4.6275085e+01   2.7058998e+03   2.4989315e+01   4.7416773e+01   3.3331797e+03   2.2773802e+01   6.6811963e+01  -6.2038486e-02   2.7110364e+02   1.0259482e+02   9.2765966e+01   3.1323694e+01   1.5399022e+01   1.8170592e+01   6.0272713e+00   1.6584283e+01   3.9299636e+00   3.1693865e+01   2.2360369e+01   1.2994983e+01   9.4575625e-01   1.6645398e+01   5.2393838e+00   6.7758553e+00   3.3244523e+00   2.0190261e-02   5.6628876e-01   1.9371953e-01   5.4119177e+01   4.2998990e+01   6.2873421e+01   5.3244000e+01   2.6297078e+01   6.0690520e+01   4.6441508e+01   3.6925755e+01   4.6303614e+01   3.5669209e+01   1.3184618e+01
   2.6549297e-01   3.6564364e+03   4.4460992e+03   9.1495544e+00   3.2460757e+01   4.7107433e+01   2.8002795e+03   6.4287424e+01   1.2289991e+02   3.7622853e-01   9.2336288e+01   4.8171916e+01   2.7051242e+03   2.5298926e+01   4.9012478e+01   3.3328268e+03   2.2943717e+01   6.6751358e+01   1.1991397e+00   2.7126047e+02   1.0258909e+02   9.2609981e+01   3.1379000e+01   1.5537993e+01   1.8899998e+01   5.8710811e+00   1.6743121e+01   3.9547612e+00   3.2375586e+01   2.2549858e+01   1.2979318e+01   7.5812701e-01   1.5905622e+01   5.2227502e+00   6.7894439e+00   3.2809530e+00   2.0190261e-02   5.6628876e-01   1.9371953e-01   5.4119177e+01   4.2998990e+01   6.2824658e+01   5.3317898e+01   2.6123660e+01   6.1003716e+01   4.6346207e+01   3.6909797e+01   4.6283053e+01   3.5673789e+01   1.1740137e+01
   2.7592833e-01   3.6134005e+03   4.4368317e+03   9.2735291e+00   3.2404810e+01   4.7216378e+01   2.8004958e+03   6.5014010e+01   1.2291411e+02   3.8007744e-01   9.2370596e+01   4.8680249e+01   2.7055469e+03   2.4989465e+01   4.8051385e+01   3.3331826e+03   2.2893257e+01   6.6748130e+01   5.5428774e-01   2.7102930e+02   1.0257255e+02   9.2467539e+01   3.1999628e+01   1.5377168e+01   1.8359412e+01   6.0015354e+00   1.7238992e+01   3.9372328e+00   3.1537150e+01   2.2530412e+01   1.2855000e+01   8.2584243e-01   1.6524653e+01   5.1941887e+00   6.7573841e+00   3.3551970e+00   1.9913055e-02   5.6670309e-01   1.8910705e-01   5.4992603e+01   4.3438541e+01   6.2817917e+01   5.3344385e+01   2.6903717e+01   6.0788067e+01   4.6744262e+01   3.6852200e+01   4.6288264e+01   3.5551541e+01   1.3191780e+01
   2.6649939e-01   3.6278385e+03   4.4773324e+03   9.1934483e+00   3.1790137e+01   4.7569657e+01   2.8011141e+03   6.5296510e+01   1.2290321e+02   3.7992157e-01   9.2342766e+01   5.0121128e+01   2.7050404e+03   2.5052302e+01   4.5745448e+01   3.3325976e+03   2.2842659e+01   6.6763611e+01   3.3376792e-01   2.7103026e+02   1.0260172e+02   9.2360755e+01   3.1829928e+01   1.5534946e+01   1.8802681e+01   6.1260936e+00   1.6632771e+01   3.8745417e+00   3.1964920e+01   2.2434541e+01   1.3111920e+01   1.0397024e+00   1.6510614e+01   5.2050805e+00   6.7943305e+00   3.2233304e+00   1.9913055e-02   5.6670309e-01   1.8910705e-01   5.4992603e+01   4.3438541e+01   6.2736921e+01   5.3463718e+01   2.6243018e+01   6.0783467e+01   4.6992734e+01   3.6839226e+01   4.6235209e+01   3.5534677e+01   1.0666289e+01
   2.6895110e-01   3.6317187e+03   4.4706765e+03   9.3041289e+00   3.1609325e+01   4.7425450e+01   2.7997726e+03   6.4305118e+01   1.2289281e+02   3.7546186e-01   9.2297014e+01   4.7925262e+01   2.7055904e+03   2.5150003e+01   4.5412996e+01   3.3329491e+03   2.2771892e+01   6.6692614e+01  -9.3429266e-01   2.7067098e+02   1.0262823e+02   9.2465104e+01   3.1993495e+01   1.5467145e+01   1.8683154e+01   6.0715283e+00   1.7134829e+01   3.8708781e+00   3.1349893e+01   2.2486122e+01   1.2681023e+01   8.3578744e-01   1.6446882e+01   5.1946971e+00   6.7212378e+00   3.2496875e+00   1.9913055e-02   5.6670309e-01   1.8910705e-01   5.4992603e+01   4.3438541e+01   6.2677066e+01   5.3548755e+01   2.6545600e+01   6.0806561e+01   4.6947374e+01   3.6866574e+01   4.6224825e+01   3.5548154e+01   1.1097476e+01
   2.6962596e-01   3.6344688e+03   4.5024962e+03   9.2459003e+00   3.2191458e+01   4.7471508e+01   2.8008208e+03   6.4577831e+01   1.2288883e+02   3.8105312e-01   9.2365149e+01   4.6623205e+01   2.7058329e+03   2.4851401e+01   4.5809144e+01   3.3342410e+03   2.2976476e+01   6.6707204e+01  -1.8162930e+00   2.7070617e+02   1.0260210e+02   9.2284561e+01   3.1665197e+01   1.5363740e+01   1.8666145e+01   6.0060219e+00   1.6486612e+01   3.9081938e+00   3.2229150e+01   2.2426135e+01   1.3247572e+01   9.6010462e-01   1.6470602e+01   5.2007752e+00   6.7628721e+00   3.3460322e+00   2.6622972e-02   5.6764281e-01   1.7797753e-01   5.3519277e+01   4.3870481e+01   6.2737911e+01   5.3469613e+01   2.6468131e+01   6.0858893e+01   4.7382438e+01   3.6844250e+01   4.6249644e+01   3.5534745e+01   1.3620645e+01
   2.7054537e-01   3.6325827e+03   4.4466964e+03   9.2518756e+00   3.2399639e+01   4.7177335e+01   2.8021399e+03   6.5926120e+01   1.2291136e+02   3.8737991e-01   9.2429482e+01   4.8570139e+01   2.7061971e+03   2.5060783e+01   4.6851532e+01   3.3343592e+03   2.3081839e+01   6.6694572e+01  -1.7757725e+00   2.7012856e+02   1.0256479e+02   9.2515619e+01   3.1571804e+01   1.5704392e+01   1.9154372e+01   6.0297883e+00   1.6929863e+01   3.9054091e+00   3.1920900e+01   2.2564046e+01   1.2800581e+01   1.0025497e+00   1.6566248e+01   5.1208626e+00   6.7974262e+00   3.2987584e+00   2.6622972e-02   5.6764281e-01   1.7797753e-01   5.3519277e+01   4.3870481e+01   6.2812388e+01   5.3360456e+01   2.6645851e+01   6.0838087e+01   4.7758703e+01   3.6831881e+01   4.6242283e+01   3.5702852e+01   1.0018430e+01
   2.8001281e-01   3.6553049e+03   4.4554402e+03   9.2286113e+00   3.2119996e+01   4.6890249e+01   2.7999581e+03   6.4824880e+01   1.2290665e+02   3.8664440e-01   9.2306887e+01   4.7699254e+01   2.7047653e+03   2.4999820e+01   4.6487086e+01   3.3324896e+03   2.2690730e+01   6.6678568e+01  -3.0963896e-01   2.7046113e+02   1.0259798e+02   9.2573464e+01   3.1342781e+01   1.5591146e+01   1.8518647e+01   6.1507608e+00   1.7336676e+01   3.8702773e+00   3.1771640e+01   2.2475464e+01   1.2869723e+01   9.5441930e-01   1.6307541e+01   5.1188646e+00   6.7362164e+00   3.2666822e+00  -1.3436833e-03   5.6860377e-01   1.7516319e-01   5.3746219e+01   4.3224762e+01   6.2867307e+01   5.3335571e+01   2.7437378e+01   6.0724841e+01   4.7850128e+01   3.6808138e+01   4.6217217e+01   3.5807588e+01   1.0616613e+01
   2.7859672e-01   3.6602329e+03   4.4735743e+03   9.3321053e+00   3.1901724e+01   4.7014579e+01   2.8000749e+03   6.4976900e+01   1.2288867e+02   3.8617541e-01   9.2222172e+01   4.6591978e+01   2.7042885e+03   2.4937316e+01   4.3976360e+01   3.3321831e+03   2.2886182e+01   6.6627340e+01   1.6545625e+00   2.6998793e+02   1.0260954e+02   9.2447852e+01   3.1311712e+01   1.5467310e+01   1.8802148e+01   6.1078767e+00   1.6784314e+01   3.8579006e+00   3.1812585e+01   2.2653808e+01   1.2988709e+01   9.7943393e-01   1.6773073e+01   5.1427442e+00   6.7716236e+00   3.2677811e+00  -1.3436833e-03   5.6860377e-01   1.7516319e-01   5.3746219e+01   4.3224762e+01   6.2904928e+01   5.3343585e+01   2.7324910e+01   6.0994845e+01   4.7734735e+01   3.6810216e+01   4.6206979e+01   3.5717952e+01   1.1053198e+01
   2.8141608e-01   3.6710893e+03   4.4447293e+03   9.3140299e+00   3.2011301e+01   4.7529804e+01   2.8004587e+03   6.4425711e+01   1.2288940e+02   3.8640048e-01   9.2226512e+01   4.9021607e+01   2.7047312e+03   2.4986790e+01   4.5614538e+01   3.3322967e+03   2.2970960e+01   6.6642975e+01  -1.0970538e+00   2.7013933e+02   1.0255135e+02   9.2195401e+01   3.1581293e+01   1.5499910e+01   1.8892691e+01   6.0641187e+00   1.7092650e+01   3.8433289e+00   3.1900257e+01   2.2696054e+01   1.3228020e+01   8.4267727e-01   1.6673488e+01   5.1035789e+00   6.8319224e+00   3.1701807e+00  -1.3436833e-03   5.6860377e-01   1.7516319e-01   5.3746219e+01   4.3224762e+01   6.2919054e+01   5.3384139e+01   2.7676097e+01   6.0890083e+01   4.7855674e+01   3.6801924e+01   4.6203680e+01   3.5675278e+01   1.0634617e+01
   2.8278246e-01   3.6333081e+03   4.4802219e+03   9.2516939e+00   3.1917626e+01   4.7385196e+01   2.8000471e+03   6.5155170e+01   1.2290547e+02   3.8497487e-01   9.2322818e+01   4.7365606e+01   2.7052194e+03   2.5019651e+01   4.4654197e+01   3.3327785e+03   2.2914074e+01   6.6656995e+01  -2.2305657e-01   2.7003949e+02   1.0257586e+02   9.2463811e+01   3.1348782e+01   1.5501414e+01   1.8988623e+01   5.9291729e+00   1.6547439e+01   3.8533729e+00   3.1801151e+01   2.2691365e+01   1.3179087e+01   9.2257177e-01   1.6627741e+01   5.0463458e+00   6.7317104e+00   3.2693029e+00   7.3039086e-03   5.8432050e-01   1.7434139e-01   5.4261473e+01   4.3879076e+01   6.2908672e+01   5.3446330e+01   2.7840771e+01   6.0830592e+01   4.7738700e+01   3.6811719e+01   4.6185404e+01   3.5938529e+01   1.2793568e+01
   2.8819862e-01   3.6452162e+03   4.4910718e+03   9.2152721e+00   3.1754671e+01   4.6992677e+01   2.7999684e+03   6.5508723e+01   1.2290578e+02   3.8271882e-01   9.2213248e+01   4.6496454e+01   2.7040807e+03   2.4941374e+01   4.5614977e+01   3.3321501e+03   2.2850779e+01   6.6613326e+01  -2.8014652e-03   2.7010195e+02   1.0256375e+02   9.2306500e+01   3.1546171e+01   1.5571991e+01   1.8856821e+01   6.0645515e+00   1.6816063e+01   3.8414643e+00   3.1633105e+01   2.2404940e+01   1.2832721e+01   8.5886141e-01   1.6556459e+01   5.0968900e+00   6.7595685e+00   3.2121434e+00   7.3039086e-03   5.8432050e-01   1.7434139e-01   5.4261473e+01   4.3879076e+01   6.2888003e+01   5.3472126e+01   2.8277738e+01   6.0818666e+01   4.7431992e+01   3.6810682e+01   4.6174766e+01   3.5668330e+01   1.2842885e+01
   2.8696472e-01   3.6478394e+03   4.4555708e+03   9.3645908e+00   3.2138511e+01   4.7645250e+01   2.8005924e+03   6.5870709e+01   1.2289023e+02   3.8076954e-01   9.2249679e+01   4.7281701e+01   2.7046984e+03   2.5030425e+01   4.4841827e+01   3.3326588e+03   2.2961212e+01   6.6600734e+01  -1.4820204e+00   2.6982040e+02   1.0255970e+02   9.2075589e+01   3.1193089e+01   1.5637412e+01   1.8718303e+01   6.1738774e+00   1.6981417e+01   3.8107416e+00   3.1885529e+01   2.2604131e+01   1.3035575e+01   8.3919925e-01   1.6584834e+01   5.0096958e+00   6.7338470e+00   3.2265902e+00   4.3171968e-03   5.6905258e-01   1.7717538e-01   5.4858305e+01   4.3963079e+01   6.2879807e+01   5.3519790e+01   2.8273619e+01   6.0835771e+01   4.7454447e+01   3.6843765e+01   4.6162285e+01   3.5797279e+01   1.3184124e+01
   2.8960654e-01   3.6710018e+03   4.5086625e+03   9.3166791e+00   3.2235809e+01   4.7228080e+01   2.8005377e+03   6.5653619e+01   1.2289770e+02   3.8703919e-01   9.2128587e+01   4.5930276e+01   2.7048047e+03   2.4756729e+01   4.4616686e+01   3.3324961e+03   2.2872021e+01   6.6590056e+01   5.9682926e-02   2.7006938e+02   1.0258378e+02   9.2305301e+01   3.1505108e+01   1.5458744e+01   1.9011229e+01   6.1290302e+00   1.6813224e+01   3.7528816e+00   3.1839998e+01   2.2680661e+01   1.3417685e+01   7.9279671e-01   1.6429260e+01   5.0026159e+00   6.7147548e+00   3.2233947e+00   4.3171968e-03   5.6905258e-01   1.7717538e-01   5.4858305e+01   4.3963079e+01   6.2829809e+01   5.3640372e+01   2.8430487e+01   6.1050172e+01   4.7591276e+01   3.6867653e+01   4.6191091e+01   3.5739419e+01   1.0798472e+01
   2.8949999e-01   3.6547873e+03   4.5131073e+03   9.3047272e+00   3.2056453e+01   4.7462452e+01   2.8005507e+03   6.5478116e+01   1.2289105e+02   3.8472070e-01   9.2172753e+01   4.7602832e+01   2.7053192e+03   2.5050013e+01   4.4884294e+01   3.3340308e+03   2.2878173e+01   6.6561246e+01  -1.7847615e+00   2.7017542e+02   1.0256171e+02   9.2364060e+01   3.1341630e+01   1.5524196e+01   1.8764406e+01   5.9177748e+00   1.6704947e+01   3.7592268e+00   3.1605643e+01   2.2643759e+01   1.2958632e+01   9.1429081e-01   1.6923258e+01   5.0434909e+00   6.7204241e+00   3.3289492e+00   4.3171968e-03   5.6905258e-01   1.7717538e-01   5.4858305e+01   4.3963079e+01   6.2793990e+01   5.3715243e+01   2.8699123e+01   6.0849551e+01   4.8051377e+01   3.6837598e+01   4.6179594e+01   3.5689576e+01   1.4158146e+01
   2.9159041e-01   3.6774608e+03   4.4899317e+03   9.3354860e+00   3.1765849e+01   4.7470440e+01   2.8009092e+03   6.4881091e+01   1.2290924e+02   3.9380221e-01   9.2164781e+01   4.8397743e+01   2.7053413e+03   2.4971442e+01   4.2181104e+01   3.3340632e+03   2.2751890e+01   6.6543508e+01   8.4499470e-01   2.7008389e+02   1.0257761e+02   9.2385223e+01   3.1341142e+01   1.5810405e+01   1.8633414e+01   5.9375464e+00   1.7312610e+01   3.7106240e+00   3.1517150e+01   2.2468907e+01   1.2946236e+01   1.0328232e+00   1.6617039e+01   5.0207789e+00   6.8294976e+00   3.2777905e+00   7.0908391e-03   5.6548439e-01   1.7291137e-01   5.3404255e+01   4.4240444e+01   6.2841166e+01   5.3621208e+01   2.8733368e+01   6.0909496e+01   4.8452768e+01   3.6836265e+01   4.6139770e+01   3.5799563e+01   1.6609170e+01
   2.9052064e-01   3.6316560e+03   4.4924914e+03   9.2534821e+00   3.2252739e+01   4.7375914e+01   2.8012247e+03   6.5097213e+01   1.2289990e+02   3.9697171e-01   9.2168615e+01   4.7930306e+01   2.7058370e+03   2.5095951e+01   4.2836315e+01   3.3337204e+03   2.2678782e+01   6.6526853e+01  -1.5717641e+00   2.6991292e+02   1.0254043e+02   9.2083729e+01   3.1365973e+01   1.5429342e+01   1.8864173e+01   6.0460851e+00   1.7028888e+01   3.7630344e+00   3.1761963e+01   2.2836573e+01   1.2783681e+01   9.6627586e-01   1.6583837e+01   4.9965295e+00   6.7933879e+00   3.3202608e+00   7.0908391e-03   5.6548439e-01   1.7291137e-01   5.3404255e+01   4.4240444e+01   6.2934000e+01   5.3493959e+01   2.8642972e+01   6.1033579e+01   4.8976068e+01   3.6851428e+01   4.6114137e+01   3.5763764e+01   1.1774493e+01
   2.9191018e-01   3.6345010e+03   4.4380610e+03   9.3091899e+00   3.1846049e+01   4.7557211e+01   2.8004318e+03   6.5439394e+01   1.2289302e+02   3.9975590e-01   9.2080294e+01   4.6821109e+01   2.7045589e+03   2.4851245e+01   4.2985071e+01   3.3328573e+03   2.2818376e+01   6.6474312e+01  -8.3432531e-01   2.7026228e+02   1.0255173e+02   9.2473347e+01   3.0984356e+01   1.5578506e+01   1.9437561e+01   6.0223236e+00   1.7143114e+01   3.7760293e+00   3.1439470e+01   2.2592769e+01   1.3036125e+01   8.9048137e-01   1.6982299e+01   5.0038893e+00   6.7164060e+00   3.2330252e+00   7.0137546e-03   5.5849593e-01   1.7534482e-01   5.4435620e+01   4.3515004e+01   6.3004014e+01   5.3472417e+01   2.8909559e+01   6.1032275e+01   4.9131200e+01   3.6890923e+01   4.6120189e+01   3.5679098e+01   1.3301141e+01
   3.0493738e-01   3.6732409e+03   4.4921268e+03   9.2471223e+00   3.1859506e+01   4.7263401e+01   2.7992337e+03   6.5454007e+01   1.2290765e+02   3.9523793e-01   9.2081515e+01   4.8246801e+01   2.7038356e+03   2.5095567e+01   4.2636987e+01   3.3317720e+03   2.2540002e+01   6.6487456e+01  -8.6607647e-01   2.7026692e+02   1.0256246e+02   9.2399686e+01   3.1613359e+01   1.5472033e+01   1.8996943e+01   6.1077863e+00   1.6716787e+01   3.7065901e+00   3.1253749e+01   2.2648306e+01   1.3278406e+01   8.8798480e-01   1.6668393e+01   4.9368320e+00   6.7372438e+00   3.2648217e+00   7.0137546e-03   5.5849593e-01   1.7534482e-01   5.4435620e+01   4.3515004e+01   6.2954765e+01   5.3621832e+01   3.0121279e+01   6.0807575e+01   4.9018653e+01   3.6876777e+01   4.6131968e+01   3.5826945e+01   1.5261555e+01
   3.0320593e-01   3.6525437e+03   4.5063004e+03   9.2949857e+00   3.1812382e+01   4.7271956e+01   2.8000419e+03   6.4023761e+01   1.2288615e+02   3.9423618e-01   9.2117852e+01   4.8292445e+01   2.7039944e+03   2.4910365e+01   4.0696844e+01   3.3319561e+03   2.2893980e+01   6.6516841e+01   1.3425257e+00   2.6973209e+02   1.0256194e+02   9.2213980e+01   3.1511103e+01   1.5516616e+01   1.8379093e+01   6.2255459e+00   1.7053224e+01   3.7008565e+00   3.1753840e+01   2.2631494e+01   1.3346901e+01   9.3171856e-01   1.6682538e+01   4.8803629e+00   6.7088600e+00   3.2520950e+00   7.0137546e-03   5.5849593e-01   1.7534482e-01   5.4435620e+01   4.3515004e+01   6.2919458e+01   5.3686742e+01   2.9911197e+01   6.0870695e+01   4.8763888e+01   3.6858943e+01   4.6145725e+01   3.5818992e+01   1.0786508e+01
   2.9603770e-01   3.6506927e+03   4.4944740e+03   9.3977908e+00   3.2075889e+01   4.7459467e+01   2.7998846e+03   6.5817429e+01   1.2289905e+02   3.8885953e-01   9.2094110e+01   5.0146488e+01   2.7042243e+03   2.5166449e+01   4.1914794e+01   3.3333472e+03   2.3135370e+01   6.6484458e+01  -4.4002459e-02   2.7027913e+02   1.0254118e+02   9.2139929e+01   3.1610385e+01   1.5492187e+01   1.8719485e+01   6.1475583e+00   1.6573148e+01   3.7255862e+00   3.1578253e+01   2.2633176e+01   1.3125825e+01   8.4068837e-01   1.6801339e+01   4.8982689e+00   6.8254666e+00   3.1172129e+00  -4.8220603e-03   5.7722232e-01   1.6629881e-01   5.4551039e+01   4.2858445e+01   6.2899924e+01   5.3710871e+01   2.9160320e+01   6.1145649e+01   4.8503351e+01   3.6882274e+01   4.6117642e+01   3.5745780e+01   1.0233425e+01
   2.9454908e-01   3.6503472e+03   4.4935265e+03   9.3070466e+00   3.2357812e+01   4.7323167e+01   2.8008528e+03   6.4749997e+01   1.2291358e+02   3.9289015e-01   9.2167294e+01   4.9166043e+01   2.7045828e+03   2.5046697e+01   4.2435243e+01   3.3339574e+03   2.2869270e+01   6.6461899e+01  -4.9205289e-01   2.6996538e+02   1.0253146e+02   9.2407751e+01   3.1459958e+01   1.5352690e+01   1.8677544e+01   6.2229076e+00   1.6917697e+01   3.6997267e+00   3.1662748e+01   2.2724085e+01   1.3307361e+01   9.9012274e-01   1.6557340e+01   4.8936755e+00   6.7112297e+00   3.2730612e+00  -4.8220603e-03   5.7722232e-01   1.6629881e-01   5.4551039e+01   4.2858445e+01   6.2890884e+01   5.3754080e+01   2.9108492e+01   6.1068631e+01   4.8554790e+01   3.6920745e+01   4.6122834e+01   3.5819062e+01   9.6882724e+00
   2.9764078e-01   3.6432325e+03   4.5034284e+03   9.3369284e+00   3.2054177e+01   4.7208418e+01   2.7998383e+03   6.4647518e+01   1.2289981e+02   3.9542893e-01   9.2068628e+01   4.9469572e+01   2.7049214e+03   2.4999934e+01   4.3860487e+01   3.3331836e+03   2.2636194e+01   6.6493807e+01  -7.3234218e-01   2.7051822e+02   1.0254334e+02   9.2373335e+01   3.1317356e+01   1.5579028e+01   1.8933951e+01   5.9328275e+00   1.7247016e+01   3.6641487e+00   3.1238471e+01   2.2591414e+01   1.3076316e+01   9.7268575e-01   1.6864013e+01   4.9213547e+00   6.6741716e+00   3.3296927e+00   2.0561212e-02   5.9964961e-01   1.6654567e-01   5.3234317e+01   4.3653056e+01   6.2900740e+01   5.3789363e+01   2.9174406e+01   6.1092451e+01   4.8981834e+01   3.6956306e+01   4.6118388e+01   3.5819827e+01   1.0418431e+01
   3.0110223e-01   3.6614007e+03   4.4846443e+03   9.3770100e+00   3.2196491e+01   4.7473792e+01   2.8002732e+03   6.4471770e+01   1.2288054e+02   3.9676822e-01   9.2016079e+01   4.8975028e+01   2.7047268e+03   2.4950240e+01   4.4337483e+01   3.3323695e+03   2.2689187e+01   6.6479613e+01  -9.0100701e-01   2.7046718e+02   1.0252487e+02   9.2379430e+01   3.1457416e+01   1.5515654e+01   1.8545658e+01   5.9809813e+00   1.7482006e+01   3.6880352e+00   3.1495485e+01   2.2555267e+01   1.3293565e+01   6.1053437e-01   1.6431603e+01   4.8587157e+00   6.6971182e+00   3.2872069e+00   2.0561212e-02   5.9964961e-01   1.6654567e-01   5.3234317e+01   4.3653056e+01   6.3019454e+01   5.3617241e+01   2.9674334e+01   6.1026953e+01   4.9220694e+01   3.6941411e+01   4.6099588e+01   3.5850404e+01   1.2023458e+01
   2.9854510e-01   3.6679889e+03   4.4422086e+03   9.3707666e+00   3.2342653e+01   4.7451231e+01   2.8001572e+03   6.4778780e+01   1.2290750e+02   3.9815014e-01   9.2048106e+01   4.7414887e+01   2.7041587e+03   2.5181397e+01   4.1835639e+01   3.3327876e+03   2.2784625e+01   6.6473203e+01  -7.5917710e-01   2.7020349e+02   1.0250716e+02   9.2250313e+01   3.1707230e+01   1.5504410e+01   1.8779141e+01   6.1436518e+00   1.6885434e+01   3.5964149e+00   3.1745971e+01   2.2624904e+01   1.2899149e+01   9.9105514e-01   1.6392627e+01   4.8596450e+00   6.6156544e+00   3.2438303e+00   2.0561212e-02   5.9964961e-01   1.6654567e-01   5.3234317e+01   4.3653056e+01   6.3098889e+01   5.3555948e+01   2.9434647e+01   6.1146101e+01   4.9222961e+01   3.6942872e+01   4.6112517e+01   3.5861707e+01   1.2135621e+01
   2.9745725e-01   3.6712634e+03   4.4739870e+03   9.3623964e+00   3.1898864e+01   4.6957528e+01   2.7988213e+03   6.4904017e+01   1.2290458e+02   3.9507003e-01   9.2046262e+01   4.9935959e+01   2.7039855e+03   2.5173348e+01   4.3407489e+01   3.3316220e+03   2.2891240e+01   6.6473102e+01   8.5685281e-01   2.7003950e+02   1.0251841e+02   9.2210813e+01   3.1638588e+01   1.5518084e+01   1.8595519e+01   6.0733743e+00   1.6914756e+01   3.6673352e+00   3.1440473e+01   2.2864980e+01   1.2879803e+01   1.0614935e+00   1.6775648e+01   4.8690819e+00   6.6526028e+00   3.2472330e+00   4.4190951e-03   5.9314054e-01   1.7023147e-01   5.4063895e+01   4.3574255e+01   6.3130642e+01   5.3622640e+01   2.9437156e+01   6.1115614e+01   4.8939549e+01   3.6966162e+01   4.6116675e+01   3.5840752e+01   1.2339074e+01
   2.9946606e-01   3.6620671e+03   4.4980693e+03   9.3599400e+00   3.1936435e+01   4.7452825e+01   2.8005923e+03   6.5515504e+01   1.2290830e+02   3.9442270e-01   9.2129621e+01   4.8889813e+01   2.7048915e+03   2.5189101e+01   4.1397914e+01   3.3329573e+03   2.2720985e+01   6.6479772e+01   6.0462922e-01   2.7013308e+02   1.0249325e+02   9.2429494e+01   3.1140503e+01   1.5429899e+01   1.8675397e+01   6.2145175e+00   1.6936436e+01   3.5804193e+00   3.1287694e+01   2.2991418e+01   1.3485313e+01   8.1999608e-01   1.6814686e+01   4.8116258e+00   6.7070256e+00   3.2490138e+00   4.4190951e-03   5.9314054e-01   1.7023147e-01   5.4063895e+01   4.3574255e+01   6.3096646e+01   5.3697789e+01   2.9297225e+01   6.1162158e+01   4.8662698e+01   3.6977227e+01   4.6118761e+01   3.5965932e+01   1.2701543e+01
   3.0418016e-01   3.6748841e+03   4.4695662e+03   9.2936344e+00   3.2370151e+01   4.7672746e+01   2.7996680e+03   6.4601430e+01   1.2291286e+02   3.9524938e-01   9.2029686e+01   4.8848221e+01   2.7041313e+03   2.5068197e+01   4.2400749e+01   3.3314555e+03   2.2704446e+01   6.6463200e+01   1.3704344e+00   2.7052555e+02   1.0250243e+02   9.2367562e+01   3.1279860e+01   1.5441323e+01   1.9113541e+01   5.9227225e+00   1.7243985e+01   3.6456738e+00   3.1535243e+01   2.2874381e+01   1.2998491e+01   8.7578138e-01   1.7015655e+01   4.8090861e+00   6.7033057e+00   3.2205294e+00   1.5592684e-02   5.8124802e-01   1.7527657e-01   5.4265469e+01   4.3624161e+01   6.3078712e+01   5.3717533e+01   2.9699261e+01   6.1175970e+01   4.8551566e+01   3.6933386e+01   4.6079739e+01   3.5915880e+01   1.0563133e+01
   3.0800952e-01   3.6327139e+03   4.5111459e+03   9.2603439e+00   3.1809551e+01   4.7576945e+01   2.7994052e+03   6.5864305e+01   1.2287404e+02   3.9186153e-01   9.2003493e+01   4.8659363e+01   2.7040774e+03   2.4751721e+01   4.3329325e+01   3.3319923e+03   2.2896530e+01   6.6470850e+01   8.6968940e-01   2.7027561e+02   1.0246320e+02   9.2175732e+01   3.1409453e+01   1.5712150e+01   1.8880964e+01   6.0767853e+00   1.7242032e+01   3.5611766e+00   3.1171137e+01   2.2726152e+01   1.3293570e+01   9.0994435e-01   1.6853840e+01   4.7750195e+00   6.6525629e+00   3.2605521e+00   1.5592684e-02   5.8124802e-01   1.7527657e-01   5.4265469e+01   4.3624161e+01   6.3059947e+01   5.3784197e+01   3.0424477e+01   6.1103713e+01   4.8625749e+01   3.6979829e+01   4.6137657e+01   3.5918346e+01   1.0647483e+01
   3.0840588e-01   3.6808822e+03   4.5010631e+03   9.3427308e+00   3.2117322e+01   4.6973960e+01   2.7999677e+03   6.5830104e+01   1.2288388e+02   3.9417420e-01   9.2067596e+01   4.8467986e+01   2.7046592e+03   2.5167895e+01   4.0921456e+01   3.3327161e+03   2.2663847e+01   6.6486647e+01  -3.1425508e-01   2.7073080e+02   1.0247271e+02   9.2356213e+01   3.1612843e+01   1.5520040e+01   1.9242787e+01   6.0393079e+00   1.7064794e+01   3.5740470e+00   3.1544543e+01   2.2601446e+01   1.3300631e+01   1.0440120e+00   1.6411556e+01   4.7832669e+00   6.6669975e+00   3.2725337e+00   1.5592684e-02   5.8124802e-01   1.7527657e-01   5.4265469e+01   4.3624161e+01   6.3041218e+01   5.3796518e+01   3.0528656e+01   6.1077592e+01   4.8572143e+01   3.6991018e+01   4.6113574e+01   3.5919803e+01   1.0141459e+01
   3.1634660e-01   3.6845594e+03   4.4541347e+03   9.3162799e+00   3.2004929e+01   4.7624873e+01   2.7990028e+03   6.4571870e+01   1.2289781e+02   3.9271771e-01   9.2076994e+01   4.8176356e+01   2.7045893e+03   2.5126339e+01   4.0669458e+01   3.3323263e+03   2.2815332e+01   6.6496826e+01   1.5111441e+00   2.7068251e+02   1.0248461e+02   9.2340694e+01   3.1429975e+01   1.5662414e+01   1.9013587e+01   5.9653889e+00   1.7065316e+01   3.5518427e+00   3.1536197e+01   2.3088483e+01   1.3570709e+01   9.3029093e-01   1.6638657e+01   4.7634053e+00   6.6747994e+00   3.2255667e+00   8.7646560e-03   5.9806008e-01   1.8749090e-01   5.3523056e+01   4.3621069e+01   6.3092644e+01   5.3764609e+01   3.0941226e+01   6.0967624e+01   4.8493182e+01   3.6974545e+01   4.6103727e+01   3.5868653e+01   1.3622421e+01
   3.1663957e-01   3.6926456e+03   4.4816114e+03   9.3223992e+00   3.1963785e+01   4.7710851e+01   2.7982178e+03   6.5177979e+01   1.2289943e+02   3.8800426e-01   9.1967959e+01   4.8266613e+01   2.7031082e+03   2.5325533e+01   4.2663205e+01   3.3310641e+03   2.2876662e+01   6.6495915e+01   4.7832816e-01   2.7073537e+02   1.0251907e+02   9.2093006e+01   3.1358872e+01   1.5459752e+01   1.8916478e+01   5.9572911e+00   1.7162362e+01   3.5483264e+00   3.1527964e+01   2.2697708e+01   1.2553261e+01   8.9931257e-01   1.6532531e+01   4.7328085e+00   6.7571178e+00   3.2471857e+00   8.7646560e-03   5.9806008e-01   1.8749090e-01   5.3523056e+01   4.3621069e+01   6.3150891e+01   5.3714785e+01   3.1112655e+01   6.1074108e+01   4.8140743e+01   3.6997231e+01   4.6133695e+01   3.5929614e+01   1.2358831e+01
   3.1662425e-01   3.6681462e+03   4.4698849e+03   9.3037048e+00   3.2237268e+01   4.7323225e+01   2.7994343e+03   6.5458725e+01   1.2291321e+02   3.8589669e-01   9.1997918e+01   4.7695212e+01   2.7034971e+03   2.5148767e+01   4.1130747e+01   3.3319957e+03   2.2940299e+01   6.6476408e+01   2.6198738e+00   2.7067771e+02   1.0245856e+02   9.2148895e+01   3.1599855e+01   1.5414071e+01   1.8884715e+01   6.0238365e+00   1.6896543e+01   3.5159583e+00   3.1945083e+01   2.2805434e+01   1.3748313e+01   8.7127262e-01   1.6376647e+01   4.7566314e+00   6.6542375e+00   3.2280740e+00   1.3651184e-02   5.8021888e-01   1.7711040e-01   5.3725434e+01   4.4443550e+01   6.3182203e+01   5.3690897e+01   3.1210286e+01   6.1142124e+01   4.7746995e+01   3.7021870e+01   4.6130480e+01   3.6098312e+01   9.9043762e+00
   3.1615125e-01   3.6679705e+03   4.4974728e+03   9.3446805e+00   3.2206203e+01   4.7404760e+01   2.7985315e+03   6.4720289e+01   1.2289318e+02   3.8804096e-01   9.1903578e+01   4.9791695e+01   2.7030700e+03   2.5107523e+01   4.2965700e+01   3.3309959e+03   2.2555663e+01   6.6488310e+01   5.4453648e-01   2.7075962e+02   1.0247628e+02   9.2213936e+01   3.2137775e+01   1.5560317e+01   1.8705650e+01   6.1591554e+00   1.7145673e+01   3.5435507e+00   3.1739372e+01   2.2750477e+01   1.3443411e+01   7.8154701e-01   1.6941967e+01   4.7223175e+00   6.6683451e+00   3.2765628e+00   1.3651184e-02   5.8021888e-01   1.7711040e-01   5.3725434e+01   4.4443550e+01   6.3177029e+01   5.3699919e+01   3.1113152e+01   6.1077494e+01   4.7506779e+01   3.6991711e+01   4.6110595e+01   3.6007881e+01   1.1925880e+01
   3.1066438e-01   3.6854709e+03   4.5241201e+03   9.3847421e+00   3.2297162e+01   4.7563172e+01   2.7993060e+03   6.4564926e+01   1.2290703e+02   3.8616244e-01   9.2013456e+01   4.9790778e+01   2.7038745e+03   2.5283043e+01   4.2558049e+01   3.3319138e+03   2.2651968e+01   6.6496843e+01  -5.0617779e-01   2.7086213e+02   1.0244836e+02   9.2295531e+01   3.1464802e+01   1.5599264e+01   1.9059719e+01   6.2148185e+00   1.7413737e+01   3.4740765e+00   3.1712401e+01   2.2772990e+01   1.3163026e+01   6.7244256e-01   1.6775031e+01   4.7756541e+00   6.7500936e+00   3.2426145e+00   1.3651184e-02   5.8021888e-01   1.7711040e-01   5.3725434e+01   4.4443550e+01   6.3188947e+01   5.3730344e+01   3.0499786e+01   6.1162824e+01   4.7259482e+01   3.7014764e+01   4.6130410e+01   3.6056511e+01   1.2581572e+01
   3.1491854e-01   3.6669814e+03   4.4567748e+03   9.2835659e+00   3.2099914e+01   4.7500000e+01   2.8000173e+03   6.5211997e+01   1.2289381e+02   3.7711031e-01   9.2072312e+01   4.9479765e+01   2.7043568e+03   2.5101081e+01   4.3513329e+01   3.3323016e+03   2.2987828e+01   6.6497148e+01  -1.0944462e+00   2.7125278e+02   1.0244828e+02   9.2500568e+01   3.1764463e+01   1.5614605e+01   1.8880449e+01   6.1455579e+00   1.7171287e+01   3.5264748e+00   3.1889704e+01   2.2845076e+01   1.3482231e+01   1.1289864e+00   1.7025737e+01   4.7338510e+00   6.7190371e+00   3.1881779e+00   1.2505043e-02   5.7974355e-01   1.7775352e-01   5.3795040e+01   4.3711304e+01   6.3204027e+01   5.3718545e+01   3.1097640e+01   6.1091223e+01   4.6884083e+01   3.6995160e+01   4.6131669e+01   3.6156411e+01   1.3572935e+01
   3.1504882e-01   3.6561982e+03   4.4768546e+03   9.3088802e+00   3.2261639e+01   4.7264822e+01   2.7988152e+03   6.4917078e+01   1.2290944e+02   3.7643095e-01   9.1972807e+01   4.8446653e+01   2.7037340e+03   2.5178612e+01   4.3291979e+01   3.3312966e+03   2.2680868e+01   6.6518950e+01   1.0504709e+00   2.7064320e+02   1.0245080e+02   9.2198136e+01   3.1418393e+01   1.5612785e+01   1.8887318e+01   5.9165443e+00   1.7093080e+01   3.5361402e+00   3.1860503e+01   2.2655702e+01   1.3409576e+01   8.6018267e-01   1.7145603e+01   4.7263870e+00   6.7245833e+00   3.2793740e+00   1.2505043e-02   5.7974355e-01   1.7775352e-01   5.3795040e+01   4.3711304e+01   6.3193707e+01   5.3726119e+01   3.1055900e+01   6.1118437e+01   4.6791676e+01   3.7020342e+01   4.6123985e+01   3.6035001e+01   9.5680023e+00
   3.1856646e-01   3.6838242e+03   4.4581435e+03   9.2287621e+00   3.2413711e+01   4.7535103e+01   2.7994755e+03   6.4696480e+01   1.2290920e+02   3.8348111e-01   9.1989319e+01   4.8925779e+01   2.7040584e+03   2.5372052e+01   4.2887940e+01   3.3322403e+03   2.2765279e+01   6.6551935e+01  -3.2750479e+00   2.7095979e+02   1.0242917e+02   9.2175988e+01   3.1411024e+01   1.5550350e+01   1.8687856e+01   6.1162425e+00   1.7174087e+01   3.4577007e+00   3.1603930e+01   2.2920334e+01   1.2984257e+01   8.4812537e-01   1.6532364e+01   4.6632320e+00   6.7333354e+00   3.3196535e+00  -1.8986022e-02   5.9315241e-01   1.6259983e-01   5.2745157e+01   4.3225712e+01   6.3200142e+01   5.3761302e+01   3.1337107e+01   6.1096818e+01   4.6865679e+01   3.6994470e+01   4.6103771e+01   3.5981931e+01   1.2650763e+01
   3.1875350e-01   3.7022772e+03   4.5005835e+03   9.3212526e+00   3.2443250e+01   4.7478633e+01   2.8004100e+03   6.4595823e+01   1.2291231e+02   3.8173359e-01   9.2026822e+01   4.8095260e+01   2.7047614e+03   2.5228728e+01   4.2776322e+01   3.3325633e+03   2.2812018e+01   6.6504287e+01   5.7737061e-02   2.7117023e+02   1.0243966e+02   9.2512965e+01   3.1993735e+01   1.5653627e+01   1.8757858e+01   5.9455672e+00   1.7091740e+01   3.5108405e+00   3.1714052e+01   2.2910627e+01   1.3097182e+01   8.8695164e-01   1.6267142e+01   4.6619534e+00   6.7069737e+00   3.1714244e+00  -1.8986022e-02   5.9315241e-01   1.6259983e-01   5.2745157e+01   4.3225712e+01   6.3303052e+01   5.3638003e+01   3.1314194e+01   6.1195322e+01   4.6738007e+01   3.7048391e+01   4.6113645e+01   3.6111857e+01   1.0365997e+01
   3.1689386e-01   3.6797142e+03   4.5203686e+03   9.2918692e+00   3.1841378e+01   4.7496047e+01   2.7994240e+03   6.4702486e+01   1.2290492e+02   3.8267843e-01   9.2028782e+01   4.8437919e+01   2.7041928e+03   2.5151589e+01   4.1824088e+01   3.3321755e+03   2.2630477e+01   6.6540027e+01  -1.7194113e+00   2.7136531e+02   1.0240470e+02   9.2332161e+01   3.1101282e+01   1.5632067e+01   1.8889005e+01   6.0573435e+00   1.7143497e+01   3.4794282e+00   3.1526596e+01   2.2904501e+01   1.2856413e+01   1.0297218e+00   1.6616818e+01   4.6161888e+00   6.7264805e+00   3.2729659e+00  -1.8986022e-02   5.9315241e-01   1.6259983e-01   5.2745157e+01   4.3225712e+01   6.3373121e+01   5.3581351e+01   3.1006049e+01   6.1168470e+01   4.6976218e+01   3.7068409e+01   4.6152101e+01   3.5986751e+01   1.2603518e+01
   3.2269991e-01   3.6563896e+03   4.4977021e+03   9.3191386e+00   3.2046505e+01   4.7492507e+01   2.7995721e+03   6.5097128e+01   1.2289464e+02   3.8156473e-01   9.2020445e+01   4.7446801e+01   2.7045400e+03   2.5219550e+01   4.3223775e+01   3.3321288e+03   2.2829764e+01   6.6532813e+01  -2.3346298e-01   2.7135595e+02   1.0242086e+02   9.2449514e+01   3.1407184e+01   1.5699284e+01   1.8614755e+01   5.8175743e+00   1.6600061e+01   3.4434426e+00   3.2180453e+01   2.2920647e+01   1.2956094e+01   9.9517213e-01   1.6870988e+01   4.6265828e+00   6.7528512e+00   3.2669336e+00   5.9691053e-03   5.8092168e-01   1.4916422e-01   5.3778927e+01   4.4377934e+01   6.3354441e+01   5.3623123e+01   3.1671547e+01   6.1209438e+01   4.6746347e+01   3.7038573e+01   4.6120617e+01   3.6107960e+01   1.2775958e+01
   3.2080481e-01   3.6977784e+03   4.4719638e+03   9.2951944e+00   3.2288600e+01   4.8017348e+01   2.8007394e+03   6.5369843e+01   1.2289311e+02   3.8104959e-01   9.2028387e+01   4.8089197e+01   2.7050563e+03   2.5004669e+01   4.3252510e+01   3.3330751e+03   2.2775220e+01   6.6529398e+01  -1.7283013e+00   2.7121093e+02   1.0240096e+02   9.2166447e+01   3.1459036e+01   1.5470323e+01   1.8952581e+01   6.0462648e+00   1.6689715e+01   3.4143273e+00   3.2084754e+01   2.2613599e+01   1.3289368e+01   9.3534418e-01   1.6410361e+01   4.5962203e+00   6.6759144e+00   3.2350912e+00   5.9691053e-03   5.8092168e-01   1.4916422e-01   5.3778927e+01   4.4377934e+01   6.3362840e+01   5.3715940e+01   3.1546479e+01   6.1328420e+01   4.6734109e+01   3.7038597e+01   4.6161302e+01   3.5873229e+01   1.0640863e+01
   3.2437279e-01   3.6796466e+03   4.4749257e+03   9.4512761e+00   3.2633475e+01   4.7833989e+01   2.8006730e+03   6.5038772e+01   1.2292157e+02   3.8174411e-01   9.2036344e+01   5.1072701e+01   2.7051772e+03   2.5083960e+01   4.2045988e+01   3.3333715e+03   2.2661051e+01   6.6548075e+01   8.9731865e-01   2.7118620e+02   1.0240210e+02   9.2402637e+01   3.1443494e+01   1.5444455e+01   1.8578707e+01   6.0939465e+00   1.6924782e+01   3.4636605e+00   3.2106924e+01   2.2918777e+01   1.2793958e+01   9.6592659e-01   1.6977790e+01   4.6199168e+00   6.6951560e+00   3.3444080e+00   1.2511844e-02   5.7212855e-01   1.6054131e-01   5.3134970e+01   4.3764532e+01   6.3318989e+01   5.3726229e+01   3.1885128e+01   6.1178106e+01   4.6994099e+01   3.7057148e+01   4.6093390e+01   3.6080716e+01   1.1114542e+01
   3.2262168e-01   3.6850945e+03   4.4843849e+03   9.2653031e+00   3.2202014e+01   4.7498802e+01   2.8013403e+03   6.4837335e+01   1.2289349e+02   3.8649941e-01   9.2101649e+01   4.8298241e+01   2.7060615e+03   2.5180166e+01   4.4423305e+01   3.3343303e+03   2.2664517e+01   6.6545974e+01   2.5255422e+00   2.7164438e+02   1.0238148e+02   9.2536037e+01   3.1663848e+01   1.5596444e+01   1.8563803e+01   6.1134988e+00   1.7099425e+01   3.4347332e+00   3.2083695e+01   2.2929286e+01   1.2986783e+01   9.0895967e-01   1.7094291e+01   4.6106070e+00   6.6790665e+00   3.2817192e+00   1.2511844e-02   5.7212855e-01   1.6054131e-01   5.3134970e+01   4.3764532e+01   6.3382385e+01   5.3689967e+01   3.1697087e+01   6.1323882e+01   4.7414618e+01   3.7100243e+01   4.6133270e+01   3.6060378e+01   1.0769985e+01
   3.2003775e-01   3.6912588e+03   4.4548096e+03   9.3602576e+00   3.1826864e+01   4.7158518e+01   2.8020874e+03   6.5583841e+01   1.2292863e+02   3.9379450e-01   9.2130809e+01   4.7606159e+01   2.7065302e+03   2.5123840e+01   4.3936043e+01   3.3349797e+03   2.2764908e+01   6.6599085e+01  -1.6278710e+00   2.7173877e+02   1.0234537e+02   9.2440599e+01   3.1805193e+01   1.5796861e+01   1.8422444e+01   5.9819123e+00   1.7457745e+01   3.4207272e+00   3.2019591e+01   2.2903986e+01   1.3231533e+01   8.9657679e-01   1.6694363e+01   4.5871124e+00   6.8008179e+00   3.2565617e+00   1.2511844e-02   5.7212855e-01   1.6054131e-01   5.3134970e+01   4.3764532e+01   6.3411157e+01   5.3657907e+01   3.1426239e+01   6.1303374e+01   4.8226439e+01   3.7084134e+01   4.6143299e+01   3.6126537e+01   1.5582876e+01
   3.1772705e-01   3.6820553e+03   4.4963133e+03   9.3382063e+00   3.2624715e+01   4.7560112e+01   2.8005051e+03   6.5500758e+01   1.2287010e+02   3.9673462e-01   9.2001782e+01   4.8913982e+01   2.7049673e+03   2.5388128e+01   4.3941559e+01   3.3336437e+03   2.2498384e+01   6.6567769e+01   1.5352098e-01   2.7152708e+02   1.0238555e+02   9.2463728e+01   3.1881365e+01   1.5478933e+01   1.8604019e+01   6.0655865e+00   1.6924857e+01   3.4604840e+00   3.2002109e+01   2.2866397e+01   1.2666328e+01   8.0208268e-01   1.6521789e+01   4.6352100e+00   6.6605282e+00   3.2579534e+00   1.3593566e-02   5.7996841e-01   1.4993707e-01   5.4246873e+01   4.3413206e+01   6.3370119e+01   5.3730350e+01   3.1014779e+01   6.1386890e+01   4.8703472e+01   3.7081048e+01   4.6153425e+01   3.6244145e+01   1.0735999e+01
   3.1431703e-01   3.6952303e+03   4.5283927e+03   9.3514970e+00   3.2293642e+01   4.7505045e+01   2.8006791e+03   6.4750999e+01   1.2287952e+02   3.9961728e-01   9.2016655e+01   4.8787966e+01   2.7047668e+03   2.4988709e+01   4.4367012e+01   3.3334874e+03   2.2736506e+01   6.6575070e+01   1.2809829e+00   2.7225011e+02   1.0237272e+02   9.2362817e+01   3.1358929e+01   1.5770998e+01   1.8594953e+01   5.9382655e+00   1.6727106e+01   3.4768138e+00   3.2241755e+01   2.2978223e+01   1.3015380e+01   9.9835261e-01   1.7071836e+01   4.5780900e+00   6.6690382e+00   3.2883167e+00   1.3593566e-02   5.7996841e-01   1.4993707e-01   5.4246873e+01   4.3413206e+01   6.3315370e+01   5.3821760e+01   3.0946189e+01   6.1251076e+01   4.9120711e+01   3.7083495e+01   4.6129237e+01   3.6254165e+01   1.1300799e+01
   3.1840695e-01   3.6711335e+03   4.5161353e+03   9.3063438e+00   3.2484831e+01   4.7640730e+01   2.8010754e+03   6.5359726e+01   1.2288761e+02   4.0496138e-01   9.2044030e+01   4.8342113e+01   2.7053460e+03   2.5172864e+01   4.6459193e+01   3.3339258e+03   2.2620168e+01   6.6610358e+01  -6.2551715e-01   2.7158971e+02   1.0240615e+02   9.2562166e+01   3.1592881e+01   1.5606388e+01   1.8406612e+01   6.1122233e+00   1.7370858e+01   3.3503348e+00   3.2069470e+01   2.2830567e+01   1.3152930e+01   9.1327221e-01   1.6616006e+01   4.5716437e+00   6.6625812e+00   3.2774398e+00   3.0642778e-02   5.6212229e-01   1.5761914e-01   5.4534556e+01   4.4308908e+01   6.3281211e+01   5.3874714e+01   3.1290249e+01   6.1346462e+01   4.9629359e+01   3.7062001e+01   4.6154834e+01   3.5920324e+01   1.2126824e+01
   3.1720574e-01   3.6600876e+03   4.5108436e+03   9.4700394e+00   3.2338145e+01   4.7703822e+01   2.8021997e+03   6.5559285e+01   1.2288665e+02   4.0812342e-01   9.2108627e+01   4.8727935e+01   2.7062318e+03   2.5218505e+01   4.5788809e+01   3.3344393e+03   2.2890687e+01   6.6606496e+01   1.2972492e+00   2.7202316e+02   1.0239941e+02   9.2315167e+01   3.1731096e+01   1.5809630e+01   1.8495914e+01   5.9701481e+00   1.7225549e+01   3.4021965e+00   3.1599475e+01   2.2825816e+01   1.2602648e+01   1.0790454e+00   1.5798254e+01   4.5581644e+00   6.7322620e+00   3.2749457e+00   3.0642778e-02   5.6212229e-01   1.5761914e-01   5.4534556e+01   4.4308908e+01   6.3208780e+01   5.3912108e+01   3.1092800e+01   6.1381261e+01   5.0218591e+01   3.7064176e+01   4.6139576e+01   3.6024942e+01   1.3817958e+01
   3.1617380e-01   3.6794924e+03   4.5381685e+03   9.2543613e+00   3.2188527e+01   4.7701862e+01   2.8025747e+03   6.4073876e+01   1.2289407e+02   4.1810949e-01   9.2243007e+01   5.0971619e+01   2.7073877e+03   2.5079962e+01   4.6751048e+01   3.3361740e+03   2.2915426e+01   6.6649057e+01   2.6776917e-01   2.7170390e+02   1.0238156e+02   9.2494404e+01   3.1877576e+01   1.5490996e+01   1.8389304e+01   6.2822893e+00   1.6963778e+01   3.3864622e+00   3.2110162e+01   2.2766328e+01   1.3164519e+01   9.4009458e-01   1.6515050e+01   4.5742735e+00   6.6993786e+00   3.2215282e+00   3.0642778e-02   5.6212229e-01   1.5761914e-01   5.4534556e+01   4.4308908e+01   6.3190239e+01   5.3961870e+01   3.0993878e+01   6.1434030e+01   5.1173632e+01   3.7083437e+01   4.6169982e+01   3.6158939e+01   1.2977637e+01
   3.1217545e-01   3.6882297e+03   4.5053331e+03   9.4134859e+00   3.2504837e+01   4.7896801e+01   2.8014844e+03   6.4051599e+01   1.2289588e+02   4.2503298e-01   9.2093077e+01   4.8765880e+01   2.7058618e+03   2.4882060e+01   4.4857293e+01   3.3340275e+03   2.2842648e+01   6.6637369e+01   1.4471991e+00   2.7246448e+02   1.0239736e+02   9.2584443e+01   3.1724257e+01   1.5740169e+01   1.8295894e+01   6.0348509e+00   1.6720185e+01   3.3760276e+00   3.1748723e+01   2.2836166e+01   1.3057608e+01   8.4837547e-01   1.6689240e+01   4.5558072e+00   6.8135348e+00   3.2367724e+00   2.6603634e-03   5.7166172e-01   1.6838678e-01   5.3933505e+01   4.3645586e+01   6.3191067e+01   5.3921842e+01   3.0687919e+01   6.1418708e+01   5.1849039e+01   3.7051117e+01   4.6136878e+01   3.6071856e+01   1.1029419e+01
   3.1161600e-01   3.6868548e+03   4.5452952e+03   9.3799648e+00   3.2276764e+01   4.7710790e+01   2.8016572e+03   6.5080938e+01   1.2290261e+02   4.2813519e-01   9.2105104e+01   4.9261486e+01   2.7053625e+03   2.5239866e+01   4.4931661e+01   3.3342143e+03   2.2920546e+01   6.6637957e+01   1.2992243e+00   2.7193588e+02   1.0241526e+02   9.2446221e+01   3.1744513e+01   1.5634860e+01   1.8761434e+01   6.1650011e+00   1.6681279e+01   3.4121884e+00   3.2167599e+01   2.2763303e+01   1.3138268e+01   7.8961508e-01   1.6277834e+01   4.5175147e+00   6.7743000e+00   3.1911820e+00   2.6603634e-03   5.7166172e-01   1.6838678e-01   5.3933505e+01   4.3645586e+01   6.3232957e+01   5.3895122e+01   3.0502103e+01   6.1472840e+01   5.2305713e+01   3.7070570e+01   4.6178737e+01   3.6086834e+01   1.3110184e+01
   3.1568168e-01   3.6521612e+03   4.5234856e+03   9.3985397e+00   3.2195420e+01   4.7518353e+01   2.7997405e+03   6.4505637e+01   1.2290933e+02   4.2452149e-01   9.2087865e+01   4.8177129e+01   2.7043260e+03   2.5176490e+01   4.6524535e+01   3.3328017e+03   2.2800855e+01   6.6653710e+01   1.0673910e+00   2.7256138e+02   1.0241686e+02   9.2655099e+01   3.1907499e+01   1.5713839e+01   1.8686656e+01   6.0362580e+00   1.6715269e+01   3.3701704e+00   3.2263257e+01   2.3038685e+01   1.2855719e+01   6.5341657e-01   1.6912149e+01   4.5040754e+00   6.7985052e+00   3.2329176e+00   3.2744769e-02   5.7460990e-01   1.3810301e-01   5.3190499e+01   4.3664309e+01   6.3241044e+01   5.3880459e+01   3.0943535e+01   6.1368243e+01   5.2313833e+01   3.7101212e+01   4.6207269e+01   3.6231024e+01   7.7786162e+00
   3.1366714e-01   3.6882966e+03   4.5034877e+03   9.3356693e+00   3.2442793e+01   4.7456094e+01   2.7983950e+03   6.4522007e+01   1.2289333e+02   4.2688398e-01   9.2063934e+01   4.7895319e+01   2.7028382e+03   2.4808788e+01   4.5144825e+01   3.3307381e+03   2.2603859e+01   6.6688099e+01  -1.4133247e+00   2.7206902e+02   1.0241846e+02   9.2258701e+01   3.1811501e+01   1.5668012e+01   1.8845797e+01   6.0956807e+00   1.6850185e+01   3.4061591e+00   3.2390465e+01   2.3018969e+01   1.3440261e+01   9.6694460e-01   1.6783916e+01   4.5354699e+00   6.7866811e+00   3.3089499e+00   3.2744769e-02   5.7460990e-01   1.3810301e-01   5.3190499e+01   4.3664309e+01   6.3306561e+01   5.3767748e+01   3.0988413e+01   6.1348324e+01   5.2032069e+01   3.7058827e+01   4.6170397e+01   3.6093649e+01   1.1094914e+01
   3.1903439e-01   3.7115493e+03   4.4888155e+03   9.3737560e+00   3.2598358e+01   4.7999781e+01   2.7982162e+03   6.4598257e+01   1.2289099e+02   4.1451278e-01   9.2209234e+01   4.7759170e+01   2.7021249e+03   2.5101591e+01   4.5345125e+01   3.3308578e+03   2.2927983e+01   6.6745773e+01   7.0679417e-01   2.7276897e+02   1.0238881e+02   9.2583340e+01   3.2055296e+01   1.5716616e+01   1.8541768e+01   5.9362511e+00   1.7389991e+01   3.3243241e+00   3.2463808e+01   2.2898496e+01   1.2811425e+01   9.2037639e-01   1.6512809e+01   4.4861601e+00   6.6513359e+00   3.2861227e+00   3.2744769e-02   5.7460990e-01   1.3810301e-01   5.3190499e+01   4.3664309e+01   6.3389672e+01   5.3704878e+01   3.1306478e+01   6.1280123e+01   5.1129046e+01   3.7052007e+01   4.6210356e+01   3.6107117e+01   1.3343567e+01
   3.1470633e-01   3.6955245e+03   4.4924892e+03   9.3560270e+00   3.2259795e+01   4.7613965e+01   2.7977429e+03   6.4144790e+01   1.2289466e+02   4.1056258e-01   9.2140859e+01   4.9478677e+01   2.7015167e+03   2.5088187e+01   4.6787679e+01   3.3303643e+03   2.3014932e+01   6.6765722e+01   5.9042320e-01   2.7253669e+02   1.0239898e+02   9.2570056e+01   3.1834971e+01   1.5557065e+01   1.8714993e+01   6.0910500e+00   1.6830567e+01   3.3810470e+00   3.2642334e+01   2.3006412e+01   1.3052365e+01   9.4366683e-01   1.6487393e+01   4.4820209e+00   6.7055128e+00   3.3556491e+00   3.4702733e-03   5.6810550e-01   1.5064997e-01   5.5236851e+01   4.3889967e+01   6.3309994e+01   5.3847617e+01   3.0939762e+01   6.1384316e+01   5.0189486e+01   3.7059736e+01   4.6216556e+01   3.6121170e+01   1.1348065e+01
   3.1653753e-01   3.6939920e+03   4.5320123e+03   9.3728539e+00   3.2147886e+01   4.7474184e+01   2.7979986e+03   6.4951966e+01   1.2288137e+02   4.0286903e-01   9.2256073e+01   4.8577834e+01   2.7027974e+03   2.5154801e+01   4.6703050e+01   3.3308893e+03   2.2678244e+01   6.6769248e+01  -3.6551795e-01   2.7269399e+02   1.0240407e+02   9.2566037e+01   3.1470377e+01   1.5685655e+01   1.8576791e+01   5.9969171e+00   1.6541912e+01   3.3674450e+00   3.2284811e+01   2.2909658e+01   1.2971479e+01   8.0931105e-01   1.6216268e+01   4.4909015e+00   6.7332434e+00   3.2910097e+00   3.4702733e-03   5.6810550e-01   1.5064997e-01   5.5236851e+01   4.3889967e+01   6.3172980e+01   5.4046802e+01   3.1102655e+01   6.1318910e+01   4.9197907e+01   3.7032434e+01   4.6198754e+01   3.6139083e+01   1.2246194e+01
   3.1593690e-01   3.6523617e+03   4.4902666e+03   9.3081213e+00   3.2080228e+01   4.7974061e+01   2.7997179e+03   6.5291244e+01   1.2289453e+02   4.0232753e-01   9.2207499e+01   4.8658909e+01   2.7037821e+03   2.5106990e+01   4.6987843e+01   3.3312526e+03   2.2819419e+01   6.6760230e+01  -3.9134415e-01   2.7256621e+02   1.0236719e+02   9.2667531e+01   3.2363515e+01   1.5695660e+01   1.9052121e+01   6.1568999e+00   1.6921109e+01   3.3333181e+00   3.1884730e+01   2.2870419e+01   1.3145510e+01   1.0376419e+00   1.6555825e+01   4.3882797e+00   6.8106607e+00   3.3008561e+00   3.1913310e-02   5.7428096e-01   1.6876957e-01   5.4088328e+01   4.3460010e+01   6.3123310e+01   5.4136368e+01   3.1301932e+01   6.1486325e+01   4.8678299e+01   3.7047484e+01   4.6225926e+01   3.6130850e+01   1.1194092e+01
   3.1981393e-01   3.6527197e+03   4.5100302e+03   9.3049438e+00   3.2373884e+01   4.7850714e+01   2.7998084e+03   6.4921600e+01   1.2289869e+02   3.9734085e-01   9.2210613e+01   4.8194006e+01   2.7031178e+03   2.5129050e+01   4.7076915e+01   3.3313483e+03   2.2793841e+01   6.6801610e+01  -6.5650567e-01   2.7276179e+02   1.0238802e+02   9.2789622e+01   3.1833410e+01   1.5685392e+01   1.8662862e+01   6.1294989e+00   1.7225538e+01   3.3091722e+00   3.2295675e+01   2.2721723e+01   1.3142555e+01   9.4774357e-01   1.6321899e+01   4.4071069e+00   6.6824995e+00   3.3178489e+00   3.1913310e-02   5.7428096e-01   1.6876957e-01   5.4088328e+01   4.3460010e+01   6.3162978e+01   5.3980022e+01   3.1369639e+01   6.1202867e+01   4.8560818e+01   3.7039987e+01   4.6207796e+01   3.6049510e+01   1.0572636e+01
   3.1797671e-01   3.6606799e+03   4.5242947e+03   9.2685850e+00   3.2209513e+01   4.8069984e+01   2.7992829e+03   6.4537451e+01   1.2289446e+02   3.9607344e-01   9.2235353e+01   4.9430523e+01   2.7043180e+03   2.5041606e+01   4.6494366e+01   3.3326254e+03   2.2862257e+01   6.6778247e+01   1.5290734e+00   2.7300590e+02   1.0241004e+02   9.2814984e+01   3.1916611e+01   1.5751718e+01   1.8447090e+01   6.0995443e+00   1.6780694e+01   3.2982739e+00   3.2513859e+01   2.2924859e+01   1.2747877e+01   1.1560005e+00   1.6330264e+01   4.4416440e+00   6.8164981e+00   3.2472656e+00   3.1913310e-02   5.7428096e-01   1.6876957e-01   5.4088328e+01   4.3460010e+01   6.3187731e+01   5.3945183e+01   3.1315272e+01   6.1360077e+01   4.8414861e+01   3.7015210e+01   4.6201244e+01   3.6028150e+01   1.2212254e+01
   3.1704810e-01   3.7015408e+03   4.4879521e+03   9.4459501e+00   3.2154177e+01   4.7983760e+01   2.8010187e+03   6.4848776e+01   1.2290400e+02   3.9893851e-01   9.2276484e+01   4.9228598e+01   2.7055178e+03   2.4833555e+01   4.7407169e+01   3.3331554e+03   2.2990759e+01   6.6802156e+01   3.2736715e-01   2.7341909e+02   1.0235987e+02   9.2835886e+01   3.1920454e+01   1.5787245e+01   1.8502887e+01   5.9794028e+00   1.6690817e+01   3.3367752e+00   3.2213053e+01   2.2873521e+01   1.3196138e+01   8.8448057e-01   1.6700867e+01   4.4130278e+00   6.7563899e+00   3.3284847e+00   2.0897741e-02   5.7161616e-01   1.4346708e-01   5.4393257e+01   4.3849276e+01   6.3188775e+01   5.3948385e+01   3.0973418e+01   6.1460228e+01   4.8650698e+01   3.6990382e+01   4.6206113e+01   3.6244242e+01   1.2795948e+01
   3.1305199e-01   3.6494359e+03   4.5571330e+03   9.4679020e+00   3.2623832e+01   4.7582686e+01   2.8014488e+03   6.5227508e+01   1.2290346e+02   4.0461957e-01   9.2314888e+01   4.9093281e+01   2.7058255e+03   2.4852944e+01   4.7034355e+01   3.3345098e+03   2.2759176e+01   6.6846877e+01  -1.7475074e-01   2.7293193e+02   1.0234324e+02   9.2613195e+01   3.1791596e+01   1.5819717e+01   1.8443451e+01   6.1056086e+00   1.6885327e+01   3.3034836e+00   3.2295749e+01   2.2802457e+01   1.2901650e+01   7.3388834e-01   1.6036429e+01   4.3920533e+00   6.7742318e+00   3.2560584e+00   2.0897741e-02   5.7161616e-01   1.4346708e-01   5.4393257e+01   4.3849276e+01   6.3180918e+01   5.3974355e+01   3.0833094e+01   6.1436077e+01   4.9292773e+01   3.6970925e+01   4.6221560e+01   3.6299811e+01   1.3337393e+01
   3.1237835e-01   3.6850517e+03   4.4592649e+03   9.5129049e+00   3.2583150e+01   4.7896461e+01   2.8001403e+03   6.5212575e+01   1.2292190e+02   4.0277454e-01   9.2212394e+01   4.9717902e+01   2.7052875e+03   2.5156399e+01   4.8150707e+01   3.3336821e+03   2.2726204e+01   6.6794616e+01   7.4150138e-01   2.7334668e+02   1.0236111e+02   9.2812486e+01   3.2291970e+01   1.5590382e+01   1.8639373e+01   6.0575428e+00   1.6655163e+01   3.3130155e+00   3.2578796e+01   2.2825363e+01   1.2876878e+01   9.3709789e-01   1.6363154e+01   4.4281078e+00   6.7932955e+00   3.3040810e+00  -7.7542825e-03   5.6970363e-01   1.4467464e-01   5.3279069e+01   4.3235136e+01   6.3153169e+01   5.4007710e+01   3.0765512e+01   6.1487158e+01   4.9631594e+01   3.7000415e+01   4.6233407e+01   3.6125439e+01   1.4130943e+01
   3.1136490e-01   3.6783403e+03   4.5490392e+03   9.3134227e+00   3.2140101e+01   4.8005723e+01   2.8001162e+03   6.5170747e+01   1.2290749e+02   4.1069756e-01   9.2186009e+01   4.7769448e+01   2.7041707e+03   2.5023251e+01   4.8379811e+01   3.3324582e+03   2.2822061e+01   6.6795335e+01  -9.0062151e-01   2.7345566e+02   1.0236635e+02   9.2707312e+01   3.2020778e+01   1.5704470e+01   1.9113660e+01   6.0025763e+00   1.7073412e+01   3.2877798e+00   3.2758597e+01   2.2892932e+01   1.3241717e+01   9.2006769e-01   1.6191934e+01   4.3649489e+00   6.8070423e+00   3.2994111e+00  -7.7542825e-03   5.6970363e-01   1.4467464e-01   5.3279069e+01   4.3235136e+01   6.3226976e+01   5.3864339e+01   3.0589103e+01   6.1383047e+01   4.9980759e+01   3.6922965e+01   4.6194540e+01   3.6257795e+01   1.1681153e+01
   3.1772783e-01   3.7077054e+03   4.4882786e+03   9.3918121e+00   3.2781038e+01   4.7651058e+01   2.7998261e+03   6.4967848e+01   1.2290055e+02   4.0783574e-01   9.2237871e+01   4.7226109e+01   2.7038883e+03   2.4900494e+01   4.7933234e+01   3.3309633e+03   2.2761888e+01   6.6806624e+01  -1.5675115e+00   2.7289517e+02   1.0238650e+02   9.2709475e+01   3.2039459e+01   1.5789357e+01   1.8633101e+01   6.0493354e+00   1.7387669e+01   3.2974290e+00   3.2103190e+01   2.2964735e+01   1.2798010e+01   1.0221504e+00   1.6703297e+01   4.3413503e+00   6.8814271e+00   3.2490748e+00  -7.7542825e-03   5.6970363e-01   1.4467464e-01   5.3279069e+01   4.3235136e+01   6.3294599e+01   5.3808353e+01   3.1269199e+01   6.1224235e+01   4.9761791e+01   3.6967965e+01   4.6221243e+01   3.6078508e+01   1.4875710e+01
   3.1791215e-01   3.6662431e+03   4.4817084e+03   9.3955701e+00   3.2568867e+01   4.8188119e+01   2.7986657e+03   6.4894077e+01   1.2291026e+02   4.0835571e-01   9.2196125e+01   4.8320891e+01   2.7029926e+03   2.5147828e+01   4.7127462e+01   3.3306956e+03   2.2817097e+01   6.6842814e+01  -3.7212544e+00   2.7375481e+02   1.0237941e+02   9.2666234e+01   3.2256517e+01   1.5660723e+01   1.8629136e+01   5.8264168e+00   1.7070183e+01   3.2908377e+00   3.2321252e+01   2.2780156e+01   1.3039234e+01   8.4221975e-01   1.6274038e+01   4.3666754e+00   6.7982081e+00   3.3149197e+00   1.6270499e-02   5.6888136e-01   1.4019603e-01   5.3886123e+01   4.4631911e+01   6.3294869e+01   5.3837145e+01   3.1062778e+01   6.1409413e+01   4.9327286e+01   3.6971188e+01   4.6218853e+01   3.6136438e+01   1.1073414e+01
   3.1274988e-01   3.7172320e+03   4.5218695e+03   9.3696032e+00   3.2553738e+01   4.7905958e+01   2.7986793e+03   6.5168692e+01   1.2290269e+02   3.9912938e-01   9.2286874e+01   4.7837218e+01   2.7036651e+03   2.4928784e+01   4.7910206e+01   3.3317344e+03   2.2857096e+01   6.6844990e+01   7.7719184e-01   2.7300679e+02   1.0236899e+02   9.2576317e+01   3.2438413e+01   1.5542928e+01   1.8774290e+01   6.0200339e+00   1.6345768e+01   3.2611323e+00   3.2508414e+01   2.2860714e+01   1.2750020e+01   9.7615802e-01   1.6518818e+01   4.3356936e+00   6.7414526e+00   3.3822377e+00   1.6270499e-02   5.6888136e-01   1.4019603e-01   5.3886123e+01   4.4631911e+01   6.3283274e+01   5.3868589e+01   3.0780059e+01   6.1415762e+01   4.8826265e+01   3.6955537e+01   4.6228895e+01   3.6140406e+01   1.0371458e+01
   3.1424484e-01   3.6843061e+03   4.5155002e+03   9.2623716e+00   3.2724923e+01   4.7973192e+01   2.7988277e+03   6.4721486e+01   1.2289642e+02   3.9331514e-01   9.2259473e+01   4.7832943e+01   2.7034435e+03   2.4945108e+01   4.7276150e+01   3.3305316e+03   2.2860249e+01   6.6834415e+01  -7.0736947e-01   2.7391736e+02   1.0238983e+02   9.2966341e+01   3.1864756e+01   1.5756929e+01   1.8816647e+01   6.0993515e+00   1.6823310e+01   3.2756593e+00   3.2563618e+01   2.2968467e+01   1.3138559e+01   9.0972026e-01   1.6265237e+01   4.3782833e+00   6.7230201e+00   3.3159900e+00   1.1081916e-02   5.4891095e-01   1.3870239e-01   5.4451509e+01   4.3372763e+01   6.3287778e+01   5.3879380e+01   3.0653562e+01   6.1320694e+01   4.8096007e+01   3.6981232e+01   4.6225098e+01   3.6350711e+01   1.4206342e+01
   3.1559375e-01   3.6844983e+03   4.5637436e+03   9.3941478e+00   3.2324712e+01   4.7733066e+01   2.7992656e+03   6.5652836e+01   1.2291248e+02   3.9121197e-01   9.2366789e+01   4.9973636e+01   2.7042033e+03   2.4965149e+01   4.7590838e+01   3.3323882e+03   2.2861486e+01   6.6870947e+01  -1.1181085e+00   2.7350732e+02   1.0234056e+02   9.3006976e+01   3.2384230e+01   1.5709279e+01   1.8599699e+01   6.1184406e+00   1.6687803e+01   3.2345029e+00   3.2641933e+01   2.3021335e+01   1.2630458e+01   1.0206147e+00   1.6350737e+01   4.3615958e+00   6.8081632e+00   3.2658029e+00   1.1081916e-02   5.4891095e-01   1.3870239e-01   5.4451509e+01   4.3372763e+01   6.3210424e+01   5.3964827e+01   3.1041532e+01   6.1329984e+01   4.7718992e+01   3.6940131e+01   4.6218515e+01   3.6216845e+01   1.3764265e+01
   3.1294360e-01   3.6796958e+03   4.5047430e+03   9.3814935e+00   3.2275524e+01   4.7855803e+01   2.7998826e+03   6.4814019e+01   1.2289729e+02   3.9054525e-01   9.2346083e+01   4.8302555e+01   2.7038686e+03   2.4911700e+01   5.0073087e+01   3.3325737e+03   2.3033935e+01   6.6890702e+01  -1.1379692e+00   2.7327761e+02   1.0236624e+02   9.2840157e+01   3.2293749e+01   1.5770750e+01   1.9065629e+01   6.0151302e+00   1.6427926e+01   3.2769167e+00   3.2599052e+01   2.2854806e+01   1.3194562e+01   1.0323325e+00   1.6442237e+01   4.3101971e+00   6.8576701e+00   3.3464473e+00   1.1081916e-02   5.4891095e-01   1.3870239e-01   5.4451509e+01   4.3372763e+01   6.3178910e+01   5.4005688e+01   3.0623058e+01   6.1341011e+01   4.7557914e+01   3.6951274e+01   4.6236639e+01   3.6081442e+01   1.5378334e+01
   3.1524966e-01   3.6629575e+03   4.5565040e+03   9.3350230e+00   3.2299356e+01   4.8027276e+01   2.7995676e+03   6.4625899e+01   1.2291002e+02   3.9017823e-01   9.2371580e+01   4.6954908e+01   2.7043999e+03   2.4890686e+01   4.6872669e+01   3.3321648e+03   2.2924647e+01   6.6919544e+01   6.0362051e-01   2.7369854e+02   1.0237007e+02   9.2840910e+01   3.2407593e+01   1.5675802e+01   1.8824013e+01   5.9661305e+00   1.6495922e+01   3.2867075e+00   3.2871991e+01   2.3066867e+01   1.2804646e+01   1.0627336e+00   1.6526943e+01   4.3013836e+00   6.7949649e+00   3.2573890e+00  -5.6055495e-03   5.6664224e-01   1.4461481e-01   5.4641011e+01   4.3806552e+01   6.3149214e+01   5.4040267e+01   3.1010692e+01   6.1238153e+01   4.7494613e+01   3.6939525e+01   4.6229302e+01   3.6061386e+01   1.1367428e+01
   3.1334866e-01   3.6796878e+03   4.5623764e+03   9.3152166e+00   3.2792533e+01   4.7778480e+01   2.7989591e+03   6.4443702e+01   1.2287430e+02   3.8954632e-01   9.2206551e+01   4.8829534e+01   2.7030888e+03   2.5073739e+01   4.9595059e+01   3.3313682e+03   2.2871223e+01   6.6918888e+01   2.7765111e-01   2.7339264e+02   1.0237288e+02   9.2726930e+01   3.1583363e+01   1.5601175e+01   1.8318616e+01   5.9741442e+00   1.6902618e+01   3.2531910e+00   3.2621248e+01   2.3053823e+01   1.3268590e+01   1.0874921e+00   1.6527211e+01   4.3106282e+00   6.8152444e+00   3.2919257e+00  -5.6055495e-03   5.6664224e-01   1.4461481e-01   5.4641011e+01   4.3806552e+01   6.3114608e+01   5.4080173e+01   3.0872062e+01   6.1270000e+01   4.7424014e+01   3.6951635e+01   4.6266632e+01   3.5956677e+01   8.1838228e+00
   3.1133092e-01   3.6598987e+03   4.5228563e+03   9.2850680e+00   3.2459403e+01   4.7730506e+01   2.8011714e+03   6.4448339e+01   1.2289840e+02   3.8692264e-01   9.2332097e+01   4.8717994e+01   2.7056453e+03   2.4926269e+01   4.7827304e+01   3.3338742e+03   2.2728086e+01   6.6863849e+01   4.0067670e-01   2.7399770e+02   1.0236800e+02   9.2891263e+01   3.2155804e+01   1.5603514e+01   1.8283042e+01   6.1563682e+00   1.6592867e+01   3.2777749e+00   3.2485715e+01   2.2827109e+01   1.2782545e+01   8.9376128e-01   1.6087003e+01   4.3246363e+00   6.9084156e+00   3.2759603e+00   8.1691203e-03   5.6335012e-01   1.3506504e-01   5.2657477e+01   4.3114669e+01   6.3071524e+01   5.4081860e+01   3.0737657e+01   6.1527951e+01   4.7553095e+01   3.6930583e+01   4.6241728e+01   3.6097901e+01   1.2646980e+01
   3.0633688e-01   3.6380456e+03   4.5375464e+03   9.3775466e+00   3.2282127e+01   4.8001772e+01   2.8015943e+03   6.4561345e+01   1.2290388e+02   3.9573800e-01   9.2302844e+01   4.9987893e+01   2.7063112e+03   2.4990313e+01   4.9642931e+01   3.3351142e+03   2.2780731e+01   6.6860855e+01   4.3966104e-01   2.7418656e+02   1.0236458e+02   9.2936998e+01   3.2099601e+01   1.5735818e+01   1.8935710e+01   5.9089057e+00   1.6973676e+01   3.2233638e+00   3.2827810e+01   2.2736715e+01   1.2807252e+01   1.0475466e+00   1.6024081e+01   4.3092661e+00   6.6884477e+00   3.2980543e+00   8.1691203e-03   5.6335012e-01   1.3506504e-01   5.2657477e+01   4.3114669e+01   6.3256446e+01   5.3820627e+01   3.0186608e+01   6.1548824e+01   4.8421887e+01   3.6931458e+01   4.6229915e+01   3.6189706e+01   1.0197996e+01
   3.1110558e-01   3.6525307e+03   4.4970141e+03   9.3153024e+00   3.2602012e+01   4.7845623e+01   2.8017260e+03   6.5935916e+01   1.2290608e+02   4.0636740e-01   9.2331322e+01   4.9309811e+01   2.7058525e+03   2.4910981e+01   4.6971357e+01   3.3341838e+03   2.2680017e+01   6.6875569e+01  -1.2415518e+00   2.7394966e+02   1.0233865e+02   9.2960252e+01   3.2063735e+01   1.5879917e+01   1.8228509e+01   5.9938680e+00   1.6422305e+01   3.2347621e+00   3.3032519e+01   2.2871216e+01   1.3138448e+01   8.2233744e-01   1.5947991e+01   4.2932315e+00   6.7644468e+00   3.2543663e+00   8.1691203e-03   5.6335012e-01   1.3506504e-01   5.2657477e+01   4.3114669e+01   6.3364973e+01   5.3722371e+01   3.0695824e+01   6.1344594e+01   4.9367292e+01   3.6920391e+01   4.6219716e+01   3.6233842e+01   1.1680672e+01
   3.0604122e-01   3.7001737e+03   4.5189551e+03   9.3741999e+00   3.2684210e+01   4.7888759e+01   2.8009267e+03   6.4756241e+01   1.2290847e+02   4.1137777e-01   9.2299873e+01   4.8174438e+01   2.7048300e+03   2.4911580e+01   4.9033501e+01   3.3337354e+03   2.3024528e+01   6.6866840e+01  -8.6357566e-01   2.7408823e+02   1.0232321e+02   9.2860057e+01   3.1975931e+01   1.5723897e+01   1.8686002e+01   6.1291015e+00   1.6659059e+01   3.2072141e+00   3.2540665e+01   2.2944219e+01   1.3014166e+01   7.2973816e-01   1.6397833e+01   4.3295618e+00   6.8050269e+00   3.3914483e+00   1.9230908e-02   5.4396831e-01   1.4877974e-01   5.3593786e+01   4.3747316e+01   6.3356062e+01   5.3724287e+01   3.0126079e+01   6.1568356e+01   4.9711913e+01   3.6914984e+01   4.6200324e+01   3.6308827e+01   1.2500389e+01
   3.0982639e-01   3.6722831e+03   4.4789003e+03   9.4096597e+00   3.2184507e+01   4.8107144e+01   2.8006476e+03   6.5094416e+01   1.2289641e+02   4.0537411e-01   9.2306118e+01   5.0241628e+01   2.7043184e+03   2.5026787e+01   4.9919148e+01   3.3328059e+03   2.2896166e+01   6.6870415e+01  -8.7630094e-01   2.7410815e+02   1.0237319e+02   9.3136025e+01   3.2126000e+01   1.5788523e+01   1.8395449e+01   5.8805252e+00   1.6589588e+01   3.1934416e+00   3.2962787e+01   2.2983176e+01   1.2804720e+01   7.1070272e-01   1.6037416e+01   4.2777460e+00   6.7749194e+00   3.2998653e+00   1.9230908e-02   5.4396831e-01   1.4877974e-01   5.3593786e+01   4.3747316e+01   6.3344225e+01   5.3797145e+01   3.0413602e+01   6.1445561e+01   4.9605504e+01   3.6932361e+01   4.6234104e+01   3.6280537e+01   1.4622365e+01
   3.0594465e-01   3.6885189e+03   4.5139649e+03   9.3049606e+00   3.2503407e+01   4.7803023e+01   2.8004255e+03   6.5064654e+01   1.2289208e+02   4.1099250e-01   9.2386001e+01   4.8820734e+01   2.7056704e+03   2.5093733e+01   4.9342624e+01   3.3337484e+03   2.2786855e+01   6.6928813e+01  -1.8775997e+00   2.7441425e+02   1.0235338e+02   9.3072781e+01   3.1909299e+01   1.5724848e+01   1.8438155e+01   5.9915840e+00   1.6424163e+01   3.2186246e+00   3.2644676e+01   2.2988186e+01   1.2892290e+01   8.7607551e-01   1.6298059e+01   4.2794076e+00   6.8066408e+00   3.3310069e+00   5.2220515e-03   5.4713461e-01   1.5560352e-01   5.3603357e+01   4.3968028e+01   6.3325596e+01   5.3816441e+01   3.0089755e+01   6.1535796e+01   4.9949090e+01   3.6930610e+01   4.6231440e+01   3.6217911e+01   1.2544531e+01
   3.0441026e-01   3.6686788e+03   4.5336520e+03   9.2788713e+00   3.1756199e+01   4.8006412e+01   2.8016113e+03   6.4833623e+01   1.2290339e+02   4.1463483e-01   9.2405655e+01   4.8795440e+01   2.7055554e+03   2.5037654e+01   5.0318069e+01   3.3339493e+03   2.2707404e+01   6.6926798e+01  -1.5481680e+00   2.7418242e+02   1.0234018e+02   9.3099612e+01   3.1968593e+01   1.5685317e+01   1.8718167e+01   5.9997835e+00   1.6478124e+01   3.1788480e+00   3.2515816e+01   2.2967198e+01   1.3143434e+01   1.1215385e+00   1.6209310e+01   4.2793438e+00   6.8262338e+00   3.3055638e+00   5.2220515e-03   5.4713461e-01   1.5560352e-01   5.3603357e+01   4.3968028e+01   6.3329114e+01   5.3837366e+01   3.0082460e+01   6.1583782e+01   5.0396158e+01   3.6907281e+01   4.6250059e+01   3.6222551e+01   1.1246622e+01
   3.0757754e-01   3.6993058e+03   4.4777512e+03   9.3551860e+00   3.2429125e+01   4.8060954e+01   2.8001676e+03   6.4531434e+01   1.2291998e+02   4.1424269e-01   9.2370693e+01   4.9057705e+01   2.7047007e+03   2.5076853e+01   4.9660960e+01   3.3331576e+03   2.2929637e+01   6.6949867e+01  -2.4978137e+00   2.7420716e+02   1.0232811e+02   9.2978711e+01   3.2148536e+01   1.5825626e+01   1.8532332e+01   5.9846686e+00   1.6608906e+01   3.2087930e+00   3.2412859e+01   2.3024655e+01   1.3057114e+01   1.0100015e+00   1.6859034e+01   4.3191205e+00   6.6995973e+00   3.2722303e+00   5.2220515e-03   5.4713461e-01   1.5560352e-01   5.3603357e+01   4.3968028e+01   6.3323737e+01   5.3825479e+01   3.0367280e+01   6.1441594e+01   5.0589583e+01   3.6880493e+01   4.6220447e+01   3.6088894e+01   1.1457839e+01
   3.0484537e-01   3.6698615e+03   4.5026168e+03   9.3861213e+00   3.2718201e+01   4.7631002e+01   2.7996588e+03   6.5356377e+01   1.2289204e+02   4.1743070e-01   9.2346943e+01   4.8878286e+01   2.7037333e+03   2.4949183e+01   4.9216035e+01   3.3324806e+03   2.2987163e+01   6.6950088e+01  -5.4372734e-01   2.7416549e+02   1.0235632e+02   9.2823033e+01   3.2224966e+01   1.5913435e+01   1.9010829e+01   6.1007584e+00   1.6345719e+01   3.1467463e+00   3.2380078e+01   2.2970563e+01   1.2729656e+01   8.8697490e-01   1.6281325e+01   4.2777851e+00   6.8849363e+00   3.3121409e+00   1.5148824e-02   5.5114392e-01   1.5016480e-01   5.3247122e+01   4.4777691e+01   6.3366425e+01   5.3812353e+01   3.0163683e+01   6.1538500e+01   5.0476406e+01   3.6892615e+01   4.6254094e+01   3.6252709e+01   1.2593511e+01
   3.1165851e-01   3.6963954e+03   4.4869966e+03   9.3674504e+00   3.3080182e+01   4.8144734e+01   2.7997155e+03   6.4723714e+01   1.2290400e+02   4.1199722e-01   9.2394888e+01   4.8233396e+01   2.7038424e+03   2.4886572e+01   4.8309925e+01   3.3312702e+03   2.2771898e+01   6.6957156e+01  -5.1364743e-02   2.7395707e+02   1.0236995e+02   9.3111548e+01   3.1722570e+01   1.5933737e+01   1.8493990e+01   5.9377140e+00   1.6610572e+01   3.2449317e+00   3.2211959e+01   2.3059101e+01   1.3337551e+01   8.9189231e-01   1.6118719e+01   4.2487498e+00   6.8109213e+00   3.2652723e+00   1.5148824e-02   5.5114392e-01   1.5016480e-01   5.3247122e+01   4.4777691e+01   6.3392235e+01   5.3790240e+01   3.0569473e+01   6.1333739e+01   5.0446389e+01   3.6906871e+01   4.6270627e+01   3.6329664e+01   1.1705828e+01
   3.1061103e-01   3.6725210e+03   4.4868263e+03   9.4142359e+00   3.2696943e+01   4.8042260e+01   2.7994007e+03   6.4252236e+01   1.2289161e+02   4.1369511e-01   9.2338757e+01   4.9856896e+01   2.7037655e+03   2.5308912e+01   4.8906862e+01   3.3318323e+03   2.2982374e+01   6.6989445e+01   1.1800360e+00   2.7406600e+02   1.0234808e+02   9.2856741e+01   3.2178748e+01   1.5868490e+01   1.8712626e+01   5.7493487e+00   1.6639151e+01   3.2294928e+00   3.2311791e+01   2.2840524e+01   1.2538726e+01   9.6634429e-01   1.6239382e+01   4.2355444e+00   6.8372501e+00   3.3010019e+00  -3.2939107e-03   5.6344422e-01   1.5170482e-01   5.4705213e+01   4.3935420e+01   6.3399874e+01   5.3745607e+01   3.0534012e+01   6.1569760e+01   5.0248160e+01   3.6897559e+01   4.6249268e+01   3.6249627e+01   1.1504668e+01
   3.0828897e-01   3.6761617e+03   4.5114669e+03   9.3605216e+00   3.2511406e+01   4.8296417e+01   2.7992939e+03   6.5141753e+01   1.2290305e+02   4.1097116e-01   9.2375089e+01   4.9910183e+01   2.7038845e+03   2.5035945e+01   4.9666142e+01   3.3316441e+03   2.2703960e+01   6.6954496e+01   4.8246360e-01   2.7467488e+02   1.0234305e+02   9.3200089e+01   3.2338061e+01   1.5598843e+01   1.8986995e+01   6.2800801e+00   1.6666737e+01   3.1986588e+00   3.2570663e+01   2.2848299e+01   1.3222931e+01   8.2305572e-01   1.6663919e+01   4.2346249e+00   6.7605424e+00   3.3704783e+00  -3.2939107e-03   5.6344422e-01   1.5170482e-01   5.4705213e+01   4.3935420e+01   6.3258070e+01   5.3947418e+01   3.0448753e+01   6.1459169e+01   4.9845537e+01   3.6903982e+01   4.6254647e+01   3.6251344e+01   1.4424187e+01
   3.1067497e-01   3.6692914e+03   4.5062170e+03   9.3265498e+00   3.2651242e+01   4.7923629e+01   2.7990760e+03   6.4792407e+01   1.2289819e+02   4.0848362e-01   9.2380670e+01   4.8431940e+01   2.7035409e+03   2.4929215e+01   5.0709736e+01   3.3315032e+03   2.2903668e+01   6.7017641e+01  -5.1850490e-02   2.7488724e+02   1.0236658e+02   9.2992992e+01   3.2167134e+01   1.5675190e+01   1.8565319e+01   5.9688977e+00   1.6502910e+01   3.1715503e+00   3.2805328e+01   2.2895044e+01   1.3416957e+01   9.2596343e-01   1.5916245e+01   4.2393795e+00   6.8297244e+00   3.3671079e+00  -3.2939107e-03   5.6344422e-01   1.5170482e-01   5.4705213e+01   4.3935420e+01   6.3187746e+01   5.4022189e+01   3.0621211e+01   6.1289036e+01   4.9554041e+01   3.6901725e+01   4.6237711e+01   3.6203468e+01   1.3267984e+01
   3.0820862e-01   3.6836909e+03   4.5187766e+03   9.3570223e+00   3.2891701e+01   4.8299615e+01   2.8007725e+03   6.4776182e+01   1.2290165e+02   4.0699508e-01   9.2504174e+01   4.9072471e+01   2.7054161e+03   2.4955223e+01   5.0382269e+01   3.3335274e+03   2.2828322e+01   6.7026045e+01  -3.5288792e-01   2.7489680e+02   1.0232792e+02   9.3108856e+01   3.2285261e+01   1.5698368e+01   1.8800738e+01   5.9446100e+00   1.6239140e+01   3.1621382e+00   3.2851439e+01   2.3007002e+01   1.3128419e+01   9.7856996e-01   1.6104652e+01   4.1816433e+00   6.8208689e+00   3.2438725e+00   5.2364108e-03   5.2053196e-01   1.2859259e-01   5.3879109e+01   4.4339775e+01   6.3179242e+01   5.4006080e+01   3.0328072e+01   6.1455518e+01   4.9435783e+01   3.6883974e+01   4.6259938e+01   3.6125269e+01   7.8607509e+00
   3.0766482e-01   3.6645753e+03   4.4821268e+03   9.3412161e+00   3.2458052e+01   4.7973541e+01   2.8003134e+03   6.4423057e+01   1.2288653e+02   4.0864331e-01   9.2442596e+01   4.8255564e+01   2.7052015e+03   2.4892905e+01   5.0589538e+01   3.3327219e+03   2.2881516e+01   6.7049153e+01   1.5880362e+00   2.7447001e+02   1.0236618e+02   9.3081197e+01   3.2140566e+01   1.5733652e+01   1.8386162e+01   5.8604334e+00   1.6797396e+01   3.1701278e+00   3.2616862e+01   2.2861906e+01   1.3015018e+01   1.0083662e+00   1.6310694e+01   4.2003457e+00   6.8040047e+00   3.2862964e+00   5.2364108e-03   5.2053196e-01   1.2859259e-01   5.3879109e+01   4.4339775e+01   6.3199754e+01   5.3938873e+01   3.0356036e+01   6.1383190e+01   4.9854953e+01   3.6880650e+01   4.6270855e+01   3.6155832e+01   1.3113597e+01
   3.0448989e-01   3.6835341e+03   4.4496871e+03   9.4401522e+00   3.2438640e+01   4.7713924e+01   2.8008928e+03   6.4823881e+01   1.2289918e+02   4.1274729e-01   9.2472052e+01   4.7579813e+01   2.7050763e+03   2.4849922e+01   4.8497306e+01   3.3334104e+03   2.2925525e+01   6.7016560e+01   3.7279506e-01   2.7459612e+02   1.0234821e+02   9.3102343e+01   3.2253295e+01   1.5690064e+01   1.8478331e+01   6.0105273e+00   1.6762715e+01   3.1381363e+00   3.2808338e+01   2.3048717e+01   1.3200549e+01   7.6499491e-01   1.6336171e+01   4.1818831e+00   6.8142759e+00   3.3069890e+00   1.9736061e-02   5.4724215e-01   1.2882963e-01   5.3005926e+01   4.3650452e+01   6.3203792e+01   5.3910935e+01   2.9936852e+01   6.1576920e+01   4.9966407e+01   3.6864363e+01   4.6257483e+01   3.6155121e+01   1.3524596e+01
   3.0149651e-01   3.6981893e+03   4.5177789e+03   9.3507494e+00   3.2934984e+01   4.7892273e+01   2.7995117e+03   6.4715377e+01   1.2288792e+02   4.1349258e-01   9.2350027e+01   4.8735727e+01   2.7042517e+03   2.4953857e+01   4.8757184e+01   3.3325393e+03   2.2659893e+01   6.7039503e+01  -1.2320395e+00   2.7484659e+02   1.0236099e+02   9.2996779e+01   3.2387708e+01   1.5873512e+01   1.8621035e+01   5.9977702e+00   1.6580930e+01   3.1190936e+00   3.2439367e+01   2.3112342e+01   1.2864533e+01   1.0246287e+00   1.6102879e+01   4.2257380e+00   6.7544841e+00   3.2965326e+00   1.9736061e-02   5.4724215e-01   1.2882963e-01   5.3005926e+01   4.3650452e+01   6.3317183e+01   5.3785310e+01   2.9701848e+01   6.1510598e+01   5.0323732e+01   3.6863748e+01   4.6241412e+01   3.6231562e+01   1.1977716e+01
   2.9959768e-01   3.6701810e+03   4.4697086e+03   9.3345828e+00   3.2813280e+01   4.7687614e+01   2.8007357e+03   6.5443390e+01   1.2289952e+02   4.1669583e-01   9.2535172e+01   5.0570766e+01   2.7054773e+03   2.4806313e+01   4.9250263e+01   3.3336734e+03   2.2985389e+01   6.7043725e+01   2.1247032e+00   2.7460819e+02   1.0231814e+02   9.3304467e+01   3.2071329e+01   1.5681509e+01   1.8723802e+01   5.8831825e+00   1.6634589e+01   3.1563097e+00   3.2718306e+01   2.2829102e+01   1.3128207e+01   8.1019280e-01   1.6007300e+01   4.1718026e+00   6.9103182e+00   3.3714744e+00   1.9736061e-02   5.4724215e-01   1.2882963e-01   5.3005926e+01   4.3650452e+01   6.3365059e+01   5.3714196e+01   2.9625115e+01   6.1437817e+01   5.0511460e+01   3.6883205e+01   4.6237903e+01   3.6147577e+01   9.5926051e+00
   3.0401687e-01   3.6746743e+03   4.4793988e+03   9.3238512e+00   3.2545318e+01   4.8042313e+01   2.7988273e+03   6.4377937e+01   1.2289042e+02   4.1690189e-01   9.2385964e+01   4.9598374e+01   2.7030615e+03   2.5135244e+01   5.0759082e+01   3.3301884e+03   2.2945680e+01   6.7080202e+01   6.1602332e-02   2.7466854e+02   1.0235195e+02   9.3243071e+01   3.2119362e+01   1.5793989e+01   1.8348299e+01   5.9917070e+00   1.6682875e+01   3.1369420e+00   3.2853971e+01   2.3037965e+01   1.3250013e+01   8.9267662e-01   1.5970794e+01   4.1492355e+00   6.7659062e+00   3.3158350e+00   8.4648655e-03   5.4453220e-01   1.2821903e-01   5.4734724e+01   4.4065605e+01   6.3309065e+01   5.3837962e+01   2.9911429e+01   6.1476993e+01   5.0283483e+01   3.6856033e+01   4.6244074e+01   3.6256958e+01   1.1356151e+01
   3.0134394e-01   3.6575848e+03   4.5352031e+03   9.4632430e+00   3.2528541e+01   4.7799811e+01   2.7994984e+03   6.4368756e+01   1.2288623e+02   4.1333377e-01   9.2439352e+01   4.8371474e+01   2.7044987e+03   2.5049745e+01   5.0513726e+01   3.3318522e+03   2.3042269e+01   6.7067187e+01  -1.1214316e+00   2.7484302e+02   1.0233490e+02   9.3196841e+01   3.2179425e+01   1.5686588e+01   1.8908195e+01   5.9667560e+00   1.6922358e+01   3.1281062e+00   3.2489353e+01   2.2992001e+01   1.2970539e+01   7.4656903e-01   1.6577182e+01   4.1590972e+00   6.8509360e+00   3.2764377e+00   8.4648655e-03   5.4453220e-01   1.2821903e-01   5.4734724e+01   4.4065605e+01   6.3213034e+01   5.3978717e+01   2.9547534e+01   6.1591929e+01   5.0047831e+01   3.6870952e+01   4.6272006e+01   3.6058485e+01   1.3574953e+01
   3.0343036e-01   3.6801302e+03   4.4975221e+03   9.4798094e+00   3.2570411e+01   4.8088594e+01   2.8003278e+03   6.5752006e+01   1.2289498e+02   4.0573734e-01   9.2510117e+01   4.9111611e+01   2.7047837e+03   2.5059796e+01   4.9164347e+01   3.3326150e+03   2.2928642e+01   6.7049072e+01  -5.1331157e-01   2.7540662e+02   1.0234703e+02   9.3442234e+01   3.2381118e+01   1.5791423e+01   1.9170909e+01   6.1920208e+00   1.6763403e+01   3.1108440e+00   3.2964575e+01   2.2868050e+01   1.3135368e+01   9.0333261e-01   1.5964502e+01   4.1258723e+00   6.7838007e+00   3.3086486e+00   1.6312228e-02   5.3893683e-01   1.5727142e-01   5.4606135e+01   4.3386409e+01   6.3143751e+01   5.4042862e+01   2.9968541e+01   6.1457245e+01   4.9887433e+01   3.6841147e+01   4.6254875e+01   3.6167798e+01   1.5508424e+01
   3.0918963e-01   3.6836565e+03   4.5222061e+03   9.3657995e+00   3.2564732e+01   4.7858809e+01   2.7995069e+03   6.4472468e+01   1.2288802e+02   4.1073148e-01   9.2546112e+01   5.0114326e+01   2.7050082e+03   2.5078562e+01   5.1197996e+01   3.3327451e+03   2.2755398e+01   6.7119080e+01   5.0435097e-02   2.7527070e+02   1.0236092e+02   9.3360126e+01   3.2102747e+01   1.5806075e+01   1.8362185e+01   5.9309833e+00   1.6521733e+01   3.1139692e+00   3.2669225e+01   2.2891711e+01   1.3169221e+01   8.8611610e-01   1.6395498e+01   4.1533954e+00   6.7370517e+00   3.3365383e+00   1.6312228e-02   5.3893683e-01   1.5727142e-01   5.4606135e+01   4.3386409e+01   6.3126295e+01   5.4072671e+01   3.0392847e+01   6.1253481e+01   5.0174631e+01   3.6846167e+01   4.6282838e+01   3.6107293e+01   1.0987271e+01
   3.0365367e-01   3.6776555e+03   4.4808951e+03   9.3924870e+00   3.2576118e+01   4.7763251e+01   2.7997719e+03   6.5097109e+01   1.2288928e+02   4.1295441e-01   9.2431166e+01   4.6473911e+01   2.7043635e+03   2.4996116e+01   5.0625900e+01   3.3327272e+03   2.3058283e+01   6.7117326e+01   3.6250819e-01   2.7480668e+02   1.0233945e+02   9.3007038e+01   3.1694639e+01   1.5724951e+01   1.8723070e+01   5.8989039e+00   1.6933094e+01   3.0912264e+00   3.3086405e+01   2.2919866e+01   1.3081514e+01   9.4297556e-01   1.5721727e+01   4.1643770e+00   6.8542139e+00   3.3208276e+00   1.6312228e-02   5.3893683e-01   1.5727142e-01   5.4606135e+01   4.3386409e+01   6.3095828e+01   5.4055588e+01   2.9833510e+01   6.1512135e+01   5.0434342e+01   3.6792607e+01   4.6264452e+01   3.5973873e+01   1.3242158e+01
   3.0600316e-01   3.6972557e+03   4.4970120e+03   9.4034926e+00   3.2704397e+01   4.7699206e+01   2.8007173e+03   6.4183113e+01   1.2289618e+02   4.1767185e-01   9.2485480e+01   4.7352210e+01   2.7051507e+03   2.4791406e+01   5.1388523e+01   3.3333948e+03   2.2976452e+01   6.7102594e+01  -3.8739036e-01   2.7512426e+02   1.0235808e+02   9.3265350e+01   3.1889474e+01   1.5617298e+01   1.8691406e+01   5.9024866e+00   1.6890528e+01   3.1238671e+00   3.2685983e+01   2.2875695e+01   1.2735083e+01   8.0486529e-01   1.5997662e+01   4.1514522e+00   6.7836496e+00   3.2770655e+00   1.7504250e-02   5.4861623e-01   1.2955065e-01   5.3995076e+01   4.4142899e+01   6.3100039e+01   5.4032118e+01   3.0235529e+01   6.1481260e+01   5.0641967e+01   3.6765290e+01   4.6236691e+01   3.6400856e+01   1.0875989e+01
   3.0515075e-01   3.6571944e+03   4.4702233e+03   9.4073464e+00   3.2612512e+01   4.7848978e+01   2.8011861e+03   6.5375681e+01   1.2289304e+02   4.2482151e-01   9.2484437e+01   4.8816453e+01   2.7051986e+03   2.4982703e+01   5.0168334e+01   3.3334623e+03   2.2878111e+01   6.7102078e+01   1.5629950e+00   2.7484675e+02   1.0234702e+02   9.2965540e+01   3.2280212e+01   1.5975823e+01   1.9038573e+01   6.0628830e+00   1.6650187e+01   3.0912527e+00   3.2650660e+01   2.2949381e+01   1.3066583e+01   8.9242422e-01   1.5713765e+01   4.1398255e+00   6.8326917e+00   3.3607098e+00   1.7504250e-02   5.4861623e-01   1.2955065e-01   5.3995076e+01   4.4142899e+01   6.3143928e+01   5.4001547e+01   3.0308859e+01   6.1524384e+01   5.1141901e+01   3.6817847e+01   4.6279907e+01   3.5990819e+01   9.5720667e+00
   3.0833702e-01   3.7062432e+03   4.5078610e+03   9.3859362e+00   3.2476863e+01   4.7888176e+01   2.7996439e+03   6.5059862e+01   1.2288737e+02   4.2148775e-01   9.2511881e+01   5.0493141e+01   2.7041689e+03   2.4903249e+01   4.9888769e+01   3.3320969e+03   2.3035645e+01   6.7106386e+01  -6.6234507e-03   2.7538010e+02   1.0234961e+02   9.3166884e+01   3.2331704e+01   1.5697695e+01   1.8868577e+01   5.9836124e+00   1.6934771e+01   3.0727845e+00   3.2758057e+01   2.2958937e+01   1.2923284e+01   9.7742708e-01   1.6374275e+01   4.2006392e+00   6.8680345e+00   3.3766883e+00   2.5871919e-02   5.4708589e-01   1.3224290e-01   5.4138324e+01   4.3611756e+01   6.3159279e+01   5.3983188e+01   3.0495316e+01   6.1362138e+01   5.1159453e+01   3.6815625e+01   4.6272006e+01   3.6185977e+01   1.4433660e+01
   3.1042777e-01   3.6615820e+03   4.4793510e+03   9.3819353e+00   3.2488004e+01   4.8154106e+01   2.8010403e+03   6.3807063e+01   1.2289818e+02   4.2043360e-01   9.2623287e+01   4.8832361e+01   2.7047552e+03   2.4846419e+01   5.1662786e+01   3.3326887e+03   2.2892736e+01   6.7124215e+01  -4.2945677e-01   2.7499344e+02   1.0233476e+02   9.3214102e+01   3.2379886e+01   1.5686770e+01   1.8826840e+01   6.0638440e+00   1.6575002e+01   3.0686965e+00   3.2422980e+01   2.2936453e+01   1.3351816e+01   9.0676194e-01   1.5915994e+01   4.1422245e+00   6.8921341e+00   3.3079594e+00   2.5871919e-02   5.4708589e-01   1.3224290e-01   5.4138324e+01   4.3611756e+01   6.3136642e+01   5.3987390e+01   3.0377618e+01   6.1359608e+01   5.0857889e+01   3.6797632e+01   4.6276954e+01   3.6161850e+01   1.2565508e+01
   3.0786224e-01   3.6896804e+03   4.5256801e+03   9.3845136e+00   3.2581338e+01   4.7610000e+01   2.7995937e+03   6.5225395e+01   1.2289081e+02   4.1539294e-01   9.2532296e+01   4.9683352e+01   2.7032663e+03   2.5037596e+01   4.9119832e+01   3.3313732e+03   2.2897461e+01   6.7122791e+01  -1.6129521e+00   2.7563544e+02   1.0236041e+02   9.3244338e+01   3.2194989e+01   1.5814196e+01   1.8696780e+01   5.8842394e+00   1.6789283e+01   3.1373659e+00   3.2641451e+01   2.2996603e+01   1.2937123e+01   9.0304516e-01   1.5777817e+01   4.1273516e+00   6.7925965e+00   3.3197370e+00   2.5871919e-02   5.4708589e-01   1.3224290e-01   5.4138324e+01   4.3611756e+01   6.3121650e+01   5.3970732e+01   3.0224616e+01   6.1337593e+01   5.0343980e+01   3.6784066e+01   4.6260748e+01   3.6071743e+01   9.0716326e+00
   3.0534613e-01   3.6845111e+03   4.5496259e+03   9.3135119e+00   3.2704332e+01   4.8294488e+01   2.7990705e+03   6.4749176e+01   1.2290563e+02   4.0829169e-01   9.2494111e+01   5.0378789e+01   2.7034340e+03   2.4867327e+01   5.0028393e+01   3.3308731e+03   2.2925719e+01   6.7122143e+01   1.7630868e+00   2.7477078e+02   1.0236371e+02   9.3334785e+01   3.2497535e+01   1.5865294e+01   1.8793769e+01   5.9974150e+00   1.6488014e+01   3.0781338e+00   3.2340512e+01   2.2921700e+01   1.2842647e+01   8.3092552e-01   1.6311033e+01   4.0932563e+00   6.9102018e+00   3.2879536e+00   1.8988919e-02   5.4403021e-01   1.1095204e-01   5.3727422e+01   4.4071660e+01   6.3142301e+01   5.3958771e+01   3.0098199e+01   6.1439008e+01   4.9654192e+01   3.6747346e+01   4.6243825e+01   3.6252744e+01   1.1650557e+01
   3.0391949e-01   3.6544164e+03   4.4840533e+03   9.3792068e+00   3.2560467e+01   4.7968599e+01   2.7983721e+03   6.5254729e+01   1.2289889e+02   4.0544932e-01   9.2452724e+01   5.2045778e+01   2.7027670e+03   2.4830488e+01   5.1050215e+01   3.3305478e+03   2.2870173e+01   6.7113998e+01   5.8011617e-01   2.7544787e+02   1.0237407e+02   9.3292724e+01   3.2244291e+01   1.5627377e+01   1.8240501e+01   6.0305698e+00   1.6471988e+01   3.0749283e+00   3.2303598e+01   2.2991730e+01   1.2982314e+01   7.9780204e-01   1.6377943e+01   4.0777086e+00   6.9428108e+00   3.2830258e+00   1.8988919e-02   5.4403021e-01   1.1095204e-01   5.3727422e+01   4.4071660e+01   6.3166230e+01   5.3928436e+01   2.9922224e+01   6.1380472e+01   4.9226792e+01   3.6763955e+01   4.6261366e+01   3.6227827e+01   1.1259938e+01
   2.9818270e-01   3.6693610e+03   4.4875712e+03   9.4381090e+00   3.2692905e+01   4.8017647e+01   2.7999977e+03   6.4597790e+01   1.2289261e+02   4.0273365e-01   9.2559531e+01   4.7999531e+01   2.7047339e+03   2.5010596e+01   4.8343756e+01   3.3324990e+03   2.2806541e+01   6.7118182e+01   1.2748855e+00   2.7510571e+02   1.0232784e+02   9.3088160e+01   3.2339527e+01   1.5711224e+01   1.8748431e+01   5.9606073e+00   1.6143618e+01   3.0448625e+00   3.2840642e+01   2.2821133e+01   1.2557821e+01   7.7325538e-01   1.6230004e+01   4.1031968e+00   6.9373627e+00   3.3276440e+00   8.5586607e-04   5.4048656e-01   1.3797831e-01   5.4008548e+01   4.3925874e+01   6.3184950e+01   5.3933319e+01   2.9294066e+01   6.1629959e+01   4.8960276e+01   3.6780359e+01   4.6262247e+01   3.6044272e+01   1.0377993e+01
   2.9773991e-01   3.6954078e+03   4.5214169e+03   9.3572282e+00   3.2397140e+01   4.7858401e+01   2.7992583e+03   6.4131879e+01   1.2289176e+02   4.0563859e-01   9.2478753e+01   5.0015400e+01   2.7035927e+03   2.4874384e+01   4.9777486e+01   3.3319918e+03   2.2895105e+01   6.7118885e+01   9.9155191e-01   2.7534500e+02   1.0233948e+02   9.3222931e+01   3.2248820e+01   1.5777936e+01   1.8618578e+01   5.9990898e+00   1.6275363e+01   3.0929972e+00   3.2349001e+01   2.3033788e+01   1.3338729e+01   1.0726535e+00   1.6097357e+01   4.0611796e+00   6.8834972e+00   3.3360820e+00   8.5586607e-04   5.4048656e-01   1.3797831e-01   5.4008548e+01   4.3925874e+01   6.3156431e+01   5.3954428e+01   2.9457602e+01   6.1384868e+01   4.8935394e+01   3.6749908e+01   4.6260182e+01   3.6190400e+01   1.2759652e+01
   2.9802664e-01   3.6429900e+03   4.4972117e+03   9.3454080e+00   3.2461357e+01   4.7713805e+01   2.8004969e+03   6.5468887e+01   1.2288531e+02   3.9928123e-01   9.2581712e+01   4.9151332e+01   2.7045684e+03   2.4949967e+01   5.1366571e+01   3.3320968e+03   2.3052657e+01   6.7127213e+01  -6.7846020e-01   2.7569146e+02   1.0236182e+02   9.3356164e+01   3.2016376e+01   1.5647857e+01   1.9021969e+01   5.8806585e+00   1.6656826e+01   3.0702882e+00   3.2503884e+01   2.2853325e+01   1.3426642e+01   9.1040974e-01   1.6099613e+01   4.0983549e+00   6.8131590e+00   3.3370219e+00   8.5586607e-04   5.4048656e-01   1.3797831e-01   5.4008548e+01   4.3925874e+01   6.3146596e+01   5.3962050e+01   2.9433639e+01   6.1469078e+01   4.8741323e+01   3.6819211e+01   4.6215667e+01   3.6237159e+01   9.3795841e+00
   3.0730106e-01   3.6775188e+03   4.5334661e+03   9.4118475e+00   3.2504499e+01   4.7994867e+01   2.7993538e+03   6.5255294e+01   1.2290773e+02   4.0308415e-01   9.2540508e+01   4.8389557e+01   2.7046351e+03   2.4924534e+01   5.0602611e+01   3.3322782e+03   2.2807881e+01   6.7129007e+01   2.1939939e+00   2.7512234e+02   1.0230967e+02   9.3292704e+01   3.2523389e+01   1.5710165e+01   1.9058597e+01   5.9999879e+00   1.6785616e+01   3.0467354e+00   3.3024006e+01   2.2916921e+01   1.3112992e+01   8.5010117e-01   1.6242858e+01   4.0670689e+00   6.8748068e+00   3.3874255e+00   2.8974154e-03   5.3500711e-01   1.3938958e-01   5.4507782e+01   4.3816345e+01   6.3137750e+01   5.4031359e+01   3.0088174e+01   6.1401400e+01   4.8637070e+01   3.6800039e+01   4.6271494e+01   3.6074420e+01   9.5593755e+00
   3.0505937e-01   3.6688325e+03   4.5316299e+03   9.2926972e+00   3.3031112e+01   4.8098173e+01   2.7994057e+03   6.4780056e+01   1.2290305e+02   4.0243821e-01   9.2443683e+01   4.8708276e+01   2.7035733e+03   2.4804182e+01   5.1095997e+01   3.3316885e+03   2.2770202e+01   6.7138987e+01   6.5029169e-01   2.7501162e+02   1.0236433e+02   9.3132931e+01   3.2522705e+01   1.5601598e+01   1.8588966e+01   6.0874149e+00   1.6901221e+01   3.0841783e+00   3.2531299e+01   2.2894687e+01   1.3270726e+01   5.7951179e-01   1.5820399e+01   4.0877309e+00   6.8468757e+00   3.3547758e+00   2.8974154e-03   5.3500711e-01   1.3938958e-01   5.4507782e+01   4.3816345e+01   6.3095772e+01   5.4061472e+01   3.0139780e+01   6.1256947e+01   4.8573444e+01   3.6783550e+01   4.6259023e+01   3.6141225e+01   1.2803683e+01
   3.0037886e-01   3.6871078e+03   4.5130355e+03   9.3150135e+00   3.2520715e+01   4.8353680e+01   2.8003903e+03   6.5655507e+01   1.2289545e+02   3.9813651e-01   9.2580864e+01   4.9438936e+01   2.7049396e+03   2.4838927e+01   5.0147207e+01   3.3331471e+03   2.2832266e+01   6.7159815e+01  -2.1233358e+00   2.7537205e+02   1.0235115e+02   9.3230664e+01   3.2554502e+01   1.5791139e+01   1.8534538e+01   5.9823226e+00   1.7133367e+01   3.0218736e+00   3.2768924e+01   2.2848465e+01   1.2873648e+01   8.8993453e-01   1.5825871e+01   4.0687915e+00   6.7916267e+00   3.3394529e+00   7.1604634e-04   5.3880026e-01   1.3193916e-01   5.3602139e+01   4.4093433e+01   6.3060116e+01   5.4072642e+01   2.9593488e+01   6.1443194e+01   4.8495105e+01   3.6798040e+01   4.6264701e+01   3.6272003e+01   1.5667271e+01
   2.9766299e-01   3.6536480e+03   4.4807232e+03   9.3688486e+00   3.2450698e+01   4.8113122e+01   2.8003621e+03   6.5118176e+01   1.2288491e+02   3.9803081e-01   9.2497085e+01   4.8642798e+01   2.7043184e+03   2.4687101e+01   4.9725092e+01   3.3326565e+03   2.2919670e+01   6.7126147e+01   1.6143597e+00   2.7520846e+02   1.0236402e+02   9.3379965e+01   3.2562185e+01   1.5721929e+01   1.8990579e+01   6.0010432e+00   1.6634107e+01   2.9917451e+00   3.2909757e+01   2.2825299e+01   1.2999228e+01   7.9288025e-01   1.6042054e+01   4.0148001e+00   6.8621741e+00   3.3082963e+00   7.1604634e-04   5.3880026e-01   1.3193916e-01   5.3602139e+01   4.4093433e+01   6.3133349e+01   5.3985432e+01   2.9160087e+01   6.1496679e+01   4.8561773e+01   3.6796403e+01   4.6287547e+01   3.6235362e+01   1.4129867e+01
   3.0128548e-01   3.6559231e+03   4.4803171e+03   9.4454700e+00   3.2714957e+01   4.8070438e+01   2.8003147e+03   6.5079637e+01   1.2290800e+02   4.0229894e-01   9.2543120e+01   5.0037496e+01   2.7048472e+03   2.4866571e+01   5.0507036e+01   3.3326561e+03   2.2826125e+01   6.7178706e+01   1.9445329e+00   2.7543171e+02   1.0236130e+02   9.3284362e+01   3.2483097e+01   1.5951591e+01   1.8838595e+01   6.0291585e+00   1.6444510e+01   3.0378264e+00   3.2832073e+01   2.2912715e+01   1.3422941e+01   8.9723910e-01   1.5832366e+01   4.0470794e+00   6.8455013e+00   3.3974461e+00   7.1604634e-04   5.3880026e-01   1.3193916e-01   5.3602139e+01   4.4093433e+01   6.3167012e+01   5.3940831e+01   2.9439274e+01   6.1332522e+01   4.8923916e+01   3.6759919e+01   4.6258983e+01   3.6291768e+01   1.1503560e+01
   3.0127956e-01   3.6769326e+03   4.4863793e+03   9.4105451e+00   3.2427826e+01   4.7877179e+01   2.7990929e+03   6.4574407e+01   1.2290306e+02   4.0010876e-01   9.2482263e+01   4.9160441e+01   2.7038455e+03   2.4916868e+01   5.1292416e+01   3.3310825e+03   2.2965423e+01   6.7159613e+01   8.2908725e-01   2.7542221e+02   1.0234591e+02   9.3251293e+01   3.2766880e+01   1.5719929e+01   1.8747782e+01   5.8633322e+00   1.6746543e+01   3.0621876e+00   3.2525633e+01   2.2919776e+01   1.3310293e+01   8.9171827e-01   1.6450747e+01   4.0213683e+00   6.7979203e+00   3.3459630e+00   1.7777142e-02   5.4496774e-01   1.3456254e-01   5.3854634e+01   4.3453346e+01   6.3170065e+01   5.3922452e+01   2.9457830e+01   6.1359182e+01   4.8781513e+01   3.6751533e+01   4.6248465e+01   3.6132835e+01   1.0486280e+01
   2.9483492e-01   3.6871512e+03   4.5329080e+03   9.3594328e+00   3.2773801e+01   4.8096000e+01   2.7990871e+03   6.5007318e+01   1.2289799e+02   4.0045218e-01   9.2482704e+01   4.7875523e+01   2.7037145e+03   2.4980677e+01   5.2456531e+01   3.3307650e+03   2.2992463e+01   6.7163681e+01   1.5688743e-02   2.7561232e+02   1.0235177e+02   9.3279152e+01   3.2292343e+01   1.5625914e+01   1.8594601e+01   6.0499525e+00   1.7001392e+01   3.0012177e+00   3.2452705e+01   2.2758933e+01   1.3088666e+01   8.8403775e-01   1.6303811e+01   4.0116859e+00   6.9074496e+00   3.3400399e+00   1.7777142e-02   5.4496774e-01   1.3456254e-01   5.3854634e+01   4.3453346e+01   6.3174189e+01   5.3949285e+01   2.9141059e+01   6.1379675e+01   4.8385836e+01   3.6777736e+01   4.6295273e+01   3.6104779e+01   1.0443109e+01
   2.9342724e-01   3.6587123e+03   4.5210384e+03   9.3147376e+00   3.2599686e+01   4.8178045e+01   2.7998762e+03   6.5716620e+01   1.2290700e+02   3.9651087e-01   9.2512917e+01   4.9098511e+01   2.7037943e+03   2.4625416e+01   5.1206203e+01   3.3321437e+03   2.3022309e+01   6.7166694e+01   8.9069429e-01   2.7514572e+02   1.0234959e+02   9.3074404e+01   3.2752291e+01   1.5953729e+01   1.9275823e+01   6.1312326e+00   1.6526214e+01   3.0636698e+00   3.2307478e+01   2.3040027e+01   1.3085192e+01   1.0678058e+00   1.6074052e+01   4.0266347e+00   6.9069917e+00   3.3610711e+00   7.5116059e-03   5.2817450e-01   1.3691809e-01   5.3465060e+01   4.4023838e+01   6.3166479e+01   5.3941964e+01   2.9062785e+01   6.1459504e+01   4.8104011e+01   3.6779775e+01   4.6247490e+01   3.6295856e+01   1.0837961e+01
   2.9975667e-01   3.6860210e+03   4.5300638e+03   9.3258571e+00   3.2658229e+01   4.8386518e+01   2.7997400e+03   6.5793380e+01   1.2290822e+02   3.9502202e-01   9.2600627e+01   4.8559220e+01   2.7045018e+03   2.4760568e+01   5.1912721e+01   3.3314312e+03   2.2924894e+01   6.7173034e+01  -5.2754858e-01   2.7583623e+02   1.0235311e+02   9.3469882e+01   3.1865496e+01   1.5618328e+01   1.8720127e+01   6.0062905e+00   1.6304278e+01   3.0369147e+00   3.2282440e+01   2.2826920e+01   1.3155227e+01   9.5296568e-01   1.6024395e+01   4.0881021e+00   6.7985028e+00   3.2774741e+00   7.5116059e-03   5.2817450e-01   1.3691809e-01   5.3465060e+01   4.4023838e+01   6.3212100e+01   5.3890012e+01   2.9508604e+01   6.1201517e+01   4.7680244e+01   3.6759182e+01   4.6264733e+01   3.6213229e+01   1.2728801e+01
   3.0133984e-01   3.6654294e+03   4.4982769e+03   9.4019171e+00   3.2636262e+01   4.8067985e+01   2.7978347e+03   6.4996112e+01   1.2289463e+02   3.8477331e-01   9.2369697e+01   5.0248266e+01   2.7023245e+03   2.5048720e+01   5.1911280e+01   3.3303612e+03   2.2948988e+01   6.7145574e+01   2.7112148e-01   2.7492067e+02   1.0236858e+02   9.3093731e+01   3.2203686e+01   1.5858148e+01   1.8723650e+01   6.1904995e+00   1.6230800e+01   3.0548887e+00   3.2796302e+01   2.2863585e+01   1.3518167e+01   1.0426836e+00   1.6200985e+01   4.0326255e+00   6.8904226e+00   3.3143810e+00   7.5116059e-03   5.2817450e-01   1.3691809e-01   5.3465060e+01   4.4023838e+01   6.3209543e+01   5.3856584e+01   2.9716979e+01   6.1430003e+01   4.6891916e+01   3.6748788e+01   4.6241593e+01   3.6019635e+01   1.1502396e+01
   2.9894065e-01   3.6649118e+03   4.5305154e+03   9.4446427e+00   3.2703882e+01   4.7879809e+01   2.7996413e+03   6.5036140e+01   1.2290130e+02   3.8502508e-01   9.2442835e+01   5.0062017e+01   2.7038731e+03   2.4935664e+01   5.2572637e+01   3.3319475e+03   2.3031129e+01   6.7138776e+01   1.6913130e+00   2.7536738e+02   1.0235626e+02   9.3120782e+01   3.2002089e+01   1.5816194e+01   1.9115106e+01   5.9889466e+00   1.6771411e+01   3.0430927e+00   3.2439977e+01   2.2753469e+01   1.3132204e+01   1.0713228e+00   1.6306658e+01   4.0101902e+00   6.9475801e+00   3.3366086e+00  -6.3537754e-03   5.4852084e-01   1.1939350e-01   5.3589993e+01   4.3795628e+01   6.3225044e+01   5.3885451e+01   2.9605448e+01   6.1473614e+01   4.6685275e+01   3.6766930e+01   4.6270137e+01   3.6162405e+01   9.6116994e+00
   3.0608498e-01   3.6761075e+03   4.5160215e+03   9.3559103e+00   3.2710007e+01   4.7990479e+01   2.8005096e+03   6.5285437e+01   1.2291243e+02   3.8652271e-01   9.2526092e+01   4.9303474e+01   2.7049347e+03   2.4775276e+01   5.0569795e+01   3.3329939e+03   2.2788811e+01   6.7139847e+01   9.2837211e-02   2.7535458e+02   1.0232337e+02   9.3056280e+01   3.2409560e+01   1.5719361e+01   1.8496367e+01   5.9118984e+00   1.6468688e+01   3.0565629e+00   3.2676404e+01   2.2868855e+01   1.3885440e+01   8.7677661e-01   1.6175249e+01   3.9908159e+00   6.7924630e+00   3.3865658e+00  -6.3537754e-03   5.4852084e-01   1.1939350e-01   5.3589993e+01   4.3795628e+01   6.3211435e+01   5.3885773e+01   3.0167708e+01   6.1377211e+01   4.6789342e+01   3.6783482e+01   4.6274792e+01   3.6199851e+01   1.3496515e+01
   2.9987233e-01   3.6672974e+03   4.5396430e+03   9.3589388e+00   3.2672673e+01   4.8218797e+01   2.8003251e+03   6.5173949e+01   1.2287496e+02   3.8885938e-01   9.2427341e+01   4.8208969e+01   2.7043313e+03   2.4799286e+01   4.9691892e+01   3.3331703e+03   2.3120986e+01   6.7151998e+01   6.5120797e-01   2.7534997e+02   1.0234345e+02   9.3096109e+01   3.2327645e+01   1.6011985e+01   1.9365508e+01   5.9731243e+00   1.6542688e+01   2.9868625e+00   3.2819843e+01   2.3202031e+01   1.3177610e+01   8.4486905e-01   1.5991531e+01   4.0031523e+00   6.7956691e+00   3.3623720e+00   7.3542105e-03   5.4391849e-01   1.1389741e-01   5.3731846e+01   4.3737998e+01   6.3227453e+01   5.3878297e+01   2.9456486e+01   6.1513005e+01   4.7220580e+01   3.6790405e+01   4.6280589e+01   3.6175516e+01   1.3500922e+01
   3.0693603e-01   3.6559990e+03   4.4784397e+03   9.2705095e+00   3.2698891e+01   4.7914246e+01   2.8000124e+03   6.5013687e+01   1.2288535e+02   3.9148872e-01   9.2448307e+01   5.1405090e+01   2.7044211e+03   2.5198512e+01   5.0128430e+01   3.3324373e+03   2.2944961e+01   6.7154990e+01  -7.1509724e-01   2.7551468e+02   1.0234426e+02   9.3199744e+01   3.2494679e+01   1.5715549e+01   1.9099699e+01   5.8840963e+00   1.6353184e+01   2.9949453e+00   3.2481074e+01   2.3016567e+01   1.2839995e+01   9.3358448e-01   1.5985613e+01   3.9919072e+00   6.8047561e+00   3.3672541e+00   7.3542105e-03   5.4391849e-01   1.1389741e-01   5.3731846e+01   4.3737998e+01   6.3225675e+01   5.3917854e+01   3.0158513e+01   6.1199034e+01   4.7546617e+01   3.6762681e+01   4.6287867e+01   3.6236935e+01   9.0258595e+00
   3.0531999e-01   3.6687879e+03   4.5004386e+03   9.3625625e+00   3.2573061e+01   4.7885490e+01   2.8000444e+03   6.4240144e+01   1.2288741e+02   3.9102111e-01   9.2489405e+01   4.9444361e+01   2.7043047e+03   2.4705106e+01   5.0408267e+01   3.3326019e+03   2.2695300e+01   6.7172268e+01  -9.7118621e-02   2.7513933e+02   1.0235528e+02   9.3084704e+01   3.1834289e+01   1.5707614e+01   1.9493506e+01   5.9809663e+00   1.6464737e+01   2.9830012e+00   3.2442645e+01   2.2970368e+01   1.3303631e+01   8.1306300e-01   1.5672232e+01   4.0071400e+00   6.8168869e+00   3.3383475e+00   7.3542105e-03   5.4391849e-01   1.1389741e-01   5.3731846e+01   4.3737998e+01   6.3204000e+01   5.3925907e+01   3.0148592e+01   6.1250601e+01   4.7574176e+01   3.6783210e+01   4.6279714e+01   3.6193162e+01   1.3331981e+01
   3.1512877e-01   3.6738986e+03   4.5447026e+03   9.3341447e+00   3.2748431e+01   4.8359561e+01   2.7987502e+03   6.4955263e+01   1.2290501e+02   3.9167332e-01   9.2467541e+01   4.9781593e+01   2.7038964e+03   2.4810002e+01   5.0977553e+01   3.3319526e+03   2.2908213e+01   6.7175019e+01  -1.2900669e+00   2.7530886e+02   1.0235955e+02   9.3131021e+01   3.2060044e+01   1.5789452e+01   1.8514504e+01   6.0035617e+00   1.6354706e+01   3.0145120e+00   3.2581677e+01   2.2976965e+01   1.3208575e+01   7.4096562e-01   1.5986958e+01   4.0587055e+00   6.6861148e+00   3.3024331e+00   1.0954441e-02   5.3800850e-01   1.3219802e-01   5.4351340e+01   4.3909582e+01   6.3166436e+01   5.3982103e+01   3.1132810e+01   6.1181777e+01   4.7282442e+01   3.6809700e+01   4.6325591e+01   3.6278396e+01   1.2702428e+01
   3.0932766e-01   3.7005748e+03   4.4917696e+03   9.4414041e+00   3.2545482e+01   4.7822499e+01   2.8005981e+03   6.5400273e+01   1.2288996e+02   3.9091070e-01   9.2457522e+01   4.8909639e+01   2.7052646e+03   2.5041625e+01   5.1066132e+01   3.3330262e+03   2.2822903e+01   6.7174987e+01   1.4430508e+00   2.7514497e+02   1.0236256e+02   9.3065068e+01   3.1856223e+01   1.5703004e+01   1.8709834e+01   5.9688178e+00   1.6871970e+01   3.0514767e+00   3.3121688e+01   2.2974806e+01   1.3229158e+01   7.7155205e-01   1.6309229e+01   4.0268459e+00   6.8154629e+00   3.4146575e+00   1.0954441e-02   5.3800850e-01   1.3219802e-01   5.4351340e+01   4.3909582e+01   6.3120666e+01   5.4026735e+01   3.0376432e+01   6.1465187e+01   4.7435980e+01   3.6815504e+01   4.6321929e+01   3.6298625e+01   1.3443618e+01
   3.0836793e-01   3.6895277e+03   4.4909644e+03   9.4065026e+00   3.2536571e+01   4.7889034e+01   2.8027511e+03   6.4652158e+01   1.2292066e+02   3.9280814e-01   9.2595263e+01   4.9128141e+01   2.7067967e+03   2.4823576e+01   5.1692857e+01   3.3342816e+03   2.2967591e+01   6.7146285e+01  -8.1160510e-01   2.7559148e+02   1.0233617e+02   9.3621716e+01   3.2029389e+01   1.5891149e+01   1.8586230e+01   6.0359644e+00   1.6472805e+01   2.9817625e+00   3.2772383e+01   2.2957205e+01   1.3132499e+01   8.5660948e-01   1.5837717e+01   3.9648361e+00   6.8260503e+00   3.3187164e+00   1.7402891e-02   5.4452821e-01   1.3730388e-01   5.4100384e+01   4.3085431e+01   6.3068338e+01   5.4034343e+01   3.0338736e+01   6.1444753e+01   4.7810777e+01   3.6823997e+01   4.6271951e+01   3.6343969e+01   1.1247464e+01
   3.0534243e-01   3.6486471e+03   4.5620456e+03   9.3686157e+00   3.2696420e+01   4.7727265e+01   2.8017104e+03   6.5392453e+01   1.2291561e+02   4.0507290e-01   9.2460104e+01   4.8728141e+01   2.7060745e+03   2.5064306e+01   5.1953114e+01   3.3342624e+03   2.2910187e+01   6.7169333e+01  -1.4206909e+00   2.7544712e+02   1.0232708e+02   9.3339456e+01   3.2562405e+01   1.5954099e+01   1.8957207e+01   5.9163048e+00   1.6056095e+01   2.9610283e+00   3.2890734e+01   2.2792856e+01   1.3271263e+01   9.6509542e-01   1.5992438e+01   4.0111054e+00   6.8378761e+00   3.3324641e+00   1.7402891e-02   5.4452821e-01   1.3730388e-01   5.4100384e+01   4.3085431e+01   6.3077291e+01   5.4010803e+01   3.0044914e+01   6.1508487e+01   4.9135560e+01   3.6782602e+01   4.6282298e+01   3.6363663e+01   1.0320597e+01
   3.0519440e-01   3.6810446e+03   4.5276005e+03   9.4560891e+00   3.2795771e+01   4.7801951e+01   2.8018633e+03   6.5826925e+01   1.2289180e+02   4.1023427e-01   9.2549314e+01   4.9277130e+01   2.7065711e+03   2.4871914e+01   5.0896055e+01   3.3344415e+03   2.2783103e+01   6.7195494e+01   5.2074549e-01   2.7534984e+02   1.0237875e+02   9.3382976e+01   3.2433583e+01   1.5891929e+01   1.8460534e+01   5.9567843e+00   1.6337696e+01   2.9544702e+00   3.2813391e+01   2.3183328e+01   1.3045513e+01   9.6967766e-01   1.5974602e+01   4.0143612e+00   6.8187632e+00   3.3619023e+00   1.7402891e-02   5.4452821e-01   1.3730388e-01   5.4100384e+01   4.3085431e+01   6.3084026e+01   5.4011329e+01   2.9953099e+01   6.1308279e+01   4.9978835e+01   3.6784650e+01   4.6287434e+01   3.6331547e+01   1.2296293e+01
   3.0051962e-01   3.6700197e+03   4.5292207e+03   9.4070438e+00   3.2354359e+01   4.7938961e+01   2.8011336e+03   6.4753631e+01   1.2288518e+02   4.1613525e-01   9.2476002e+01   4.9859726e+01   2.7052653e+03   2.4840908e+01   5.0663383e+01   3.3335926e+03   2.2903248e+01   6.7166230e+01  -1.2824763e+00   2.7585698e+02   1.0236196e+02   9.3256107e+01   3.2362595e+01   1.5629115e+01   1.8437023e+01   5.8858968e+00   1.6640513e+01   2.9533472e+00   3.2291440e+01   2.3030821e+01   1.3144956e+01   9.5365938e-01   1.6344255e+01   3.9790681e+00   6.8880976e+00   3.3910840e+00   7.8404503e-03   5.4358211e-01   1.3006542e-01   5.3670632e+01   4.3957153e+01   6.3095804e+01   5.3975546e+01   2.9366284e+01   6.1448565e+01   5.0320635e+01   3.6783816e+01   4.6252950e+01   3.6224343e+01   1.1337053e+01
   2.9535999e-01   3.6959181e+03   4.5075230e+03   9.4641785e+00   3.2587904e+01   4.8207564e+01   2.8007036e+03   6.5061160e+01   1.2291126e+02   4.1551262e-01   9.2464300e+01   4.9125173e+01   2.7050521e+03   2.4676420e+01   5.2363351e+01   3.3334112e+03   2.2807237e+01   6.7146904e+01  -2.9753769e-01   2.7573630e+02   1.0236729e+02   9.3434680e+01   3.1824326e+01   1.5852700e+01   1.8548958e+01   5.9412233e+00   1.6513301e+01   3.0178417e+00   3.2486519e+01   2.2913223e+01   1.3230334e+01   9.2273187e-01   1.5832783e+01   3.9348207e+00   6.8336832e+00   3.3245433e+00   7.8404503e-03   5.4358211e-01   1.3006542e-01   5.3670632e+01   4.3957153e+01   6.3139037e+01   5.3960103e+01   2.9021255e+01   6.1514670e+01   5.0567112e+01   3.6788836e+01   4.6258857e+01   3.6247777e+01   1.0237633e+01
   2.9985285e-01   3.6901884e+03   4.4837037e+03   9.3105768e+00   3.2381494e+01   4.7909040e+01   2.8010830e+03   6.5423274e+01   1.2290295e+02   4.1963423e-01   9.2489329e+01   4.9323437e+01   2.7053691e+03   2.4849240e+01   5.0726034e+01   3.3338438e+03   2.2996499e+01   6.7204191e+01   1.2823883e+00   2.7555457e+02   1.0236009e+02   9.3368738e+01   3.2246347e+01   1.5973678e+01   1.9457501e+01   5.8801804e+00   1.6737298e+01   2.9742845e+00   3.2523097e+01   2.2856648e+01   1.3438497e+01   1.0648150e+00   1.6255259e+01   3.9999652e+00   6.9025362e+00   3.3169536e+00  -8.9855754e-03   5.4704381e-01   1.2229780e-01   5.3567252e+01   4.3945826e+01   6.3155293e+01   5.3930832e+01   2.9318843e+01   6.1523439e+01   5.1122466e+01   3.6824586e+01   4.6272882e+01   3.6199427e+01   1.2230061e+01
   3.0878266e-01   3.6571752e+03   4.5059757e+03   9.2716665e+00   3.2506944e+01   4.8068884e+01   2.7991128e+03   6.5202210e+01   1.2290649e+02   4.2297355e-01   9.2521485e+01   4.8378692e+01   2.7041462e+03   2.4812563e+01   5.0318238e+01   3.3313704e+03   2.2969175e+01   6.7208298e+01  -6.8558713e-01   2.7553080e+02   1.0237654e+02   9.3318320e+01   3.2544654e+01   1.5747873e+01   1.9049959e+01   6.0443317e+00   1.6575835e+01   2.9679033e+00   3.2376337e+01   2.2843730e+01   1.3022293e+01   7.8586069e-01   1.6121031e+01   3.9364738e+00   6.8261308e+00   3.3363398e+00  -8.9855754e-03   5.4704381e-01   1.2229780e-01   5.3567252e+01   4.3945826e+01   6.3186551e+01   5.3912658e+01   3.0286244e+01   6.1201224e+01   5.1126123e+01   3.6764668e+01   4.6293766e+01   3.6070218e+01   1.2211742e+01
   3.0697941e-01   3.6831486e+03   4.5173282e+03   9.2805496e+00   3.2520029e+01   4.7947981e+01   2.7980711e+03   6.5387956e+01   1.2288243e+02   4.1571313e-01   9.2489348e+01   4.8107542e+01   2.7025534e+03   2.4773907e+01   5.0952237e+01   3.3303363e+03   2.2847158e+01   6.7231572e+01   2.8867197e-01   2.7515541e+02   1.0238094e+02   9.3066320e+01   3.2181431e+01   1.5814824e+01   1.8467221e+01   5.9888434e+00   1.6188181e+01   2.9597993e+00   3.2750749e+01   2.2968243e+01   1.2968790e+01   6.0506194e-01   1.6318196e+01   3.9661475e+00   6.8947765e+00   3.3274771e+00  -8.9855754e-03   5.4704381e-01   1.2229780e-01   5.3567252e+01   4.3945826e+01   6.3193974e+01   5.3890816e+01   3.0160073e+01   6.1232090e+01   5.0339622e+01   3.6758757e+01   4.6301264e+01   3.6094678e+01   1.3157744e+01
   2.9973241e-01   3.6848938e+03   4.4920975e+03   9.4967015e+00   3.2348481e+01   4.8149233e+01   2.7989240e+03   6.4630261e+01   1.2288669e+02   4.0657240e-01   9.2573551e+01   5.0081752e+01   2.7034377e+03   2.4875318e+01   5.0432028e+01   3.3308154e+03   2.2831204e+01   6.7178847e+01  -2.3474192e+00   2.7544531e+02   1.0235952e+02   9.3360614e+01   3.2176935e+01   1.5905956e+01   1.9037356e+01   5.9278329e+00   1.6800433e+01   2.9453688e+00   3.2145460e+01   2.2937532e+01   1.3630932e+01   1.0525923e+00   1.6014101e+01   3.9653122e+00   6.9021927e+00   3.4464219e+00   1.7334782e-02   5.2804507e-01   1.1989065e-01   5.3445672e+01   4.4426023e+01   6.3193163e+01   5.3876097e+01   2.9635702e+01   6.1537510e+01   4.9049360e+01   3.6781127e+01   4.6300760e+01   3.6190196e+01   1.1962342e+01
   3.0456621e-01   3.6553763e+03   4.5031056e+03   9.2868711e+00   3.2809824e+01   4.8254829e+01   2.7979078e+03   6.4822140e+01   1.2290905e+02   3.9693539e-01   9.2500010e+01   4.8955785e+01   2.7028114e+03   2.4998521e+01   4.9635264e+01   3.3304590e+03   2.2837222e+01   6.7213171e+01  -8.5207485e-01   2.7551242e+02   1.0238069e+02   9.3411346e+01   3.2365200e+01   1.5782550e+01   1.8620375e+01   5.9934966e+00   1.6883994e+01   2.9562471e+00   3.2225736e+01   2.2750525e+01   1.3217375e+01   8.0165860e-01   1.5486771e+01   3.9341416e+00   6.7759843e+00   3.3155993e+00   1.7334782e-02   5.2804507e-01   1.1989065e-01   5.3445672e+01   4.4426023e+01   6.3209292e+01   5.3874815e+01   3.0035772e+01   6.1337666e+01   4.8338806e+01   3.6787008e+01   4.6307123e+01   3.6218061e+01   1.1915921e+01
   3.0212770e-01   3.6965972e+03   4.4754142e+03   9.3049052e+00   3.2750216e+01   4.7721610e+01   2.7977720e+03   6.4374438e+01   1.2291015e+02   3.9345778e-01   9.2501603e+01   5.0244868e+01   2.7029503e+03   2.4838104e+01   5.1082822e+01   3.3306806e+03   2.2873052e+01   6.7233255e+01   6.1477914e-01   2.7482439e+02   1.0231887e+02   9.3033819e+01   3.2363313e+01   1.5687607e+01   1.8678984e+01   5.8441607e+00   1.6670764e+01   2.9742435e+00   3.2684632e+01   2.2996695e+01   1.3500121e+01   8.6638658e-01   1.5619491e+01   3.9850622e+00   6.8954462e+00   3.3526489e+00   3.6693285e-03   5.6958153e-01   1.3643486e-01   5.3284378e+01   4.3194361e+01   6.3213737e+01   5.3847452e+01   2.9622641e+01   6.1387262e+01   4.7793352e+01   3.6765844e+01   4.6305177e+01   3.6074813e+01   8.0016157e+00
   2.9843518e-01   3.6928933e+03   4.5034018e+03   9.3042180e+00   3.2655487e+01   4.8400475e+01   2.7990231e+03   6.4582455e+01   1.2290349e+02   3.9092584e-01   9.2572710e+01   4.9050665e+01   2.7038432e+03   2.4856681e+01   5.0690713e+01   3.3315423e+03   2.3028511e+01   6.7216574e+01  -6.6540956e-02   2.7540124e+02   1.0232927e+02   9.3319955e+01   3.1909229e+01   1.5789000e+01   1.9031013e+01   5.9381836e+00   1.6414495e+01   2.9525568e+00   3.2373251e+01   2.2690822e+01   1.3678286e+01   8.5527165e-01   1.6107633e+01   3.8917770e+00   6.8320445e+00   3.2947952e+00   3.6693285e-03   5.6958153e-01   1.3643486e-01   5.3284378e+01   4.3194361e+01   6.3236987e+01   5.3825682e+01   2.9439793e+01   6.1431665e+01   4.7294472e+01   3.6769699e+01   4.6281238e+01   3.6136126e+01   1.2358533e+01
   3.0487306e-01   3.6471308e+03   4.5122795e+03   9.2870546e+00   3.2879571e+01   4.7648178e+01   2.7998628e+03   6.5282933e+01   1.2291364e+02   3.8873960e-01   9.2561713e+01   4.8692798e+01   2.7041988e+03   2.5006152e+01   5.0638256e+01   3.3315433e+03   2.2984684e+01   6.7215766e+01  -2.3099919e+00   2.7544106e+02   1.0234253e+02   9.3391433e+01   3.2141427e+01   1.5668493e+01   1.8367529e+01   5.9747549e+00   1.6431962e+01   2.9459320e+00   3.2986316e+01   2.2881518e+01   1.3045906e+01   9.6606573e-01   1.6103396e+01   3.9573679e+00   6.9125700e+00   3.3536766e+00   3.6693285e-03   5.6958153e-01   1.3643486e-01   5.3284378e+01   4.3194361e+01   6.3256613e+01   5.3807529e+01   3.0089870e+01   6.1329635e+01   4.7158882e+01   3.6763112e+01   4.6295009e+01   3.6328086e+01   9.7594928e+00
   2.9815148e-01   3.6765288e+03   4.5246302e+03   9.4814906e+00   3.2927017e+01   4.7643534e+01   2.7991042e+03   6.5149499e+01   1.2290145e+02   3.8693653e-01   9.2490221e+01   4.8629995e+01   2.7043337e+03   2.5047992e+01   4.9879760e+01   3.3319985e+03   2.2990861e+01   6.7199539e+01  -3.4252726e-01   2.7601263e+02   1.0233464e+02   9.3422172e+01   3.2317371e+01   1.5690050e+01   1.8756873e+01   6.0716041e+00   1.6124470e+01   2.9470232e+00   3.2931909e+01   2.2874039e+01   1.3237513e+01   7.0138716e-01   1.6222635e+01   3.9584091e+00   6.9497695e+00   3.3964628e+00   1.4892713e-02   5.4111904e-01   1.3350280e-01   5.4376014e+01   4.4896858e+01   6.3228218e+01   5.3892591e+01   2.9484707e+01   6.1568348e+01   4.6896338e+01   3.6756847e+01   4.6312358e+01   3.6154003e+01   1.2253455e+01
   2.9976529e-01   3.6857968e+03   4.5039558e+03   9.3378227e+00   3.2596172e+01   4.7969314e+01   2.8009163e+03   6.4835142e+01   1.2289093e+02   3.8988293e-01   9.2521399e+01   5.0435003e+01   2.7050254e+03   2.4858991e+01   5.0764405e+01   3.3331248e+03   2.3033520e+01   6.7196232e+01   6.1048371e-01   2.7552854e+02   1.0232395e+02   9.3266194e+01   3.2481724e+01   1.5700737e+01   1.9056524e+01   6.0328631e+00   1.6702015e+01   2.9316882e+00   3.2598772e+01   2.2736981e+01   1.3835935e+01   8.3062967e-01   1.5987379e+01   3.9434925e+00   6.8484707e+00   3.3294879e+00   1.4892713e-02   5.4111904e-01   1.3350280e-01   5.4376014e+01   4.4896858e+01   6.3158892e+01   5.3981606e+01   2.9469593e+01   6.1420448e+01   4.7458797e+01   3.6745853e+01   4.6290773e+01   3.6319165e+01   1.1106078e+01
   3.0141887e-01   3.6646682e+03   4.4769248e+03   9.3630114e+00   3.2860048e+01   4.7896567e+01   2.8004673e+03   6.5326027e+01   1.2290234e+02   3.9536477e-01   9.2449092e+01   4.8259818e+01   2.7043762e+03   2.4702514e+01   5.0222297e+01   3.3321693e+03   2.2982426e+01   6.7193922e+01  -3.4914877e-01   2.7545656e+02   1.0236217e+02   9.3388273e+01   3.2172812e+01   1.5779403e+01   1.9041591e+01   5.8223774e+00   1.6550506e+01   2.9334405e+00   3.2991155e+01   2.2998362e+01   1.3273650e+01   8.4324545e-01   1.5961034e+01   3.9293136e+00   6.9560014e+00   3.3144773e+00   1.1653119e-02   5.0925196e-01   1.3028610e-01   5.3299163e+01   4.4670800e+01   6.3098636e+01   5.3986368e+01   2.9706950e+01   6.1267948e+01   4.7894945e+01   3.6741764e+01   4.6276025e+01   3.6265370e+01   1.0346216e+01
   3.0515220e-01   3.6580494e+03   4.5047424e+03   9.2998849e+00   3.2984456e+01   4.8089580e+01   2.8000803e+03   6.4251211e+01   1.2292060e+02   3.9780324e-01   9.2502596e+01   4.8706919e+01   2.7048545e+03   2.4969995e+01   5.0578313e+01   3.3331083e+03   2.2948819e+01   6.7200264e+01  -1.3250207e+00   2.7598413e+02   1.0235015e+02   9.3413314e+01   3.2246674e+01   1.5850054e+01   1.8754853e+01   6.0529411e+00   1.6558774e+01   2.9731903e+00   3.2495315e+01   2.2846550e+01   1.3277143e+01   1.0438001e+00   1.5994772e+01   3.9328867e+00   6.9141970e+00   3.3158602e+00   1.1653119e-02   5.0925196e-01   1.3028610e-01   5.3299163e+01   4.4670800e+01   6.3173194e+01   5.3885093e+01   3.0047495e+01   6.1311333e+01   4.8173787e+01   3.6749418e+01   4.6277264e+01   3.6289371e+01   1.2964464e+01
   3.0332551e-01   3.6554328e+03   4.5165511e+03   9.3679755e+00   3.2663119e+01   4.7769091e+01   2.8007813e+03   6.5245614e+01   1.2291175e+02   4.0061898e-01   9.2569643e+01   4.9464435e+01   2.7054214e+03   2.4901380e+01   4.9936147e+01   3.3334279e+03   2.2992284e+01   6.7220034e+01  -2.6108912e-01   2.7558902e+02   1.0232288e+02   9.3245614e+01   3.2355964e+01   1.5686183e+01   1.9060507e+01   6.1188780e+00   1.7039708e+01   2.9944821e+00   3.2883603e+01   2.2756370e+01   1.3328380e+01   7.4014643e-01   1.5659088e+01   3.9413495e+00   6.9407951e+00   3.3770845e+00   1.1653119e-02   5.0925196e-01   1.3028610e-01   5.3299163e+01   4.4670800e+01   6.3208376e+01   5.3801455e+01   2.9848355e+01   6.1434720e+01   4.8394898e+01   3.6791961e+01   4.6294364e+01   3.6300935e+01   1.1574712e+01
   3.0575164e-01   3.6846277e+03   4.4541474e+03   9.3768489e+00   3.2718193e+01   4.7676368e+01   2.7994635e+03   6.4611367e+01   1.2289134e+02   3.9543065e-01   9.2514585e+01   4.9164377e+01   2.7038691e+03   2.4963391e+01   5.2020253e+01   3.3315479e+03   2.2899624e+01   6.7219407e+01  -6.4762165e-01   2.7550643e+02   1.0236475e+02   9.3281082e+01   3.1826881e+01   1.5628410e+01   1.9059502e+01   5.8653683e+00   1.6358157e+01   2.9233934e+00   3.2588748e+01   2.2920249e+01   1.3427382e+01   8.3068477e-01   1.5896286e+01   3.9330953e+00   6.7352492e+00   3.3941837e+00   4.3752662e-03   5.3628261e-01   1.4154533e-01   5.2460556e+01   4.3755275e+01   6.3276067e+01   5.3729634e+01   3.0031566e+01   6.1235822e+01   4.8363825e+01   3.6758231e+01   4.6300769e+01   3.6171144e+01   1.3498824e+01
   3.1046835e-01   3.6978959e+03   4.4980302e+03   9.2880667e+00   3.2457669e+01   4.8002159e+01   2.7981242e+03   6.4686731e+01   1.2289486e+02   3.9406720e-01   9.2432718e+01   4.8283162e+01   2.7024336e+03   2.4859274e+01   5.1085735e+01   3.3300620e+03   2.2778066e+01   6.7231819e+01  -2.4505419e+00   2.7595175e+02   1.0237223e+02   9.3075226e+01   3.1651961e+01   1.5928361e+01   1.9010169e+01   5.9399011e+00   1.6466008e+01   2.9189359e+00   3.3296398e+01   2.2769056e+01   1.3939901e+01   9.0678803e-01   1.5871725e+01   3.9535259e+00   6.8801121e+00   3.3809989e+00   4.3752662e-03   5.3628261e-01   1.4154533e-01   5.2460556e+01   4.3755275e+01   6.3371749e+01   5.3633518e+01   3.0538854e+01   6.1300202e+01   4.7765637e+01   3.6776520e+01   4.6297867e+01   3.6151672e+01   1.0178442e+01
   3.1433010e-01   3.6821067e+03   4.4592600e+03   9.2596019e+00   3.2892595e+01   4.7792830e+01   2.7994164e+03   6.4359313e+01   1.2291055e+02   3.8570164e-01   9.2552962e+01   4.7951638e+01   2.7036481e+03   2.4762179e+01   5.1521080e+01   3.3315657e+03   2.2891220e+01   6.7228047e+01   6.3841210e-01   2.7558766e+02   1.0232680e+02   9.3278070e+01   3.2177991e+01   1.5901033e+01   1.9351871e+01   5.9769840e+00   1.6375585e+01   2.9109460e+00   3.2539369e+01   2.3119196e+01   1.3722579e+01   9.7153050e-01   1.5857101e+01   3.8898288e+00   6.8317805e+00   3.4003241e+00   2.4555016e-02   5.2950977e-01   1.2631079e-01   5.4090679e+01   4.3729986e+01   6.3426153e+01   5.3585344e+01   3.0925054e+01   6.1320983e+01   4.7163791e+01   3.6761943e+01   4.6270788e+01   3.6295938e+01   1.2990394e+01
   3.1720996e-01   3.6910547e+03   4.5032582e+03   9.2718847e+00   3.2841265e+01   4.7965726e+01   2.7993538e+03   6.5357317e+01   1.2291556e+02   3.8348443e-01   9.2609329e+01   5.1379931e+01   2.7034303e+03   2.5184510e+01   5.2109155e+01   3.3307568e+03   2.3004186e+01   6.7262932e+01   4.4478752e-01   2.7611683e+02   1.0231362e+02   9.3501135e+01   3.1945381e+01   1.5883334e+01   1.8898453e+01   5.8898740e+00   1.6412746e+01   2.9680709e+00   3.2531294e+01   2.2765079e+01   1.3425747e+01   8.0497823e-01   1.6031986e+01   3.9059509e+00   6.8079555e+00   3.3380333e+00   2.4555016e-02   5.2950977e-01   1.2631079e-01   5.4090679e+01   4.3729986e+01   6.3291648e+01   5.3784974e+01   3.1238782e+01   6.1129845e+01   4.6584860e+01   3.6788877e+01   4.6284504e+01   3.6348053e+01   1.2225376e+01
   3.1636397e-01   3.6764430e+03   4.5092085e+03   9.3231985e+00   3.2284159e+01   4.7931096e+01   2.7993896e+03   6.4962422e+01   1.2289543e+02   3.8218266e-01   9.2498700e+01   4.9162452e+01   2.7034445e+03   2.4908428e+01   5.1883272e+01   3.3304111e+03   2.2963143e+01   6.7265252e+01   1.2226316e+00   2.7568530e+02   1.0233279e+02   9.3330059e+01   3.1960484e+01   1.5780465e+01   1.8645613e+01   6.0920155e+00   1.6083383e+01   2.9283179e+00   3.2607078e+01   2.2997175e+01   1.3179204e+01   8.9533335e-01   1.5615411e+01   3.8873005e+00   6.8110784e+00   3.3537960e+00   2.4555016e-02   5.2950977e-01   1.2631079e-01   5.4090679e+01   4.3729986e+01   6.3224526e+01   5.3878738e+01   3.1073007e+01   6.1269957e+01   4.6070255e+01   3.6780161e+01   4.6288853e+01   3.6287774e+01   1.0227439e+01
   3.0995451e-01   3.7160373e+03   4.4999189e+03   9.3827426e+00   3.2924701e+01   4.8115925e+01   2.8010342e+03   6.5394597e+01   1.2291720e+02   3.8364561e-01   9.2607417e+01   4.9438767e+01   2.7057907e+03   2.4780722e+01   5.2203197e+01   3.3338392e+03   2.2860436e+01   6.7282108e+01  -9.5445430e-02   2.7568424e+02   1.0232838e+02   9.3360227e+01   3.2254143e+01   1.5816880e+01   1.9243993e+01   6.0966063e+00   1.6162303e+01   2.9514383e+00   3.2956133e+01   2.2985089e+01   1.3334618e+01   1.0750618e+00   1.6498311e+01   3.8919709e+00   6.8912621e+00   3.3492793e+00   9.7227997e-03   5.3260014e-01   1.1706907e-01   5.4598457e+01   4.4502724e+01   6.3161357e+01   5.3935663e+01   3.0693354e+01   6.1441268e+01   4.6476809e+01   3.6752434e+01   4.6307340e+01   3.6372705e+01   1.3684499e+01
   3.1435854e-01   3.6656509e+03   4.4953466e+03   9.3622280e+00   3.2888377e+01   4.8005572e+01   2.8006476e+03   6.4551151e+01   1.2289258e+02   3.8576816e-01   9.2525264e+01   4.9861418e+01   2.7048000e+03   2.4822555e+01   4.9374102e+01   3.3328571e+03   2.3012338e+01   6.7255140e+01  -1.4167585e+00   2.7598497e+02   1.0235204e+02   9.3696616e+01   3.2392400e+01   1.5837790e+01   1.8567623e+01   6.0456769e+00   1.6432790e+01   2.8724757e+00   3.2821347e+01   2.3106229e+01   1.3170535e+01   8.5266420e-01   1.5965029e+01   3.9115710e+00   6.9219567e+00   3.3025564e+00   9.7227997e-03   5.3260014e-01   1.1706907e-01   5.4598457e+01   4.4502724e+01   6.3099029e+01   5.3983373e+01   3.1011046e+01   6.1192520e+01   4.6998316e+01   3.6767644e+01   4.6306925e+01   3.6273423e+01   1.1335819e+01
   3.0739462e-01   3.6784739e+03   4.5201035e+03   9.2859151e+00   3.2435987e+01   4.8099756e+01   2.8021844e+03   6.5061445e+01   1.2291188e+02   3.9355578e-01   9.2603640e+01   5.0411961e+01   2.7062372e+03   2.5071165e+01   4.9885291e+01   3.3348398e+03   2.2917026e+01   6.7250633e+01   6.1272648e-01   2.7621611e+02   1.0234070e+02   9.3427692e+01   3.1753415e+01   1.5919626e+01   1.8957283e+01   5.9133590e+00   1.6409376e+01   2.9034050e+00   3.3047194e+01   2.3057201e+01   1.3622281e+01   9.2628808e-01   1.5952244e+01   3.8766557e+00   6.9487383e+00   3.3823384e+00   6.6294881e-03   5.3786631e-01   1.3645304e-01   5.3584554e+01   4.3527467e+01   6.3046217e+01   5.4017129e+01   3.0284763e+01   6.1379713e+01   4.7859186e+01   3.6767784e+01   4.6288128e+01   3.6088692e+01   1.3371010e+01
   3.1383880e-01   3.6971957e+03   4.4997168e+03   9.3853553e+00   3.2785443e+01   4.8074756e+01   2.8020744e+03   6.4948569e+01   1.2288625e+02   4.0477761e-01   9.2628676e+01   5.0049627e+01   2.7064727e+03   2.4624759e+01   5.0485686e+01   3.3346431e+03   2.2898770e+01   6.7299006e+01  -2.4635074e-01   2.7597241e+02   1.0236916e+02   9.3438949e+01   3.2170389e+01   1.5847885e+01   1.9037130e+01   5.9907872e+00   1.6446869e+01   2.9202578e+00   3.2596197e+01   2.3121009e+01   1.2764192e+01   9.4333637e-01   1.6372136e+01   3.9015007e+00   6.9169761e+00   3.3352670e+00   6.6294881e-03   5.3786631e-01   1.3645304e-01   5.3584554e+01   4.3527467e+01   6.3111501e+01   5.3905152e+01   3.0812882e+01   6.1307163e+01   4.8986252e+01   3.6744999e+01   4.6292025e+01   3.6240109e+01   1.0573834e+01
   3.1585413e-01   3.6691555e+03   4.4684673e+03   9.3630777e+00   3.2470663e+01   4.8042801e+01   2.8013119e+03   6.5296133e+01   1.2292164e+02   4.1111791e-01   9.2680414e+01   4.9917946e+01   2.7065144e+03   2.4654348e+01   5.3044025e+01   3.3340917e+03   2.2918926e+01   6.7269994e+01   9.7659823e-01   2.7594003e+02   1.0235446e+02   9.3533183e+01   3.2312595e+01   1.6030427e+01   1.8366285e+01   5.8083046e+00   1.6561007e+01   2.9483264e+00   3.2562020e+01   2.3071773e+01   1.3375343e+01   7.7883596e-01   1.6168800e+01   3.8850827e+00   6.9562535e+00   3.3293284e+00   6.6294881e-03   5.3786631e-01   1.3645304e-01   5.3584554e+01   4.3527467e+01   6.3151899e+01   5.3860776e+01   3.0935617e+01   6.1214923e+01   4.9537850e+01   3.6734824e+01   4.6293117e+01   3.6361215e+01   1.1774790e+01
   3.0481823e-01   3.6659224e+03   4.5374349e+03   9.4075698e+00   3.2730133e+01   4.7909648e+01   2.8009265e+03   6.5095563e+01   1.2289476e+02   4.1058485e-01   9.2495027e+01   4.9256610e+01   2.7051335e+03   2.4608311e+01   5.3100094e+01   3.3327299e+03   2.2804066e+01   6.7243671e+01   1.9070776e+00   2.7605768e+02   1.0237796e+02   9.3671555e+01   3.1674288e+01   1.5790190e+01   1.8815543e+01   6.0563485e+00   1.6748019e+01   2.9132891e+00   3.2704599e+01   2.2980439e+01   1.3055665e+01   8.6567401e-01   1.6688916e+01   3.8681999e+00   6.7948788e+00   3.3579000e+00   1.0157303e-02   5.4399354e-01   1.2137944e-01   5.3918420e+01   4.2758419e+01   6.3175337e+01   5.3888543e+01   3.0087332e+01   6.1436686e+01   4.9663080e+01   3.6737348e+01   4.6305337e+01   3.6136549e+01   9.7028955e+00
   3.1214710e-01   3.6654223e+03   4.5094523e+03   9.3691246e+00   3.2468081e+01   4.7693866e+01   2.8010028e+03   6.5051054e+01   1.2288395e+02   4.1035232e-01   9.2623678e+01   4.9315555e+01   2.7056912e+03   2.4844635e+01   5.0217316e+01   3.3337693e+03   2.2885167e+01   6.7234410e+01   1.2102443e+00   2.7649934e+02   1.0236391e+02   9.3558941e+01   3.1832353e+01   1.6072455e+01   1.8548380e+01   5.9305297e+00   1.6414746e+01   2.9297004e+00   3.3033926e+01   2.2924954e+01   1.3639661e+01   8.7868675e-01   1.6037684e+01   3.8476545e+00   6.8440753e+00   3.3644409e+00   1.0157303e-02   5.4399354e-01   1.2137944e-01   5.3918420e+01   4.2758419e+01   6.3165447e+01   5.3886757e+01   3.0597567e+01   6.1384297e+01   4.9936528e+01   3.6763642e+01   4.6283337e+01   3.6173730e+01   1.3282310e+01
   3.0858811e-01   3.6745259e+03   4.4886900e+03   9.3446193e+00   3.2943107e+01   4.7998207e+01   2.8010444e+03   6.4283410e+01   1.2290059e+02   4.1384344e-01   9.2547107e+01   4.9418206e+01   2.7052114e+03   2.4966543e+01   5.0778831e+01   3.3330054e+03   2.2914072e+01   6.7238949e+01   1.7334873e+00   2.7591103e+02   1.0234256e+02   9.3455651e+01   3.2237387e+01   1.5926756e+01   1.9249387e+01   5.7631087e+00   1.6577759e+01   2.9212049e+00   3.2416223e+01   2.3241999e+01   1.3077197e+01   8.5096510e-01   1.5834072e+01   3.8987886e+00   6.8219786e+00   3.2839521e+00   2.1579126e-02   5.4843137e-01   1.3194047e-01   5.3562743e+01   4.4539008e+01   6.3141024e+01   5.3888288e+01   3.0462009e+01   6.1466481e+01   5.0361090e+01   3.6760560e+01   4.6296124e+01   3.6291615e+01   9.1866542e+00
   3.1651047e-01   3.6883068e+03   4.4850595e+03   9.3549415e+00   3.2858892e+01   4.7655694e+01   2.8002934e+03   6.5097947e+01   1.2289773e+02   4.1365976e-01   9.2612809e+01   4.9041420e+01   2.7044825e+03   2.4938041e+01   5.1667480e+01   3.3324368e+03   2.2838302e+01   6.7306349e+01  -1.1368384e-01   2.7620986e+02   1.0233945e+02   9.3426784e+01   3.2468498e+01   1.5798985e+01   1.8886139e+01   6.0747526e+00   1.6538985e+01   2.8763723e+00   3.2756143e+01   2.3031959e+01   1.3395707e+01   7.5929999e-01   1.6166333e+01   3.8851628e+00   6.8990517e+00   3.2812985e+00   2.1579126e-02   5.4843137e-01   1.3194047e-01   5.3562743e+01   4.4539008e+01   6.3165317e+01   5.3843691e+01   3.0954494e+01   6.1216263e+01   5.0497740e+01   3.6768268e+01   4.6278778e+01   3.6158891e+01   1.0390801e+01
   3.1234419e-01   3.7099948e+03   4.4770660e+03   9.3108990e+00   3.2533619e+01   4.8095530e+01   2.7996243e+03   6.5488877e+01   1.2289988e+02   4.1575590e-01   9.2628926e+01   4.9896293e+01   2.7044112e+03   2.4784428e+01   5.1581377e+01   3.3316102e+03   2.2973822e+01   6.7320962e+01  -1.3195417e+00   2.7580082e+02   1.0236393e+02   9.3313924e+01   3.2857772e+01   1.5647976e+01   1.8848978e+01   6.0444246e+00   1.6745196e+01   2.8947466e+00   3.2798466e+01   2.3068955e+01   1.2572921e+01   7.7389592e-01   1.5791937e+01   3.8593338e+00   6.8061723e+00   3.2662070e+00   2.1579126e-02   5.4843137e-01   1.3194047e-01   5.3562743e+01   4.4539008e+01   6.3182049e+01   5.3831759e+01   3.0657102e+01   6.1302425e+01   5.0181169e+01   3.6748138e+01   4.6298837e+01   3.6174817e+01   1.2768774e+01
   3.0449428e-01   3.6754925e+03   4.5131359e+03   9.4080373e+00   3.2543072e+01   4.8000862e+01   2.7992041e+03   6.4823284e+01   1.2289823e+02   4.0929756e-01   9.2693531e+01   5.0097240e+01   2.7040729e+03   2.4809581e+01   5.1004910e+01   3.3310191e+03   2.2729831e+01   6.7341377e+01  -3.7079508e-01   2.7598062e+02   1.0233960e+02   9.3522256e+01   3.2162463e+01   1.5948021e+01   1.8845902e+01   5.9853580e+00   1.6450417e+01   2.9082464e+00   3.2391610e+01   2.3031612e+01   1.3319050e+01   6.6697301e-01   1.6152510e+01   3.8644845e+00   6.8716096e+00   3.3302884e+00   1.7903428e-02   5.3130601e-01   1.2948302e-01   5.4237233e+01   4.3636462e+01   6.3133430e+01   5.3892302e+01   3.0165950e+01   6.1276712e+01   4.9705641e+01   3.6724342e+01   4.6299390e+01   3.6375101e+01   1.3824806e+01
   3.0857770e-01   3.6571134e+03   4.4708015e+03   9.3540252e+00   3.2636839e+01   4.7880129e+01   2.7989755e+03   6.5332092e+01   1.2288218e+02   4.0440827e-01   9.2662771e+01   4.9103503e+01   2.7032450e+03   2.4835106e+01   5.1013316e+01   3.3308249e+03   2.2850606e+01   6.7326778e+01  -3.1508270e-01   2.7604438e+02   1.0237332e+02   9.3662919e+01   3.1932806e+01   1.5781388e+01   1.8568180e+01   5.8980596e+00   1.6516080e+01   2.9311697e+00   3.2588767e+01   2.2944425e+01   1.3115435e+01   8.9009666e-01   1.6063423e+01   3.8306744e+00   6.8314422e+00   3.3705886e+00   1.7903428e-02   5.3130601e-01   1.2948302e-01   5.4237233e+01   4.3636462e+01   6.3090867e+01   5.3932208e+01   3.0366955e+01   6.1304541e+01   4.8917435e+01   3.6736965e+01   4.6304388e+01   3.6276999e+01   1.3139098e+01
   3.0883864e-01   3.6500978e+03   4.4783591e+03   9.4163466e+00   3.2918087e+01   4.7594569e+01   2.7995100e+03   6.4380976e+01   1.2289323e+02   4.0026404e-01   9.2620966e+01   4.8799674e+01   2.7041556e+03   2.4860443e+01   5.1965652e+01   3.3313658e+03   2.2883001e+01   6.7335907e+01   2.0054278e-01   2.7610743e+02   1.0237128e+02   9.3606671e+01   3.2842801e+01   1.5840640e+01   1.8797204e+01   5.9129586e+00   1.6647933e+01   2.8568275e+00   3.2827735e+01   2.3051667e+01   1.3022094e+01   1.0940882e+00   1.6041123e+01   3.8604350e+00   6.9293008e+00   3.4476367e+00   1.5686772e-02   5.4417193e-01   1.2659425e-01   5.3686428e+01   4.4762904e+01   6.3063317e+01   5.3938645e+01   3.0284345e+01   6.1383623e+01   4.8554473e+01   3.6747778e+01   4.6262845e+01   3.6057694e+01   1.2444340e+01
   3.0535001e-01   3.6533166e+03   4.5344957e+03   9.3779597e+00   3.2892220e+01   4.7769100e+01   2.7998680e+03   6.4511949e+01   1.2290636e+02   4.0287775e-01   9.2708829e+01   4.9699497e+01   2.7049177e+03   2.4937054e+01   5.0439102e+01   3.3318260e+03   2.2823667e+01   6.7354586e+01   2.3364185e+00   2.7675925e+02   1.0235706e+02   9.3718911e+01   3.2669391e+01   1.5984097e+01   1.8574185e+01   6.0265576e+00   1.6833098e+01   2.8620786e+00   3.2278319e+01   2.2899656e+01   1.3531219e+01   9.3943742e-01   1.5836191e+01   3.8794390e+00   6.9169795e+00   3.3161694e+00   1.5686772e-02   5.4417193e-01   1.2659425e-01   5.3686428e+01   4.4762904e+01   6.3129721e+01   5.3872592e+01   2.9876301e+01   6.1233625e+01   4.8687055e+01   3.6716432e+01   4.6273427e+01   3.6355833e+01   1.2320372e+01
   2.9934737e-01   3.6567302e+03   4.5153390e+03   9.3200096e+00   3.3144040e+01   4.7734592e+01   2.7996118e+03   6.4415728e+01   1.2291736e+02   4.0068635e-01   9.2669859e+01   4.8492851e+01   2.7038503e+03   2.4890482e+01   5.1704828e+01   3.3311039e+03   2.2937454e+01   6.7346484e+01  -5.0417955e-01   2.7622198e+02   1.0235239e+02   9.3534162e+01   3.2215921e+01   1.5719170e+01   1.8749711e+01   5.9301732e+00   1.6557918e+01   2.9131886e+00   3.2883724e+01   2.3105481e+01   1.3104949e+01   1.0006104e+00   1.6188513e+01   3.8905550e+00   6.8665485e+00   3.3686162e+00   1.5686772e-02   5.4417193e-01   1.2659425e-01   5.3686428e+01   4.4762904e+01   6.3142462e+01   5.3845906e+01   2.9450801e+01   6.1338530e+01   4.8427211e+01   3.6706427e+01   4.6268636e+01   3.6151004e+01   1.1602117e+01
   3.0168692e-01   3.6392880e+03   4.4938883e+03   9.4760115e+00   3.2382877e+01   4.7998651e+01   2.7991071e+03   6.5252631e+01   1.2289653e+02   3.9964394e-01   9.2702141e+01   4.9383575e+01   2.7042259e+03   2.4571936e+01   5.2458440e+01   3.3315400e+03   2.2987013e+01   6.7361330e+01  -1.1144077e+00   2.7616327e+02   1.0234536e+02   9.3622536e+01   3.2447270e+01   1.5827349e+01   1.9129894e+01   5.9678170e+00   1.6525648e+01   2.9226184e+00   3.2993966e+01   2.3121481e+01   1.3540759e+01   8.6203640e-01   1.6184596e+01   3.8461362e+00   6.8978639e+00   3.3711291e+00   2.6455066e-02   5.3985046e-01   1.2017106e-01   5.4301890e+01   4.4391533e+01   6.3115887e+01   5.3895464e+01   2.9716980e+01   6.1284751e+01   4.8278884e+01   3.6716839e+01   4.6285289e+01   3.6215060e+01   7.9797836e+00
   3.0592531e-01   3.6801966e+03   4.4813274e+03   9.3060139e+00   3.2768784e+01   4.8131318e+01   2.7990809e+03   6.5564689e+01   1.2289093e+02   3.8954644e-01   9.2674378e+01   4.8880386e+01   2.7035280e+03   2.4805627e+01   5.0723747e+01   3.3304441e+03   2.2833591e+01   6.7352016e+01  -2.2573174e+00   2.7608033e+02   1.0234018e+02   9.3481500e+01   3.2515858e+01   1.5965438e+01   1.8898699e+01   5.9455317e+00   1.6874895e+01   2.8865174e+00   3.2933431e+01   2.3201165e+01   1.2881735e+01   8.7106058e-01   1.5745649e+01   3.8665935e+00   6.9503929e+00   3.4090126e+00   2.6455066e-02   5.3985046e-01   1.2017106e-01   5.4301890e+01   4.4391533e+01   6.3089952e+01   5.3930828e+01   3.0158149e+01   6.1154998e+01   4.7649130e+01   3.6705739e+01   4.6266135e+01   3.6215855e+01   1.2068853e+01
   3.0813624e-01   3.6570572e+03   4.4924902e+03   9.3650095e+00   3.2781497e+01   4.7724989e+01   2.7996945e+03   6.4224085e+01   1.2289073e+02   3.8556412e-01   9.2708574e+01   5.0206769e+01   2.7037606e+03   2.5026767e+01   5.1200354e+01   3.3313649e+03   2.2747654e+01   6.7321982e+01  -6.5542317e-01   2.7618533e+02   1.0235203e+02   9.3582766e+01   3.2330483e+01   1.5689898e+01   1.8993214e+01   5.8332341e+00   1.6600906e+01   2.9279334e+00   3.2331540e+01   2.3105306e+01   1.2967355e+01   7.7946857e-01   1.5948561e+01   3.8438789e+00   6.8983625e+00   3.3912011e+00  -8.8291547e-04   5.4427658e-01   1.3220567e-01   5.3617843e+01   4.3926626e+01   6.3059490e+01   5.3979630e+01   3.0081543e+01   6.1227587e+01   4.6894211e+01   3.6713784e+01   4.6311620e+01   3.6137164e+01   1.1875297e+01
   3.0718620e-01   3.6609034e+03   4.4769757e+03   9.2800259e+00   3.2656585e+01   4.7994110e+01   2.7986450e+03   6.5308319e+01   1.2288000e+02   3.9063985e-01   9.2604619e+01   4.8535153e+01   2.7027540e+03   2.4738348e+01   5.1720888e+01   3.3312435e+03   2.3179029e+01   6.7336691e+01  -2.3105198e+00   2.7599548e+02   1.0236268e+02   9.3433413e+01   3.2369445e+01   1.5782458e+01   1.8883265e+01   5.9380064e+00   1.6421848e+01   2.9321427e+00   3.2438773e+01   2.3051461e+01   1.3732548e+01   1.0096590e+00   1.5576911e+01   3.8650590e+00   6.8712663e+00   3.4375060e+00  -8.8291547e-04   5.4427658e-01   1.3220567e-01   5.3617843e+01   4.3926626e+01   6.3118494e+01   5.3886714e+01   3.0283358e+01   6.1195167e+01   4.6756714e+01   3.6722444e+01   4.6317742e+01   3.6124759e+01   1.0004040e+01
   3.0742059e-01   3.6972249e+03   4.4947373e+03   9.3181064e+00   3.2786807e+01   4.8089289e+01   2.7997367e+03   6.5558359e+01   1.2291255e+02   3.8150484e-01   9.2646672e+01   4.9571728e+01   2.7040075e+03   2.4792996e+01   5.1122985e+01   3.3309747e+03   2.2712401e+01   6.7326569e+01   1.0442444e+00   2.7604506e+02   1.0235455e+02   9.3534050e+01   3.2551138e+01   1.5924961e+01   1.8290973e+01   6.0469745e+00   1.6599848e+01   2.8936449e+00   3.2823535e+01   2.3008108e+01   1.3560211e+01   8.3793296e-01   1.5909572e+01   3.8419840e+00   6.9683467e+00   3.4765538e+00  -8.8291547e-04   5.4427658e-01   1.3220567e-01   5.3617843e+01   4.3926626e+01   6.3132911e+01   5.3831266e+01   3.0229153e+01   6.1185159e+01   4.6386897e+01   3.6691077e+01   4.6286433e+01   3.5961891e+01   1.1127363e+01
   2.9767678e-01   3.6451527e+03   4.4646099e+03   9.4056051e+00   3.2911300e+01   4.7808760e+01   2.7997874e+03   6.4791774e+01   1.2292597e+02   3.8420117e-01   9.2615411e+01   5.1975976e+01   2.7047349e+03   2.4831584e+01   5.1840503e+01   3.3325419e+03   2.3035023e+01   6.7299512e+01  -1.1060955e+00   2.7651046e+02   1.0235937e+02   9.3587337e+01   3.1993669e+01   1.5826388e+01   1.8829633e+01   6.1581116e+00   1.6441592e+01   2.8916982e+00   3.2671215e+01   2.2885606e+01   1.3472097e+01   1.0178935e+00   1.5744156e+01   3.8750653e+00   6.8888379e+00   3.3825239e+00   3.7672378e-04   5.2844019e-01   1.1436856e-01   5.3634305e+01   4.3524376e+01   6.3147177e+01   5.3841097e+01   2.9327894e+01   6.1479183e+01   4.6202014e+01   3.6741270e+01   4.6296057e+01   3.6376027e+01   1.1006488e+01
   3.0515932e-01   3.7177799e+03   4.4965931e+03   9.3353418e+00   3.2840309e+01   4.7950602e+01   2.7998718e+03   6.4811751e+01   1.2289952e+02   3.8600637e-01   9.2539039e+01   4.9730204e+01   2.7038603e+03   2.4725884e+01   5.1168529e+01   3.3324660e+03   2.2944333e+01   6.7311739e+01   1.7454189e+00   2.7620386e+02   1.0233886e+02   9.3150912e+01   3.2493597e+01   1.5687748e+01   1.9010429e+01   5.9155070e+00   1.6050415e+01   2.8988860e+00   3.2779753e+01   2.3113236e+01   1.2998748e+01   6.7544545e-01   1.6178846e+01   3.9096907e+00   6.8548386e+00   3.3754786e+00   3.7672378e-04   5.2844019e-01   1.1436856e-01   5.3634305e+01   4.3524376e+01   6.3154578e+01   5.3848637e+01   2.9843379e+01   6.1345940e+01   4.6779423e+01   3.6694714e+01   4.6294871e+01   3.6238514e+01   1.1453352e+01
   3.0555876e-01   3.6944544e+03   4.4383124e+03   9.2466197e+00   3.2901105e+01   4.8019047e+01   2.7998867e+03   6.5220527e+01   1.2291751e+02   3.8784966e-01   9.2581809e+01   4.9440474e+01   2.7050207e+03   2.4715849e+01   5.1324897e+01   3.3320037e+03   2.2982994e+01   6.7338161e+01   6.7692276e-01   2.7592007e+02   1.0231646e+02   9.3203702e+01   3.2375063e+01   1.5785146e+01   1.9116538e+01   5.6996093e+00   1.6454742e+01   2.8680107e+00   3.3079615e+01   2.2891239e+01   1.3150785e+01   9.6689651e-01   1.6001536e+01   3.8765037e+00   6.9160083e+00   3.3779629e+00   9.7358674e-03   5.2212281e-01   1.2338414e-01   5.3030026e+01   4.3361283e+01   6.3178471e+01   5.3799219e+01   2.9994759e+01   6.1134422e+01   4.7103100e+01   3.6694873e+01   4.6285562e+01   3.6095186e+01   1.2926850e+01
   3.0781249e-01   3.7036836e+03   4.4990103e+03   9.3221466e+00   3.2519013e+01   4.8021610e+01   2.7991350e+03   6.5334099e+01   1.2287574e+02   3.8509695e-01   9.2634302e+01   4.8958512e+01   2.7039665e+03   2.4905315e+01   5.0691497e+01   3.3313763e+03   2.2953197e+01   6.7335323e+01   9.4921351e-01   2.7572509e+02   1.0234333e+02   9.3303855e+01   3.2149948e+01   1.5859144e+01   1.8713813e+01   6.0454469e+00   1.6012814e+01   2.8837413e+00   3.3073809e+01   2.2900352e+01   1.3469971e+01   8.0340964e-01   1.5886512e+01   3.8646881e+00   6.9095811e+00   3.3372423e+00   9.7358674e-03   5.2212281e-01   1.2338414e-01   5.3030026e+01   4.3361283e+01   6.3232631e+01   5.3729461e+01   3.0299241e+01   6.1117172e+01   4.6947616e+01   3.6675977e+01   4.6284481e+01   3.6204727e+01   1.1778169e+01
   3.0532525e-01   3.6729494e+03   4.4911543e+03   9.3124948e+00   3.2595216e+01   4.8210305e+01   2.7995302e+03   6.4454329e+01   1.2291148e+02   3.8230145e-01   9.2668949e+01   4.9033109e+01   2.7042710e+03   2.4772847e+01   5.0988642e+01   3.3324086e+03   2.3088255e+01   6.7321727e+01   4.1392131e-01   2.7608924e+02   1.0233848e+02   9.3209335e+01   3.2375550e+01   1.5988130e+01   1.9107059e+01   6.0510510e+00   1.6447068e+01   2.9006861e+00   3.2466154e+01   2.3010645e+01   1.3389229e+01   8.2537664e-01   1.5790563e+01   3.8453262e+00   6.9228158e+00   3.3699475e+00   9.7358674e-03   5.2212281e-01   1.2338414e-01   5.3030026e+01   4.3361283e+01   6.3279564e+01   5.3681101e+01   3.0157293e+01   6.1307732e+01   4.6560153e+01   3.6694176e+01   4.6278364e+01   3.6390065e+01   1.1472047e+01
   3.0748336e-01   3.6861141e+03   4.5107959e+03   9.3669493e+00   3.2404226e+01   4.7781058e+01   2.7988245e+03   6.4008741e+01   1.2291753e+02   3.8378249e-01   9.2618807e+01   4.9100006e+01   2.7037157e+03   2.4752716e+01   5.1718177e+01   3.3318156e+03   2.2842181e+01   6.7323703e+01  -2.8491394e-01   2.7640994e+02   1.0233790e+02   9.3412959e+01   3.2818668e+01   1.5958799e+01   1.8450387e+01   5.9173646e+00   1.6856394e+01   2.8746628e+00   3.2782700e+01   2.3156213e+01   1.3162285e+01   1.0058962e+00   1.5722812e+01   3.8570760e+00   6.8890356e+00   3.4215359e+00  -6.3895859e-03   5.4456401e-01   1.2705641e-01   5.4117495e+01   4.4030955e+01   6.3259047e+01   5.3782871e+01   3.0395757e+01   6.1186727e+01   4.6173066e+01   3.6717020e+01   4.6289117e+01   3.6214336e+01   1.1342491e+01
   3.0006208e-01   3.6745620e+03   4.4968896e+03   9.4060511e+00   3.2862589e+01   4.8102447e+01   2.8001081e+03   6.6053278e+01   1.2289641e+02   3.8064968e-01   9.2634380e+01   5.2278558e+01   2.7041829e+03   2.4776406e+01   5.1786252e+01   3.3320323e+03   2.2755573e+01   6.7319688e+01   6.8907655e-02   2.7601287e+02   1.0234150e+02   9.3382349e+01   3.2356485e+01   1.5876548e+01   1.8796995e+01   6.0679261e+00   1.6273583e+01   2.8820486e+00   3.3068833e+01   2.3223266e+01   1.3214136e+01   7.4003924e-01   1.6193791e+01   3.8107895e+00   6.8552497e+00   3.3723298e+00  -6.3895859e-03   5.4456401e-01   1.2705641e-01   5.4117495e+01   4.4030955e+01   6.3176772e+01   5.3844455e+01   2.9404312e+01   6.1289341e+01   4.6018477e+01   3.6707567e+01   4.6260655e+01   3.6319165e+01   1.6627023e+01
   3.0234802e-01   3.6395723e+03   4.5092656e+03   9.4354918e+00   3.2648140e+01   4.7853991e+01   2.7991750e+03   6.4495745e+01   1.2289692e+02   3.7955311e-01   9.2495914e+01   4.7640350e+01   2.7040722e+03   2.5070609e+01   5.2171253e+01   3.3314660e+03   2.2721282e+01   6.7300099e+01   6.7685504e-01   2.7603363e+02   1.0237805e+02   9.3318611e+01   3.1808254e+01   1.6006346e+01   1.8777570e+01   6.0498870e+00   1.6675482e+01   2.8818420e+00   3.2734075e+01   2.2982322e+01   1.3293862e+01   7.5776374e-01   1.5792755e+01   3.8697957e+00   6.8935891e+00   3.3176611e+00   2.4036042e-03   5.2660586e-01   1.3919682e-01   5.4464126e+01   4.3881454e+01   6.3138804e+01   5.3876819e+01   2.9562526e+01   6.1304117e+01   4.6063600e+01   3.6724345e+01   4.6286702e+01   3.6253614e+01   1.0766479e+01
   3.0654449e-01   3.6797779e+03   4.5033143e+03   9.3777535e+00   3.2844288e+01   4.8295031e+01   2.8008653e+03   6.5209203e+01   1.2290506e+02   3.8578980e-01   9.2609658e+01   4.7845959e+01   2.7055610e+03   2.4923887e+01   5.0746160e+01   3.3338902e+03   2.2669555e+01   6.7302590e+01  -5.8833431e-01   2.7610186e+02   1.0234639e+02   9.3375039e+01   3.2308287e+01   1.5984549e+01   1.8848417e+01   6.1032711e+00   1.6615590e+01   2.8665591e+00   3.2761207e+01   2.3138460e+01   1.3462924e+01   9.5151802e-01   1.5905801e+01   3.8719367e+00   6.8849035e+00   3.3414464e+00   2.4036042e-03   5.2660586e-01   1.3919682e-01   5.4464126e+01   4.3881454e+01   6.3054782e+01   5.3956262e+01   3.0000735e+01   6.1281581e+01   4.6664482e+01   3.6707998e+01   4.6260854e+01   3.6122587e+01   1.2872801e+01
   3.0322496e-01   3.6379537e+03   4.5330577e+03   9.3662732e+00   3.2762663e+01   4.7840085e+01   2.8008452e+03   6.4046111e+01   1.2289704e+02   3.9307322e-01   9.2586067e+01   5.0538851e+01   2.7062492e+03   2.4784155e+01   4.9945153e+01   3.3337561e+03   2.3164990e+01   6.7292441e+01  -3.2307930e-01   2.7589897e+02   1.0238076e+02   9.3485831e+01   3.2243462e+01   1.5935706e+01   1.8957244e+01   6.1185340e+00   1.6461688e+01   2.8501212e+00   3.2623039e+01   2.2934233e+01   1.3266581e+01   8.4404035e-01   1.5668381e+01   3.8427202e+00   6.8679936e+00   3.3739729e+00   2.4036042e-03   5.2660586e-01   1.3919682e-01   5.4464126e+01   4.3881454e+01   6.3033490e+01   5.4007516e+01   2.9995883e+01   6.1337933e+01   4.7295302e+01   3.6721745e+01   4.6309141e+01   3.6182755e+01   1.4694314e+01
   3.0673242e-01   3.7023990e+03   4.5277057e+03   9.3508535e+00   3.3331373e+01   4.7891023e+01   2.8019001e+03   6.4706046e+01   1.2289926e+02   3.9391783e-01   9.2621252e+01   5.0308459e+01   2.7059464e+03   2.4842004e+01   5.2216890e+01   3.3345536e+03   2.2903409e+01   6.7280718e+01   1.2541993e+00   2.7642254e+02   1.0238510e+02   9.3462121e+01   3.2816642e+01   1.5980493e+01   1.8639681e+01   5.9588004e+00   1.6425525e+01   2.8913880e+00   3.2907964e+01   2.3084098e+01   1.3359036e+01   1.0245046e+00   1.6120747e+01   3.8631287e+00   6.8238468e+00   3.3466514e+00   2.1025292e-02   5.1269493e-01   1.3367718e-01   5.4429380e+01   4.4785836e+01   6.3010949e+01   5.4013706e+01   3.0170030e+01   6.1210837e+01   4.7980603e+01   3.6708029e+01   4.6291798e+01   3.6086992e+01   1.2495816e+01
   3.0043115e-01   3.6765389e+03   4.5005212e+03   9.3599442e+00   3.3092458e+01   4.8092922e+01   2.8010749e+03   6.5871063e+01   1.2287786e+02   4.0560116e-01   9.2568947e+01   5.0087556e+01   2.7058611e+03   2.5012966e+01   5.0285667e+01   3.3340452e+03   2.2744453e+01   6.7309431e+01  -4.3211328e-01   2.7606745e+02   1.0237204e+02   9.3269599e+01   3.2317798e+01   1.6030446e+01   1.8574968e+01   5.9358951e+00   1.6718983e+01   2.8752772e+00   3.3301223e+01   2.3340246e+01   1.3177546e+01   9.6364050e-01   1.5463603e+01   3.8614121e+00   6.9585182e+00   3.3622121e+00   2.1025292e-02   5.1269493e-01   1.3367718e-01   5.4429380e+01   4.4785836e+01   6.3014396e+01   5.4016431e+01   2.9471217e+01   6.1293072e+01   4.8738256e+01   3.6758250e+01   4.6304048e+01   3.6029475e+01   9.3219182e+00
   2.9850673e-01   3.6483048e+03   4.5566925e+03   9.3876757e+00   3.2616589e+01   4.8402935e+01   2.8017397e+03   6.5577305e+01   1.2291677e+02   4.0636487e-01   9.2597555e+01   4.9094663e+01   2.7063086e+03   2.4803356e+01   4.9582294e+01   3.3338290e+03   2.3082046e+01   6.7268013e+01   3.9902421e-01   2.7607016e+02   1.0237869e+02   9.3503144e+01   3.2678380e+01   1.5902516e+01   1.8980512e+01   6.0569484e+00   1.6424497e+01   2.8605911e+00   3.2455784e+01   2.3167658e+01   1.2506075e+01   9.6607259e-01   1.5813665e+01   3.8443486e+00   6.9446174e+00   3.3388380e+00  -1.4026542e-02   5.2949305e-01   9.5553868e-02   5.3433422e+01   4.4244777e+01   6.2999995e+01   5.4024237e+01   2.9318399e+01   6.1409319e+01   4.9082972e+01   3.6725264e+01   4.6295253e+01   3.6084181e+01   1.1774678e+01
   2.9842519e-01   3.6528324e+03   4.4987970e+03   9.3607809e+00   3.2783039e+01   4.8070833e+01   2.7999541e+03   6.5508152e+01   1.2290853e+02   4.0540619e-01   9.2572965e+01   5.1416274e+01   2.7052609e+03   2.4770991e+01   5.1090318e+01   3.3327336e+03   2.3105697e+01   6.7266395e+01  -1.6316036e+00   2.7615938e+02   1.0242034e+02   9.3534615e+01   3.2345219e+01   1.5768921e+01   1.9034555e+01   5.8710336e+00   1.6445983e+01   2.9027444e+00   3.2643665e+01   2.2951341e+01   1.3303052e+01   8.4789614e-01   1.5552596e+01   3.8726433e+00   6.9328139e+00   3.2710292e+00  -1.4026542e-02   5.2949305e-01   9.5553868e-02   5.3433422e+01   4.4244777e+01   6.3092924e+01   5.3905462e+01   2.9440729e+01   6.1189294e+01   4.9304431e+01   3.6732321e+01   4.6280310e+01   3.6215882e+01   1.1410623e+01
   3.0084785e-01   3.6803228e+03   4.4980739e+03   9.3420973e+00   3.2560777e+01   4.8082189e+01   2.7999059e+03   6.5045668e+01   1.2290612e+02   4.0749050e-01   9.2690638e+01   4.9611657e+01   2.7040631e+03   2.4730729e+01   4.9908319e+01   3.3325418e+03   2.2936744e+01   6.7322946e+01  -2.9251017e-01   2.7557973e+02   1.0235822e+02   9.3240668e+01   3.2107403e+01   1.6034951e+01   1.8939781e+01   6.0527751e+00   1.6307316e+01   2.9143447e+00   3.2843732e+01   2.3208685e+01   1.3094284e+01   1.0021544e+00   1.6443736e+01   3.8480660e+00   6.8983183e+00   3.4021914e+00  -1.4026542e-02   5.2949305e-01   9.5553868e-02   5.3433422e+01   4.4244777e+01   6.3166610e+01   5.3853515e+01   2.9813902e+01   6.1179988e+01   4.9451647e+01   3.6769072e+01   4.6306534e+01   3.6061596e+01   1.1044784e+01
   3.0716833e-01   3.6544969e+03   4.5268100e+03   9.3401320e+00   3.2832422e+01   4.8157849e+01   2.7990869e+03   6.4719604e+01   1.2290312e+02   3.9849202e-01   9.2688438e+01   4.7978935e+01   2.7037316e+03   2.4835602e+01   5.0028958e+01   3.3313315e+03   2.2987890e+01   6.7323991e+01  -4.9735592e-02   2.7571680e+02   1.0235659e+02   9.3478237e+01   3.2635700e+01   1.5761294e+01   1.8583497e+01   5.9735295e+00   1.6729497e+01   2.8888630e+00   3.3245433e+01   2.3186390e+01   1.2835884e+01   9.4943878e-01   1.6333541e+01   3.8165038e+00   6.8277668e+00   3.4411700e+00   1.7382625e-02   5.3831725e-01   1.3065078e-01   5.4290937e+01   4.4197852e+01   6.3148047e+01   5.3874819e+01   3.0082810e+01   6.1238196e+01   4.8868883e+01   3.6763581e+01   4.6270842e+01   3.6267719e+01   1.6285453e+01
   2.9964788e-01   3.6583374e+03   4.4914004e+03   9.3869977e+00   3.2713329e+01   4.7810831e+01   2.7996506e+03   6.5016266e+01   1.2288684e+02   3.9816984e-01   9.2683072e+01   5.1765682e+01   2.7041758e+03   2.5017818e+01   5.0308222e+01   3.3314245e+03   2.2920573e+01   6.7310518e+01   1.7729637e+00   2.7584001e+02   1.0235619e+02   9.3522386e+01   3.2054530e+01   1.5939501e+01   1.9090522e+01   6.0162560e+00   1.6706999e+01   2.9022426e+00   3.3185838e+01   2.3100084e+01   1.3208843e+01   9.1399790e-01   1.6297400e+01   3.7933736e+00   6.8781182e+00   3.3266006e+00   1.7382625e-02   5.3831725e-01   1.3065078e-01   5.4290937e+01   4.4197852e+01   6.3077538e+01   5.3944496e+01   2.9419858e+01   6.1260322e+01   4.8470550e+01   3.6724669e+01   4.6275516e+01   3.6200058e+01   1.1913289e+01
   3.0432353e-01   3.6538303e+03   4.4978744e+03   9.3994415e+00   3.2651685e+01   4.8404998e+01   2.7990100e+03   6.5093831e+01   1.2291214e+02   3.9575434e-01   9.2616136e+01   4.7936697e+01   2.7034012e+03   2.4760020e+01   4.8551891e+01   3.3313708e+03   2.2927870e+01   6.7328988e+01  -6.7786701e-01   2.7585469e+02   1.0233892e+02   9.3342558e+01   3.2233259e+01   1.5852540e+01   1.8533345e+01   5.8619661e+00   1.6900301e+01   2.8665720e+00   3.2753962e+01   2.3073973e+01   1.3162476e+01   7.7240167e-01   1.6182680e+01   3.7838122e+00   6.9934586e+00   3.4394162e+00   6.4255609e-03   5.5420788e-01   1.1579503e-01   5.3962245e+01   4.3361326e+01   6.3044569e+01   5.3989688e+01   3.0064776e+01   6.1210107e+01   4.7884729e+01   3.6744075e+01   4.6285910e+01   3.6122519e+01   1.1449409e+01
   3.0274753e-01   3.6442271e+03   4.5263795e+03   9.3743602e+00   3.2640207e+01   4.8100128e+01   2.7990769e+03   6.5178807e+01   1.2289854e+02   3.9134595e-01   9.2515626e+01   5.1249093e+01   2.7039120e+03   2.4882271e+01   5.2032381e+01   3.3311329e+03   2.2697826e+01   6.7276897e+01   8.8328591e-01   2.7562276e+02   1.0236846e+02   9.3328071e+01   3.2194048e+01   1.5922266e+01   1.8728125e+01   6.0431739e+00   1.6082954e+01   2.8382098e+00   3.2630769e+01   2.2947018e+01   1.3087791e+01   8.2488433e-01   1.6588087e+01   3.7979178e+00   6.9525535e+00   3.3833789e+00   6.4255609e-03   5.5420788e-01   1.1579503e-01   5.3962245e+01   4.3361326e+01   6.3060766e+01   5.3945777e+01   2.9630840e+01   6.1403980e+01   4.7335010e+01   3.6755639e+01   4.6262229e+01   3.6043076e+01   1.0871554e+01
   3.0118085e-01   3.6505344e+03   4.5333423e+03   9.3071212e+00   3.2765145e+01   4.7918930e+01   2.8007773e+03   6.5266191e+01   1.2290930e+02   3.9024797e-01   9.2636142e+01   5.2099946e+01   2.7057868e+03   2.4956340e+01   4.9567765e+01   3.3332899e+03   2.2624641e+01   6.7306140e+01  -1.4367017e+00   2.7589305e+02   1.0236695e+02   9.3389494e+01   3.2068771e+01   1.5866258e+01   1.9026857e+01   5.9832687e+00   1.6845911e+01   2.8308373e+00   3.2797954e+01   2.2984935e+01   1.3423799e+01   9.7662099e-01   1.5715866e+01   3.7936502e+00   6.8960435e+00   3.3156031e+00   6.4255609e-03   5.5420788e-01   1.1579503e-01   5.3962245e+01   4.3361326e+01   6.3066522e+01   5.3940419e+01   2.9640830e+01   6.1323620e+01   4.7601121e+01   3.6749146e+01   4.6283011e+01   3.6228669e+01   1.2216493e+01
   3.0454804e-01   3.6691891e+03   4.4656498e+03   9.3250310e+00   3.2776848e+01   4.8179747e+01   2.8005752e+03   6.5609214e+01   1.2288384e+02   3.9393509e-01   9.2664299e+01   4.9637179e+01   2.7047599e+03   2.4898789e+01   5.0986930e+01   3.3331308e+03   2.2856975e+01   6.7330813e+01   1.4519902e+00   2.7608359e+02   1.0235653e+02   9.3456088e+01   3.1835424e+01   1.5921735e+01   1.9005873e+01   5.7814446e+00   1.6099286e+01   2.8557821e+00   3.2878418e+01   2.3156461e+01   1.3373758e+01   9.9248673e-01   1.5888844e+01   3.7609830e+00   6.8423087e+00   3.3197515e+00   1.0146495e-02   5.3322177e-01   1.4042949e-01   5.4507953e+01   4.3789476e+01   6.3051039e+01   5.3933942e+01   3.0088629e+01   6.1186639e+01   4.7881988e+01   3.6744175e+01   4.6246649e+01   3.6323201e+01   1.0094925e+01
   3.0948012e-01   3.7216106e+03   4.5439617e+03   9.4427672e+00   3.2401742e+01   4.7982086e+01   2.8007846e+03   6.5823253e+01   1.2290921e+02   3.9662321e-01   9.2654385e+01   4.6863250e+01   2.7055447e+03   2.5077069e+01   5.0432858e+01   3.3327835e+03   2.2959746e+01   6.7353742e+01   4.3263857e-01   2.7564380e+02   1.0238280e+02   9.3209862e+01   3.2280123e+01   1.5929092e+01   1.9333175e+01   6.0289502e+00   1.6855422e+01   2.8723594e+00   3.3073994e+01   2.3088644e+01   1.3612266e+01   7.9302993e-01   1.6111497e+01   3.8091735e+00   6.7918227e+00   3.4034351e+00   1.0146495e-02   5.3322177e-01   1.4042949e-01   5.4507953e+01   4.3789476e+01   6.3007329e+01   5.4019807e+01   3.0518334e+01   6.1284469e+01   4.8053096e+01   3.6744366e+01   4.6282500e+01   3.6184293e+01   1.0657518e+01
   3.1590088e-01   3.6463551e+03   4.5632838e+03   9.3325904e+00   3.2868121e+01   4.8354465e+01   2.7997063e+03   6.5170414e+01   1.2289506e+02   3.9758753e-01   9.2620846e+01   4.9453987e+01   2.7035651e+03   2.4808370e+01   5.0430909e+01   3.3319374e+03   2.2740828e+01   6.7357057e+01  -8.6622110e-01   2.7545483e+02   1.0236143e+02   9.2963256e+01   3.2390055e+01   1.5765808e+01   1.8726245e+01   5.7410650e+00   1.6466302e+01   2.8743262e+00   3.2772107e+01   2.3041068e+01   1.3250962e+01   8.8692765e-01   1.5460418e+01   3.7697433e+00   6.8374098e+00   3.4300999e+00   6.7582429e-03   5.3094378e-01   1.1303317e-01   5.2489346e+01   4.4663501e+01   6.2975267e+01   5.4053499e+01   3.0867906e+01   6.1026717e+01   4.8031124e+01   3.6706927e+01   4.6272042e+01   3.6088075e+01   1.3762970e+01
   3.0867000e-01   3.6597019e+03   4.5056510e+03   9.3234902e+00   3.2918613e+01   4.8146666e+01   2.7993977e+03   6.4569031e+01   1.2290185e+02   3.8947261e-01   9.2637958e+01   5.0264536e+01   2.7043447e+03   2.4870685e+01   5.2640437e+01   3.3317892e+03   2.2933188e+01   6.7293621e+01   4.7964502e-01   2.7605253e+02   1.0238925e+02   9.3652187e+01   3.2032761e+01   1.5963114e+01   1.8750767e+01   5.7952972e+00   1.6934143e+01   2.8859649e+00   3.2393594e+01   2.3162526e+01   1.2924523e+01   9.1764037e-01   1.5774501e+01   3.7738739e+00   6.8682055e+00   3.3623232e+00   6.7582429e-03   5.3094378e-01   1.1303317e-01   5.2489346e+01   4.4663501e+01   6.3156337e+01   5.3795754e+01   3.0287453e+01   6.1279166e+01   4.7215001e+01   3.6725089e+01   4.6265189e+01   3.6098839e+01   1.1553383e+01
   3.0824714e-01   3.6653416e+03   4.4983470e+03   9.2773166e+00   3.2697355e+01   4.7852435e+01   2.7988918e+03   6.5044877e+01   1.2290380e+02   3.8790623e-01   9.2529313e+01   5.0077683e+01   2.7035582e+03   2.4829014e+01   4.8248282e+01   3.3313906e+03   2.2844710e+01   6.7272375e+01   1.9893392e-01   2.7570694e+02   1.0236009e+02   9.3234489e+01   3.2339719e+01   1.5966692e+01   1.8426682e+01   5.9259039e+00   1.5874660e+01   2.8691704e+00   3.2795757e+01   2.3119837e+01   1.3332286e+01   9.1238654e-01   1.6044110e+01   3.7861987e+00   6.7869956e+00   3.4166240e+00   6.7582429e-03   5.3094378e-01   1.1303317e-01   5.2489346e+01   4.4663501e+01   6.3250094e+01   5.3687669e+01   3.0240613e+01   6.1315582e+01   4.7218220e+01   3.6709040e+01   4.6258468e+01   3.6188912e+01   1.1732638e+01
   3.0301873e-01   3.7099941e+03   4.4632643e+03   9.5109876e+00   3.2892769e+01   4.7894583e+01   2.7997276e+03   6.5067686e+01   1.2292681e+02   3.8673790e-01   9.2578809e+01   4.9617368e+01   2.7041376e+03   2.5029181e+01   4.9580780e+01   3.3318313e+03   2.2694507e+01   6.7280829e+01  -2.2657951e+00   2.7576569e+02   1.0234577e+02   9.3323648e+01   3.2208655e+01   1.6043650e+01   1.8516562e+01   5.9211854e+00   1.6828217e+01   2.8354328e+00   3.2760685e+01   2.3379546e+01   1.3024948e+01   7.1041753e-01   1.5834268e+01   3.8003312e+00   6.8016120e+00   3.4619344e+00  -5.6008913e-03   5.4820125e-01   1.0575251e-01   5.3749966e+01   4.3556875e+01   6.3256110e+01   5.3750222e+01   2.9594690e+01   6.1401742e+01   4.7037872e+01   3.6730572e+01   4.6265297e+01   3.6363274e+01   1.3877902e+01
   3.0112373e-01   3.6748820e+03   4.4833007e+03   9.3078659e+00   3.2695556e+01   4.8115253e+01   2.8006469e+03   6.4719335e+01   1.2289914e+02   3.8680551e-01   9.2674692e+01   5.0457873e+01   2.7047631e+03   2.4678819e+01   4.9786801e+01   3.3323249e+03   2.2813534e+01   6.7279430e+01   1.1592274e+00   2.7614105e+02   1.0232888e+02   9.3512007e+01   3.1955854e+01   1.5872406e+01   1.8728447e+01   6.0618755e+00   1.6966345e+01   2.8089568e+00   3.2736263e+01   2.3164864e+01   1.3047872e+01   9.2227278e-01   1.6422320e+01   3.8502290e+00   6.8747126e+00   3.3964925e+00  -5.6008913e-03   5.4820125e-01   1.0575251e-01   5.3749966e+01   4.3556875e+01   6.3188347e+01   5.3804253e+01   2.9398931e+01   6.1400989e+01   4.6994563e+01   3.6721057e+01   4.6250314e+01   3.6270797e+01   1.2192326e+01
   3.0210296e-01   3.6889371e+03   4.5383463e+03   9.3638598e+00   3.2572058e+01   4.8088406e+01   2.8011298e+03   6.6213863e+01   1.2291504e+02   3.9026059e-01   9.2642668e+01   5.0044368e+01   2.7056341e+03   2.4732510e+01   5.0804774e+01   3.3329598e+03   2.2830864e+01   6.7276095e+01   2.6150923e-01   2.7601966e+02   1.0233477e+02   9.3552437e+01   3.2117902e+01   1.6053032e+01   1.8497757e+01   6.1163130e+00   1.6504167e+01   2.9053579e+00   3.3161441e+01   2.2934140e+01   1.2944575e+01   9.6848160e-01   1.6240268e+01   3.7934419e+00   6.9228113e+00   3.3527226e+00   2.1522106e-02   5.2315223e-01   1.2400376e-01   5.4432044e+01   4.2514059e+01   6.3156929e+01   5.3853571e+01   2.9716584e+01   6.1370511e+01   4.7132968e+01   3.6727589e+01   4.6250413e+01   3.6254510e+01   1.2602681e+01
   3.0130965e-01   3.6540118e+03   4.4758989e+03   9.3672591e+00   3.2336670e+01   4.7933582e+01   2.8009352e+03   6.5020288e+01   1.2288305e+02   3.9291243e-01   9.2547035e+01   5.0142688e+01   2.7046597e+03   2.4957723e+01   4.8651520e+01   3.3332914e+03   2.2877288e+01   6.7265328e+01  -8.9169283e-01   2.7598407e+02   1.0234357e+02   9.3142980e+01   3.2240231e+01   1.6025768e+01   1.8186548e+01   5.9924554e+00   1.6404952e+01   2.8215727e+00   3.2871612e+01   2.3187817e+01   1.2998682e+01   8.1959564e-01   1.6266926e+01   3.8063620e+00   6.8387074e+00   3.3324545e+00   2.1522106e-02   5.2315223e-01   1.2400376e-01   5.4432044e+01   4.2514059e+01   6.3073671e+01   5.3958851e+01   2.9493342e+01   6.1374666e+01   4.7479245e+01   3.6731516e+01   4.6285514e+01   3.6145122e+01   1.2980189e+01
   2.9483527e-01   3.6540626e+03   4.4802915e+03   9.4086499e+00   3.2585495e+01   4.7900830e+01   2.8021703e+03   6.5709867e+01   1.2290564e+02   3.9651240e-01   9.2607786e+01   4.9038282e+01   2.7061972e+03   2.4779898e+01   5.1975237e+01   3.3347847e+03   2.2996572e+01   6.7253863e+01   9.8402865e-01   2.7588048e+02   1.0234785e+02   9.3276286e+01   3.2206180e+01   1.6114546e+01   1.8479941e+01   5.7065327e+00   1.6608629e+01   2.8145225e+00   3.2958780e+01   2.2981984e+01   1.3149186e+01   9.8908655e-01   1.5927363e+01   3.7585548e+00   6.8402710e+00   3.4820599e+00   2.1522106e-02   5.2315223e-01   1.2400376e-01   5.4432044e+01   4.2514059e+01   6.3013573e+01   5.3989090e+01   2.8845904e+01   6.1485834e+01   4.8087958e+01   3.6749140e+01   4.6255056e+01   3.6205934e+01   1.1940425e+01
   2.9021044e-01   3.6681012e+03   4.4873241e+03   9.3455380e+00   3.2399612e+01   4.8164440e+01   2.8023255e+03   6.5556525e+01   1.2288898e+02   4.0315285e-01   9.2600829e+01   5.0688935e+01   2.7069522e+03   2.4733238e+01   5.1505240e+01   3.3351792e+03   2.3062519e+01   6.7261664e+01   8.7198649e-01   2.7627874e+02   1.0235891e+02   9.3377677e+01   3.2204931e+01   1.5954480e+01   1.8848160e+01   5.8931542e+00   1.6639275e+01   2.8496145e+00   3.3027734e+01   2.3196156e+01   1.3079152e+01   1.0284985e+00   1.5643962e+01   3.7738414e+00   6.8275495e+00   3.3261411e+00   1.8773816e-02   5.4504715e-01   1.2140453e-01   5.2951373e+01   4.4503303e+01   6.3058583e+01   5.3895386e+01   2.8828663e+01   6.1476553e+01   4.9236291e+01   3.6721700e+01   4.6269462e+01   3.6134441e+01   1.1729797e+01
   2.9752420e-01   3.6772728e+03   4.4722334e+03   9.3542263e+00   3.2668911e+01   4.8166127e+01   2.8012450e+03   6.5001952e+01   1.2288347e+02   4.1691993e-01   9.2628084e+01   4.9351182e+01   2.7059369e+03   2.5015938e+01   5.0065694e+01   3.3337577e+03   2.2793262e+01   6.7324371e+01  -5.7606470e-01   2.7560982e+02   1.0234158e+02   9.3131730e+01   3.2698035e+01   1.6079820e+01   1.9008701e+01   6.1185126e+00   1.6847979e+01   2.8309935e+00   3.2927424e+01   2.3321130e+01   1.3157553e+01   8.0459374e-01   1.6224585e+01   3.7602629e+00   6.8282175e+00   3.3688572e+00   1.8773816e-02   5.4504715e-01   1.2140453e-01   5.2951373e+01   4.4503303e+01   6.3165871e+01   5.3791586e+01   2.9247347e+01   6.1287745e+01   5.0235301e+01   3.6765356e+01   4.6294420e+01   3.6114912e+01   1.3390019e+01
   3.0016294e-01   3.6564008e+03   4.4856666e+03   9.3079376e+00   3.2799530e+01   4.8112442e+01   2.8002816e+03   6.5547825e+01   1.2291152e+02   4.1230025e-01   9.2620848e+01   4.8920998e+01   2.7046644e+03   2.4884316e+01   5.0020076e+01   3.3325559e+03   2.2723555e+01   6.7288117e+01  -1.5962927e+00   2.7600006e+02   1.0234123e+02   9.3361997e+01   3.2184901e+01   1.5854786e+01   1.8912044e+01   6.0060002e+00   1.6782902e+01   2.8764133e+00   3.2748420e+01   2.3178861e+01   1.3268114e+01   9.4471677e-01   1.6567686e+01   3.8075545e+00   6.9410555e+00   3.3893614e+00   2.7235081e-03   5.2267562e-01   1.0639280e-01   5.3705064e+01   4.4025120e+01   6.3231839e+01   5.3724166e+01   2.9311764e+01   6.1196832e+01   5.0000140e+01   3.6724194e+01   4.6288117e+01   3.6191261e+01   1.2594717e+01
   3.0256593e-01   3.7041052e+03   4.4925789e+03   9.2656706e+00   3.2792073e+01   4.7985653e+01   2.7995322e+03   6.6314052e+01   1.2289265e+02   4.0607734e-01   9.2666311e+01   5.0456039e+01   2.7036765e+03   2.4777685e+01   4.9776293e+01   3.3313688e+03   2.2646382e+01   6.7311888e+01   1.6864148e+00   2.7586861e+02   1.0235449e+02   9.3470240e+01   3.2374781e+01   1.5910795e+01   1.8923420e+01   5.9421665e+00   1.6279684e+01   2.8623460e+00   3.2403371e+01   2.3106432e+01   1.2717884e+01   1.0706067e+00   1.5752235e+01   3.8337454e+00   6.8503200e+00   3.3452146e+00   2.7235081e-03   5.2267562e-01   1.0639280e-01   5.3705064e+01   4.4025120e+01   6.3203259e+01   5.3787482e+01   2.9591827e+01   6.1243683e+01   4.9437622e+01   3.6713863e+01   4.6294512e+01   3.6244455e+01   1.1468532e+01
   3.0217922e-01   3.6931541e+03   4.4631219e+03   9.3061872e+00   3.2620550e+01   4.7924901e+01   2.7984322e+03   6.5454081e+01   1.2289839e+02   4.0167523e-01   9.2651241e+01   4.7682758e+01   2.7033397e+03   2.4695859e+01   4.9759976e+01   3.3311832e+03   2.2671526e+01   6.7298485e+01  -1.3168590e+00   2.7605092e+02   1.0237723e+02   9.3386900e+01   3.2296866e+01   1.5850576e+01   1.8418049e+01   6.0551135e+00   1.6778433e+01   2.8791878e+00   3.2712217e+01   2.3246383e+01   1.3029222e+01   8.3063988e-01   1.6275394e+01   3.8085395e+00   6.8948518e+00   3.3354588e+00   2.7235081e-03   5.2267562e-01   1.0639280e-01   5.3705064e+01   4.4025120e+01   6.3175302e+01   5.3818622e+01   2.9629567e+01   6.1179794e+01   4.8543986e+01   3.6725308e+01   4.6266793e+01   3.6050212e+01   1.0207360e+01
   2.9533679e-01   3.6800391e+03   4.5168962e+03   9.3520115e+00   3.2909177e+01   4.7645189e+01   2.7981906e+03   6.5227939e+01   1.2290509e+02   3.9334849e-01   9.2615453e+01   4.9081165e+01   2.7032606e+03   2.4726383e+01   4.9955217e+01   3.3311769e+03   2.2923658e+01   6.7294000e+01   5.4242614e-01   2.7607149e+02   1.0236837e+02   9.3556411e+01   3.2499591e+01   1.6102014e+01   1.8891424e+01   6.0396757e+00   1.6612494e+01   2.8322313e+00   3.2511975e+01   2.3173803e+01   1.3284540e+01   8.7126931e-01   1.6117109e+01   3.8282424e+00   6.8599090e+00   3.3623831e+00   4.1735020e-03   5.4830341e-01   1.4178146e-01   5.3150600e+01   4.3194999e+01   6.3211657e+01   5.3821166e+01   2.9082033e+01   6.1396658e+01   4.7703024e+01   3.6725934e+01   4.6282453e+01   3.6081858e+01   1.4046382e+01
   2.9775373e-01   3.7069137e+03   4.4888719e+03   9.2674292e+00   3.2774279e+01   4.7772149e+01   2.7983342e+03   6.5342595e+01   1.2290439e+02   3.9122698e-01   9.2611047e+01   5.0588778e+01   2.7033163e+03   2.4817866e+01   5.1388392e+01   3.3311055e+03   2.2923552e+01   6.7334635e+01  -1.0373425e+00   2.7552732e+02   1.0237335e+02   9.3297596e+01   3.2205695e+01   1.5957509e+01   1.9022198e+01   6.0831234e+00   1.6401494e+01   2.8511843e+00   3.2930850e+01   2.3190945e+01   1.3345339e+01   8.6104312e-01   1.6272304e+01   3.8098563e+00   6.8343203e+00   3.2901400e+00   4.1735020e-03   5.4830341e-01   1.4178146e-01   5.3150600e+01   4.3194999e+01   6.3248880e+01   5.3749509e+01   2.9174872e+01   6.1275697e+01   4.7442990e+01   3.6708143e+01   4.6295586e+01   3.6325667e+01   1.0826668e+01
   3.0032625e-01   3.6959197e+03   4.5080833e+03   9.2949446e+00   3.2573852e+01   4.7910961e+01   2.7994004e+03   6.5434894e+01   1.2290720e+02   3.8866395e-01   9.2714520e+01   5.0229434e+01   2.7038143e+03   2.4998259e+01   5.0564658e+01   3.3310682e+03   2.2885867e+01   6.7327884e+01   1.5118481e+00   2.7577445e+02   1.0235442e+02   9.3490527e+01   3.2465274e+01   1.5763750e+01   1.9054838e+01   6.1342629e+00   1.6825558e+01   2.8406753e+00   3.2395452e+01   2.3289235e+01   1.2948183e+01   1.0085332e+00   1.6230320e+01   3.8131277e+00   6.8415476e+00   3.3186915e+00   1.7915094e-03   5.4715481e-01   1.0729525e-01   5.3657563e+01   4.4256838e+01   6.3275175e+01   5.3732148e+01   2.9592443e+01   6.1214207e+01   4.6964373e+01   3.6698512e+01   4.6260988e+01   3.6215111e+01   1.2470161e+01
   3.0075708e-01   3.6961254e+03   4.4850760e+03   9.2989055e+00   3.2643078e+01   4.8382416e+01   2.7977103e+03   6.4461070e+01   1.2290148e+02   3.8070519e-01   9.2607201e+01   4.8897378e+01   2.7024045e+03   2.5028081e+01   5.0746185e+01   3.3303818e+03   2.2832613e+01   6.7320291e+01  -2.5799180e-01   2.7580068e+02   1.0236546e+02   9.3174945e+01   3.2156388e+01   1.5964697e+01   1.9013693e+01   5.9946282e+00   1.6575778e+01   2.8060524e+00   3.2759145e+01   2.3212640e+01   1.3370480e+01   9.7952090e-01   1.6272085e+01   3.7774583e+00   6.8833010e+00   3.3693037e+00   1.7915094e-03   5.4715481e-01   1.0729525e-01   5.3657563e+01   4.4256838e+01   6.3242793e+01   5.3767835e+01   2.9691769e+01   6.1153545e+01   4.6098210e+01   3.6717592e+01   4.6255651e+01   3.6319576e+01   1.2200892e+01
   3.0426471e-01   3.6714305e+03   4.5112064e+03   9.4417214e+00   3.3054587e+01   4.7538065e+01   2.7994255e+03   6.5816993e+01   1.2287947e+02   3.7654657e-01   9.2653629e+01   4.9937144e+01   2.7032448e+03   2.4795676e+01   4.9504835e+01   3.3314581e+03   2.2910162e+01   6.7337362e+01   1.1858589e+00   2.7571459e+02   1.0234953e+02   9.3257099e+01   3.2773347e+01   1.5981248e+01   1.9312680e+01   5.8456441e+00   1.6926987e+01   2.8387019e+00   3.2877621e+01   2.3152136e+01   1.3647078e+01   8.7431139e-01   1.5836494e+01   3.8353658e+00   6.9419891e+00   3.3879423e+00   1.7915094e-03   5.4715481e-01   1.0729525e-01   5.3657563e+01   4.4256838e+01   6.3210152e+01   5.3800374e+01   2.9935421e+01   6.1227032e+01   4.5489511e+01   3.6737038e+01   4.6302420e+01   3.6380161e+01   1.2636178e+01
   3.0450997e-01   3.6859963e+03   4.5177988e+03   9.3047263e+00   3.2444969e+01   4.8154520e+01   2.7990842e+03   6.4846056e+01   1.2289585e+02   3.7155699e-01   9.2604467e+01   4.9625464e+01   2.7031570e+03   2.4584651e+01   5.0921432e+01   3.3307307e+03   2.2704197e+01   6.7331223e+01   1.7422027e+00   2.7566436e+02   1.0236759e+02   9.3387339e+01   3.2209691e+01   1.5896873e+01   1.8986130e+01   6.0526365e+00   1.6296647e+01   2.8686781e+00   3.2876027e+01   2.3214998e+01   1.3139495e+01   9.0109725e-01   1.6287570e+01   3.8014118e+00   6.9372917e+00   3.4037900e+00  -1.4547830e-03   5.3033218e-01   1.2940688e-01   5.3850391e+01   4.3116864e+01   6.3188021e+01   5.3818709e+01   3.0011524e+01   6.1089949e+01   4.5057535e+01   3.6731039e+01   4.6288576e+01   3.6295347e+01   1.0167508e+01
   3.0780490e-01   3.6580444e+03   4.4642508e+03   9.3457580e+00   3.2257566e+01   4.8041773e+01   2.7995720e+03   6.4915818e+01   1.2290105e+02   3.6405189e-01   9.2531679e+01   5.0098770e+01   2.7037890e+03   2.4567009e+01   4.8622023e+01   3.3308779e+03   2.2678534e+01   6.7279715e+01   1.1828645e-01   2.7576792e+02   1.0237142e+02   9.3447045e+01   3.1980140e+01   1.6008555e+01   1.8493962e+01   6.0888087e+00   1.6700472e+01   2.8258772e+00   3.2752573e+01   2.3099533e+01   1.3123810e+01   6.8953563e-01   1.5801491e+01   3.7722857e+00   6.7901443e+00   3.3521327e+00  -1.4547830e-03   5.3033218e-01   1.2940688e-01   5.3850391e+01   4.3116864e+01   6.3149996e+01   5.3845313e+01   3.0083613e+01   6.1185108e+01   4.4400669e+01   3.6770703e+01   4.6286212e+01   3.6126437e+01   1.3079157e+01
   3.0119742e-01   3.6797178e+03   4.5415001e+03   9.4582162e+00   3.2659056e+01   4.8368660e+01   2.8002743e+03   6.4794275e+01   1.2290358e+02   3.6647502e-01   9.2515506e+01   5.0468658e+01   2.7047246e+03   2.4881783e+01   4.9751979e+01   3.3332040e+03   2.2760796e+01   6.7252103e+01   4.2844000e-01   2.7550675e+02   1.0234144e+02   9.3196869e+01   3.2043272e+01   1.6007273e+01   1.8751956e+01   6.0037006e+00   1.6380186e+01   2.8293867e+00   3.3052532e+01   2.3355441e+01   1.2995644e+01   8.8493487e-01   1.6625161e+01   3.8403912e+00   6.8667359e+00   3.3509827e+00  -1.9054192e-03   5.4110535e-01   1.3651234e-01   5.4000672e+01   4.4189675e+01   6.3146732e+01   5.3848450e+01   2.9692777e+01   6.1411412e+01   4.4683603e+01   3.6757023e+01   4.6298109e+01   3.6178274e+01   1.2866154e+01
   3.0379744e-01   3.6478581e+03   4.5005901e+03   9.2701278e+00   3.2876262e+01   4.8045924e+01   2.8012972e+03   6.5088407e+01   1.2290266e+02   3.7661038e-01   9.2560895e+01   4.9930268e+01   2.7066353e+03   2.4624618e+01   5.0252307e+01   3.3344288e+03   2.3064217e+01   6.7258465e+01   9.2874261e-01   2.7575569e+02   1.0235141e+02   9.3307587e+01   3.2511575e+01   1.6169534e+01   1.9112758e+01   5.9879267e+00   1.6190336e+01   2.8485663e+00   3.2654581e+01   2.3260169e+01   1.3241103e+01   9.4587688e-01   1.6050517e+01   3.7816367e+00   6.8792147e+00   3.3261587e+00  -1.9054192e-03   5.4110535e-01   1.3651234e-01   5.4000672e+01   4.4189675e+01   6.3129936e+01   5.3871348e+01   2.9741562e+01   6.1302188e+01   4.5513460e+01   3.6748788e+01   4.6303169e+01   3.6091743e+01   1.1325280e+01
   3.0460089e-01   3.6821445e+03   4.5291561e+03   9.3753947e+00   3.2565491e+01   4.7949410e+01   2.8013956e+03   6.5301537e+01   1.2289128e+02   3.8372900e-01   9.2504173e+01   4.9517297e+01   2.7055128e+03   2.4669006e+01   4.9548495e+01   3.3329775e+03   2.2781550e+01   6.7251340e+01  -3.6401420e-01   2.7577165e+02   1.0235714e+02   9.3272937e+01   3.2061623e+01   1.5956665e+01   1.8626187e+01   5.8662712e+00   1.6331514e+01   2.8451753e+00   3.2705244e+01   2.3138401e+01   1.2935898e+01   9.0620575e-01   1.6015536e+01   3.8159484e+00   6.9381181e+00   3.3507865e+00  -1.9054192e-03   5.4110535e-01   1.3651234e-01   5.4000672e+01   4.4189675e+01   6.3099421e+01   5.3886248e+01   2.9878651e+01   6.1145498e+01   4.6400745e+01   3.6732307e+01   4.6296231e+01   3.6355820e+01   1.0499815e+01
   3.0314785e-01   3.6746008e+03   4.4807346e+03   9.3060326e+00   3.2849941e+01   4.8087867e+01   2.8016315e+03   6.5184271e+01   1.2289079e+02   3.9062831e-01   9.2557994e+01   5.1862828e+01   2.7060520e+03   2.4747669e+01   5.0390355e+01   3.3341413e+03   2.3070560e+01   6.7250163e+01   7.6815839e-01   2.7585703e+02   1.0235561e+02   9.3265722e+01   3.1941474e+01   1.5876713e+01   1.9574866e+01   6.0305106e+00   1.6349652e+01   2.8153840e+00   3.2840876e+01   2.3256971e+01   1.2952404e+01   9.5461820e-01   1.6752729e+01   3.8046216e+00   6.8082617e+00   3.3735716e+00   1.2823629e-02   5.4332050e-01   1.1824476e-01   5.4614912e+01   4.3802316e+01   6.3050429e+01   5.3927698e+01   2.9685248e+01   6.1382322e+01   4.7285041e+01   3.6711031e+01   4.6269810e+01   3.6189100e+01   1.0101040e+01
   3.1474004e-01   3.6427404e+03   4.5088893e+03   9.3795134e+00   3.2713994e+01   4.7994106e+01   2.8011874e+03   6.4860672e+01   1.2290443e+02   3.9087589e-01   9.2562085e+01   5.0528218e+01   2.7053424e+03   2.4784409e+01   5.1554954e+01   3.3334469e+03   2.2941445e+01   6.7236519e+01  -1.4030205e+00   2.7565068e+02   1.0239867e+02   9.3518549e+01   3.1880422e+01   1.6065056e+01   1.9209427e+01   5.9339378e+00   1.6819519e+01   2.8012044e+00   3.2763075e+01   2.2964788e+01   1.3187623e+01   1.0054716e+00   1.6376070e+01   3.8231363e+00   6.9490406e+00   3.3422170e+00   1.2823629e-02   5.4332050e-01   1.1824476e-01   5.4614912e+01   4.3802316e+01   6.3011902e+01   5.4002475e+01   3.0841235e+01   6.1038517e+01   4.7730450e+01   3.6773640e+01   4.6286743e+01   3.6114168e+01   1.1628137e+01
   3.1613010e-01   3.6691852e+03   4.5288652e+03   9.3795267e+00   3.2967379e+01   4.8130926e+01   2.7997000e+03   6.5416286e+01   1.2288972e+02   3.9833711e-01   9.2385258e+01   4.9041974e+01   2.7037647e+03   2.5166842e+01   5.0099298e+01   3.3316468e+03   2.2722962e+01   6.7232488e+01  -5.5485142e-01   2.7593412e+02   1.0243363e+02   9.3356541e+01   3.2340781e+01   1.5927688e+01   1.8563713e+01   5.9938779e+00   1.6408973e+01   2.8791804e+00   3.2712011e+01   2.2989437e+01   1.3124997e+01   9.6546385e-01   1.5607966e+01   3.7711194e+00   6.9348424e+00   3.2679516e+00   1.6088109e-02   5.4589808e-01   1.1658022e-01   5.4613439e+01   4.4358450e+01   6.2980899e+01   5.4023138e+01   3.1150867e+01   6.1100699e+01   4.7947621e+01   3.6767835e+01   4.6274134e+01   3.6069656e+01   7.2593476e+00
   3.0572220e-01   3.6455666e+03   4.5439770e+03   9.2912458e+00   3.2681898e+01   4.8118721e+01   2.8023136e+03   6.5622985e+01   1.2289297e+02   4.0029583e-01   9.2577959e+01   4.7473278e+01   2.7065782e+03   2.4905226e+01   4.9579966e+01   3.3343703e+03   2.2815294e+01   6.7255560e+01   2.0263921e-01   2.7549161e+02   1.0239236e+02   9.3407911e+01   3.2024720e+01   1.5963914e+01   1.8583871e+01   5.9623459e+00   1.6821598e+01   2.8234829e+00   3.2829464e+01   2.3222018e+01   1.2930046e+01   9.0075613e-01   1.5927754e+01   3.8124677e+00   6.8329508e+00   3.2844061e+00   1.6088109e-02   5.4589808e-01   1.1658022e-01   5.4613439e+01   4.4358450e+01   6.2986341e+01   5.4071038e+01   3.0255236e+01   6.1313864e+01   4.8496841e+01   3.6767393e+01   4.6325964e+01   3.6165865e+01   1.1062475e+01
   3.0469237e-01   3.6518870e+03   4.5182080e+03   9.4477547e+00   3.2756163e+01   4.8139354e+01   2.8020648e+03   6.5710619e+01   1.2291241e+02   4.0666360e-01   9.2562821e+01   5.0202024e+01   2.7060082e+03   2.4750985e+01   4.9502960e+01   3.3348884e+03   2.3004117e+01   6.7214055e+01  -1.9237118e+00   2.7557607e+02   1.0236310e+02   9.3311543e+01   3.2296323e+01   1.6076394e+01   1.8878843e+01   5.9620341e+00   1.6427075e+01   2.9096053e+00   3.3131528e+01   2.3292200e+01   1.2891551e+01   9.3659751e-01   1.5719411e+01   3.8036178e+00   6.8570860e+00   3.3075981e+00   1.6088109e-02   5.4589808e-01   1.1658022e-01   5.4613439e+01   4.4358450e+01   6.2940904e+01   5.4062359e+01   2.9991102e+01   6.1367534e+01   4.9217377e+01   3.6762443e+01   4.6314583e+01   3.6159700e+01   1.1550828e+01
   3.0415345e-01   3.6472185e+03   4.5200444e+03   9.3882238e+00   3.2595463e+01   4.7964884e+01   2.8018352e+03   6.4918935e+01   1.2290201e+02   4.1240566e-01   9.2577640e+01   5.0592969e+01   2.7056532e+03   2.4941099e+01   5.0353587e+01   3.3341950e+03   2.3023587e+01   6.7259406e+01  -2.4479328e+00   2.7601577e+02   1.0235620e+02   9.3258274e+01   3.2065617e+01   1.6108890e+01   1.8917012e+01   5.8515910e+00   1.6361543e+01   2.8274273e+00   3.2738000e+01   2.3206257e+01   1.2936729e+01   9.7451812e-01   1.5980925e+01   3.7740993e+00   6.8681923e+00   3.4069206e+00   2.7859331e-02   5.3497492e-01   1.2900624e-01   5.3863538e+01   4.3719160e+01   6.2958386e+01   5.3989008e+01   3.0006718e+01   6.1201993e+01   5.0021066e+01   3.6724227e+01   4.6282780e+01   3.6113930e+01   1.1580152e+01
   3.0766621e-01   3.6885945e+03   4.4823268e+03   9.2546790e+00   3.2939401e+01   4.8230393e+01   2.8011898e+03   6.4581774e+01   1.2289344e+02   4.1317535e-01   9.2636468e+01   5.0257524e+01   2.7055714e+03   2.4875836e+01   5.1461067e+01   3.3337625e+03   2.2891175e+01   6.7259413e+01  -7.2186708e-01   2.7576962e+02   1.0238504e+02   9.3371888e+01   3.1928541e+01   1.5973338e+01   1.8912431e+01   6.1142954e+00   1.6569950e+01   2.8213437e+00   3.2936699e+01   2.3115176e+01   1.2962546e+01   8.8807155e-01   1.6117506e+01   3.7679646e+00   6.8842953e+00   3.3453827e+00   2.7859331e-02   5.3497492e-01   1.2900624e-01   5.3863538e+01   4.3719160e+01   6.2990791e+01   5.3956685e+01   3.0223216e+01   6.1196912e+01   5.0241625e+01   3.6756354e+01   4.6270386e+01   3.6143710e+01   1.2784078e+01
   3.1088870e-01   3.6495719e+03   4.5350635e+03   9.4918711e+00   3.2770820e+01   4.7952463e+01   2.8003634e+03   6.3904828e+01   1.2290332e+02   4.1254783e-01   9.2675215e+01   5.1845222e+01   2.7054003e+03   2.4938301e+01   4.9928787e+01   3.3327636e+03   2.2740493e+01   6.7275438e+01   2.6722866e+00   2.7569101e+02   1.0240618e+02   9.3681053e+01   3.2121544e+01   1.5884647e+01   1.9165883e+01   5.9914896e+00   1.7070255e+01   2.8496914e+00   3.3092851e+01   2.3322133e+01   1.3115579e+01   7.9892039e-01   1.5955177e+01   3.7791086e+00   6.8386310e+00   3.3176227e+00  -5.6281032e-03   5.4761371e-01   1.1867250e-01   5.4382163e+01   4.3538886e+01   6.3035746e+01   5.3928400e+01   3.0467811e+01   6.1196860e+01   5.0123191e+01   3.6772037e+01   4.6295918e+01   3.6244874e+01   1.0322982e+01
   3.1294124e-01   3.6562814e+03   4.4892021e+03   9.3385653e+00   3.2628053e+01   4.8228808e+01   2.7986719e+03   6.4067796e+01   1.2290162e+02   4.1602804e-01   9.2560011e+01   4.9907222e+01   2.7031587e+03   2.4768464e+01   4.9597596e+01   3.3316579e+03   2.2799842e+01   6.7303313e+01   1.9723220e+00   2.7553610e+02   1.0239793e+02   9.3340660e+01   3.2229668e+01   1.6114505e+01   1.8426656e+01   5.9632990e+00   1.6617622e+01   2.8480296e+00   3.2623269e+01   2.3202947e+01   1.3224816e+01   7.7742738e-01   1.6098018e+01   3.7660512e+00   6.8470606e+00   3.3993776e+00  -5.6281032e-03   5.4761371e-01   1.1867250e-01   5.4382163e+01   4.3538886e+01   6.2984788e+01   5.3972106e+01   3.0793324e+01   6.1101767e+01   5.0018531e+01   3.6702202e+01   4.6280163e+01   3.6116613e+01   9.9236733e+00
   3.0315448e-01   3.6531631e+03   4.5093073e+03   9.4532763e+00   3.2218522e+01   4.7801431e+01   2.7990831e+03   6.5025841e+01   1.2289486e+02   4.1120846e-01   9.2552288e+01   5.0987644e+01   2.7029528e+03   2.4803095e+01   4.9692418e+01   3.3314157e+03   2.2776873e+01   6.7289713e+01  -8.5179844e-01   2.7490050e+02   1.0239863e+02   9.3035085e+01   3.2329553e+01   1.6077399e+01   1.8804173e+01   5.8377013e+00   1.6836026e+01   2.8045062e+00   3.2845106e+01   2.3382721e+01   1.3120071e+01   7.4857135e-01   1.6011122e+01   3.7778635e+00   6.8578316e+00   3.2930824e+00  -5.6281032e-03   5.4761371e-01   1.1867250e-01   5.4382163e+01   4.3538886e+01   6.2961002e+01   5.4031046e+01   3.0019203e+01   6.1409496e+01   4.9509921e+01   3.6740073e+01   4.6271407e+01   3.6089148e+01   1.2828396e+01
   3.0574972e-01   3.6600789e+03   4.5243361e+03   9.4446493e+00   3.2469036e+01   4.7838968e+01   2.7986605e+03   6.4930015e+01   1.2289047e+02   4.0251346e-01   9.2499605e+01   5.2067252e+01   2.7031996e+03   2.4713464e+01   5.0473352e+01   3.3303827e+03   2.2987136e+01   6.7251609e+01  -6.5589685e-01   2.7545399e+02   1.0238571e+02   9.3215408e+01   3.2279150e+01   1.6239113e+01   1.8133760e+01   6.1196027e+00   1.6731397e+01   2.8396082e+00   3.2878213e+01   2.3118330e+01   1.3296389e+01   1.0070902e+00   1.5948225e+01   3.7920864e+00   6.9195220e+00   3.3575501e+00   8.0405144e-03   5.5395187e-01   1.3356707e-01   5.3329131e+01   4.3546033e+01   6.3030618e+01   5.3938461e+01   2.9957298e+01   6.1267059e+01   4.8902035e+01   3.6738947e+01   4.6277479e+01   3.6138874e+01   1.2397343e+01
   2.9752012e-01   3.6505424e+03   4.4920773e+03   9.4498547e+00   3.2820365e+01   4.7861764e+01   2.8002214e+03   6.4866113e+01   1.2289740e+02   4.0151171e-01   9.2669270e+01   5.1335265e+01   2.7058081e+03   2.5035180e+01   4.9919436e+01   3.3336263e+03   2.2973559e+01   6.7255607e+01  -5.5744514e-01   2.7556965e+02   1.0235952e+02   9.3295290e+01   3.2199449e+01   1.6210398e+01   1.8646839e+01   6.0226790e+00   1.6711877e+01   2.8671506e+00   3.2778331e+01   2.3224512e+01   1.2901164e+01   7.4193498e-01   1.6198480e+01   3.7433102e+00   6.8055666e+00   3.3140412e+00   8.0405144e-03   5.5395187e-01   1.3356707e-01   5.3329131e+01   4.3546033e+01   6.3098462e+01   5.3879542e+01   2.9101909e+01   6.1466091e+01   4.8946200e+01   3.6743554e+01   4.6276117e+01   3.6059723e+01   1.0720228e+01
   2.9660428e-01   3.6658512e+03   4.5523500e+03   9.3376164e+00   3.2756567e+01   4.7816386e+01   2.8008099e+03   6.5063417e+01   1.2292685e+02   4.0289914e-01   9.2711862e+01   5.0875020e+01   2.7050983e+03   2.4765678e+01   4.9567914e+01   3.3324265e+03   2.2763102e+01   6.7233379e+01   7.9794343e-01   2.7589697e+02   1.0234529e+02   9.3607551e+01   3.2485249e+01   1.6144790e+01   1.9027359e+01   5.9987913e+00   1.6510257e+01   2.8520524e+00   3.2834670e+01   2.3190971e+01   1.2745918e+01   7.5313655e-01   1.5995856e+01   3.7526833e+00   6.8532047e+00   3.3080632e+00   2.1603149e-02   5.4016269e-01   1.2527991e-01   5.3529157e+01   4.4379776e+01   6.3148432e+01   5.3839326e+01   2.9270745e+01   6.1357042e+01   4.8799820e+01   3.6743700e+01   4.6279614e+01   3.6165185e+01   1.1242656e+01
   3.0199707e-01   3.6692859e+03   4.5163609e+03   9.2980095e+00   3.2706150e+01   4.7679648e+01   2.7980476e+03   6.4619541e+01   1.2290673e+02   3.9987348e-01   9.2538984e+01   5.0269156e+01   2.7025619e+03   2.4783282e+01   4.9621175e+01   3.3304046e+03   2.2808258e+01   6.7290514e+01  -3.4967544e-01   2.7542954e+02   1.0236372e+02   9.3149920e+01   3.2385372e+01   1.6079925e+01   1.8416034e+01   5.9523264e+00   1.6660471e+01   2.8452316e+00   3.2574540e+01   2.3373404e+01   1.3253644e+01   7.5506830e-01   1.6336229e+01   3.7644965e+00   6.8873217e+00   3.3254739e+00   2.1603149e-02   5.4016269e-01   1.2527991e-01   5.3529157e+01   4.4379776e+01   6.3158037e+01   5.3854365e+01   2.9610644e+01   6.1148599e+01   4.8814953e+01   3.6748096e+01   4.6274310e+01   3.6075726e+01   1.1645024e+01
   2.9527438e-01   3.6802850e+03   4.4827106e+03   9.4290492e+00   3.2686514e+01   4.7688571e+01   2.7985833e+03   6.5300102e+01   1.2290323e+02   3.9467934e-01   9.2666549e+01   4.9614968e+01   2.7037408e+03   2.4902053e+01   4.9224783e+01   3.3310680e+03   2.2848896e+01   6.7264944e+01  -8.4058240e-01   2.7616330e+02   1.0235231e+02   9.3385657e+01   3.2423643e+01   1.5965034e+01   1.8844723e+01   5.9007914e+00   1.7042732e+01   2.8616040e+00   3.2706374e+01   2.3304188e+01   1.3188700e+01   9.1505940e-01   1.6324023e+01   3.7744173e+00   6.9258496e+00   3.4366567e+00   2.1603149e-02   5.4016269e-01   1.2527991e-01   5.3529157e+01   4.4379776e+01   6.3156367e+01   5.3855081e+01   2.9111064e+01   6.1354948e+01   4.7895166e+01   3.6718932e+01   4.6234450e+01   3.6321594e+01   1.2774736e+01
   2.9712515e-01   3.6543970e+03   4.4722711e+03   9.3617167e+00   3.2577226e+01   4.7799155e+01   2.7986607e+03   6.5326805e+01   1.2293194e+02   3.9499734e-01   9.2584337e+01   5.0573557e+01   2.7024519e+03   2.4927770e+01   5.0892237e+01   3.3302684e+03   2.2771629e+01   6.7285307e+01  -8.1561600e-01   2.7545015e+02   1.0236373e+02   9.3432607e+01   3.2269303e+01   1.5971097e+01   1.8362805e+01   5.8069117e+00   1.6907163e+01   2.8435606e+00   3.2491881e+01   2.3016664e+01   1.2952545e+01   9.8905412e-01   1.5764292e+01   3.7370908e+00   6.8695936e+00   3.3933020e+00  -5.8074786e-03   5.3720006e-01   1.4003915e-01   5.4321595e+01   4.3769599e+01   6.3106704e+01   5.3900014e+01   2.9292598e+01   6.1228831e+01   4.7432156e+01   3.6755604e+01   4.6243500e+01   3.6199453e+01   1.2925288e+01
   2.9249934e-01   3.6813158e+03   4.4930612e+03   9.2741331e+00   3.2444854e+01   4.8029082e+01   2.7983340e+03   6.4187489e+01   1.2288037e+02   3.8599396e-01   9.2521765e+01   5.0464007e+01   2.7036774e+03   2.4799137e+01   4.8842626e+01   3.3314425e+03   2.2890570e+01   6.7245284e+01   5.2401250e-01   2.7535209e+02   1.0235959e+02   9.3274507e+01   3.1754337e+01   1.6205161e+01   1.9165634e+01   5.8928012e+00   1.6533576e+01   2.8315335e+00   3.2515351e+01   2.3099233e+01   1.2951570e+01   8.8822585e-01   1.6337641e+01   3.7454408e+00   6.9203077e+00   3.3942769e+00  -5.8074786e-03   5.3720006e-01   1.4003915e-01   5.4321595e+01   4.3769599e+01   6.3064059e+01   5.3993063e+01   2.8895382e+01   6.1511095e+01   4.6947066e+01   3.6712139e+01   4.6278578e+01   3.6079718e+01   9.5763243e+00
   3.0465378e-01   3.6746503e+03   4.4990030e+03   9.3526720e+00   3.2388601e+01   4.7752929e+01   2.7990140e+03   6.5536952e+01   1.2289966e+02   3.9022288e-01   9.2457375e+01   4.9476191e+01   2.7032663e+03   2.4771549e+01   4.8577384e+01   3.3315379e+03   2.2933176e+01   6.7232962e+01  -1.2552026e+00   2.7545950e+02   1.0238512e+02   9.3162317e+01   3.2163536e+01   1.6025188e+01   1.8541487e+01   6.0941269e+00   1.6806293e+01   2.8158678e+00   3.2546049e+01   2.3228483e+01   1.3346151e+01   9.3180556e-01   1.6474558e+01   3.7553834e+00   6.9373872e+00   3.3272685e+00   7.2521890e-03   5.4348811e-01   1.0798052e-01   5.4658494e+01   4.4248864e+01   6.3009534e+01   5.4006498e+01   2.9997295e+01   6.1190340e+01   4.7007387e+01   3.6712841e+01   4.6267716e+01   3.6106667e+01   1.2252692e+01
   3.0131903e-01   3.6698128e+03   4.5320442e+03   9.4706618e+00   3.2704311e+01   4.8374458e+01   2.8007612e+03   6.4711387e+01   1.2290652e+02   3.8734494e-01   9.2524788e+01   5.0460990e+01   2.7043234e+03   2.4840274e+01   4.9390151e+01   3.3325327e+03   2.2998546e+01   6.7245400e+01  -1.0652418e+00   2.7557055e+02   1.0238502e+02   9.3147654e+01   3.2241267e+01   1.5753468e+01   1.8785783e+01   6.0695749e+00   1.6485701e+01   2.8362111e+00   3.2665671e+01   2.3234266e+01   1.2995355e+01   1.0514037e+00   1.6350255e+01   3.8211562e+00   6.9421893e+00   3.4286136e+00   7.2521890e-03   5.4348811e-01   1.0798052e-01   5.4658494e+01   4.4248864e+01   6.2966199e+01   5.4056185e+01   2.9594396e+01   6.1377288e+01   4.7063130e+01   3.6745420e+01   4.6275254e+01   3.6183277e+01   9.0968557e+00
   3.0160333e-01   3.6712664e+03   4.5467182e+03   9.3254188e+00   3.2697967e+01   4.7853224e+01   2.8014331e+03   6.4543692e+01   1.2289832e+02   3.9513621e-01   9.2622554e+01   5.0321254e+01   2.7056328e+03   2.4910461e+01   5.0121536e+01   3.3341546e+03   2.2950597e+01   6.7241274e+01  -2.2767725e+00   2.7571711e+02   1.0238680e+02   9.3171745e+01   3.2151358e+01   1.6138469e+01   1.8393261e+01   5.9506636e+00   1.6521766e+01   2.8442261e+00   3.2296906e+01   2.3406672e+01   1.3200268e+01   9.4487946e-01   1.5661877e+01   3.7451912e+00   6.8645308e+00   3.2615519e+00   7.2521890e-03   5.4348811e-01   1.0798052e-01   5.4658494e+01   4.4248864e+01   6.2941771e+01   5.4098812e+01   2.9600325e+01   6.1289649e+01   4.7532146e+01   3.6753316e+01   4.6287485e+01   3.6262967e+01   1.1809543e+01
   2.9844912e-01   3.6790267e+03   4.4918743e+03   9.3152830e+00   3.2802369e+01   4.8006418e+01   2.8020076e+03   6.5053138e+01   1.2289035e+02   4.0037488e-01   9.2536840e+01   5.0939745e+01   2.7064059e+03   2.4887360e+01   5.2646151e+01   3.3344441e+03   2.2905801e+01   6.7252492e+01   5.8728766e-01   2.7537820e+02   1.0236290e+02   9.3006490e+01   3.1980688e+01   1.6107477e+01   1.8330211e+01   6.0062243e+00   1.6349294e+01   2.8253313e+00   3.2862961e+01   2.3114032e+01   1.3219144e+01   1.0468852e+00   1.6387857e+01   3.8044229e+00   6.9193513e+00   3.3683825e+00   1.9465071e-02   5.4526392e-01   1.1093751e-01   5.4239016e+01   4.3526035e+01   6.2921864e+01   5.4083434e+01   2.9164225e+01   6.1412958e+01   4.8392469e+01   3.6711097e+01   4.6270779e+01   3.6103430e+01   9.6971471e+00
   2.9624915e-01   3.6557044e+03   4.5182934e+03   9.3256662e+00   3.2370426e+01   4.8171824e+01   2.8027554e+03   6.5366589e+01   1.2292053e+02   4.0365445e-01   9.2610616e+01   5.0014179e+01   2.7071889e+03   2.4697011e+01   4.8659131e+01   3.3354590e+03   2.3031030e+01   6.7199373e+01  -3.5526394e-01   2.7540337e+02   1.0236110e+02   9.3309223e+01   3.2562244e+01   1.5905749e+01   1.8910862e+01   5.9381158e+00   1.6746315e+01   2.7979000e+00   3.2612167e+01   2.3219080e+01   1.3183434e+01   8.9767762e-01   1.6141568e+01   3.7452691e+00   6.9586602e+00   3.3299186e+00   1.9465071e-02   5.4526392e-01   1.1093751e-01   5.4239016e+01   4.3526035e+01   6.2937942e+01   5.4073144e+01   2.8934952e+01   6.1492800e+01   4.9130570e+01   3.6749582e+01   4.6265331e+01   3.6220169e+01   1.3538264e+01
   2.9650495e-01   3.6275901e+03   4.5321383e+03   9.3278931e+00   3.2807168e+01   4.7941220e+01   2.8012204e+03   6.4505373e+01   1.2289403e+02   4.1215328e-01   9.2575207e+01   5.1754080e+01   2.7063589e+03   2.4909138e+01   5.1053991e+01   3.3343686e+03   2.2672694e+01   6.7229875e+01   5.6313545e-02   2.7554978e+02   1.0236701e+02   9.3505282e+01   3.2449353e+01   1.6028467e+01   1.8638636e+01   5.9058892e+00   1.6776295e+01   2.8149541e+00   3.2787189e+01   2.3416508e+01   1.2782945e+01   8.5618858e-01   1.6282487e+01   3.7784857e+00   6.9020098e+00   3.4147077e+00  -6.0438676e-03   5.4430718e-01   1.2305735e-01   5.4044808e+01   4.4130997e+01   6.2933271e+01   5.4080309e+01   2.9080307e+01   6.1248056e+01   4.9911063e+01   3.6773332e+01   4.6285515e+01   3.6078720e+01   1.2224772e+01
   2.9355063e-01   3.6319221e+03   4.5021758e+03   9.3266959e+00   3.2659203e+01   4.8070344e+01   2.8002840e+03   6.4907753e+01   1.2288543e+02   4.1542597e-01   9.2505663e+01   4.9801504e+01   2.7045638e+03   2.4943333e+01   4.9073635e+01   3.3329354e+03   2.2815400e+01   6.7226422e+01  -4.9449159e-01   2.7509458e+02   1.0239329e+02   9.3202028e+01   3.2158453e+01   1.6300800e+01   1.8256752e+01   5.8037404e+00   1.6661980e+01   2.8252888e+00   3.2794592e+01   2.3117990e+01   1.3387645e+01   9.2367139e-01   1.5825051e+01   3.7552046e+00   6.9064184e+00   3.3745552e+00  -6.0438676e-03   5.4430718e-01   1.2305735e-01   5.4044808e+01   4.4130997e+01   6.2954217e+01   5.4043586e+01   2.8892904e+01   6.1348866e+01   5.0355871e+01   3.6716560e+01   4.6284049e+01   3.6063277e+01   1.3139456e+01
   2.9011360e-01   3.6378603e+03   4.5243088e+03   9.4009390e+00   3.2765467e+01   4.7814056e+01   2.7999485e+03   6.4451943e+01   1.2289701e+02   4.1456946e-01   9.2453162e+01   4.8374810e+01   2.7044441e+03   2.4712204e+01   4.8773359e+01   3.3319788e+03   2.2920994e+01   6.7174888e+01   1.4938821e+00   2.7505295e+02   1.0238570e+02   9.3228436e+01   3.2313473e+01   1.6022070e+01   1.8527061e+01   5.7936991e+00   1.6902277e+01   2.8119187e+00   3.2654529e+01   2.3285356e+01   1.3090006e+01   9.3408473e-01   1.6313444e+01   3.7385300e+00   6.9140454e+00   3.3856770e+00  -6.0438676e-03   5.4430718e-01   1.2305735e-01   5.4044808e+01   4.4130997e+01   6.2971394e+01   5.4035590e+01   2.8483005e+01   6.1555746e+01   5.0188463e+01   3.6771447e+01   4.6311357e+01   3.6097310e+01   8.9430641e+00
   2.8769261e-01   3.6665618e+03   4.5178873e+03   9.2658151e+00   3.2627424e+01   4.7881712e+01   2.8001436e+03   6.6804297e+01   1.2289118e+02   4.1414966e-01   9.2446610e+01   4.9919880e+01   2.7039074e+03   2.4760380e+01   4.8613475e+01   3.3324330e+03   2.2877673e+01   6.7187169e+01   8.2031235e-01   2.7555783e+02   1.0239857e+02   9.3177600e+01   3.2302526e+01   1.6062298e+01   1.8523515e+01   6.2838836e+00   1.6319632e+01   2.8272619e+00   3.2364330e+01   2.3337526e+01   1.2779987e+01   1.0092273e+00   1.6308178e+01   3.7392888e+00   6.8867529e+00   3.3820186e+00   1.0461657e-02   5.4821130e-01   1.3853997e-01   5.4348449e+01   4.3917556e+01   6.2937421e+01   5.4013322e+01   2.8421303e+01   6.1448104e+01   5.0317038e+01   3.6724326e+01   4.6266406e+01   3.5997083e+01   9.8337406e+00
   2.8912763e-01   3.6522027e+03   4.5151921e+03   9.3410577e+00   3.2770793e+01   4.7798646e+01   2.7996000e+03   6.5357355e+01   1.2288687e+02   4.1433819e-01   9.2448634e+01   4.9963888e+01   2.7040657e+03   2.4755839e+01   4.9515259e+01   3.3322406e+03   2.2985992e+01   6.7204029e+01  -7.5406156e-01   2.7515971e+02   1.0240961e+02   9.3224041e+01   3.2257950e+01   1.5897461e+01   1.9103227e+01   6.1074281e+00   1.6905663e+01   2.7795157e+00   3.2723369e+01   2.3514923e+01   1.3391179e+01   1.0363355e+00   1.5686635e+01   3.7950342e+00   6.8279216e+00   3.3447775e+00   1.0461657e-02   5.4821130e-01   1.3853997e-01   5.4348449e+01   4.3917556e+01   6.2936676e+01   5.4053355e+01   2.8367458e+01   6.1463020e+01   5.0409972e+01   3.6709924e+01   4.6253680e+01   3.6062552e+01   8.8102859e+00
   2.9655605e-01   3.6617598e+03   4.5161299e+03   9.3236330e+00   3.2768130e+01   4.8316390e+01   2.8000089e+03   6.4475440e+01   1.2290392e+02   4.1747594e-01   9.2574000e+01   4.8672119e+01   2.7046617e+03   2.4681305e+01   5.1135894e+01   3.3329826e+03   2.2887192e+01   6.7225815e+01   2.2783290e+00   2.7545568e+02   1.0239360e+02   9.3404360e+01   3.2105927e+01   1.6158860e+01   1.8693276e+01   6.0373037e+00   1.7020843e+01   2.8333105e+00   3.2375107e+01   2.3339735e+01   1.3460589e+01   1.0936817e+00   1.5948171e+01   3.7750774e+00   6.8275084e+00   3.3371903e+00   2.3147232e-02   5.4945243e-01   1.3169908e-01   5.3697320e+01   4.5094237e+01   6.2925542e+01   5.4079344e+01   2.9056253e+01   6.1220899e+01   5.0433229e+01   3.6751204e+01   4.6261902e+01   3.6139970e+01   1.3803212e+01
   2.9483673e-01   3.6657178e+03   4.5227259e+03   9.3825587e+00   3.2716832e+01   4.7884181e+01   2.7994512e+03   6.5863419e+01   1.2288566e+02   4.1618966e-01   9.2519140e+01   5.0065997e+01   2.7035030e+03   2.4752800e+01   4.9172610e+01   3.3316161e+03   2.2779478e+01   6.7245162e+01   1.3016493e+00   2.7518620e+02   1.0238782e+02   9.3199049e+01   3.2043400e+01   1.5878911e+01   1.8992817e+01   5.9627787e+00   1.6505384e+01   2.8125504e+00   3.2757116e+01   2.3256824e+01   1.2934969e+01   8.6911129e-01   1.5916613e+01   3.7697949e+00   6.7633022e+00   3.3468843e+00   2.3147232e-02   5.4945243e-01   1.3169908e-01   5.3697320e+01   4.5094237e+01   6.2985306e+01   5.4008533e+01   2.9052004e+01   6.1392892e+01   5.0268769e+01   3.6752958e+01   4.6280818e+01   3.6138393e+01   1.1521951e+01
   2.9678217e-01   3.6693168e+03   4.5134044e+03   9.2757762e+00   3.2875044e+01   4.7971216e+01   2.7990065e+03   6.5559804e+01   1.2290329e+02   4.0948322e-01   9.2514906e+01   4.9655967e+01   2.7030216e+03   2.4650418e+01   5.0489605e+01   3.3309300e+03   2.3006385e+01   6.7259788e+01   3.2401601e-01   2.7487859e+02   1.0238987e+02   9.3208748e+01   3.1983858e+01   1.6058961e+01   1.9008672e+01   6.0170357e+00   1.6813011e+01   2.8242031e+00   3.2487897e+01   2.3262725e+01   1.3130883e+01   9.8574251e-01   1.6112481e+01   3.8107815e+00   6.8820429e+00   3.3993972e+00   2.3147232e-02   5.4945243e-01   1.3169908e-01   5.3697320e+01   4.5094237e+01   6.2999490e+01   5.3968118e+01   2.9459266e+01   6.1233033e+01   4.9821866e+01   3.6699769e+01   4.6227814e+01   3.6059781e+01   1.5522868e+01
   3.0369008e-01   3.6464007e+03   4.5030996e+03   9.3911396e+00   3.2460091e+01   4.7807130e+01   2.7983894e+03   6.3769272e+01   1.2290264e+02   4.0753245e-01   9.2586598e+01   4.8297156e+01   2.7032665e+03   2.4812175e+01   5.0373645e+01   3.3310968e+03   2.3183442e+01   6.7251739e+01  -5.4241798e-01   2.7501886e+02   1.0236734e+02   9.3183215e+01   3.1591559e+01   1.6077330e+01   1.8969657e+01   5.7843818e+00   1.6936641e+01   2.8098904e+00   3.2322731e+01   2.3216563e+01   1.3440960e+01   8.6336471e-01   1.6788766e+01   3.7786970e+00   6.8929658e+00   3.3684788e+00   7.3217372e-03   5.2515941e-01   1.1891639e-01   5.4592323e+01   4.3639508e+01   6.2977703e+01   5.4055734e+01   2.9777321e+01   6.1286345e+01   4.9249493e+01   3.6733639e+01   4.6266552e+01   3.6165066e+01   1.0391366e+01
   3.0684968e-01   3.6127378e+03   4.4720926e+03   9.3563679e+00   3.2862044e+01   4.7896168e+01   2.7994807e+03   6.4122171e+01   1.2289894e+02   3.9945507e-01   9.2616038e+01   4.8077745e+01   2.7040143e+03   2.4963600e+01   5.1304713e+01   3.3313446e+03   2.2837127e+01   6.7214398e+01  -1.4251183e+00   2.7539064e+02   1.0238758e+02   9.3410039e+01   3.2576199e+01   1.5971901e+01   1.8302561e+01   5.9694500e+00   1.6226908e+01   2.8608707e+00   3.2988438e+01   2.3273397e+01   1.3484080e+01   1.1279179e+00   1.6452905e+01   3.7027804e+00   6.9615339e+00   3.4166928e+00   7.3217372e-03   5.2515941e-01   1.1891639e-01   5.4592323e+01   4.3639508e+01   6.2893315e+01   5.4115211e+01   3.0219299e+01   6.1294118e+01   4.8460690e+01   3.6731744e+01   4.6238232e+01   3.6050718e+01   1.2848070e+01
   2.9395337e-01   3.6510686e+03   4.5232107e+03   9.4160810e+00   3.2559153e+01   4.7703047e+01   2.8002257e+03   6.5413799e+01   1.2289096e+02   3.9733759e-01   9.2553980e+01   5.1537710e+01   2.7049067e+03   2.4925299e+01   5.0383759e+01   3.3321054e+03   2.2992415e+01   6.7225005e+01   1.3338008e+00   2.7525714e+02   1.0239079e+02   9.3442150e+01   3.2306867e+01   1.5984231e+01   1.8644081e+01   6.0704217e+00   1.6419109e+01   2.8087528e+00   3.2401856e+01   2.3193145e+01   1.3751185e+01   8.6198913e-01   1.5948551e+01   3.7265266e+00   6.9084684e+00   3.3288191e+00   1.9258988e-02   5.5043530e-01   1.2216042e-01   5.4306416e+01   4.4476170e+01   6.2858061e+01   5.4148869e+01   2.8963143e+01   6.1477372e+01   4.8440511e+01   3.6737297e+01   4.6245043e+01   3.6119826e+01   1.0060683e+01
   2.9459897e-01   3.6570450e+03   4.5139900e+03   9.2811515e+00   3.2739513e+01   4.7778393e+01   2.8006161e+03   6.5233125e+01   1.2290048e+02   4.0443005e-01   9.2541529e+01   5.0462233e+01   2.7050487e+03   2.4659971e+01   5.0855068e+01   3.3328810e+03   2.2870475e+01   6.7244435e+01  -1.7319767e+00   2.7526557e+02   1.0239311e+02   9.3299508e+01   3.1972744e+01   1.5966650e+01   1.9018047e+01   5.9814213e+00   1.6563967e+01   2.8132912e+00   3.1893642e+01   2.3134002e+01   1.3429383e+01   9.1882947e-01   1.5813423e+01   3.7381371e+00   6.8369631e+00   3.3026846e+00   1.9258988e-02   5.5043530e-01   1.2216042e-01   5.4306416e+01   4.4476170e+01   6.2875777e+01   5.4136838e+01   2.8832581e+01   6.1403895e+01   4.8929926e+01   3.6740355e+01   4.6259196e+01   3.6148320e+01   9.7450611e+00
   2.9918456e-01   3.6237534e+03   4.4783626e+03   9.3552749e+00   3.2635054e+01   4.8023985e+01   2.8006587e+03   6.4649406e+01   1.2290942e+02   4.0725339e-01   9.2582611e+01   4.9140910e+01   2.7047113e+03   2.4683547e+01   4.8017777e+01   3.3335271e+03   2.3003120e+01   6.7271881e+01  -1.4854257e+00   2.7526541e+02   1.0239812e+02   9.3135061e+01   3.2395646e+01   1.6054175e+01   1.9228110e+01   5.8291109e+00   1.7332739e+01   2.8280019e+00   3.2612404e+01   2.3359163e+01   1.3313355e+01   1.0088153e+00   1.5936215e+01   3.7297440e+00   6.8991511e+00   3.3744111e+00   1.9258988e-02   5.5043530e-01   1.2216042e-01   5.4306416e+01   4.4476170e+01   6.2862614e+01   5.4119187e+01   2.9439374e+01   6.1261507e+01   4.9489179e+01   3.6719594e+01   4.6264182e+01   3.6035414e+01   1.3011804e+01
   3.0209279e-01   3.6919399e+03   4.5076344e+03   9.3424962e+00   3.2448414e+01   4.7959330e+01   2.7996913e+03   6.4286391e+01   1.2290130e+02   4.0174959e-01   9.2599088e+01   5.2190346e+01   2.7045812e+03   2.4953921e+01   5.1117156e+01   3.3316035e+03   2.2967403e+01   6.7214491e+01   2.7937392e+00   2.7560088e+02   1.0240991e+02   9.3638817e+01   3.1921480e+01   1.6083792e+01   1.9233717e+01   6.0765396e+00   1.6731475e+01   2.8245746e+00   3.2484897e+01   2.3291660e+01   1.3538425e+01   8.2811113e-01   1.6214857e+01   3.7084618e+00   6.8230301e+00   3.4163065e+00   2.2265444e-02   5.5779195e-01   1.1272040e-01   5.4113983e+01   4.3801246e+01   6.2871005e+01   5.4111563e+01   2.9769340e+01   6.1141773e+01   4.8915826e+01   3.6721890e+01   4.6256343e+01   3.6137973e+01   1.5550160e+01
   3.0993565e-01   3.6460321e+03   4.5072717e+03   9.2857545e+00   3.2672422e+01   4.7822098e+01   2.7987816e+03   6.5095244e+01   1.2291167e+02   3.9910649e-01   9.2499343e+01   4.9763316e+01   2.7032254e+03   2.4697328e+01   5.1218853e+01   3.3316875e+03   2.2930874e+01   6.7243628e+01  -1.1350326e+00   2.7496697e+02   1.0240542e+02   9.3179650e+01   3.1960143e+01   1.6018411e+01   1.9038633e+01   5.9321857e+00   1.6742689e+01   2.8007264e+00   3.2286935e+01   2.3219854e+01   1.3150179e+01   6.4314874e-01   1.6194382e+01   3.7530294e+00   6.7336406e+00   3.3714208e+00   2.2265444e-02   5.5779195e-01   1.1272040e-01   5.4113983e+01   4.3801246e+01   6.2872948e+01   5.4113501e+01   3.0338806e+01   6.1208996e+01   4.8703607e+01   3.6749261e+01   4.6255269e+01   3.6043574e+01   1.2555358e+01
   3.0917436e-01   3.6411811e+03   4.5136530e+03   9.2854981e+00   3.2973134e+01   4.8071339e+01   2.7994938e+03   6.4067728e+01   1.2289998e+02   3.9719175e-01   9.2521286e+01   4.9264613e+01   2.7040133e+03   2.4836054e+01   4.9747730e+01   3.3314193e+03   2.2907418e+01   6.7185543e+01   8.2269279e-01   2.7529471e+02   1.0240294e+02   9.3620043e+01   3.1710864e+01   1.5932616e+01   1.9398813e+01   5.9506122e+00   1.6721904e+01   2.8115802e+00   3.2434848e+01   2.3069146e+01   1.3279342e+01   7.5667507e-01   1.6099105e+01   3.7890145e+00   6.9456540e+00   3.3621564e+00  -5.7848764e-03   5.4149640e-01   1.0784513e-01   5.3847653e+01   4.3718365e+01   6.2879065e+01   5.4114585e+01   3.0436679e+01   6.1223305e+01   4.8098399e+01   3.6744490e+01   4.6260235e+01   3.6216864e+01   1.0644128e+01
   3.1728069e-01   3.6743966e+03   4.5403128e+03   9.3832303e+00   3.2589009e+01   4.8019671e+01   2.7985251e+03   6.4978691e+01   1.2291302e+02   3.9494366e-01   9.2493668e+01   5.0480824e+01   2.7036096e+03   2.4737102e+01   4.8825973e+01   3.3310087e+03   2.2904180e+01   6.7222983e+01   4.7752467e-01   2.7483978e+02   1.0238676e+02   9.3358708e+01   3.1710294e+01   1.5797152e+01   1.8582205e+01   6.0643858e+00   1.6637360e+01   2.7978389e+00   3.2527572e+01   2.3148930e+01   1.3473869e+01   1.1200896e+00   1.6161826e+01   3.7560127e+00   6.7849125e+00   3.2848237e+00  -5.7848764e-03   5.4149640e-01   1.0784513e-01   5.3847653e+01   4.3718365e+01   6.2908015e+01   5.4076825e+01   3.1161232e+01   6.1157360e+01   4.7971665e+01   3.6711202e+01   4.6262854e+01   3.6157578e+01   1.0115056e+01
   3.1053225e-01   3.6436486e+03   4.5329655e+03   9.3826493e+00   3.2683723e+01   4.7785420e+01   2.8003726e+03   6.4666438e+01   1.2288868e+02   3.9487367e-01   9.2519271e+01   5.0832127e+01   2.7049952e+03   2.4878618e+01   4.9478517e+01   3.3326239e+03   2.2852241e+01   6.7189726e+01  -2.4667294e-01   2.7519941e+02   1.0236384e+02   9.3351393e+01   3.2210722e+01   1.5913307e+01   1.9067338e+01   5.9414728e+00   1.6724271e+01   2.8313094e+00   3.2571432e+01   2.3279893e+01   1.3311815e+01   1.0610024e+00   1.6119128e+01   3.7498785e+00   6.8389683e+00   3.4310582e+00  -5.7848764e-03   5.4149640e-01   1.0784513e-01   5.3847653e+01   4.3718365e+01   6.2925093e+01   5.4055159e+01   3.0637866e+01   6.1392359e+01   4.7882091e+01   3.6722556e+01   4.6267008e+01   3.6119807e+01   1.2886648e+01
   3.0883361e-01   3.6661267e+03   4.5223557e+03   9.3017270e+00   3.2423577e+01   4.8020031e+01   2.8006079e+03   6.5079141e+01   1.2291568e+02   3.9569914e-01   9.2582488e+01   5.0149505e+01   2.7049988e+03   2.4963656e+01   4.9512730e+01   3.3328645e+03   2.2635950e+01   6.7201182e+01  -1.3858751e+00   2.7501208e+02   1.0238915e+02   9.3194188e+01   3.1814999e+01   1.5868454e+01   1.8822188e+01   6.1755681e+00   1.6769095e+01   2.8257055e+00   3.2353225e+01   2.3226181e+01   1.3306268e+01   9.5105993e-01   1.6129307e+01   3.7334457e+00   6.8880163e+00   3.3470169e+00   2.4960110e-02   5.3328370e-01   1.2149963e-01   5.3633378e+01   4.3695671e+01   6.2973333e+01   5.4039156e+01   3.0601507e+01   6.1257229e+01   4.8063229e+01   3.6730613e+01   4.6277360e+01   3.6219545e+01   9.5935271e+00
   3.0983848e-01   3.6627440e+03   4.4976011e+03   9.2615425e+00   3.2580704e+01   4.7727432e+01   2.7998435e+03   6.5781772e+01   1.2289900e+02   3.9492668e-01   9.2477739e+01   4.9985610e+01   2.7043548e+03   2.4902649e+01   4.9490350e+01   3.3320675e+03   2.2700244e+01   6.7196024e+01   1.5755270e+00   2.7563650e+02   1.0236665e+02   9.3365339e+01   3.2188154e+01   1.5827360e+01   1.8755558e+01   5.9767978e+00   1.6546257e+01   2.8315463e+00   3.2481530e+01   2.3207655e+01   1.3278209e+01   8.5278093e-01   1.5953512e+01   3.6902557e+00   6.8872173e+00   3.3555875e+00   2.4960110e-02   5.3328370e-01   1.2149963e-01   5.3633378e+01   4.3695671e+01   6.2981958e+01   5.4018828e+01   3.0598337e+01   6.1329042e+01   4.8087606e+01   3.6740963e+01   4.6256930e+01   3.6027329e+01   1.3689527e+01
   3.0633299e-01   3.6335956e+03   4.4795688e+03   9.3441901e+00   3.2560784e+01   4.8186330e+01   2.8007831e+03   6.5774439e+01   1.2290385e+02   3.9513664e-01   9.2521219e+01   4.9536312e+01   2.7048890e+03   2.4999822e+01   4.9154785e+01   3.3329277e+03   2.2744309e+01   6.7187070e+01  -8.5711074e-01   2.7544365e+02   1.0235907e+02   9.3331311e+01   3.1972681e+01   1.6099978e+01   1.8823911e+01   5.9305852e+00   1.6407847e+01   2.8492685e+00   3.3055350e+01   2.3238924e+01   1.2857870e+01   1.1056877e+00   1.5729260e+01   3.6915149e+00   6.8984900e+00   3.4058646e+00  -2.8478140e-03   5.3641352e-01   1.2603039e-01   5.3422676e+01   4.3045303e+01   6.2989965e+01   5.3999261e+01   3.0272606e+01   6.1334348e+01   4.8124970e+01   3.6714616e+01   4.6228159e+01   3.6087299e+01   1.3004920e+01
   3.0686384e-01   3.6597787e+03   4.5124277e+03   9.2952281e+00   3.2777656e+01   4.7972346e+01   2.8002182e+03   6.5066292e+01   1.2290052e+02   3.9818449e-01   9.2526344e+01   5.1267895e+01   2.7047070e+03   2.4895160e+01   5.0313894e+01   3.3326857e+03   2.2834232e+01   6.7230460e+01  -4.1285108e-01   2.7576662e+02   1.0237725e+02   9.3205938e+01   3.2726999e+01   1.5949064e+01   1.8967448e+01   5.6974771e+00   1.6420701e+01   2.7843335e+00   3.2367514e+01   2.3125373e+01   1.3519879e+01   8.2809181e-01   1.6134094e+01   3.7177485e+00   6.8020096e+00   3.3672034e+00  -2.8478140e-03   5.3641352e-01   1.2603039e-01   5.3422676e+01   4.3045303e+01   6.3021958e+01   5.3977160e+01   3.0337630e+01   6.1273151e+01   4.8352573e+01   3.6752645e+01   4.6237930e+01   3.6270774e+01   1.2186486e+01
   3.0538616e-01   3.6248793e+03   4.4799045e+03   9.3612499e+00   3.2435658e+01   4.8014320e+01   2.7996061e+03   6.5780356e+01   1.2291211e+02   3.9672086e-01   9.2530898e+01   5.0491991e+01   2.7038162e+03   2.5183785e+01   4.9436095e+01   3.3316963e+03   2.2800839e+01   6.7214356e+01  -1.4316815e+00   2.7546505e+02   1.0237806e+02   9.3467465e+01   3.2131472e+01   1.6007299e+01   1.8964183e+01   6.0015887e+00   1.6564226e+01   2.7720997e+00   3.2742715e+01   2.3234421e+01   1.3509277e+01   8.9427238e-01   1.6806233e+01   3.7372951e+00   6.9409846e+00   3.3212398e+00  -2.8478140e-03   5.3641352e-01   1.2603039e-01   5.3422676e+01   4.3045303e+01   6.3050690e+01   5.3964020e+01   3.0025642e+01   6.1165469e+01   4.8081581e+01   3.6781061e+01   4.6259993e+01   3.6127901e+01   1.3481131e+01
   3.0752368e-01   3.6672702e+03   4.4745837e+03   9.4243370e+00   3.3088559e+01   4.8054736e+01   2.7983821e+03   6.5208628e+01   1.2290560e+02   3.8813761e-01   9.2462203e+01   5.1463057e+01   2.7028972e+03   2.4731330e+01   5.2249640e+01   3.3306405e+03   2.2961051e+01   6.7213888e+01   7.8116076e-01   2.7570182e+02   1.0236026e+02   9.3129057e+01   3.2695627e+01   1.5946150e+01   1.9018365e+01   5.9819922e+00   1.6672687e+01   2.7788297e+00   3.2371546e+01   2.3095600e+01   1.3250320e+01   7.9859466e-01   1.5970521e+01   3.7255113e+00   6.7683004e+00   3.4087200e+00   1.4632879e-02   5.3847889e-01   1.2806267e-01   5.3352357e+01   4.4191286e+01   6.3058010e+01   5.3931644e+01   3.0258024e+01   6.1195381e+01   4.7518929e+01   3.6739469e+01   4.6263678e+01   3.6201497e+01   1.3122682e+01
   3.0574255e-01   3.6504870e+03   4.5269052e+03   9.2946221e+00   3.2895393e+01   4.8408068e+01   2.7983701e+03   6.4998783e+01   1.2288735e+02   3.8703490e-01   9.2508144e+01   5.0336217e+01   2.7025159e+03   2.4947456e+01   5.3225797e+01   3.3304558e+03   2.3062967e+01   6.7216226e+01   7.7140597e-01   2.7552668e+02   1.0237631e+02   9.3268629e+01   3.2517153e+01   1.6087737e+01   1.8664723e+01   5.9965538e+00   1.6669148e+01   2.7540346e+00   3.2961496e+01   2.3104358e+01   1.3211045e+01   1.0528420e+00   1.5923847e+01   3.7930496e+00   6.8481459e+00   3.4107830e+00   1.4632879e-02   5.3847889e-01   1.2806267e-01   5.3352357e+01   4.4191286e+01   6.3066367e+01   5.3942182e+01   3.0072113e+01   6.1155712e+01   4.6722762e+01   3.6785158e+01   4.6299336e+01   3.6163537e+01   1.3399640e+01
   3.0057496e-01   3.6660821e+03   4.4956599e+03   9.2884813e+00   3.2615213e+01   4.7718728e+01   2.7991631e+03   6.4775978e+01   1.2290151e+02   3.7948286e-01   9.2520860e+01   5.2626887e+01   2.7036034e+03   2.4568173e+01   5.1495105e+01   3.3305701e+03   2.2819515e+01   6.7223601e+01   5.8655179e-01   2.7569708e+02   1.0236425e+02   9.3456616e+01   3.2405714e+01   1.5942087e+01   1.8877042e+01   6.0282935e+00   1.7007940e+01   2.8070227e+00   3.1999488e+01   2.3300089e+01   1.3148574e+01   8.6632996e-01   1.6556289e+01   3.7134405e+00   6.7380363e+00   3.3931471e+00  -4.6439047e-05   5.4513963e-01   1.0598025e-01   5.3668613e+01   4.3642593e+01   6.3081703e+01   5.3923397e+01   2.9653579e+01   6.1279479e+01   4.6003911e+01   3.6741176e+01   4.6278091e+01   3.6192684e+01   1.0187167e+01
   3.0492438e-01   3.6481657e+03   4.4875419e+03   9.3404821e+00   3.2529904e+01   4.8140826e+01   2.7980834e+03   6.4372227e+01   1.2289410e+02   3.7521541e-01   9.2437781e+01   5.1379622e+01   2.7030843e+03   2.5013703e+01   4.9047891e+01   3.3301095e+03   2.2760342e+01   6.7224325e+01  -1.0431753e+00   2.7563031e+02   1.0239309e+02   9.3294100e+01   3.2166109e+01   1.5946661e+01   1.8869069e+01   6.2046764e+00   1.6797063e+01   2.7780186e+00   3.2221433e+01   2.3421505e+01   1.3102426e+01   8.5489326e-01   1.6206353e+01   3.7126918e+00   6.8723001e+00   3.3671859e+00  -4.6439047e-05   5.4513963e-01   1.0598025e-01   5.3668613e+01   4.3642593e+01   6.3066771e+01   5.3954191e+01   2.9728009e+01   6.1220785e+01   4.5485994e+01   3.6758479e+01   4.6289712e+01   3.6157292e+01   1.2314429e+01
   3.0403229e-01   3.6924964e+03   4.5019002e+03   9.3826690e+00   3.2662815e+01   4.8169979e+01   2.7993016e+03   6.5206741e+01   1.2291041e+02   3.7530248e-01   9.2580208e+01   4.8300632e+01   2.7038770e+03   2.4988151e+01   5.1191434e+01   3.3316357e+03   2.2791188e+01   6.7229994e+01  -7.7397333e-01   2.7536126e+02   1.0236520e+02   9.3236799e+01   3.1807286e+01   1.5976974e+01   1.8821808e+01   5.9236061e+00   1.6942176e+01   2.8212335e+00   3.2026261e+01   2.3228689e+01   1.2967404e+01   9.9213182e-01   1.6093963e+01   3.7562125e+00   6.7630693e+00   3.4716860e+00  -4.6439047e-05   5.4513963e-01   1.0598025e-01   5.3668613e+01   4.3642593e+01   6.3040739e+01   5.3950593e+01   2.9931075e+01   6.1267379e+01   4.5428478e+01   3.6770275e+01   4.6273834e+01   3.6281234e+01   1.2957208e+01
   3.0726188e-01   3.6650810e+03   4.4961151e+03   9.3254145e+00   3.2576852e+01   4.7951680e+01   2.7999003e+03   6.6079687e+01   1.2288080e+02   3.7219426e-01   9.2477612e+01   5.0888754e+01   2.7044573e+03   2.4871532e+01   5.0131045e+01   3.3323571e+03   2.2968875e+01   6.7201248e+01  -2.0958621e-01   2.7594742e+02   1.0238027e+02   9.3316694e+01   3.2641907e+01   1.5883902e+01   1.8959128e+01   5.8099017e+00   1.7065468e+01   2.7653217e+00   3.2486004e+01   2.3283203e+01   1.3223408e+01   8.6822547e-01   1.5676250e+01   3.7305672e+00   6.8302577e+00   3.4375919e+00   1.3441041e-02   5.3391430e-01   1.3266612e-01   5.3644374e+01   4.4025900e+01   6.3014097e+01   5.3958330e+01   3.0251078e+01   6.1286076e+01   4.5388383e+01   3.6781174e+01   4.6281717e+01   3.6366607e+01   1.1339049e+01
   3.0537370e-01   3.6813103e+03   4.5186905e+03   9.3652240e+00   3.2684623e+01   4.7632013e+01   2.7996747e+03   6.6200292e+01   1.2289043e+02   3.7862008e-01   9.2406115e+01   5.0376661e+01   2.7035780e+03   2.4886427e+01   5.1463321e+01   3.3322386e+03   2.3047284e+01   6.7208542e+01  -5.5562475e-01   2.7526959e+02   1.0239362e+02   9.3064300e+01   3.2278129e+01   1.6053143e+01   1.8593575e+01   5.9653408e+00   1.6683524e+01   2.7792431e+00   3.2671674e+01   2.3200444e+01   1.3534168e+01   8.8443368e-01   1.6121367e+01   3.7442640e+00   6.8582625e+00   3.5045512e+00   1.3441041e-02   5.3391430e-01   1.3266612e-01   5.3644374e+01   4.4025900e+01   6.3018121e+01   5.3957769e+01   3.0021891e+01   6.1187956e+01   4.5582376e+01   3.6758346e+01   4.6293034e+01   3.6074741e+01   1.2601292e+01
   3.0255198e-01   3.6568222e+03   4.4829468e+03   9.2879101e+00   3.2834459e+01   4.7871324e+01   2.8007551e+03   6.4822821e+01   1.2289941e+02   3.7538941e-01   9.2439151e+01   4.8997536e+01   2.7048784e+03   2.4616569e+01   4.9580272e+01   3.3336157e+03   2.2848905e+01   6.7203120e+01  -2.2764210e+00   2.7537076e+02   1.0236941e+02   9.3158744e+01   3.2249412e+01   1.6203447e+01   1.8540135e+01   5.7986657e+00   1.6715628e+01   2.8257295e+00   3.2764196e+01   2.3365262e+01   1.3047366e+01   1.0029944e+00   1.5688663e+01   3.7412409e+00   6.8986232e+00   3.3421396e+00   1.1203770e-03   5.2777249e-01   1.2879484e-01   5.3042364e+01   4.3281487e+01   6.3028304e+01   5.3951331e+01   2.9695051e+01   6.1403630e+01   4.5945703e+01   3.6757006e+01   4.6284178e+01   3.6155341e+01   1.5369651e+01
   3.0031615e-01   3.6661184e+03   4.5152422e+03   9.3739246e+00   3.2793085e+01   4.8110111e+01   2.8015318e+03   6.5069139e+01   1.2291678e+02   3.8487068e-01   9.2471210e+01   5.1038989e+01   2.7058437e+03   2.5046618e+01   4.9888366e+01   3.3337166e+03   2.2891760e+01   6.7169634e+01   9.4634286e-01   2.7567521e+02   1.0233386e+02   9.3363071e+01   3.2401954e+01   1.6076220e+01   1.8708295e+01   5.9583709e+00   1.6662475e+01   2.7810276e+00   3.2620000e+01   2.3219400e+01   1.3294759e+01   8.3687536e-01   1.6733456e+01   3.7643504e+00   6.8132863e+00   3.3516780e+00   1.1203770e-03   5.2777249e-01   1.2879484e-01   5.3042364e+01   4.3281487e+01   6.3084037e+01   5.3861163e+01   2.9432780e+01   6.1338241e+01   4.6461434e+01   3.6825222e+01   4.6265285e+01   3.6104077e+01   8.9688817e+00
   2.9807875e-01   3.6656064e+03   4.5034324e+03   9.3759770e+00   3.2750178e+01   4.8084186e+01   2.8006199e+03   6.4503181e+01   1.2288703e+02   3.9050589e-01   9.2438185e+01   4.9300209e+01   2.7040928e+03   2.4604557e+01   5.0112259e+01   3.3332410e+03   2.3089808e+01   6.7214076e+01  -1.5282711e+00   2.7553678e+02   1.0236543e+02   9.3241530e+01   3.2245329e+01   1.6063799e+01   1.8614820e+01   6.0391970e+00   1.6535435e+01   2.7921098e+00   3.2525285e+01   2.3438282e+01   1.3171632e+01   8.1391819e-01   1.6394130e+01   3.7054658e+00   6.8350190e+00   3.3198693e+00   1.1203770e-03   5.2777249e-01   1.2879484e-01   5.3042364e+01   4.3281487e+01   6.3112917e+01   5.3839354e+01   2.9366681e+01   6.1284367e+01   4.7421112e+01   3.6768295e+01   4.6259661e+01   3.6265540e+01   1.0222448e+01
   2.9944791e-01   3.6613689e+03   4.4659380e+03   9.3430389e+00   3.3009732e+01   4.8379908e+01   2.8003245e+03   6.5937975e+01   1.2290776e+02   3.9311966e-01   9.2429358e+01   5.0523012e+01   2.7054357e+03   2.4963266e+01   5.0349640e+01   3.3327561e+03   2.2937047e+01   6.7180585e+01   7.7679677e-02   2.7540667e+02   1.0238045e+02   9.3217366e+01   3.2318175e+01   1.5977839e+01   1.8741733e+01   6.0511109e+00   1.6837288e+01   2.8366533e+00   3.2505658e+01   2.3454125e+01   1.2916817e+01   8.9496484e-01   1.6111950e+01   3.7058530e+00   6.8536396e+00   3.2967564e+00   1.1241854e-02   5.3959008e-01   1.0887892e-01   5.3407063e+01   4.3994174e+01   6.3130592e+01   5.3856151e+01   2.9300593e+01   6.1393459e+01   4.7680148e+01   3.6758753e+01   4.6286577e+01   3.6312765e+01   1.1893059e+01
   2.9675827e-01   3.6445162e+03   4.4840684e+03   9.3896251e+00   3.2805205e+01   4.8269615e+01   2.8001259e+03   6.4621906e+01   1.2290085e+02   3.9399431e-01   9.2491853e+01   4.9238040e+01   2.7047568e+03   2.4767852e+01   5.0155656e+01   3.3328853e+03   2.2806009e+01   6.7160707e+01  -2.5445382e+00   2.7593004e+02   1.0237455e+02   9.3523529e+01   3.2073881e+01   1.6012815e+01   1.9086671e+01   5.9186164e+00   1.6900611e+01   2.8093135e+00   3.2741763e+01   2.3195007e+01   1.3614970e+01   9.7389451e-01   1.5998193e+01   3.7096830e+00   6.9200427e+00   3.3430553e+00   1.1241854e-02   5.3959008e-01   1.0887892e-01   5.3407063e+01   4.3994174e+01   6.3129697e+01   5.3851593e+01   2.9336803e+01   6.1262187e+01   4.7764704e+01   3.6776178e+01   4.6239350e+01   3.6210325e+01   1.0272133e+01
   3.0517305e-01   3.6816008e+03   4.4952372e+03   9.2787942e+00   3.2981774e+01   4.7788029e+01   2.7994983e+03   6.5329963e+01   1.2289965e+02   3.9690359e-01   9.2458458e+01   5.0064065e+01   2.7038689e+03   2.4804722e+01   5.1197171e+01   3.3314529e+03   2.2907934e+01   6.7243767e+01  -5.6503210e-02   2.7562103e+02   1.0238000e+02   9.3215655e+01   3.2199044e+01   1.6254200e+01   1.8152021e+01   5.9530780e+00   1.7083067e+01   2.7780780e+00   3.2763884e+01   2.3236932e+01   1.3223367e+01   8.2504985e-01   1.6226807e+01   3.6861857e+00   6.8682031e+00   3.4165621e+00   1.6738827e-03   5.3466667e-01   1.1667767e-01   5.4224868e+01   4.3955002e+01   6.3131066e+01   5.3838207e+01   2.9957742e+01   6.1139541e+01   4.7899553e+01   3.6781116e+01   4.6243998e+01   3.6247946e+01   9.9222647e+00
   2.9584571e-01   3.6455108e+03   4.5097910e+03   9.3963879e+00   3.2348965e+01   4.8195603e+01   2.8006862e+03   6.4244053e+01   1.2289149e+02   3.9363357e-01   9.2533632e+01   4.9809486e+01   2.7059669e+03   2.4884382e+01   5.1614643e+01   3.3335154e+03   2.2768442e+01   6.7225661e+01   1.3334891e+00   2.7521278e+02   1.0236734e+02   9.3105131e+01   3.2599455e+01   1.6071076e+01   1.9166580e+01   5.9377998e+00   1.6811987e+01   2.7865768e+00   3.2933222e+01   2.3410812e+01   1.3046439e+01   9.8149030e-01   1.6631524e+01   3.7210554e+00   6.7813410e+00   3.2788275e+00   1.6738827e-03   5.3466667e-01   1.1667767e-01   5.4224868e+01   4.3955002e+01   6.3046145e+01   5.3943273e+01   2.9070812e+01   6.1523943e+01   4.7840401e+01   3.6784152e+01   4.6284996e+01   3.6258999e+01   1.3019686e+01
   2.9990303e-01   3.6501278e+03   4.5044940e+03   9.2622269e+00   3.2613936e+01   4.7799154e+01   2.7999468e+03   6.4944538e+01   1.2290827e+02   3.9841470e-01   9.2503501e+01   5.1586438e+01   2.7045997e+03   2.5209140e+01   5.0782029e+01   3.3322301e+03   2.2965440e+01   6.7252091e+01  -3.6062463e-01   2.7541091e+02   1.0238878e+02   9.3248676e+01   3.1989174e+01   1.6016007e+01   1.8799775e+01   6.0693348e+00   1.7209623e+01   2.8072965e+00   3.2499584e+01   2.3289122e+01   1.3701865e+01   7.1659876e-01   1.6613089e+01   3.6985095e+00   6.8132939e+00   3.3770465e+00   1.6738827e-03   5.3466667e-01   1.1667767e-01   5.4224868e+01   4.3955002e+01   6.3002404e+01   5.4015912e+01   2.9488162e+01   6.1110177e+01   4.8046623e+01   3.6776712e+01   4.6288692e+01   3.6096113e+01   1.3176521e+01
   3.0467625e-01   3.6657065e+03   4.5078178e+03   9.3413135e+00   3.2945510e+01   4.7682046e+01   2.8002203e+03   6.4466713e+01   1.2289219e+02   3.9362923e-01   9.2519911e+01   5.2403725e+01   2.7048226e+03   2.4927881e+01   5.0208715e+01   3.3321156e+03   2.2728464e+01   6.7271913e+01  -2.1196830e+00   2.7539619e+02   1.0239853e+02   9.3162904e+01   3.2375576e+01   1.6008347e+01   1.8822210e+01   5.8374210e+00   1.6974017e+01   2.8057006e+00   3.2299645e+01   2.3142256e+01   1.3283877e+01   7.1145302e-01   1.5962810e+01   3.7605141e+00   6.8043223e+00   3.2836814e+00   7.8862162e-03   5.4039444e-01   1.2536622e-01   5.4072101e+01   4.4587963e+01   6.2967994e+01   5.3994031e+01   2.9720906e+01   6.1216297e+01   4.7941502e+01   3.6793224e+01   4.6244911e+01   3.6175659e+01   9.3148239e+00
   3.0102255e-01   3.6498662e+03   4.5073938e+03   9.3584647e+00   3.2932470e+01   4.7986372e+01   2.8014230e+03   6.4830210e+01   1.2290636e+02   3.8951998e-01   9.2558081e+01   4.9841468e+01   2.7051118e+03   2.4809991e+01   4.8583088e+01   3.3329097e+03   2.2957525e+01   6.7226830e+01   6.8301222e-01   2.7543846e+02   1.0238734e+02   9.3341801e+01   3.2381221e+01   1.5955008e+01   1.8502952e+01   5.7650233e+00   1.6686951e+01   2.7904230e+00   3.2446884e+01   2.3360571e+01   1.3042771e+01   7.8770723e-01   1.5760563e+01   3.7468907e+00   6.8393741e+00   3.3907233e+00   7.8862162e-03   5.4039444e-01   1.2536622e-01   5.4072101e+01   4.4587963e+01   6.2977923e+01   5.4024044e+01   2.9622731e+01   6.1262684e+01   4.7929896e+01   3.6801984e+01   4.6317685e+01   3.6246729e+01   1.0706541e+01
   2.9427663e-01   3.6597722e+03   4.5045467e+03   9.3989263e+00   3.2636144e+01   4.7781496e+01   2.8006908e+03   6.4963748e+01   1.2290156e+02   3.9950890e-01   9.2602044e+01   4.9669056e+01   2.7061897e+03   2.5003462e+01   4.9683719e+01   3.3338267e+03   2.2943025e+01   6.7261365e+01   8.5531201e-01   2.7545504e+02   1.0238568e+02   9.3481633e+01   3.1797611e+01   1.5999434e+01   1.8496221e+01   5.9063483e+00   1.6534802e+01   2.7810012e+00   3.2132911e+01   2.3268593e+01   1.3151640e+01   9.8374675e-01   1.6177174e+01   3.7378618e+00   6.8234114e+00   3.3167382e+00   2.8681810e-02   5.3894612e-01   1.2257870e-01   5.3040310e+01   4.4463464e+01   6.2981816e+01   5.4009378e+01   2.9141345e+01   6.1365396e+01   4.8361365e+01   3.6768654e+01   4.6293734e+01   3.6236040e+01   1.2950822e+01
   2.9712064e-01   3.6629745e+03   4.4776073e+03   9.3740511e+00   3.2581175e+01   4.8055352e+01   2.8013108e+03   6.5510379e+01   1.2290661e+02   4.0357444e-01   9.2573688e+01   4.8640695e+01   2.7061788e+03   2.5051228e+01   5.2567966e+01   3.3333636e+03   2.2797666e+01   6.7214150e+01   2.6021713e+00   2.7501040e+02   1.0236928e+02   9.3315160e+01   3.2323965e+01   1.5927646e+01   1.8570458e+01   6.0111840e+00   1.6990129e+01   2.7977412e+00   3.2097958e+01   2.3500180e+01   1.3073486e+01   7.9215693e-01   1.6235557e+01   3.7349704e+00   6.7896134e+00   3.3426647e+00   2.8681810e-02   5.3894612e-01   1.2257870e-01   5.3040310e+01   4.4463464e+01   6.3054335e+01   5.3885611e+01   2.9256291e+01   6.1422460e+01   4.8780169e+01   3.6776950e+01   4.6265540e+01   3.6141008e+01   9.8331559e+00
   2.9597018e-01   3.6389253e+03   4.4568054e+03   9.2649378e+00   3.2749735e+01   4.8107200e+01   2.8011318e+03   6.4880698e+01   1.2290979e+02   4.0617427e-01   9.2490791e+01   5.0757478e+01   2.7050027e+03   2.4769078e+01   4.8963183e+01   3.3332882e+03   2.3037490e+01   6.7206743e+01   2.5657978e-02   2.7555570e+02   1.0236813e+02   9.3309899e+01   3.2492171e+01   1.6047658e+01   1.8539456e+01   5.8677672e+00   1.6676473e+01   2.7869121e+00   3.2480510e+01   2.3470695e+01   1.3075712e+01   6.7056709e-01   1.6008987e+01   3.7352025e+00   6.8019453e+00   3.3425245e+00   2.8681810e-02   5.3894612e-01   1.2257870e-01   5.3040310e+01   4.4463464e+01   6.3115664e+01   5.3825764e+01   2.9027790e+01   6.1373036e+01   4.9137006e+01   3.6778436e+01   4.6297346e+01   3.6183778e+01   1.1293949e+01
   2.9351980e-01   3.6444932e+03   4.4871797e+03   9.2526861e+00   3.2546599e+01   4.8160557e+01   2.8003192e+03   6.4580725e+01   1.2292052e+02   4.0555931e-01   9.2571323e+01   5.2714019e+01   2.7050131e+03   2.5001208e+01   4.9610781e+01   3.3328037e+03   2.2892854e+01   6.7219733e+01   1.0813330e+00   2.7516164e+02   1.0237102e+02   9.3234323e+01   3.2317265e+01   1.6172448e+01   1.9164802e+01   5.9395714e+00   1.6561134e+01   2.8090932e+00   3.1671796e+01   2.3366577e+01   1.3324370e+01   7.2600755e-01   1.6429099e+01   3.7382891e+00   6.8176746e+00   3.3449043e+00   2.0853012e-02   5.4443869e-01   1.1883484e-01   5.3836722e+01   4.3798814e+01   6.3108505e+01   5.3857345e+01   2.8697156e+01   6.1348549e+01   4.9279570e+01   3.6744051e+01   4.6282816e+01   3.6108584e+01   1.2215688e+01
   2.9921109e-01   3.6599233e+03   4.5098976e+03   9.2751045e+00   3.2720113e+01   4.8084434e+01   2.7990976e+03   6.5012064e+01   1.2290688e+02   4.0296273e-01   9.2539760e+01   5.0379520e+01   2.7037349e+03   2.4724246e+01   4.9296200e+01   3.3316611e+03   2.2935450e+01   6.7230526e+01  -7.1384094e-01   2.7540366e+02   1.0238584e+02   9.3247642e+01   3.1877439e+01   1.6242515e+01   1.8545210e+01   6.0831790e+00   1.6505288e+01   2.8290421e+00   3.2445658e+01   2.3154033e+01   1.3356945e+01   1.1517852e+00   1.6063324e+01   3.7579686e+00   6.7792753e+00   3.3612932e+00   2.0853012e-02   5.4443869e-01   1.1883484e-01   5.3836722e+01   4.3798814e+01   6.3046284e+01   5.3913653e+01   2.9369104e+01   6.1112835e+01   4.8991382e+01   3.6754213e+01   4.6277834e+01   3.6104344e+01   1.0254789e+01
   2.9710226e-01   3.6658704e+03   4.5090512e+03   9.3428110e+00   3.2395062e+01   4.7600700e+01   2.7994228e+03   6.5418774e+01   1.2289797e+02   3.9826853e-01   9.2517118e+01   5.0062880e+01   2.7042947e+03   2.4823016e+01   4.9796054e+01   3.3312509e+03   2.2863018e+01   6.7246097e+01  -7.7533200e-01   2.7528503e+02   1.0238909e+02   9.3222187e+01   3.2056852e+01   1.6168570e+01   1.8417081e+01   6.0067910e+00   1.6752680e+01   2.7851383e+00   3.2072777e+01   2.3145707e+01   1.2938421e+01   9.8855491e-01   1.6158945e+01   3.7853339e+00   6.9479421e+00   3.4315762e+00   1.0111811e-02   5.2592346e-01   1.2436314e-01   5.3812380e+01   4.4045707e+01   6.3033099e+01   5.3911860e+01   2.9322691e+01   6.1331881e+01   4.8509865e+01   3.6738513e+01   4.6272973e+01   3.6260865e+01   1.3667769e+01
   2.9582178e-01   3.6633750e+03   4.5280702e+03   9.3474503e+00   3.2415613e+01   4.7471880e+01   2.7998712e+03   6.4730815e+01   1.2288644e+02   3.9553299e-01   9.2501524e+01   5.0309166e+01   2.7046542e+03   2.4675930e+01   4.9819923e+01   3.3326927e+03   2.2999840e+01   6.7202886e+01   3.2667237e+00   2.7537582e+02   1.0239382e+02   9.3303811e+01   3.1946453e+01   1.6214882e+01   1.9009998e+01   5.8602723e+00   1.6700718e+01   2.8162901e+00   3.2136339e+01   2.3421195e+01   1.3375641e+01   1.0148289e+00   1.6384332e+01   3.7651285e+00   6.8368089e+00   3.3916742e+00   1.0111811e-02   5.2592346e-01   1.2436314e-01   5.3812380e+01   4.4045707e+01   6.3025664e+01   5.3932299e+01   2.8998990e+01   6.1420250e+01   4.8399928e+01   3.6739327e+01   4.6297280e+01   3.6138038e+01   1.0030224e+01
   2.9991337e-01   3.6755992e+03   4.5381981e+03   9.2843708e+00   3.2795284e+01   4.8100269e+01   2.8010798e+03   6.5414458e+01   1.2290530e+02   3.9993630e-01   9.2663327e+01   4.7830065e+01   2.7054777e+03   2.4960517e+01   5.1002303e+01   3.3326922e+03   2.2947501e+01   6.7258180e+01  -1.1762247e+00   2.7532096e+02   1.0237491e+02   9.3376670e+01   3.2359425e+01   1.6002924e+01   1.8657032e+01   6.1350367e+00   1.6678495e+01   2.8378901e+00   3.2716351e+01   2.3210639e+01   1.3645034e+01   9.2953970e-01   1.5815508e+01   3.7461043e+00   6.8969834e+00   3.3682833e+00   1.0111811e-02   5.2592346e-01   1.2436314e-01   5.3812380e+01   4.4045707e+01   6.3014875e+01   5.3930752e+01   2.9607396e+01   6.1166241e+01   4.8536686e+01   3.6733162e+01   4.6279467e+01   3.6152642e+01   1.0795634e+01
   2.9668584e-01   3.6471041e+03   4.4915632e+03   9.4105005e+00   3.2834312e+01   4.7847128e+01   2.8007232e+03   6.5467491e+01   1.2289820e+02   3.9583429e-01   9.2648957e+01   5.1256199e+01   2.7050529e+03   2.5089336e+01   5.0483788e+01   3.3327855e+03   2.2785358e+01   6.7235836e+01  -1.7388768e+00   2.7505811e+02   1.0236319e+02   9.3466965e+01   3.1680830e+01   1.6140848e+01   1.9133177e+01   6.0176743e+00   1.6626635e+01   2.8003046e+00   3.2477740e+01   2.3277283e+01   1.2652401e+01   6.1623601e-01   1.5678380e+01   3.7263757e+00   6.9365535e+00   3.3898003e+00   1.3540183e-02   5.4499553e-01   1.2259831e-01   5.3815967e+01   4.4252241e+01   6.3014090e+01   5.3950083e+01   2.9241065e+01   6.1358345e+01   4.8518139e+01   3.6733683e+01   4.6312020e+01   3.6186628e+01   1.0456858e+01
   3.0721029e-01   3.6428042e+03   4.5143379e+03   9.3761187e+00   3.2550665e+01   4.8085407e+01   2.7999047e+03   6.4893556e+01   1.2290221e+02   4.0124793e-01   9.2485440e+01   5.0041871e+01   2.7041599e+03   2.4939100e+01   5.2127873e+01   3.3311016e+03   2.3010443e+01   6.7260009e+01  -2.5980417e-01   2.7502192e+02   1.0240136e+02   9.3183980e+01   3.2268323e+01   1.6133406e+01   1.8391368e+01   5.9219735e+00   1.6738366e+01   2.8010116e+00   3.2912091e+01   2.3365631e+01   1.3292276e+01   8.4323000e-01   1.6106080e+01   3.6978827e+00   6.7778577e+00   3.3897465e+00   1.3540183e-02   5.4499553e-01   1.2259831e-01   5.3815967e+01   4.4252241e+01   6.3010169e+01   5.3942995e+01   3.0107284e+01   6.1242311e+01   4.8626235e+01   3.6721467e+01   4.6300244e+01   3.6061841e+01   1.4688426e+01
   2.9738781e-01   3.6639281e+03   4.5416733e+03   9.4273154e+00   3.2531547e+01   4.7854830e+01   2.8012512e+03   6.4368633e+01   1.2289988e+02   3.9907329e-01   9.2548966e+01   4.9175516e+01   2.7054178e+03   2.4957794e+01   5.0685433e+01   3.3328280e+03   2.3122758e+01   6.7230822e+01   2.3849308e-01   2.7501976e+02   1.0239898e+02   9.3216820e+01   3.2312691e+01   1.6066361e+01   1.8528787e+01   6.0286891e+00   1.6646620e+01   2.8106452e+00   3.2467055e+01   2.3540135e+01   1.3371305e+01   8.9344880e-01   1.5832798e+01   3.7309759e+00   6.9309775e+00   3.3843584e+00   1.5623368e-02   5.2714736e-01   1.2452103e-01   5.3820770e+01   4.3788509e+01   6.3005422e+01   5.3902630e+01   2.9287941e+01   6.1420720e+01   4.8822442e+01   3.6728221e+01   4.6299739e+01   3.6145017e+01   1.2699527e+01
   1.9647985e-01   5.1691821e+03   7.2007116e+02   7.8164208e+00   2.0016795e+01   3.2159919e+01   2.7986267e+03   6.5007474e+01   1.2190155e+02   8.0185812e-02   8.3489573e+01   5.0065642e+01   2.7634600e+03   1.7569098e+01   4.9802510e+01   2.9951602e+03   1.8046682e+01   6.2368477e+01   5.3304299e+00   2.7356348e+02   1.0188085e+02   4.5570336e+01   2.9495796e+01   2.7694560e+01   1.7950895e+01   1.2641168e+01   3.8972371e+00   1.2880477e+00   2.7940181e+01   4.4942376e+01   9.2248628e+00   2.1752935e+00   3.9736226e+00   1.8155431e+00   9.4256800e+00   5.0244133e-01   2.8199374e-02   1.5992115e-01   7.0933442e-02   9.0090580e+01   8.1722559e+00   6.2806984e+01   5.3286709e+01   2.6662173e+01   6.0482854e+01   2.4229301e+01   3.7208198e+01   4.6430526e+01   3.5865322e+01   1.2930642e+01
   1.9890188e-01   5.1745680e+03   7.1035453e+02   7.8561725e+00   1.9865202e+01   3.2399500e+01   2.7997458e+03   6.4565058e+01   1.2192069e+02   7.8531438e-02   8.3521104e+01   4.8833422e+01   2.7643611e+03   1.7787612e+01   4.8686254e+01   2.9959518e+03   1.8057608e+01   6.2361098e+01   5.1365106e+00   2.7248579e+02   1.0188647e+02   4.5571464e+01   2.9495796e+01   2.7694560e+01   1.7950895e+01   1.2641168e+01   3.8972371e+00   1.2880477e+00   2.7940181e+01   4.4942376e+01   9.2248628e+00   2.1752935e+00   3.9736226e+00   1.8155431e+00   9.4256800e+00   5.0244133e-01   2.8199374e-02   1.5992115e-01   7.0933442e-02   9.0090580e+01   8.1722559e+00   6.2831130e+01   5.3234379e+01   2.6682176e+01   6.0453847e+01   2.3987977e+01   3.7225335e+01   4.6445082e+01   3.6008469e+01   1.4713693e+01
   1.9621267e-01   5.1667229e+03   7.2222540e+02   7.6593025e+00   1.9800130e+01   3.2019211e+01   2.8002268e+03   6.4845682e+01   1.2189504e+02   8.0917960e-02   8.3469656e+01   5.0784075e+01   2.7650641e+03   1.7594132e+01   5.0361784e+01   2.9956699e+03   1.8027889e+01   6.2334710e+01   4.8818620e+00   2.7266143e+02   1.0187403e+02   4.5595016e+01   2.9901071e+01   2.7710513e+01   1.7827158e+01   1.2630695e+01   3.7865004e+00   1.3264140e+00   2.8132136e+01   4.4984372e+01   9.0889141e+00   2.3224534e+00   4.1659168e+00   1.8077459e+00   9.4347717e+00   4.8474915e-01   2.8199374e-02   1.5992115e-01   7.0933442e-02   9.0090580e+01   8.1722559e+00   6.2836008e+01   5.3221696e+01   2.6699082e+01   6.0545750e+01   2.4117455e+01   3.7196669e+01   4.6441358e+01   3.6068457e+01   1.2009380e+01
   1.9258251e-01   5.1944491e+03   6.7744880e+02   7.8254906e+00   2.0052027e+01   3.1927664e+01   2.7999458e+03   6.4028939e+01   1.2191168e+02   7.8495356e-02   8.3435772e+01   4.9478563e+01   2.7648241e+03   1.7598775e+01   4.9581464e+01   2.9960154e+03   1.7832780e+01   6.2323677e+01   5.5217812e+00   2.7301858e+02   1.0184909e+02   4.5605378e+01   2.9419503e+01   2.7852441e+01   1.7785776e+01   1.2623769e+01   3.9626327e+00   1.2516258e+00   2.7858150e+01   4.5031304e+01   9.2848723e+00   2.2338786e+00   3.8384167e+00   1.8263584e+00   9.4207488e+00   3.8717005e-01   2.7734589e-02   1.4057098e-01   6.7194306e-02   8.9711212e+01   8.0464275e+00   6.2844212e+01   5.3229912e+01   2.7019583e+01   6.0544386e+01   2.4580571e+01   3.7245205e+01   4.6426664e+01   3.6001574e+01   1.3215677e+01
   1.9033828e-01   5.1733296e+03   6.7650100e+02   7.7574501e+00   1.9592626e+01   3.2015243e+01   2.7999800e+03   6.4152963e+01   1.2190719e+02   8.1786656e-02   8.3475964e+01   5.0469052e+01   2.7650770e+03   1.7588276e+01   4.8431662e+01   2.9969917e+03   1.8082874e+01   6.2316466e+01   6.0579292e+00   2.7299953e+02   1.0185182e+02   4.5571307e+01   2.9656884e+01   2.7790088e+01   1.7982543e+01   1.2733894e+01   3.7486630e+00   1.2667990e+00   2.8239130e+01   4.4762822e+01   9.3522110e+00   2.2215929e+00   4.0801544e+00   1.8232327e+00   9.3625728e+00   4.9454301e-01   2.7734589e-02   1.4057098e-01   6.7194306e-02   8.9711212e+01   8.0464275e+00   6.2835294e+01   5.3258421e+01   2.6955042e+01   6.0574357e+01   2.4936412e+01   3.7253558e+01   4.6456635e+01   3.6006859e+01   1.5595365e+01
   1.9325994e-01   5.1959851e+03   7.0527708e+02   7.8833390e+00   1.9756290e+01   3.2231755e+01   2.8009796e+03   6.5364895e+01   1.2190466e+02   8.1876615e-02   8.3458024e+01   5.0862062e+01   2.7652676e+03   1.7553419e+01   4.8661772e+01   2.9963327e+03   1.8152305e+01   6.2347527e+01   4.0536989e+00   2.7279201e+02   1.0187437e+02   4.5586766e+01   2.9763616e+01   2.7758202e+01   1.7464388e+01   1.2685651e+01   4.0972278e+00   1.3060890e+00   2.8094443e+01   4.4861948e+01   8.9613471e+00   2.1591351e+00   4.1203256e+00   1.8530908e+00   9.4231549e+00   4.6335376e-01   3.5820135e-02   1.5216823e-01   5.4681216e-02   8.9532459e+01   8.6098675e+00   6.2835477e+01   5.3225157e+01   2.6937769e+01   6.0642022e+01   2.5544583e+01   3.7238265e+01   4.6439761e+01   3.5849000e+01   1.3937825e+01
   1.8528906e-01   5.1856133e+03   6.6534185e+02   7.8830657e+00   1.9933478e+01   3.2182786e+01   2.8003428e+03   6.4911231e+01   1.2191040e+02   8.3556188e-02   8.3474622e+01   5.0943806e+01   2.7655353e+03   1.7820185e+01   5.1762255e+01   2.9963506e+03   1.8101533e+01   6.2337792e+01   8.7504257e+00   2.7340377e+02   1.0185463e+02   4.5589854e+01   2.9576431e+01   2.7680129e+01   1.7908893e+01   1.2501715e+01   4.0770596e+00   1.2694680e+00   2.7982933e+01   4.5091750e+01   9.0516623e+00   2.1633752e+00   3.8871725e+00   1.8200695e+00   9.4055487e+00   4.5483042e-01   3.5820135e-02   1.5216823e-01   5.4681216e-02   8.9532459e+01   8.6098675e+00   6.2814396e+01   5.3276923e+01   2.6921670e+01   6.0476962e+01   2.6184439e+01   3.7241868e+01   4.6434816e+01   3.5927843e+01   1.0330223e+01
   1.8925790e-01   5.1622287e+03   7.1120189e+02   7.7613630e+00   1.9720090e+01   3.2370643e+01   2.7983402e+03   6.5338996e+01   1.2187911e+02   8.3202725e-02   8.3440420e+01   4.9943343e+01   2.7624989e+03   1.7729249e+01   4.9669856e+01   2.9963215e+03   1.7968182e+01   6.2327208e+01   5.6939926e+00   2.7543077e+02   1.0187002e+02   4.5581012e+01   2.9445273e+01   2.7826172e+01   1.7914682e+01   1.2541090e+01   4.0838103e+00   1.3057823e+00   2.7359970e+01   4.4891097e+01   9.0907208e+00   2.2007696e+00   3.7499629e+00   1.7800519e+00   9.3461872e+00   4.6532717e-01   3.5820135e-02   1.5216823e-01   5.4681216e-02   8.9532459e+01   8.6098675e+00   6.2801279e+01   5.3286911e+01   2.6381075e+01   6.0554124e+01   2.6038828e+01   3.7241997e+01   4.6436250e+01   3.5889118e+01   1.1779079e+01
   1.8895851e-01   5.1826794e+03   6.6154186e+02   7.9054023e+00   2.0152077e+01   3.1987625e+01   2.7996862e+03   6.4014185e+01   1.2187643e+02   7.9773915e-02   8.3508659e+01   4.9544444e+01   2.7644649e+03   1.7632331e+01   4.9733638e+01   2.9964735e+03   1.8174325e+01   6.2352190e+01   4.8992310e+00   2.7389724e+02   1.0183230e+02   4.5537432e+01   2.9619607e+01   2.7769792e+01   1.7630415e+01   1.2618811e+01   3.4882313e+00   1.2926793e+00   2.7877767e+01   4.5089650e+01   9.2042680e+00   2.2077248e+00   3.8458451e+00   1.8051299e+00   9.4962623e+00   5.3512595e-01   2.4681529e-02   1.6762076e-01   6.3037004e-02   8.9790916e+01   8.7651020e+00   6.2761843e+01   5.3321511e+01   2.6641186e+01   6.0536316e+01   2.6317307e+01   3.7238554e+01   4.6439114e+01   3.5878195e+01   1.3631223e+01
   1.8677313e-01   5.2141586e+03   7.0682247e+02   7.9322578e+00   1.9596255e+01   3.2275137e+01   2.8001061e+03   6.4560276e+01   1.2189994e+02   7.7940246e-02   8.3537202e+01   4.8945783e+01   2.7649431e+03   1.7517726e+01   5.0673241e+01   2.9954327e+03   1.8061890e+01   6.2353615e+01   7.0839611e+00   2.7338707e+02   1.0180971e+02   4.5551150e+01   2.9408754e+01   2.7774893e+01   1.7703548e+01   1.2542365e+01   3.6965573e+00   1.2690003e+00   2.8083440e+01   4.5093396e+01   9.2574392e+00   2.2303824e+00   3.8123864e+00   1.7683284e+00   9.4398377e+00   5.4911904e-01   2.4681529e-02   1.6762076e-01   6.3037004e-02   8.9790916e+01   8.7651020e+00   6.2730082e+01   5.3370479e+01   2.6845691e+01   6.0445924e+01   2.6374422e+01   3.7231312e+01   4.6424581e+01   3.5738364e+01   1.3143989e+01
   1.8684319e-01   5.2058523e+03   7.0113791e+02   7.9308060e+00   1.9368594e+01   3.2210451e+01   2.8002243e+03   6.4670185e+01   1.2189677e+02   7.6797344e-02   8.3505842e+01   5.0281601e+01   2.7654402e+03   1.7567056e+01   5.0710721e+01   2.9959858e+03   1.8079685e+01   6.2341720e+01   5.9767528e+00   2.7282015e+02   1.0181935e+02   4.5570807e+01   2.9850883e+01   2.7674605e+01   1.7977215e+01   1.2643953e+01   3.6887010e+00   1.2829871e+00   2.7383092e+01   4.5081387e+01   9.0887555e+00   2.1323133e+00   3.9342142e+00   1.8116766e+00   9.4429535e+00   4.2798264e-01   2.0985182e-02   1.8427310e-01   7.4632829e-02   8.9636013e+01   8.8368935e+00   6.2709128e+01   5.3400441e+01   2.6748861e+01   6.0547601e+01   2.6420175e+01   3.7254365e+01   4.6415741e+01   3.5997197e+01   1.3095175e+01
   1.8434727e-01   5.1840050e+03   7.3758153e+02   7.8538186e+00   1.9523636e+01   3.2207343e+01   2.8007810e+03   6.5368599e+01   1.2189135e+02   8.3968818e-02   8.3505785e+01   4.9505008e+01   2.7651056e+03   1.7390770e+01   4.9265995e+01   2.9961897e+03   1.7955210e+01   6.2350390e+01   5.5869970e+00   2.7281579e+02   1.0182402e+02   4.5543949e+01   2.9784202e+01   2.7697218e+01   1.8030056e+01   1.2738368e+01   3.8298962e+00   1.3114500e+00   2.7637465e+01   4.4979275e+01   9.4090698e+00   1.9617368e+00   3.5226893e+00   1.8157915e+00   9.4418744e+00   5.5323475e-01   2.0985182e-02   1.8427310e-01   7.4632829e-02   8.9636013e+01   8.8368935e+00   6.2807301e+01   5.3239873e+01   2.7413193e+01   6.0368978e+01   2.6467424e+01   3.7249325e+01   4.6400118e+01   3.5868549e+01   1.1278915e+01
   1.8777492e-01   5.1579517e+03   6.4916971e+02   7.8128754e+00   1.9460671e+01   3.2153111e+01   2.8000987e+03   6.5272515e+01   1.2188131e+02   7.6204475e-02   8.3473057e+01   4.8790153e+01   2.7644361e+03   1.7478676e+01   5.0309826e+01   2.9955265e+03   1.7832202e+01   6.2331635e+01   7.1832688e+00   2.7254923e+02   1.0184536e+02   4.5559049e+01   2.9641480e+01   2.7773604e+01   1.8199263e+01   1.2801418e+01   3.8030706e+00   1.2447217e+00   2.7868937e+01   4.4998922e+01   9.1060130e+00   2.2248376e+00   3.6619696e+00   1.8593885e+00   9.4305881e+00   5.2673376e-01   2.0985182e-02   1.8427310e-01   7.4632829e-02   8.9636013e+01   8.8368935e+00   6.2879073e+01   5.3173743e+01   2.7300351e+01   6.0579236e+01   2.6550405e+01   3.7218751e+01   4.6437457e+01   3.5895397e+01   1.4447208e+01
   1.9079001e-01   5.1795050e+03   7.4055604e+02   7.7150803e+00   2.0349795e+01   3.1913228e+01   2.7998578e+03   6.5465748e+01   1.2188223e+02   7.3565717e-02   8.3501465e+01   4.9943514e+01   2.7634989e+03   1.7573654e+01   5.0259273e+01   2.9955599e+03   1.8198199e+01   6.2335553e+01   4.6641095e+00   2.7345306e+02   1.0185323e+02   4.5555426e+01   2.9465714e+01   2.7679686e+01   1.8083991e+01   1.2554496e+01   3.9027263e+00   1.2663182e+00   2.7940698e+01   4.5029151e+01   9.5577739e+00   2.1990940e+00   4.0258718e+00   1.8070389e+00   9.4409871e+00   5.3118587e-01   1.3698778e-02   1.7605865e-01   7.8193445e-02   9.0790786e+01   7.9148573e+00   6.2892880e+01   5.3182061e+01   2.7220746e+01   6.0434706e+01   2.6413971e+01   3.7233878e+01   4.6440969e+01   3.6176522e+01   1.4364318e+01
   1.9176633e-01   5.1877994e+03   7.6967060e+02   7.8035846e+00   1.9671164e+01   3.2107033e+01   2.7990976e+03   6.4713463e+01   1.2189892e+02   7.3300390e-02   8.3438227e+01   5.0334651e+01   2.7641255e+03   1.7487502e+01   4.9727835e+01   2.9953657e+03   1.7882281e+01   6.2339467e+01   2.7528118e+00   2.7379404e+02   1.0185555e+02   4.5548179e+01   2.9278925e+01   2.7604147e+01   1.7985836e+01   1.2922203e+01   3.7805682e+00   1.2378782e+00   2.7853117e+01   4.5078298e+01   9.7593859e+00   2.2994156e+00   4.1535820e+00   1.8646131e+00   9.4639554e+00   6.3116892e-01   1.3698778e-02   1.7605865e-01   7.8193445e-02   9.0790786e+01   7.9148573e+00   6.2854139e+01   5.3228488e+01   2.7087713e+01   6.0603556e+01   2.5777832e+01   3.7230633e+01   4.6446552e+01   3.5906634e+01   1.0997497e+01
   1.9262534e-01   5.2067782e+03   7.1689469e+02   7.8259052e+00   1.9678491e+01   3.2379102e+01   2.8003063e+03   6.4294824e+01   1.2188381e+02   7.1722147e-02   8.3452494e+01   5.1114224e+01   2.7645483e+03   1.7677107e+01   5.0341794e+01   2.9973275e+03   1.7880482e+01   6.2356159e+01   4.8367114e+00   2.7377539e+02   1.0185928e+02   4.5545965e+01   2.9400435e+01   2.7733650e+01   1.8251187e+01   1.2663788e+01   3.7070859e+00   1.2453083e+00   2.7967248e+01   4.4978078e+01   9.6166885e+00   2.2945206e+00   3.7020611e+00   1.7919322e+00   9.4306263e+00   4.6116892e-01   1.9397127e-02   1.4940425e-01   6.3214354e-02   9.0154257e+01   9.0435891e+00   6.2818055e+01   5.3241626e+01   2.6692155e+01   6.0540256e+01   2.5567342e+01   3.7215483e+01   4.6408479e+01   3.6120708e+01   1.0137436e+01
   1.9574283e-01   5.1831871e+03   6.9594730e+02   7.7938835e+00   1.9866581e+01   3.2158210e+01   2.8001695e+03   6.4899344e+01   1.2191016e+02   7.3079256e-02   8.3429928e+01   5.0588252e+01   2.7649601e+03   1.7734112e+01   4.8479710e+01   2.9972639e+03   1.8162674e+01   6.2345056e+01   3.9576443e+00   2.7430065e+02   1.0188416e+02   4.5554355e+01   2.9326209e+01   2.7769326e+01   1.7916462e+01   1.2607504e+01   3.8604389e+00   1.3137439e+00   2.7953425e+01   4.5241638e+01   9.2212155e+00   2.0297998e+00   4.0872522e+00   1.8362753e+00   9.4612205e+00   5.3511353e-01   1.9397127e-02   1.4940425e-01   6.3214354e-02   9.0154257e+01   9.0435891e+00   6.2813034e+01   5.3272645e+01   2.6526990e+01   6.0665507e+01   2.5491865e+01   3.7249160e+01   4.6414622e+01   3.5855141e+01   1.4621018e+01
   1.9497283e-01   5.1786974e+03   6.8677422e+02   7.9040012e+00   1.9838399e+01   3.1972450e+01   2.8002665e+03   6.5162236e+01   1.2190355e+02   7.8985422e-02   8.3378207e+01   4.9355473e+01   2.7648378e+03   1.7383948e+01   5.1746563e+01   2.9980749e+03   1.8075158e+01   6.2318617e+01   5.2204911e+00   2.7424160e+02   1.0187992e+02   4.5570217e+01   2.9565807e+01   2.7598567e+01   1.7940851e+01   1.2642785e+01   3.9039012e+00   1.2626632e+00   2.8136238e+01   4.5029702e+01   8.9812899e+00   2.1309888e+00   3.7443469e+00   1.8017351e+00   9.4323807e+00   4.5228680e-01   1.9397127e-02   1.4940425e-01   6.3214354e-02   9.0154257e+01   9.0435891e+00   6.2822870e+01   5.3274090e+01   2.6875837e+01   6.0612016e+01   2.5729788e+01   3.7249816e+01   4.6445415e+01   3.5919592e+01   1.4218980e+01
   1.9328941e-01   5.1678785e+03   7.0307667e+02   7.8356450e+00   1.9660398e+01   3.2040379e+01   2.8014465e+03   6.5009190e+01   1.2190450e+02   8.2138601e-02   8.3430636e+01   5.0298945e+01   2.7668553e+03   1.7526581e+01   4.9229232e+01   2.9982267e+03   1.8028626e+01   6.2311185e+01   8.6139709e+00   2.7246267e+02   1.0187567e+02   4.5576351e+01   2.9149514e+01   2.7677479e+01   1.8075278e+01   1.2619224e+01   3.8720669e+00   1.3039348e+00   2.7845768e+01   4.4894997e+01   8.7332076e+00   2.1796672e+00   3.6443136e+00   1.8077583e+00   9.4549286e+00   4.1064822e-01   1.6955766e-02   1.6236289e-01   7.1407138e-02   9.0508941e+01   7.8355678e+00   6.2803626e+01   5.3286215e+01   2.6770980e+01   6.0551390e+01   2.6212491e+01   3.7194639e+01   4.6429553e+01   3.5795374e+01   1.4479217e+01
   1.9551256e-01   5.1935206e+03   6.9029635e+02   7.8264924e+00   1.9975684e+01   3.2158312e+01   2.8025603e+03   6.4516448e+01   1.2190098e+02   8.8859519e-02   8.3446892e+01   4.9253227e+01   2.7671223e+03   1.7567163e+01   5.0517805e+01   2.9982586e+03   1.7969906e+01   6.2309816e+01   5.3498176e+00   2.7247573e+02   1.0187270e+02   4.5590891e+01   2.9323540e+01   2.7805531e+01   1.8034715e+01   1.2575367e+01   3.8510335e+00   1.2813642e+00   2.8416010e+01   4.5130462e+01   8.8056868e+00   2.1932550e+00   3.5288154e+00   1.8181047e+00   9.3677335e+00   5.3100691e-01   1.6955766e-02   1.6236289e-01   7.1407138e-02   9.0508941e+01   7.8355678e+00   6.2783201e+01   5.3252729e+01   2.6769738e+01   6.0515220e+01   2.6198085e+01   3.7233249e+01   4.6442264e+01   3.5974335e+01   1.5198608e+01
   1.9894583e-01   5.1972685e+03   7.5482120e+02   7.7723834e+00   1.9781308e+01   3.2270267e+01   2.8022196e+03   6.5452609e+01   1.2191882e+02   9.6263014e-02   8.3425543e+01   5.0957675e+01   2.7666896e+03   1.7578905e+01   4.9861173e+01   2.9984590e+03   1.8137303e+01   6.2331014e+01   3.8540013e+00   2.7338709e+02   1.0187504e+02   4.5596030e+01   2.9497413e+01   2.7885320e+01   1.7659909e+01   1.2467190e+01   4.3365984e+00   1.3184542e+00   2.8365219e+01   4.5124563e+01   8.6720627e+00   2.4002030e+00   4.2681366e+00   1.8310190e+00   9.3210249e+00   4.8347509e-01   2.5535019e-02   1.7518670e-01   6.6462412e-02   8.9502684e+01   7.9448556e+00   6.2780135e+01   5.3257829e+01   2.6758025e+01   6.0498635e+01   2.6059205e+01   3.7243184e+01   4.6438250e+01   3.5897023e+01   1.0815345e+01
   1.9464364e-01   5.1858532e+03   7.0107768e+02   7.8397341e+00   1.9385231e+01   3.1926443e+01   2.8024045e+03   6.4792674e+01   1.2192276e+02   1.0353325e-01   8.3419159e+01   5.1932610e+01   2.7668296e+03   1.7495875e+01   4.9236898e+01   2.9985284e+03   1.8069732e+01   6.2296664e+01   4.9536827e+00   2.7368755e+02   1.0186455e+02   4.5613626e+01   2.9377215e+01   2.7748635e+01   1.8327812e+01   1.2773254e+01   3.9888180e+00   1.2830378e+00   2.7765958e+01   4.5095506e+01   8.9912382e+00   2.0832509e+00   3.6045303e+00   1.7786240e+00   9.3660236e+00   5.1295178e-01   2.5535019e-02   1.7518670e-01   6.6462412e-02   8.9502684e+01   7.9448556e+00   6.2809467e+01   5.3260189e+01   2.7093477e+01   6.0374332e+01   2.5781518e+01   3.7253843e+01   4.6435811e+01   3.6038546e+01   1.4906960e+01
   1.9520954e-01   5.1712004e+03   6.9714802e+02   7.8232967e+00   1.9586815e+01   3.2361518e+01   2.8011873e+03   6.4734620e+01   1.2191748e+02   1.0401808e-01   8.3447531e+01   5.0730105e+01   2.7658602e+03   1.7620707e+01   4.9350106e+01   2.9970151e+03   1.7832212e+01   6.2340317e+01   4.8095645e+00   2.7241277e+02   1.0185949e+02   4.5567362e+01   2.9249545e+01   2.7737797e+01   1.7904577e+01   1.2533237e+01   3.7279193e+00   1.3499700e+00   2.7725569e+01   4.4918102e+01   9.6763190e+00   2.0456359e+00   3.7647305e+00   1.8639337e+00   9.4021360e+00   4.9067848e-01   2.5535019e-02   1.7518670e-01   6.6462412e-02   8.9502684e+01   7.9448556e+00   6.2800362e+01   5.3264194e+01   2.6965477e+01   6.0573691e+01   2.5603608e+01   3.7247172e+01   4.6440546e+01   3.5977503e+01   1.4869126e+01
   1.9698070e-01   5.1732440e+03   6.8779799e+02   7.8527017e+00   1.9621742e+01   3.1834148e+01   2.7999322e+03   6.4234319e+01   1.2190250e+02   1.0264982e-01   8.3471222e+01   5.0058059e+01   2.7649952e+03   1.7456866e+01   4.8516353e+01   2.9962667e+03   1.8124515e+01   6.2331659e+01   6.2882584e+00   2.7296023e+02   1.0188186e+02   4.5574428e+01   2.9554249e+01   2.7682339e+01   1.7835807e+01   1.2740256e+01   3.6626929e+00   1.3339206e+00   2.8154536e+01   4.4981366e+01   9.1558564e+00   2.1159612e+00   4.1960156e+00   1.8076623e+00   9.4266939e+00   5.1833066e-01   4.5348093e-02   1.5855278e-01   6.2582120e-02   8.9612403e+01   8.5995431e+00   6.2757658e+01   5.3327597e+01   2.6685946e+01   6.0473665e+01   2.5550848e+01   3.7213970e+01   4.6426966e+01   3.5907061e+01   1.3744762e+01
   1.9281958e-01   5.1961969e+03   7.0658167e+02   7.8563095e+00   1.9867675e+01   3.1937474e+01   2.7993504e+03   6.4898475e+01   1.2190986e+02   1.0011938e-01   8.3494528e+01   4.9696074e+01   2.7648226e+03   1.7494681e+01   4.9921164e+01   2.9959765e+03   1.8119982e+01   6.2352750e+01   4.0811624e+00   2.7281066e+02   1.0182089e+02   4.5575363e+01   2.9764364e+01   2.7776493e+01   1.7230336e+01   1.2897180e+01   3.8836883e+00   1.3127092e+00   2.7898590e+01   4.4937793e+01   9.5709641e+00   2.0842823e+00   4.2672018e+00   1.8077207e+00   9.4289042e+00   4.9905659e-01   4.5348093e-02   1.5855278e-01   6.2582120e-02   8.9612403e+01   8.5995431e+00   6.2676706e+01   5.3419877e+01   2.6910127e+01   6.0481341e+01   2.5531867e+01   3.7239363e+01   4.6462819e+01   3.5736206e+01   1.1467981e+01
   1.8313854e-01   5.1927361e+03   6.9081722e+02   7.7989376e+00   1.9856643e+01   3.2218894e+01   2.7993560e+03   6.4874968e+01   1.2189601e+02   9.6714840e-02   8.3441966e+01   5.1881398e+01   2.7640896e+03   1.7622598e+01   5.0973647e+01   2.9949892e+03   1.8243926e+01   6.2319301e+01   4.5219391e+00   2.7239406e+02   1.0183795e+02   4.5582490e+01   2.9406176e+01   2.7711937e+01   1.8136688e+01   1.2570397e+01   3.5804135e+00   1.2691979e+00   2.7929331e+01   4.5016265e+01   8.9846184e+00   2.3730155e+00   3.6791007e+00   1.8648036e+00   9.4092893e+00   4.9603282e-01   3.9103224e-02   1.4371504e-01   8.2686293e-02   9.0501198e+01   8.0307189e+00   6.2606673e+01   5.3449319e+01   2.6632376e+01   6.0569833e+01   2.5869692e+01   3.7223583e+01   4.6440536e+01   3.5904636e+01   1.3652057e+01
   1.8911685e-01   5.2037183e+03   7.1212762e+02   7.9147983e+00   2.0094813e+01   3.1996010e+01   2.7977697e+03   6.5026549e+01   1.2191461e+02   9.2203403e-02   8.3452326e+01   5.0603573e+01   2.7619751e+03   1.7581454e+01   5.0970923e+01   2.9960430e+03   1.8105395e+01   6.2346663e+01   5.9212692e+00   2.7515566e+02   1.0188323e+02   4.5580529e+01   2.9002950e+01   2.7702049e+01   1.7713483e+01   1.2667027e+01   4.1049637e+00   1.2884182e+00   2.7800007e+01   4.5071897e+01   9.2239171e+00   2.3126098e+00   4.4631127e+00   1.8488188e+00   9.3978715e+00   4.7307133e-01   3.9103224e-02   1.4371504e-01   8.2686293e-02   9.0501198e+01   8.0307189e+00   6.2658639e+01   5.3408167e+01   2.6627841e+01   6.0716436e+01   2.6236062e+01   3.7226792e+01   4.6437577e+01   3.5875268e+01   9.7038757e+00
   1.9029506e-01   5.1815288e+03   7.2967159e+02   7.8571073e+00   2.0006683e+01   3.2080870e+01   2.7988026e+03   6.5928150e+01   1.2190011e+02   8.6011890e-02   8.3504252e+01   4.9684671e+01   2.7631866e+03   1.7577594e+01   5.0622360e+01   2.9954436e+03   1.8046957e+01   6.2353594e+01   4.6791163e+00   2.7326200e+02   1.0185809e+02   4.5548645e+01   2.9568518e+01   2.7743754e+01   1.7519454e+01   1.2773517e+01   4.2787257e+00   1.2806487e+00   2.7622125e+01   4.5126553e+01   9.5511509e+00   2.1761227e+00   4.5349021e+00   1.8342674e+00   9.4514369e+00   5.3329170e-01   3.9103224e-02   1.4371504e-01   8.2686293e-02   9.0501198e+01   8.0307189e+00   6.2669123e+01   5.3387210e+01   2.6896451e+01   6.0512245e+01   2.6981073e+01   3.7189042e+01   4.6408232e+01   3.5956639e+01   1.2232056e+01
   1.8271687e-01   5.1612619e+03   7.2551972e+02   7.7728706e+00   1.9714805e+01   3.2147451e+01   2.7995115e+03   6.6313847e+01   1.2189198e+02   8.5390902e-02   8.3540214e+01   5.0051934e+01   2.7646366e+03   1.7670412e+01   5.0510858e+01   2.9961838e+03   1.7856493e+01   6.2347411e+01   5.6666095e+00   2.7293880e+02   1.0186695e+02   4.5569440e+01   2.9948198e+01   2.7853936e+01   1.8194984e+01   1.2793594e+01   3.9284597e+00   1.3458240e+00   2.7227692e+01   4.4903508e+01   8.9216700e+00   2.2077344e+00   3.4183731e+00   1.8287700e+00   9.4477317e+00   5.6099205e-01   2.5347114e-02   1.5901271e-01   7.2952537e-02   8.9065949e+01   7.9637740e+00   6.2757116e+01   5.3265130e+01   2.6437595e+01   6.0693182e+01   2.7669269e+01   3.7212627e+01   4.6425880e+01   3.5944574e+01   1.2822843e+01
   1.8908146e-01   5.1935472e+03   6.8617523e+02   7.7904445e+00   2.0024408e+01   3.2086276e+01   2.8009381e+03   6.4555368e+01   1.2190444e+02   8.5616609e-02   8.3582817e+01   4.9415302e+01   2.7648094e+03   1.7577434e+01   5.0199488e+01   2.9959403e+03   1.7817251e+01   6.2355930e+01   4.6522269e+00   2.7186986e+02   1.0187175e+02   4.5535624e+01   2.9454238e+01   2.7764625e+01   1.8098615e+01   1.2670604e+01   3.8936630e+00   1.2745709e+00   2.7815972e+01   4.5035109e+01   9.1387231e+00   2.0556817e+00   4.3176532e+00   1.8104067e+00   9.4513205e+00   4.2785538e-01   2.5347114e-02   1.5901271e-01   7.2952537e-02   8.9065949e+01   7.9637740e+00   6.2880583e+01   5.3123318e+01   2.6389535e+01   6.0583834e+01   2.8065747e+01   3.7217104e+01   4.6386376e+01   3.5974852e+01   1.4050867e+01
   1.9045430e-01   5.2175531e+03   6.9589411e+02   7.9030544e+00   1.9354091e+01   3.2155841e+01   2.7988089e+03   6.4216072e+01   1.2191616e+02   8.4201013e-02   8.3529513e+01   4.9210513e+01   2.7637619e+03   1.7709293e+01   4.8949025e+01   2.9952099e+03   1.8046003e+01   6.2389162e+01   5.3364665e+00   2.7264331e+02   1.0184706e+02   4.5579971e+01   2.9577800e+01   2.7721912e+01   1.7446345e+01   1.2528860e+01   3.5820728e+00   1.2538401e+00   2.8146007e+01   4.4891118e+01   9.1315850e+00   2.1444319e+00   3.6656094e+00   1.7992053e+00   9.4818359e+00   5.1104785e-01   1.9470956e-02   1.4925056e-01   5.0648652e-02   9.0404925e+01   7.7047888e+00   6.2939607e+01   5.3067407e+01   2.6943290e+01   6.0341913e+01   2.7716120e+01   3.7243257e+01   4.6420800e+01   3.5957972e+01   1.2242332e+01
   1.8318048e-01   5.1592805e+03   6.6866123e+02   7.8735016e+00   1.9597850e+01   3.2583927e+01   2.7998448e+03   6.5284073e+01   1.2192942e+02   7.9786003e-02   8.3548923e+01   5.0972550e+01   2.7645092e+03   1.7678303e+01   5.0302356e+01   2.9953875e+03   1.8230600e+01   6.2370059e+01   5.2809210e+00   2.7241423e+02   1.0182952e+02   4.5554012e+01   2.9883946e+01   2.7674523e+01   1.8171287e+01   1.2635821e+01   3.8473974e+00   1.3232875e+00   2.7548947e+01   4.5059933e+01   9.2747846e+00   2.2403184e+00   3.8638245e+00   1.8626178e+00   9.4728104e+00   5.4403609e-01   1.9470956e-02   1.4925056e-01   5.0648652e-02   9.0404925e+01   7.7047888e+00   6.2834202e+01   5.3218068e+01   2.6793992e+01   6.0585334e+01   2.6564591e+01   3.7206663e+01   4.6411359e+01   3.6017280e+01   1.3644156e+01
   1.8562253e-01   5.1662703e+03   6.8137594e+02   7.8089994e+00   1.9981083e+01   3.2551216e+01   2.7978792e+03   6.4416359e+01   1.2189921e+02   7.7869647e-02   8.3503153e+01   4.9019321e+01   2.7633038e+03   1.7649424e+01   5.1416977e+01   2.9953401e+03   1.8039623e+01   6.2398804e+01   5.8418561e+00   2.7355225e+02   1.0181973e+02   4.5546879e+01   2.9737062e+01   2.7877043e+01   1.8293259e+01   1.2472428e+01   3.6010084e+00   1.2491763e+00   2.7541451e+01   4.5010928e+01   9.0281268e+00   2.1149114e+00   4.2433296e+00   1.8298353e+00   9.4065937e+00   4.6511011e-01   1.9470956e-02   1.4925056e-01   5.0648652e-02   9.0404925e+01   7.7047888e+00   6.2781253e+01   5.3313744e+01   2.7009367e+01   6.0542310e+01   2.5894190e+01   3.7219806e+01   4.6450611e+01   3.5967954e+01   1.2551127e+01
   1.8940313e-01   5.1850785e+03   7.0459205e+02   7.7966373e+00   1.9885115e+01   3.2401142e+01   2.7975683e+03   6.5348219e+01   1.2189440e+02   7.3903921e-02   8.3454293e+01   5.0820040e+01   2.7624824e+03   1.7500937e+01   5.1732158e+01   2.9954808e+03   1.7933844e+01   6.2368103e+01   4.3082581e+00   2.7436585e+02   1.0184316e+02   4.5556610e+01   2.9913381e+01   2.7743664e+01   1.8029904e+01   1.2801882e+01   3.8987496e+00   1.2763220e+00   2.7487766e+01   4.5099507e+01   9.0324811e+00   2.1418318e+00   3.7846656e+00   1.7676174e+00   9.5075884e+00   4.9241983e-01   2.3991278e-02   1.6373123e-01   8.1099819e-02   8.9556090e+01   7.9026441e+00   6.2784871e+01   5.3290752e+01   2.6551006e+01   6.0564331e+01   2.5464014e+01   3.7203436e+01   4.6404974e+01   3.5895317e+01   1.2415244e+01
   1.8777976e-01   5.2015513e+03   7.0892419e+02   7.7320305e+00   1.9816004e+01   3.2412673e+01   2.7982351e+03   6.4723065e+01   1.2187264e+02   7.1859114e-02   8.3474716e+01   4.9930902e+01   2.7630711e+03   1.7572331e+01   5.0643516e+01   2.9957667e+03   1.7968456e+01   6.2377066e+01   5.9230495e+00   2.7428819e+02   1.0183175e+02   4.5550937e+01   2.9691761e+01   2.7696525e+01   1.7749405e+01   1.2664803e+01   3.6440582e+00   1.3013615e+00   2.7861671e+01   4.4925389e+01   9.0557557e+00   2.3349693e+00   3.8366418e+00   1.7857689e+00   9.4482599e+00   5.7613815e-01   2.3991278e-02   1.6373123e-01   8.1099819e-02   8.9556090e+01   7.9026441e+00   6.2823872e+01   5.3232745e+01   2.6321362e+01   6.0551723e+01   2.5258286e+01   3.7220444e+01   4.6411188e+01   3.5979861e+01   1.4193705e+01
   1.8441397e-01   5.1868990e+03   7.1764489e+02   7.8423659e+00   1.9582091e+01   3.1985664e+01   2.8000097e+03   6.5151862e+01   1.2189764e+02   6.9690104e-02   8.3552736e+01   5.1255931e+01   2.7643026e+03   1.7591506e+01   5.0621546e+01   2.9966297e+03   1.8286387e+01   6.2379281e+01   5.9069444e+00   2.7363525e+02   1.0188166e+02   4.5542544e+01   2.9197094e+01   2.7802649e+01   1.7956707e+01   1.2788497e+01   3.5249615e+00   1.2950579e+00   2.7943792e+01   4.5041089e+01   9.5035396e+00   2.2650438e+00   3.8302637e+00   1.8366301e+00   9.3890741e+00   4.8750527e-01   8.7116932e-03   1.6758208e-01   6.3508599e-02   9.0075540e+01   7.9025618e+00   6.2840446e+01   5.3197429e+01   2.5552078e+01   6.0729733e+01   2.5283851e+01   3.7218992e+01   4.6418371e+01   3.5956405e+01   1.2451556e+01
   1.9075564e-01   5.1838708e+03   7.2077086e+02   7.8118048e+00   1.9965177e+01   3.2695538e+01   2.7987811e+03   6.4656365e+01   1.2190874e+02   7.0674892e-02   8.3436403e+01   4.8894777e+01   2.7630664e+03   1.7617746e+01   4.9950492e+01   2.9968355e+03   1.7995959e+01   6.2370953e+01   4.0570795e+00   2.7499385e+02   1.0182566e+02   4.5557341e+01   2.9193012e+01   2.7611905e+01   1.8496098e+01   1.2842727e+01   3.6153511e+00   1.2979170e+00   2.7982431e+01   4.5084391e+01   9.5596343e+00   2.1477090e+00   3.8414660e+00   1.8388356e+00   9.4970500e+00   4.6919223e-01   8.7116932e-03   1.6758208e-01   6.3508599e-02   9.0075540e+01   7.9025618e+00   6.2786547e+01   5.3282733e+01   2.6113144e+01   6.0538864e+01   2.5346906e+01   3.7216701e+01   4.6418760e+01   3.6053985e+01   1.2056430e+01
   1.9518729e-01   5.1898360e+03   7.2020579e+02   7.7883854e+00   1.9708296e+01   3.2152064e+01   2.8000361e+03   6.5202663e+01   1.2191770e+02   6.8277148e-02   8.3525702e+01   4.7918065e+01   2.7650366e+03   1.7583907e+01   4.9334986e+01   2.9963837e+03   1.7983360e+01   6.2360321e+01   5.1787109e+00   2.7263263e+02   1.0189825e+02   4.5550549e+01   2.9260505e+01   2.7755076e+01   1.8315661e+01   1.2784354e+01   4.1140733e+00   1.2741915e+00   2.7380151e+01   4.4968890e+01   9.2235436e+00   2.1764915e+00   4.1074143e+00   1.8392599e+00   9.3298614e+00   5.4148944e-01   8.7116932e-03   1.6758208e-01   6.3508599e-02   9.0075540e+01   7.9025618e+00   6.2722503e+01   5.3350660e+01   2.6318607e+01   6.0448406e+01   2.5274311e+01   3.7191241e+01   4.6400689e+01   3.6032287e+01   1.4863363e+01
   1.9695196e-01   5.1742457e+03   6.8801620e+02   7.8003772e+00   1.9814658e+01   3.2297461e+01   2.8006573e+03   6.4694379e+01   1.2188724e+02   7.0951712e-02   8.3535436e+01   4.8885341e+01   2.7652579e+03   1.7651743e+01   5.2467053e+01   2.9972254e+03   1.8103726e+01   6.2362056e+01   5.1406515e+00   2.7241123e+02   1.0190385e+02   4.5527576e+01   2.9720285e+01   2.7752680e+01   1.7981585e+01   1.2642741e+01   4.0480672e+00   1.2878274e+00   2.7699960e+01   4.5159879e+01   8.7766989e+00   2.3276850e+00   3.8591052e+00   1.8263393e+00   9.5152985e+00   4.7302921e-01   4.1172894e-02   1.6466715e-01   6.9832367e-02   9.0719360e+01   8.7154921e+00   6.2707884e+01   5.3377315e+01   2.6765331e+01   6.0440193e+01   2.5309156e+01   3.7230369e+01   4.6419004e+01   3.5772913e+01   1.2834327e+01
   1.9471270e-01   5.2200416e+03   7.1731444e+02   7.8763746e+00   1.9659243e+01   3.2378325e+01   2.8005617e+03   6.4553002e+01   1.2188120e+02   7.3019307e-02   8.3475162e+01   4.9462688e+01   2.7649974e+03   1.7607154e+01   5.0345376e+01   2.9969528e+03   1.8269066e+01   6.2368727e+01   6.5980302e+00   2.7385215e+02   1.0187586e+02   4.5534320e+01   2.9774356e+01   2.7790360e+01   1.7921113e+01   1.2763051e+01   4.2630784e+00   1.3317606e+00   2.8008135e+01   4.4960719e+01   8.9089892e+00   2.1355588e+00   3.9911686e+00   1.8020661e+00   9.4153719e+00   4.6562352e-01   4.1172894e-02   1.6466715e-01   6.9832367e-02   9.0719360e+01   8.7154921e+00   6.2683958e+01   5.3387455e+01   2.6055923e+01   6.0576384e+01   2.5315655e+01   3.7195332e+01   4.6416477e+01   3.5926120e+01   1.1972708e+01
   1.9154982e-01   5.1735048e+03   7.0634512e+02   7.9319594e+00   2.0083196e+01   3.2331132e+01   2.8010200e+03   6.4445357e+01   1.2190616e+02   7.7534642e-02   8.3495434e+01   4.9042257e+01   2.7657121e+03   1.7556270e+01   4.8986550e+01   2.9982610e+03   1.8212805e+01   6.2346012e+01   7.5300480e+00   2.7368035e+02   1.0188767e+02   4.5566593e+01   2.9517710e+01   2.7795428e+01   1.8108308e+01   1.2512320e+01   4.0770456e+00   1.2939152e+00   2.7432620e+01   4.4988047e+01   9.4503932e+00   2.3674599e+00   4.0729481e+00   1.8366433e+00   9.4312398e+00   5.3464684e-01   3.4213828e-02   1.5897899e-01   6.1101208e-02   8.9971502e+01   7.2291683e+00   6.2666367e+01   5.3394557e+01   2.6559427e+01   6.0559245e+01   2.5717211e+01   3.7228585e+01   4.6438090e+01   3.5909123e+01   1.3850482e+01
   1.9196525e-01   5.1378538e+03   6.8024063e+02   7.7528785e+00   1.9892490e+01   3.2220923e+01   2.8017667e+03   6.4896456e+01   1.2190104e+02   8.2085548e-02   8.3457009e+01   4.9733316e+01   2.7666169e+03   1.7585280e+01   5.1705991e+01   2.9982232e+03   1.8156863e+01   6.2349322e+01   6.0558395e+00   2.7297366e+02   1.0185852e+02   4.5549191e+01   2.9206565e+01   2.7713842e+01   1.8350854e+01   1.2630671e+01   3.5898579e+00   1.2911262e+00   2.8029718e+01   4.5334526e+01   9.4706103e+00   2.2728003e+00   4.0545728e+00   1.8321534e+00   9.4725492e+00   4.9533415e-01   3.4213828e-02   1.5897899e-01   6.1101208e-02   8.9971502e+01   7.2291683e+00   6.2545405e+01   5.3506712e+01   2.6590873e+01   6.0640823e+01   2.6074914e+01   3.7247868e+01   4.6395567e+01   3.5864878e+01   1.2389521e+01
   1.9530028e-01   5.1678586e+03   7.1699564e+02   7.7885288e+00   1.9884107e+01   3.1742582e+01   2.8023971e+03   6.5021462e+01   1.2190979e+02   8.7008339e-02   8.3527022e+01   4.9020624e+01   2.7671148e+03   1.7535564e+01   5.1659926e+01   2.9982098e+03   1.7955193e+01   6.2344792e+01   5.9981080e+00   2.7244199e+02   1.0188620e+02   4.5520014e+01   2.8792386e+01   2.7721531e+01   1.7913798e+01   1.2611440e+01   3.5405692e+00   1.2942045e+00   2.7679485e+01   4.5098872e+01   9.1493500e+00   2.3209751e+00   4.1340812e+00   1.8327933e+00   9.3601268e+00   5.3439325e-01   3.4213828e-02   1.5897899e-01   6.1101208e-02   8.9971502e+01   7.2291683e+00   6.2498687e+01   5.3561194e+01   2.6159941e+01   6.0644971e+01   2.7035691e+01   3.7217313e+01   4.6424193e+01   3.5872649e+01   1.1175674e+01
   1.9739185e-01   5.1719913e+03   7.0399933e+02   7.8761284e+00   1.9398526e+01   3.2162483e+01   2.8002170e+03   6.5708986e+01   1.2192541e+02   9.3577034e-02   8.3394205e+01   4.9178786e+01   2.7659543e+03   1.7537798e+01   5.0335487e+01   2.9977295e+03   1.7990839e+01   6.2351705e+01   6.8183399e+00   2.7334328e+02   1.0186937e+02   4.5574769e+01   2.8895835e+01   2.7749732e+01   1.7784785e+01   1.2737622e+01   4.0461917e+00   1.3110446e+00   2.7473023e+01   4.5059689e+01   9.2420603e+00   2.1941779e+00   4.3467661e+00   1.8371947e+00   9.2492950e+00   4.7182826e-01   4.3476715e-02   1.6360273e-01   5.4931289e-02   9.0079913e+01   8.9641542e+00   6.2569886e+01   5.3429351e+01   2.5639250e+01   6.0655605e+01   2.7970310e+01   3.7161725e+01   4.6416524e+01   3.5773122e+01   1.1274077e+01
   1.9773551e-01   5.1833029e+03   6.8689127e+02   7.8619035e+00   1.9464733e+01   3.2192043e+01   2.8020917e+03   6.5358707e+01   1.2190236e+02   9.3168194e-02   8.3454645e+01   4.9077880e+01   2.7668056e+03   1.7720187e+01   5.1044217e+01   2.9979395e+03   1.8126752e+01   6.2334456e+01   4.2680526e+00   2.7296100e+02   1.0185120e+02   4.5562720e+01   2.9759332e+01   2.8032905e+01   1.7589924e+01   1.2704927e+01   3.6228236e+00   1.2929544e+00   2.7745135e+01   4.5025345e+01   8.9010413e+00   2.1490810e+00   3.4227471e+00   1.8319374e+00   9.4071675e+00   6.1908464e-01   4.3476715e-02   1.6360273e-01   5.4931289e-02   9.0079913e+01   8.9641542e+00   6.2686520e+01   5.3289823e+01   2.5841778e+01   6.0685019e+01   2.8853978e+01   3.7179270e+01   4.6399726e+01   3.5982721e+01   1.3385977e+01
   1.8731307e-01   5.1926285e+03   6.9298589e+02   7.7520200e+00   1.9664422e+01   3.2391458e+01   2.8011672e+03   6.5099360e+01   1.2187857e+02   9.7169781e-02   8.3471274e+01   4.9127076e+01   2.7664442e+03   1.7328884e+01   5.1010757e+01   2.9983373e+03   1.7856479e+01   6.2313387e+01   6.2536536e+00   2.7319216e+02   1.0187299e+02   4.5551829e+01   2.9103932e+01   2.7828197e+01   1.7788368e+01   1.2819714e+01   3.9721529e+00   1.3301283e+00   2.7498152e+01   4.5201572e+01   9.4208129e+00   2.2525031e+00   3.9264180e+00   1.8208343e+00   9.3692659e+00   4.9909874e-01   2.8804831e-02   1.5458680e-01   8.4034741e-02   8.9714868e+01   7.7908356e+00   6.2753369e+01   5.3241389e+01   2.5792443e+01   6.0791125e+01   2.9619187e+01   3.7224021e+01   4.6410374e+01   3.6057605e+01   1.0479589e+01
   1.8988068e-01   5.2009944e+03   7.1063399e+02   7.8661761e+00   1.9830351e+01   3.1988796e+01   2.8019299e+03   6.4103483e+01   1.2190109e+02   1.0138784e-01   8.3476752e+01   4.9766387e+01   2.7661712e+03   1.7488664e+01   4.9170498e+01   2.9976102e+03   1.8115500e+01   6.2309295e+01   7.4355565e+00   2.7192664e+02   1.0187066e+02   4.5546877e+01   2.9590989e+01   2.7763382e+01   1.8176741e+01   1.2719621e+01   3.9120824e+00   1.2891159e+00   2.7767919e+01   4.5413104e+01   9.0253817e+00   2.1509157e+00   4.5094453e+00   1.8374103e+00   9.5173783e+00   4.7878633e-01   2.8804831e-02   1.5458680e-01   8.4034741e-02   8.9714868e+01   7.7908356e+00   6.2803326e+01   5.3198312e+01   2.5664367e+01   6.0769380e+01   2.9992041e+01   3.7197552e+01   4.6422230e+01   3.5904543e+01   1.4159300e+01
   1.9373918e-01   5.1527689e+03   6.5873920e+02   7.7794181e+00   1.9360944e+01   3.2355363e+01   2.8008516e+03   6.5111615e+01   1.2188913e+02   1.0517901e-01   8.3474698e+01   4.9491230e+01   2.7655664e+03   1.7573276e+01   5.0620403e+01   2.9975042e+03   1.8068093e+01   6.2332474e+01   7.5313102e+00   2.7323896e+02   1.0188634e+02   4.5590555e+01   2.9147322e+01   2.7800294e+01   1.8065862e+01   1.2493455e+01   3.4712003e+00   1.2581937e+00   2.7328494e+01   4.5255617e+01   8.8477351e+00   2.2886960e+00   3.7867881e+00   1.8447436e+00   9.3517341e+00   4.5476482e-01   2.8804831e-02   1.5458680e-01   8.4034741e-02   8.9714868e+01   7.7908356e+00   6.2849237e+01   5.3163550e+01   2.5843716e+01   6.0696131e+01   2.9990271e+01   3.7179237e+01   4.6434493e+01   3.6010554e+01   1.3802393e+01
   1.9558319e-01   5.1896126e+03   6.5768264e+02   7.7655838e+00   1.9294544e+01   3.2227848e+01   2.7999538e+03   6.5299021e+01   1.2190486e+02   1.0402604e-01   8.3545846e+01   5.1567039e+01   2.7649416e+03   1.7480048e+01   5.2029446e+01   2.9970222e+03   1.8137075e+01   6.2342026e+01   8.6809293e+00   2.7248665e+02   1.0188572e+02   4.5525357e+01   2.9359008e+01   2.7794731e+01   1.8158939e+01   1.2675917e+01   4.1412060e+00   1.3110686e+00   2.7350218e+01   4.5123389e+01   9.0918689e+00   2.2763799e+00   4.0054490e+00   1.8334516e+00   9.3934536e+00   4.7830955e-01   2.5917487e-02   1.7700591e-01   7.1278729e-02   8.9814890e+01   8.2150934e+00   6.2803730e+01   5.3225400e+01   2.5925889e+01   6.0590332e+01   2.9320228e+01   3.7153956e+01   4.6387289e+01   3.5776406e+01   1.2380635e+01
   1.9481078e-01   5.1927449e+03   6.9916807e+02   7.8827957e+00   1.9464946e+01   3.2183478e+01   2.7988519e+03   6.4769901e+01   1.2189266e+02   9.4156058e-02   8.3513602e+01   5.0379667e+01   2.7638602e+03   1.7610616e+01   5.2363086e+01   2.9946199e+03   1.8114238e+01   6.2345000e+01   5.6140524e+00   2.7268622e+02   1.0186952e+02   4.5542814e+01   2.8965024e+01   2.7696826e+01   1.7547332e+01   1.2588310e+01   4.1440142e+00   1.3034828e+00   2.7453310e+01   4.4906058e+01   9.1918633e+00   2.2904700e+00   4.1311926e+00   1.8189577e+00   9.3779920e+00   5.0124150e-01   2.5917487e-02   1.7700591e-01   7.1278729e-02   8.9814890e+01   8.2150934e+00   6.2739421e+01   5.3316624e+01   2.5748621e+01   6.0505634e+01   2.8368924e+01   3.7206868e+01   4.6415105e+01   3.5929980e+01   1.2869621e+01
   1.9252269e-01   5.1712034e+03   7.0867199e+02   7.9022179e+00   2.0334706e+01   3.2002720e+01   2.7990279e+03   6.4714459e+01   1.2190089e+02   9.3809574e-02   8.3494560e+01   5.0090527e+01   2.7629842e+03   1.7618053e+01   4.9407400e+01   2.9953118e+03   1.8032670e+01   6.2349250e+01   5.3673934e+00   2.7307492e+02   1.0183806e+02   4.5562885e+01   2.9296483e+01   2.7648457e+01   1.8219238e+01   1.2792840e+01   3.9650226e+00   1.3027693e+00   2.8254293e+01   4.5099294e+01   9.2421832e+00   2.1858431e+00   4.0209742e+00   1.8345109e+00   9.4556856e+00   4.5841519e-01   3.1533785e-02   1.5831106e-01   8.0768235e-02   8.9723149e+01   8.0283743e+00   6.2715885e+01   5.3345086e+01   2.5962162e+01   6.0511229e+01   2.7145041e+01   3.7199507e+01   4.6403394e+01   3.5814936e+01   1.3822972e+01
   1.9621668e-01   5.1828983e+03   7.1367834e+02   7.8850798e+00   1.9343723e+01   3.2092080e+01   2.7985478e+03   6.5432181e+01   1.2190419e+02   8.7949687e-02   8.3498232e+01   5.0222418e+01   2.7637075e+03   1.7451057e+01   5.2002210e+01   2.9959772e+03   1.7891101e+01   6.2368207e+01   5.4167950e+00   2.7399208e+02   1.0184641e+02   4.5554445e+01   2.9490721e+01   2.7751886e+01   1.8122915e+01   1.2680253e+01   3.8380730e+00   1.2794243e+00   2.8006108e+01   4.5064105e+01   9.5959437e+00   2.1988999e+00   3.9322692e+00   1.8001602e+00   9.3650898e+00   4.6554597e-01   3.1533785e-02   1.5831106e-01   8.0768235e-02   8.9723149e+01   8.0283743e+00   6.2715094e+01   5.3333775e+01   2.6055804e+01   6.0509618e+01   2.6006083e+01   3.7194874e+01   4.6411686e+01   3.5823308e+01   1.1010849e+01
   1.9567882e-01   5.2111224e+03   6.9387916e+02   7.8638760e+00   1.9632928e+01   3.2165589e+01   2.7983688e+03   6.5499567e+01   1.2189891e+02   8.0940480e-02   8.3529848e+01   5.1151231e+01   2.7636476e+03   1.7529437e+01   5.0814267e+01   2.9943639e+03   1.8002224e+01   6.2376170e+01   7.7784226e+00   2.7234272e+02   1.0186099e+02   4.5524973e+01   2.9258575e+01   2.7725702e+01   1.8253408e+01   1.2651674e+01   3.7105269e+00   1.2589092e+00   2.7915319e+01   4.5114815e+01   9.3269219e+00   2.3435988e+00   4.2218470e+00   1.8178198e+00   9.3931364e+00   5.3812933e-01   3.1533785e-02   1.5831106e-01   8.0768235e-02   8.9723149e+01   8.0283743e+00   6.2723339e+01   5.3323265e+01   2.6249322e+01   6.0525146e+01   2.5233023e+01   3.7151741e+01   4.6406248e+01   3.5932496e+01   1.5155091e+01
   1.9700563e-01   5.1889348e+03   6.9939302e+02   7.8841591e+00   1.9930576e+01   3.2193035e+01   2.7976974e+03   6.5062866e+01   1.2189439e+02   7.9088186e-02   8.3523989e+01   4.9754768e+01   2.7632462e+03   1.7424498e+01   4.9920948e+01   2.9945582e+03   1.7962671e+01   6.2400914e+01   5.8241881e+00   2.7268822e+02   1.0183558e+02   4.5535531e+01   2.9186816e+01   2.7795903e+01   1.8129286e+01   1.2609038e+01   4.0635987e+00   1.2855770e+00   2.7542515e+01   4.5283595e+01   9.0105249e+00   2.2428425e+00   3.6941884e+00   1.8203909e+00   9.3893299e+00   5.0226886e-01   3.4402703e-02   1.5945165e-01   6.8808287e-02   8.9676923e+01   7.6820010e+00   6.2793434e+01   5.3235342e+01   2.6214489e+01   6.0504972e+01   2.4641837e+01   3.7190211e+01   4.6436294e+01   3.5762324e+01   1.3280453e+01
   1.9836092e-01   5.1803064e+03   7.0550815e+02   7.8792332e+00   1.9853941e+01   3.1967014e+01   2.7985289e+03   6.4875436e+01   1.2191299e+02   7.3369952e-02   8.3487849e+01   4.8500644e+01   2.7629585e+03   1.7616707e+01   5.1296993e+01   2.9939514e+03   1.8067690e+01   6.2396053e+01   6.8734493e+00   2.7221419e+02   1.0186687e+02   4.5561687e+01   2.9824937e+01   2.7754069e+01   1.8241381e+01   1.2767935e+01   3.8374194e+00   1.2446543e+00   2.7740688e+01   4.5240933e+01   9.0534502e+00   2.2063733e+00   3.9738715e+00   1.8082666e+00   9.4279450e+00   4.4724815e-01   3.4402703e-02   1.5945165e-01   6.8808287e-02   8.9676923e+01   7.6820010e+00   6.2860840e+01   5.3167347e+01   2.6191973e+01   6.0559027e+01   2.4162894e+01   3.7162189e+01   4.6395341e+01   3.5906421e+01   1.2961117e+01
   1.9834442e-01   5.1924747e+03   7.2668786e+02   7.8437618e+00   1.9619550e+01   3.2458438e+01   2.7984231e+03   6.5223562e+01   1.2187133e+02   6.7347233e-02   8.3518918e+01   5.0337071e+01   2.7626464e+03   1.7636477e+01   4.9771064e+01   2.9950003e+03   1.8370289e+01   6.2382933e+01   7.0213116e+00   2.7316762e+02   1.0184289e+02   4.5548148e+01   2.9052700e+01   2.7951671e+01   1.7837932e+01   1.2571913e+01   3.4991728e+00   1.2659641e+00   2.7861652e+01   4.5275357e+01   9.3066853e+00   2.1945573e+00   4.4296149e+00   1.7872802e+00   9.4049694e+00   5.6878953e-01   3.1473789e-02   1.5333441e-01   6.5468712e-02   9.0021844e+01   8.8776227e+00   6.2923759e+01   5.3133576e+01   2.6031027e+01   6.0789102e+01   2.4120284e+01   3.7194169e+01   4.6424471e+01   3.6092924e+01   1.0754576e+01
   1.9622354e-01   5.1787430e+03   6.8414371e+02   7.8301506e+00   1.9614740e+01   3.2201997e+01   2.7994738e+03   6.5679321e+01   1.2189424e+02   6.1132464e-02   8.3517950e+01   4.8404558e+01   2.7642088e+03   1.7488257e+01   4.9303050e+01   2.9954006e+03   1.7989976e+01   6.2377161e+01   5.0369044e+00   2.7218073e+02   1.0186422e+02   4.5535335e+01   2.9652589e+01   2.7712178e+01   1.7685518e+01   1.2777095e+01   3.7483398e+00   1.2861292e+00   2.7792419e+01   4.5096896e+01   9.3912310e+00   2.2166815e+00   3.4987974e+00   1.8631689e+00   9.3958845e+00   5.4483733e-01   3.1473789e-02   1.5333441e-01   6.5468712e-02   9.0021844e+01   8.8776227e+00   6.2903284e+01   5.3139853e+01   2.5482905e+01   6.0676183e+01   2.4294426e+01   3.7192621e+01   4.6421336e+01   3.6012321e+01   1.2400602e+01
   1.9121967e-01   5.2201528e+03   6.8069851e+02   7.8286176e+00   2.0262658e+01   3.1915612e+01   2.8002866e+03   6.4950849e+01   1.2190903e+02   6.6481122e-02   8.3461941e+01   5.0351035e+01   2.7637237e+03   1.7648066e+01   4.9223363e+01   2.9977496e+03   1.8217651e+01   6.2373380e+01   5.8260262e+00   2.7449263e+02   1.0183964e+02   4.5566979e+01   2.9484634e+01   2.7950466e+01   1.7712488e+01   1.2945918e+01   3.7289796e+00   1.3410850e+00   2.7848420e+01   4.5013128e+01   9.4524339e+00   2.1992248e+00   4.0772779e+00   1.8274098e+00   9.5590469e+00   5.0677711e-01   3.1473789e-02   1.5333441e-01   6.5468712e-02   9.0021844e+01   8.8776227e+00   6.2891854e+01   5.3137083e+01   2.5978652e+01   6.0579549e+01   2.4488507e+01   3.7183693e+01   4.6406317e+01   3.6056755e+01   1.0716486e+01
   1.9150857e-01   5.1784781e+03   6.7560171e+02   7.8577670e+00   1.9340762e+01   3.2215475e+01   2.8015809e+03   6.5240592e+01   1.2189105e+02   6.9071473e-02   8.3474842e+01   4.8621608e+01   2.7658029e+03   1.7643155e+01   4.9777576e+01   2.9981306e+03   1.7879519e+01   6.2369401e+01   4.9684103e+00   2.7319836e+02   1.0185450e+02   4.5552611e+01   2.9467991e+01   2.7837753e+01   1.8135133e+01   1.2780790e+01   3.8096279e+00   1.2913431e+00   2.7933979e+01   4.5242461e+01   9.1637640e+00   2.1625806e+00   4.3150696e+00   1.8348835e+00   9.4137270e+00   5.6735720e-01   3.4733684e-02   1.6064888e-01   7.4724371e-02   8.9622249e+01   8.2101350e+00   6.2950909e+01   5.3065409e+01   2.5476240e+01   6.0692872e+01   2.4757476e+01   3.7191760e+01   4.6411629e+01   3.5946994e+01   1.1897200e+01
   1.9393804e-01   5.2017976e+03   7.1515046e+02   7.8004450e+00   1.9734736e+01   3.2296651e+01   2.8013235e+03   6.5193975e+01   1.2190774e+02   7.5543137e-02   8.3455373e+01   5.0343923e+01   2.7670221e+03   1.7504035e+01   5.1116087e+01   2.9971211e+03   1.7946411e+01   6.2364007e+01   7.2958993e+00   2.7242238e+02   1.0187055e+02   4.5589081e+01   2.9669586e+01   2.7800874e+01   1.8045880e+01   1.2696247e+01   4.4716655e+00   1.2869912e+00   2.7841324e+01   4.5282117e+01   9.3781846e+00   2.2246838e+00   3.7001509e+00   1.7932113e+00   9.4733426e+00   4.5631761e-01   3.4733684e-02   1.6064888e-01   7.4724371e-02   8.9622249e+01   8.2101350e+00   6.3017979e+01   5.2971437e+01   2.5902608e+01   6.0607449e+01   2.4978662e+01   3.7166679e+01   4.6391563e+01   3.5990977e+01   1.6105546e+01
   1.9375111e-01   5.1879432e+03   6.8194325e+02   7.7593494e+00   2.0069400e+01   3.2224301e+01   2.8011492e+03   6.6168137e+01   1.2191455e+02   7.7949523e-02   8.3456498e+01   4.9999193e+01   2.7654976e+03   1.7600980e+01   4.9993587e+01   2.9972860e+03   1.8076900e+01   6.2339194e+01   3.7723377e+00   2.7304336e+02   1.0186815e+02   4.5551108e+01   2.9160159e+01   2.7946981e+01   1.7910834e+01   1.2783458e+01   3.9106706e+00   1.2689158e+00   2.7946994e+01   4.5106048e+01   9.4633879e+00   2.2194444e+00   3.8847564e+00   1.8390432e+00   9.3392522e+00   5.3733168e-01   2.6215608e-02   1.4329853e-01   7.1904117e-02   9.0055414e+01   8.0869927e+00   6.3077744e+01   5.2948356e+01   2.5598674e+01   6.0681376e+01   2.5155894e+01   3.7221143e+01   4.6414287e+01   3.6022326e+01   1.5764366e+01
   1.9551911e-01   5.1914883e+03   6.9706332e+02   7.7925241e+00   1.9647744e+01   3.2249211e+01   2.8012233e+03   6.5398200e+01   1.2191991e+02   8.0974671e-02   8.3476650e+01   5.1621303e+01   2.7654995e+03   1.7563934e+01   5.0033805e+01   2.9987420e+03   1.8188368e+01   6.2355496e+01   3.6682496e+00   2.7408131e+02   1.0184296e+02   4.5539678e+01   2.9071889e+01   2.7814783e+01   1.7717594e+01   1.2680883e+01   4.0012629e+00   1.2801655e+00   2.7807867e+01   4.5107363e+01   8.9312799e+00   2.2644210e+00   4.1385330e+00   1.8546916e+00   9.3943666e+00   5.6866556e-01   2.6215608e-02   1.4329853e-01   7.1904117e-02   9.0055414e+01   8.0869927e+00   6.3009183e+01   5.3017247e+01   2.6015979e+01   6.0569837e+01   2.5032386e+01   3.7178158e+01   4.6407903e+01   3.5974496e+01   1.1970378e+01
   1.9460531e-01   5.1845021e+03   7.1355296e+02   7.8133695e+00   1.9402139e+01   3.2016870e+01   2.8013526e+03   6.5948773e+01   1.2191407e+02   9.1177798e-02   8.3468001e+01   4.8730066e+01   2.7657320e+03   1.7308723e+01   4.8626527e+01   2.9985577e+03   1.8019862e+01   6.2368314e+01   4.7112797e+00   2.7398257e+02   1.0184016e+02   4.5570641e+01   2.9366531e+01   2.7794058e+01   1.7832339e+01   1.2582789e+01   3.1689052e+00   1.2924780e+00   2.7751127e+01   4.5301343e+01   9.1754625e+00   2.1493493e+00   4.0867447e+00   1.7991259e+00   9.4454051e+00   4.0681261e-01   2.6215608e-02   1.4329853e-01   7.1904117e-02   9.0055414e+01   8.0869927e+00   6.2988012e+01   5.3068221e+01   2.6420795e+01   6.0546166e+01   2.4985001e+01   3.7184911e+01   4.6397798e+01   3.5990630e+01   1.1873133e+01
   1.9410059e-01   5.1811636e+03   6.8937266e+02   7.8843463e+00   1.9748694e+01   3.2083872e+01   2.8012310e+03   6.4585271e+01   1.2190883e+02   8.9100388e-02   8.3390046e+01   5.1295341e+01   2.7661393e+03   1.7627865e+01   5.0708874e+01   2.9966271e+03   1.7908146e+01   6.2332516e+01   6.1825162e+00   2.7236257e+02   1.0181696e+02   4.5608382e+01   2.9454621e+01   2.7787969e+01   1.7778332e+01   1.2663733e+01   3.8043136e+00   1.3107989e+00   2.7732350e+01   4.5157638e+01   9.4120157e+00   2.1822783e+00   4.1907280e+00   1.8148225e+00   9.3970317e+00   4.6242468e-01   9.7478744e-03   1.6957627e-01   6.9829928e-02   9.0220448e+01   7.1520351e+00   6.2943527e+01   5.3109475e+01   2.6233625e+01   6.0543318e+01   2.4904031e+01   3.7206345e+01   4.6407623e+01   3.5899525e+01   1.1735059e+01
   1.9190433e-01   5.1655921e+03   7.0083468e+02   7.8815042e+00   2.0016095e+01   3.2382677e+01   2.8018378e+03   6.4700084e+01   1.2188120e+02   9.5167993e-02   8.3466687e+01   4.9961949e+01   2.7661668e+03   1.7218773e+01   4.9182750e+01   2.9984215e+03   1.8037940e+01   6.2328050e+01   2.7770831e+00   2.7342194e+02   1.0186432e+02   4.5562532e+01   2.9242765e+01   2.7874454e+01   1.8143332e+01   1.2736537e+01   3.8591212e+00   1.2868920e+00   2.8161323e+01   4.5180929e+01   9.5493571e+00   2.0858111e+00   3.3781515e+00   1.8594457e+00   9.3786813e+00   5.6123637e-01   9.7478744e-03   1.6957627e-01   6.9829928e-02   9.0220448e+01   7.1520351e+00   6.2899629e+01   5.3153467e+01   2.6854517e+01   6.0417976e+01   2.4794903e+01   3.7231110e+01   4.6421120e+01   3.5840339e+01   1.4727994e+01
   1.9647970e-01   5.1939204e+03   7.2682109e+02   7.8154212e+00   1.9647650e+01   3.1873158e+01   2.8020720e+03   6.4335055e+01   1.2188195e+02   1.0054421e-01   8.3490374e+01   4.9361955e+01   2.7673379e+03   1.7595603e+01   5.0856655e+01   2.9977972e+03   1.7925886e+01   6.2345363e+01   4.3975993e+00   2.7225442e+02   1.0188040e+02   4.5586096e+01   2.8858128e+01   2.7944430e+01   1.7623436e+01   1.2680802e+01   4.0331885e+00   1.2480802e+00   2.8060698e+01   4.5215011e+01   9.0539322e+00   2.2042635e+00   3.6660790e+00   1.7823971e+00   9.3535987e+00   4.6635556e-01   2.7120774e-02   1.5356119e-01   6.0340222e-02   8.9563421e+01   7.9717348e+00   6.2887947e+01   5.3193283e+01   2.6579485e+01   6.0627975e+01   2.5189606e+01   3.7218138e+01   4.6452975e+01   3.5887139e+01   1.1890103e+01
   1.9446931e-01   5.1953334e+03   7.3361061e+02   7.9096975e+00   1.9968050e+01   3.1597389e+01   2.8026761e+03   6.4187771e+01   1.2190430e+02   1.0899357e-01   8.3555717e+01   4.9738679e+01   2.7677964e+03   1.7515878e+01   4.9968667e+01   2.9983947e+03   1.8255129e+01   6.2345685e+01   5.5889768e+00   2.7254554e+02   1.0186638e+02   4.5552967e+01   2.9126829e+01   2.7786988e+01   1.8085692e+01   1.2703720e+01   3.7439369e+00   1.2298825e+00   2.8263021e+01   4.5224685e+01   9.4588696e+00   2.1339747e+00   3.9591845e+00   1.8246794e+00   9.4067663e+00   5.0877735e-01   2.7120774e-02   1.5356119e-01   6.0340222e-02   8.9563421e+01   7.9717348e+00   6.2845688e+01   5.3197099e+01   2.5954080e+01   6.0798561e+01   2.5640783e+01   3.7189053e+01   4.6397106e+01   3.6180147e+01   1.2441537e+01
   1.9695096e-01   5.1849245e+03   6.8874989e+02   7.8542696e+00   1.9537549e+01   3.2422148e+01   2.8008503e+03   6.5388197e+01   1.2189177e+02   1.1304797e-01   8.3485080e+01   5.0449702e+01   2.7653117e+03   1.7497826e+01   5.1840529e+01   2.9980130e+03   1.8157623e+01   6.2358013e+01   5.5145988e+00   2.7343654e+02   1.0186825e+02   4.5571753e+01   2.9443703e+01   2.7744180e+01   1.8287081e+01   1.2640293e+01   3.9612310e+00   1.3159096e+00   2.7855652e+01   4.5278191e+01   8.6938532e+00   2.0814973e+00   3.8667491e+00   1.8692814e+00   9.4829634e+00   5.1814321e-01   2.7120774e-02   1.5356119e-01   6.0340222e-02   8.9563421e+01   7.9717348e+00   6.2850035e+01   5.3231755e+01   2.5950847e+01   6.0733217e+01   2.6838286e+01   3.7217175e+01   4.6454703e+01   3.5996321e+01   1.2769346e+01
   1.9927525e-01   5.1760858e+03   6.6220433e+02   7.8062617e+00   1.9326294e+01   3.2043441e+01   2.8001222e+03   6.4770920e+01   1.2189229e+02   1.1139585e-01   8.3541514e+01   5.0446280e+01   2.7654216e+03   1.7401491e+01   4.9520598e+01   2.9957876e+03   1.8113793e+01   6.2365098e+01   8.1036994e+00   2.7192299e+02   1.0184988e+02   4.5549746e+01   2.9508466e+01   2.7860818e+01   1.8315530e+01   1.2783428e+01   3.9862720e+00   1.2778307e+00   2.8087190e+01   4.5244575e+01   9.1994305e+00   2.1721168e+00   3.8267493e+00   1.8184414e+00   9.3856225e+00   4.9051817e-01   3.8396219e-02   1.6685816e-01   8.2735627e-02   9.0061124e+01   8.1108472e+00   6.2850100e+01   5.3196255e+01   2.5446195e+01   6.0675116e+01   2.7595310e+01   3.7205394e+01   4.6452678e+01   3.5803877e+01   1.3978989e+01
   2.0086831e-01   5.2001533e+03   6.6244169e+02   7.8046539e+00   1.9610112e+01   3.2097550e+01   2.7980870e+03   6.5137297e+01   1.2188364e+02   1.0473387e-01   8.3511433e+01   5.1354697e+01   2.7629894e+03   1.7459608e+01   4.9165607e+01   2.9942699e+03   1.8093455e+01   6.2402107e+01   6.1954322e+00   2.7288588e+02   1.0185675e+02   4.5556204e+01   2.9698042e+01   2.7867222e+01   1.7830949e+01   1.2687660e+01   3.8075395e+00   1.3037155e+00   2.7707051e+01   4.5174020e+01   9.1764851e+00   2.1388333e+00   3.7096211e+00   1.8447135e+00   9.3745414e+00   5.6539640e-01   3.8396219e-02   1.6685816e-01   8.2735627e-02   9.0061124e+01   8.1108472e+00   6.2834958e+01   5.3191977e+01   2.5426820e+01   6.0599951e+01   2.8064354e+01   3.7190389e+01   4.6434663e+01   3.5901672e+01   1.2699069e+01
   1.9538344e-01   5.1733668e+03   7.0769378e+02   7.8844812e+00   1.9677082e+01   3.2051945e+01   2.7983530e+03   6.4880556e+01   1.2189257e+02   9.4536930e-02   8.3584731e+01   4.9884971e+01   2.7633396e+03   1.7735482e+01   5.0629264e+01   2.9942711e+03   1.7779311e+01   6.2381847e+01   6.7476705e+00   2.7213347e+02   1.0184499e+02   4.5539806e+01   2.9638197e+01   2.7900279e+01   1.7364216e+01   1.2548529e+01   3.8624242e+00   1.3120567e+00   2.7297509e+01   4.5262588e+01   8.8003797e+00   2.0672897e+00   4.2329881e+00   1.8497432e+00   9.4458940e+00   4.3779252e-01   2.9047992e-02   1.4722329e-01   5.8560334e-02   8.9614960e+01   8.6115846e+00   6.2828951e+01   5.3180163e+01   2.5925475e+01   6.0478655e+01   2.8541214e+01   3.7173297e+01   4.6428111e+01   3.5803307e+01   9.7436337e+00
   1.8726075e-01   5.1883866e+03   6.9865194e+02   7.8295614e+00   1.9846224e+01   3.2058371e+01   2.7984846e+03   6.5511296e+01   1.2189666e+02   9.1560678e-02   8.3543322e+01   5.0183637e+01   2.7633634e+03   1.7722505e+01   4.9226108e+01   2.9943926e+03   1.8163798e+01   6.2387448e+01   4.2028391e+00   2.7256064e+02   1.0186363e+02   4.5578592e+01   2.9404457e+01   2.8004784e+01   1.7868521e+01   1.2763183e+01   4.1023760e+00   1.3319021e+00   2.7514154e+01   4.5146887e+01   9.1221860e+00   2.2249643e+00   4.1119578e+00   1.8204525e+00   9.4944414e+00   4.9187286e-01   2.9047992e-02   1.4722329e-01   5.8560334e-02   8.9614960e+01   8.6115846e+00   6.2756100e+01   5.3313613e+01   2.6744840e+01   6.0415454e+01   2.8076879e+01   3.7194572e+01   4.6400256e+01   3.5779953e+01   1.1516553e+01
   1.9031945e-01   5.1696753e+03   6.8754292e+02   7.8410933e+00   1.9638101e+01   3.2017086e+01   2.7993425e+03   6.5523635e+01   1.2189442e+02   8.5274971e-02   8.3585641e+01   4.9353072e+01   2.7643893e+03   1.7703546e+01   5.1057116e+01   2.9947158e+03   1.8203419e+01   6.2403561e+01   3.3141731e+00   2.7246904e+02   1.0185307e+02   4.5562777e+01   2.8882313e+01   2.7883720e+01   1.7840839e+01   1.2810286e+01   3.5826678e+00   1.2579212e+00   2.7438791e+01   4.5128176e+01   9.1448309e+00   2.1847814e+00   3.9616409e+00   1.8181792e+00   9.4048704e+00   4.8469185e-01   2.9047992e-02   1.4722329e-01   5.8560334e-02   8.9614960e+01   8.6115846e+00   6.2709790e+01   5.3372832e+01   2.6401387e+01   6.0577807e+01   2.7658360e+01   3.7190979e+01   4.6464548e+01   3.5753047e+01   1.2302473e+01
   1.9418119e-01   5.1778745e+03   7.0142516e+02   7.7406310e+00   1.9771347e+01   3.1865161e+01   2.7997642e+03   6.4698425e+01   1.2189126e+02   8.3525210e-02   8.3541413e+01   4.9525664e+01   2.7646105e+03   1.7643678e+01   5.0348826e+01   2.9957309e+03   1.7992542e+01   6.2387257e+01   4.7294917e+00   2.7250134e+02   1.0186013e+02   4.5555667e+01   2.9071102e+01   2.7903179e+01   1.7559205e+01   1.2477231e+01   3.9188560e+00   1.2870384e+00   2.8207451e+01   4.5163697e+01   9.3301746e+00   2.1271674e+00   4.0903819e+00   1.8303983e+00   9.4875538e+00   5.4016884e-01   2.3641386e-02   1.4979826e-01   7.7048900e-02   8.9186044e+01   7.7718507e+00   6.2702915e+01   5.3358187e+01   2.6122538e+01   6.0513503e+01   2.7354848e+01   3.7198059e+01   4.6483400e+01   3.5861811e+01   1.1673641e+01
   1.9336563e-01   5.2071425e+03   6.6879458e+02   7.8098512e+00   1.9660867e+01   3.2232916e+01   2.7996905e+03   6.5121065e+01   1.2190923e+02   8.6255317e-02   8.3523027e+01   5.0060274e+01   2.7651855e+03   1.7651512e+01   5.1186099e+01   2.9960297e+03   1.8131733e+01   6.2359830e+01   5.0440136e+00   2.7365185e+02   1.0181306e+02   4.5587387e+01   2.9333067e+01   2.7832624e+01   1.7999780e+01   1.2746143e+01   3.5924227e+00   1.2806788e+00   2.7137677e+01   4.5219215e+01   8.9955376e+00   2.2552905e+00   3.6844412e+00   1.8084680e+00   9.5070404e+00   5.0330103e-01   2.3641386e-02   1.4979826e-01   7.7048900e-02   8.9186044e+01   7.7718507e+00   6.2721866e+01   5.3286924e+01   2.6574419e+01   6.0392859e+01   2.7176535e+01   3.7128113e+01   4.6457366e+01   3.5993216e+01   1.3588090e+01
   1.9553019e-01   5.2105037e+03   6.8577806e+02   7.8061333e+00   1.9942126e+01   3.2493539e+01   2.8009322e+03   6.4885868e+01   1.2190219e+02   9.1128474e-02   8.3558479e+01   4.9485518e+01   2.7655886e+03   1.7623207e+01   5.2684682e+01   2.9959343e+03   1.8081427e+01   6.2389267e+01   5.8501696e+00   2.7269773e+02   1.0183063e+02   4.5570578e+01   2.9462250e+01   2.7861939e+01   1.7881091e+01   1.2839116e+01   3.8925399e+00   1.2731827e+00   2.7632767e+01   4.5029489e+01   9.0935497e+00   2.1591039e+00   4.2678979e+00   1.7976567e+00   9.4718082e+00   4.7291691e-01   2.6471505e-02   1.5399876e-01   6.0820111e-02   9.0130527e+01   8.5174695e+00   6.2720101e+01   5.3274527e+01   2.6805240e+01   6.0457134e+01   2.6556370e+01   3.7153973e+01   4.6434625e+01   3.6037545e+01   1.2911541e+01
   1.9387882e-01   5.1753743e+03   6.7305212e+02   7.7271410e+00   2.0047236e+01   3.1835571e+01   2.7996277e+03   6.4376989e+01   1.2189223e+02   8.6754891e-02   8.3506197e+01   5.1477405e+01   2.7645820e+03   1.7473874e+01   5.1327494e+01   2.9954574e+03   1.8045826e+01   6.2381237e+01   4.7620599e+00   2.7315363e+02   1.0183623e+02   4.5576577e+01   2.9508617e+01   2.7694897e+01   1.7694873e+01   1.2714987e+01   3.6716232e+00   1.3194127e+00   2.8086044e+01   4.5018678e+01   9.2584115e+00   2.1475062e+00   4.0343376e+00   1.8432663e+00   9.4476038e+00   4.9359970e-01   2.6471505e-02   1.5399876e-01   6.0820111e-02   9.0130527e+01   8.5174695e+00   6.2756968e+01   5.3271492e+01   2.6478049e+01   6.0443796e+01   2.6046326e+01   3.7156252e+01   4.6450044e+01   3.5977832e+01   1.3993553e+01
   1.9192453e-01   5.1964427e+03   6.9845873e+02   7.8388770e+00   1.9645633e+01   3.2191225e+01   2.7998011e+03   6.4677844e+01   1.2190814e+02   8.8691904e-02   8.3518058e+01   4.8632689e+01   2.7643191e+03   1.7567521e+01   5.0104940e+01   2.9959636e+03   1.8161500e+01   6.2370510e+01   6.0836014e+00   2.7355182e+02   1.0184402e+02   4.5591657e+01   2.9277286e+01   2.7629003e+01   1.7914832e+01   1.2633239e+01   3.8566625e+00   1.3186838e+00   2.7700797e+01   4.4974424e+01   9.1298465e+00   2.1944017e+00   3.6069144e+00   1.8440723e+00   9.3897821e+00   4.6671099e-01   2.6471505e-02   1.5399876e-01   6.0820111e-02   9.0130527e+01   8.5174695e+00   6.2768571e+01   5.3272895e+01   2.6079990e+01   6.0383977e+01   2.5455555e+01   3.7176813e+01   4.6445582e+01   3.5808727e+01   1.2199927e+01
   1.9286721e-01   5.1884227e+03   6.7461349e+02   7.7595569e+00   2.0121879e+01   3.2203603e+01   2.8000628e+03   6.4606875e+01   1.2189747e+02   8.5481064e-02   8.3508615e+01   5.1155049e+01   2.7645784e+03   1.7456470e+01   4.9507320e+01   2.9959374e+03   1.8048462e+01   6.2362913e+01   5.1996027e+00   2.7307122e+02   1.0184511e+02   4.5579580e+01   2.9280578e+01   2.7819558e+01   1.8041602e+01   1.2664968e+01   3.5950935e+00   1.3009241e+00   2.7912476e+01   4.4927272e+01   9.6761305e+00   2.2349237e+00   3.7737306e+00   1.8146038e+00   9.4710666e+00   5.4784842e-01   4.6567148e-02   1.4612820e-01   8.1047662e-02   8.9891699e+01   7.5974974e+00   6.2787502e+01   5.3240998e+01   2.6263355e+01   6.0404360e+01   2.4840009e+01   3.7137778e+01   4.6426767e+01   3.5932300e+01   1.1738072e+01
   1.9511382e-01   5.2006113e+03   6.7312610e+02   7.8471326e+00   1.9400479e+01   3.2069990e+01   2.8002760e+03   6.4825918e+01   1.2189819e+02   8.8479903e-02   8.3568068e+01   4.9949748e+01   2.7652436e+03   1.7520816e+01   5.0783876e+01   2.9957071e+03   1.7978624e+01   6.2388809e+01   3.8501574e+00   2.7236826e+02   1.0184543e+02   4.5555821e+01   2.9766479e+01   2.7853462e+01   1.7868253e+01   1.2633049e+01   3.2976463e+00   1.2726552e+00   2.7863562e+01   4.5118370e+01   9.2976672e+00   2.2759233e+00   4.0041663e+00   1.8462591e+00   9.4332701e+00   4.9209666e-01   4.6567148e-02   1.4612820e-01   8.1047662e-02   8.9891699e+01   7.5974974e+00   6.2808863e+01   5.3221061e+01   2.6218670e+01   6.0347412e+01   2.3974791e+01   3.7174097e+01   4.6410795e+01   3.5925150e+01   1.3632638e+01
   1.9283498e-01   5.2108348e+03   6.8818377e+02   7.8654899e+00   1.9604732e+01   3.1936274e+01   2.8002586e+03   6.5002365e+01   1.2190523e+02   8.7187162e-02   8.3533273e+01   5.0922651e+01   2.7649992e+03   1.7486776e+01   4.8932327e+01   2.9955720e+03   1.7960486e+01   6.2384886e+01   4.4398607e+00   2.7241653e+02   1.0185981e+02   4.5584376e+01   2.9421708e+01   2.7825930e+01   1.8032798e+01   1.2795400e+01   4.0693118e+00   1.2711500e+00   2.7896753e+01   4.5140667e+01   8.7867944e+00   2.1039165e+00   3.9078451e+00   1.8140585e+00   9.4010543e+00   4.4760316e-01   2.0691808e-02   1.7466030e-01   9.4783980e-02   9.0594929e+01   8.1425141e+00   6.2832628e+01   5.3221856e+01   2.6184591e+01   6.0444784e+01   2.3336356e+01   3.7180717e+01   4.6445988e+01   3.6144896e+01   1.2663521e+01
   1.9153678e-01   5.1609274e+03   6.9867603e+02   7.8259497e+00   1.9936622e+01   3.2027101e+01   2.8002327e+03   6.5228158e+01   1.2190655e+02   8.7378144e-02   8.3548291e+01   4.8992420e+01   2.7651791e+03   1.7646027e+01   5.0189841e+01   2.9968497e+03   1.8048075e+01   6.2394200e+01   4.7369696e+00   2.7306330e+02   1.0184708e+02   4.5598402e+01   2.9481258e+01   2.7780129e+01   1.8034438e+01   1.2760593e+01   3.4645605e+00   1.3225616e+00   2.7513059e+01   4.4963997e+01   9.3637556e+00   2.2072082e+00   3.5505495e+00   1.8589846e+00   9.5055785e+00   5.0227422e-01   2.0691808e-02   1.7466030e-01   9.4783980e-02   9.0594929e+01   8.1425141e+00   6.2779924e+01   5.3282143e+01   2.6827530e+01   6.0471743e+01   2.2777952e+01   3.7167086e+01   4.6424012e+01   3.5949050e+01   1.0081803e+01
   1.9282033e-01   5.1791887e+03   6.7741987e+02   7.8213993e+00   1.9508675e+01   3.2595652e+01   2.8010108e+03   6.3721173e+01   1.2187689e+02   9.2679779e-02   8.3545194e+01   5.0781245e+01   2.7666938e+03   1.7760417e+01   5.0160511e+01   2.9967977e+03   1.8052806e+01   6.2405365e+01   3.8355393e+00   2.7284289e+02   1.0183824e+02   4.5565760e+01   2.9318739e+01   2.7808457e+01   1.7921679e+01   1.2761666e+01   3.8437529e+00   1.2728735e+00   2.7863549e+01   4.5028521e+01   9.7553343e+00   1.9093902e+00   3.9474830e+00   1.8064040e+00   9.5148529e+00   4.4446986e-01   2.0691808e-02   1.7466030e-01   9.4783980e-02   9.0594929e+01   8.1425141e+00   6.2758939e+01   5.3306308e+01   2.6787127e+01   6.0533375e+01   2.2704008e+01   3.7164740e+01   4.6428594e+01   3.6059587e+01   1.3447487e+01
   1.9397820e-01   5.1514895e+03   7.1530046e+02   7.8486341e+00   1.9582965e+01   3.2283148e+01   2.8001620e+03   6.4891608e+01   1.2191333e+02   8.9798629e-02   8.3518686e+01   4.9271088e+01   2.7642162e+03   1.7514648e+01   5.0069493e+01   2.9970176e+03   1.8126433e+01   6.2416469e+01   3.5948410e+00   2.7435790e+02   1.0185551e+02   4.5563122e+01   2.9192708e+01   2.7700366e+01   1.8013551e+01   1.2521735e+01   3.4800249e+00   1.2974321e+00   2.7839293e+01   4.5069411e+01   9.6794345e+00   1.9226472e+00   3.7801919e+00   1.8591521e+00   9.4954350e+00   4.5314043e-01   3.0373676e-02   1.6192750e-01   7.9357223e-02   9.0446949e+01   8.5729921e+00   6.2720242e+01   5.3339568e+01   2.6739815e+01   6.0611171e+01   2.3301209e+01   3.7187719e+01   4.6429936e+01   3.5971894e+01   1.2497683e+01
   1.9692840e-01   5.1655331e+03   7.3288182e+02   7.7962262e+00   1.9473362e+01   3.2188062e+01   2.8010604e+03   6.4696832e+01   1.2187777e+02   9.5586666e-02   8.3514745e+01   4.9925025e+01   2.7655346e+03   1.7259367e+01   5.1791293e+01   2.9964321e+03   1.8300868e+01   6.2382665e+01   6.7812113e+00   2.7279696e+02   1.0187947e+02   4.5586591e+01   2.8828427e+01   2.7831506e+01   1.8422844e+01   1.2480855e+01   3.7437051e+00   1.3227893e+00   2.7882110e+01   4.5218149e+01   9.5778751e+00   2.2394857e+00   3.9616106e+00   1.8069205e+00   9.4025619e+00   4.3563586e-01   3.0373676e-02   1.6192750e-01   7.9357223e-02   9.0446949e+01   8.5729921e+00   6.2665876e+01   5.3412281e+01   2.6936098e+01   6.0450678e+01   2.3984869e+01   3.7165441e+01   4.6424722e+01   3.5962627e+01   1.1010297e+01
   2.0754327e-01   5.1625261e+03   6.8624154e+02   7.8680507e+00   1.9401563e+01   3.2005473e+01   2.8006973e+03   6.5296369e+01   1.2190856e+02   9.6968011e-02   8.3545120e+01   5.0357947e+01   2.7655786e+03   1.7590456e+01   5.0380754e+01   2.9964305e+03   1.8127227e+01   6.2400057e+01   4.5860759e+00   2.7310268e+02   1.0185899e+02   4.5586083e+01   2.9894237e+01   2.7738184e+01   1.8314718e+01   1.2611564e+01   3.5328851e+00   1.2917585e+00   2.7532235e+01   4.5061993e+01   8.7664311e+00   2.1120062e+00   3.8421842e+00   1.8592483e+00   9.5408449e+00   4.4759951e-01   2.8485403e-02   1.5665544e-01   6.5205382e-02   9.0503348e+01   8.0564872e+00   6.2644728e+01   5.3450390e+01   2.6545058e+01   6.0674481e+01   2.5003058e+01   3.7174720e+01   4.6401657e+01   3.5943718e+01   1.1902361e+01
   2.0027990e-01   5.1708722e+03   7.0635731e+02   7.8085650e+00   1.9918503e+01   3.2327447e+01   2.7991365e+03   6.5294808e+01   1.2189046e+02   9.6371734e-02   8.3563551e+01   4.7854796e+01   2.7641198e+03   1.7361039e+01   5.2647825e+01   2.9974521e+03   1.8214525e+01   6.2419325e+01   4.8972136e+00   2.7382454e+02   1.0188434e+02   4.5588524e+01   2.9139062e+01   2.7700620e+01   1.8130936e+01   1.2545997e+01   3.8196716e+00   1.3061539e+00   2.7828125e+01   4.5072442e+01   9.6404878e+00   2.2729052e+00   3.9999108e+00   1.8219592e+00   9.5181416e+00   5.1156183e-01   2.8485403e-02   1.5665544e-01   6.5205382e-02   9.0503348e+01   8.0564872e+00   6.2771411e+01   5.3271934e+01   2.6696264e+01   6.0583452e+01   2.6425578e+01   3.7189134e+01   4.6406056e+01   3.6039199e+01   1.3147202e+01
   2.0127511e-01   5.1802508e+03   6.8932906e+02   7.8510767e+00   1.9623825e+01   3.2322021e+01   2.8001678e+03   6.5206196e+01   1.2191001e+02   9.6561636e-02   8.3543725e+01   4.8549155e+01   2.7653293e+03   1.7481517e+01   5.0847176e+01   2.9960876e+03   1.7981787e+01   6.2407524e+01   7.6683487e+00   2.7286733e+02   1.0189889e+02   4.5580588e+01   2.9655981e+01   2.7729854e+01   1.8266119e+01   1.2783110e+01   3.7705639e+00   1.3113116e+00   2.7913118e+01   4.5156785e+01   9.0746348e+00   2.3156037e+00   4.1115161e+00   1.8631779e+00   9.4541193e+00   5.2447412e-01   2.8485403e-02   1.5665544e-01   6.5205382e-02   9.0503348e+01   8.0564872e+00   6.2834977e+01   5.3201780e+01   2.6892841e+01   6.0517390e+01   2.7443142e+01   3.7228756e+01   4.6394833e+01   3.5997311e+01   1.0273270e+01
   2.0023346e-01   5.1708021e+03   6.6241420e+02   7.8411343e+00   1.9601831e+01   3.2025194e+01   2.8001952e+03   6.4822327e+01   1.2190239e+02   9.4636242e-02   8.3574780e+01   4.9433574e+01   2.7649332e+03   1.7363924e+01   4.9899316e+01   2.9954508e+03   1.8059386e+01   6.2422040e+01   5.8477638e+00   2.7219214e+02   1.0186251e+02   4.5587675e+01   2.9747498e+01   2.7521644e+01   1.8422443e+01   1.2626402e+01   3.5706922e+00   1.3262999e+00   2.8164040e+01   4.5038260e+01   9.0392352e+00   2.0581404e+00   3.9940072e+00   1.8202987e+00   9.5203977e+00   4.8460866e-01   3.8355036e-02   1.4732959e-01   8.2368767e-02   8.9339033e+01   7.8694568e+00   6.2848361e+01   5.3199350e+01   2.6170904e+01   6.0640482e+01   2.8013431e+01   3.7209277e+01   4.6407465e+01   3.6008902e+01   1.3715981e+01
   2.0290478e-01   5.1745306e+03   6.5787765e+02   7.6971600e+00   1.9740354e+01   3.2148089e+01   2.7981239e+03   6.5888906e+01   1.2189980e+02   9.4286394e-02   8.3491044e+01   4.9060514e+01   2.7626096e+03   1.7625711e+01   5.1405350e+01   2.9948847e+03   1.8050437e+01   6.2424603e+01   3.7254250e+00   2.7412606e+02   1.0184478e+02   4.5587970e+01   2.9485828e+01   2.7685779e+01   1.7895860e+01   1.2676710e+01   3.8362866e+00   1.2891339e+00   2.7975806e+01   4.4922677e+01   9.3936937e+00   2.1013746e+00   4.0093721e+00   1.8559940e+00   9.4844841e+00   4.9882655e-01   3.8355036e-02   1.4732959e-01   8.2368767e-02   8.9339033e+01   7.8694568e+00   6.2827678e+01   5.3230697e+01   2.6138243e+01   6.0652138e+01   2.8504011e+01   3.7208770e+01   4.6410916e+01   3.5853505e+01   1.5735339e+01
   2.0233818e-01   5.1982670e+03   6.7689490e+02   7.8247169e+00   1.9763378e+01   3.1977909e+01   2.7985448e+03   6.4719814e+01   1.2188286e+02   8.7816345e-02   8.3578153e+01   5.0981933e+01   2.7637324e+03   1.7723338e+01   4.8852413e+01   2.9944851e+03   1.8098789e+01   6.2402184e+01   6.2638730e+00   2.7236913e+02   1.0185798e+02   4.5572023e+01   2.9412701e+01   2.7679443e+01   1.8008710e+01   1.2623417e+01   3.2205113e+00   1.2883008e+00   2.8207305e+01   4.5179388e+01   9.4083148e+00   2.2682414e+00   4.0570019e+00   1.8403927e+00   9.4806780e+00   5.4069600e-01   1.8408466e-02   1.5078997e-01   7.2490696e-02   8.9124984e+01   8.1026512e+00   6.2833668e+01   5.3246522e+01   2.6138474e+01   6.0662923e+01   2.8518258e+01   3.7205122e+01   4.6407810e+01   3.5780850e+01   9.5629799e+00
   1.9989002e-01   5.1876601e+03   6.5114501e+02   7.8971389e+00   1.9783540e+01   3.1875326e+01   2.7990587e+03   6.3671626e+01   1.2190236e+02   8.5995536e-02   8.3572338e+01   5.0795066e+01   2.7641023e+03   1.7611028e+01   4.8859989e+01   2.9946063e+03   1.7989320e+01   6.2428079e+01   4.3520510e+00   2.7313794e+02   1.0182829e+02   4.5563353e+01   2.9319102e+01   2.7801923e+01   1.7895669e+01   1.2608597e+01   3.6822888e+00   1.2878784e+00   2.7747127e+01   4.5025793e+01   8.9277500e+00   2.1649315e+00   3.7640586e+00   1.8276566e+00   9.4370414e+00   4.6131084e-01   1.8408466e-02   1.5078997e-01   7.2490696e-02   8.9124984e+01   8.1026512e+00   6.2813763e+01   5.3300883e+01   2.6330346e+01   6.0568480e+01   2.7939546e+01   3.7224199e+01   4.6431900e+01   3.5767194e+01   1.2384062e+01
   1.9827592e-01   5.2152005e+03   6.5605720e+02   7.8527974e+00   1.9784160e+01   3.2238651e+01   2.7972655e+03   6.4908041e+01   1.2191759e+02   7.8436228e-02   8.3506044e+01   4.8641979e+01   2.7634100e+03   1.7766710e+01   5.1031548e+01   2.9943613e+03   1.8249573e+01   6.2405183e+01   4.2224765e+00   2.7358774e+02   1.0182424e+02   4.5584961e+01   2.9772390e+01   2.7771353e+01   1.7900565e+01   1.2750083e+01   3.6780421e+00   1.3186053e+00   2.8120089e+01   4.5022580e+01   9.4868277e+00   2.1327499e+00   3.6560953e+00   1.8075733e+00   9.4858790e+00   5.0870472e-01   1.8408466e-02   1.5078997e-01   7.2490696e-02   8.9124984e+01   8.1026512e+00   6.2768869e+01   5.3306544e+01   2.6232538e+01   6.0507559e+01   2.7542167e+01   3.7212788e+01   4.6410172e+01   3.5938616e+01   1.5113677e+01
   1.9388646e-01   5.1888724e+03   6.5901610e+02   7.8873942e+00   1.9737785e+01   3.2174635e+01   2.7987588e+03   6.5819401e+01   1.2191621e+02   7.9243438e-02   8.3594607e+01   5.1111175e+01   2.7639720e+03   1.7555201e+01   4.9952876e+01   2.9943869e+03   1.8147315e+01   6.2424450e+01   6.3641888e+00   2.7261052e+02   1.0184191e+02   4.5563846e+01   2.9549014e+01   2.7830948e+01   1.8125052e+01   1.2687177e+01   3.7109564e+00   1.2523276e+00   2.7997087e+01   4.4976330e+01   9.4143459e+00   2.0142095e+00   3.4742666e+00   1.8529503e+00   9.4805927e+00   4.3396513e-01   3.5822416e-02   1.5648827e-01   8.5080631e-02   8.9642894e+01   8.7515935e+00   6.2788240e+01   5.3266393e+01   2.6240299e+01   6.0494326e+01   2.7098866e+01   3.7221564e+01   4.6416440e+01   3.5880803e+01   1.1444550e+01
   1.9931815e-01   5.1722265e+03   6.8262378e+02   7.8858048e+00   1.9665174e+01   3.2100712e+01   2.7985643e+03   6.5946129e+01   1.2186858e+02   7.3891014e-02   8.3582751e+01   4.9528983e+01   2.7630989e+03   1.7609323e+01   5.0586624e+01   2.9943711e+03   1.8083095e+01   6.2425908e+01   5.8357837e+00   2.7274450e+02   1.0182093e+02   4.5576346e+01   2.9156650e+01   2.7848111e+01   1.8026998e+01   1.2565654e+01   3.5765164e+00   1.3049303e+00   2.7759176e+01   4.4904969e+01   9.4249147e+00   2.2181971e+00   3.9208531e+00   1.8450976e+00   9.3447861e+00   5.1853775e-01   3.5822416e-02   1.5648827e-01   8.5080631e-02   8.9642894e+01   8.7515935e+00   6.2798325e+01   5.3262482e+01   2.5646039e+01   6.0591266e+01   2.6586357e+01   3.7209633e+01   4.6432956e+01   3.5933600e+01   1.0212387e+01
   2.0036597e-01   5.2163327e+03   6.4735464e+02   7.7662849e+00   1.9898308e+01   3.2360460e+01   2.7986841e+03   6.3740052e+01   1.2190356e+02   6.8179452e-02   8.3548723e+01   4.9185234e+01   2.7637514e+03   1.7660512e+01   4.9222920e+01   2.9951624e+03   1.8083712e+01   6.2408933e+01   5.1536093e+00   2.7318928e+02   1.0182710e+02   4.5591004e+01   2.9380763e+01   2.7831731e+01   1.7850632e+01   1.2672730e+01   4.3830851e+00   1.2616148e+00   2.7714025e+01   4.5167724e+01   9.2184689e+00   2.0023323e+00   3.6609329e+00   1.8136598e+00   9.4170300e+00   5.3477644e-01   3.7319766e-02   1.6305528e-01   7.9367218e-02   9.0547753e+01   7.9909589e+00   6.2791037e+01   5.3268424e+01   2.5972234e+01   6.0486594e+01   2.6001409e+01   3.7207600e+01   4.6399647e+01   3.5879158e+01   1.2431733e+01
   1.9938816e-01   5.1833699e+03   6.8406209e+02   7.7315660e+00   1.9598325e+01   3.1805742e+01   2.8002720e+03   6.5175199e+01   1.2188941e+02   6.7627038e-02   8.3526270e+01   5.0946066e+01   2.7647999e+03   1.7580825e+01   5.0301605e+01   2.9958959e+03   1.8154516e+01   6.2404010e+01   5.3174674e+00   2.7299304e+02   1.0183502e+02   4.5595598e+01   2.9352978e+01   2.7819395e+01   1.7622226e+01   1.2556550e+01   3.4544891e+00   1.2967403e+00   2.8199822e+01   4.5176521e+01   9.1076092e+00   2.0123203e+00   4.1129702e+00   1.8226479e+00   9.4296340e+00   4.4979744e-01   3.7319766e-02   1.6305528e-01   7.9367218e-02   9.0547753e+01   7.9909589e+00   6.2815553e+01   5.3268318e+01   2.6167986e+01   6.0505222e+01   2.5122380e+01   3.7206093e+01   4.6441274e+01   3.5958414e+01   1.1492608e+01
   1.9497241e-01   5.1899805e+03   6.8508657e+02   7.8847461e+00   1.9808600e+01   3.2134251e+01   2.8006505e+03   6.5085850e+01   1.2190743e+02   6.8023911e-02   8.3512854e+01   5.0095228e+01   2.7663930e+03   1.7502284e+01   4.8744877e+01   2.9970479e+03   1.8017214e+01   6.2378175e+01   5.5786550e+00   2.7319966e+02   1.0183040e+02   4.5592179e+01   2.9408324e+01   2.7651858e+01   1.8021139e+01   1.2629325e+01   3.9422015e+00   1.2999287e+00   2.8007230e+01   4.4937067e+01   8.9866708e+00   2.4191203e+00   3.4696317e+00   1.8356744e+00   9.4037538e+00   5.3107851e-01   3.7319766e-02   1.6305528e-01   7.9367218e-02   9.0547753e+01   7.9909589e+00   6.2806384e+01   5.3249541e+01   2.6517090e+01   6.0448865e+01   2.4554850e+01   3.7161691e+01   4.6422795e+01   3.5996172e+01   1.3111906e+01
   1.9643467e-01   5.1920992e+03   6.6379947e+02   7.7934395e+00   1.9692753e+01   3.2194741e+01   2.8024817e+03   6.4235171e+01   1.2187317e+02   7.5706619e-02   8.3498884e+01   5.2274882e+01   2.7673343e+03   1.7505130e+01   5.0854769e+01   2.9981742e+03   1.7915991e+01   6.2373579e+01   7.8440262e+00   2.7273979e+02   1.0186735e+02   4.5585877e+01   2.9034019e+01   2.7829854e+01   1.7878592e+01   1.2561975e+01   3.6318791e+00   1.2763126e+00   2.7828067e+01   4.5110397e+01   9.4699556e+00   2.1208116e+00   4.2486607e+00   1.8275144e+00   9.5106379e+00   4.7029096e-01   2.1397785e-02   1.6724429e-01   7.8520020e-02   8.9085137e+01   8.4237379e+00   6.2778986e+01   5.3263429e+01   2.6108757e+01   6.0530413e+01   2.3824765e+01   3.7185816e+01   4.6416431e+01   3.5973017e+01   1.5165451e+01
   2.0063186e-01   5.1917693e+03   6.6698388e+02   7.8159119e+00   1.9467201e+01   3.2135921e+01   2.8026888e+03   6.4635068e+01   1.2190940e+02   8.3561810e-02   8.3497989e+01   4.8029989e+01   2.7679892e+03   1.7442514e+01   4.8757164e+01   2.9983385e+03   1.8112159e+01   6.2367319e+01   4.4183832e+00   2.7286379e+02   1.0183057e+02   4.5616599e+01   2.9688568e+01   2.7682321e+01   1.7630842e+01   1.2747978e+01   3.7358446e+00   1.3275990e+00   2.7835280e+01   4.5059553e+01   9.0499549e+00   2.2045263e+00   3.8354336e+00   1.8475640e+00   9.4215031e+00   5.0867112e-01   2.1397785e-02   1.6724429e-01   7.8520020e-02   8.9085137e+01   8.4237379e+00   6.2770331e+01   5.3279232e+01   2.6685931e+01   6.0403611e+01   2.3548210e+01   3.7213091e+01   4.6408795e+01   3.5857641e+01   1.2205979e+01
   1.9258283e-01   5.1973651e+03   6.3006233e+02   7.7948992e+00   1.9659776e+01   3.2275003e+01   2.8019986e+03   6.4839772e+01   1.2189614e+02   9.7211923e-02   8.3499839e+01   5.0080379e+01   2.7679525e+03   1.7499855e+01   4.9325995e+01   2.9987506e+03   1.8115874e+01   6.2346470e+01   5.6662438e+00   2.7291369e+02   1.0183491e+02   4.5581191e+01   2.9180154e+01   2.7700507e+01   1.8214127e+01   1.2609711e+01   3.3443169e+00   1.2799178e+00   2.7515827e+01   4.4999870e+01   9.4462417e+00   2.2293125e+00   3.8937687e+00   1.8546557e+00   9.4570352e+00   4.8821035e-01   3.0257071e-02   1.5314607e-01   6.6929173e-02   9.0517070e+01   8.1797687e+00   6.2766524e+01   5.3287261e+01   2.7259612e+01   6.0295540e+01   2.3166815e+01   3.7192678e+01   4.6426115e+01   3.5951247e+01   1.3207569e+01
   1.9954741e-01   5.1987047e+03   7.4638139e+02   7.7898105e+00   1.9644049e+01   3.2075689e+01   2.8014997e+03   6.4588941e+01   1.2188255e+02   9.6830313e-02   8.3480405e+01   5.0622978e+01   2.7662446e+03   1.7613100e+01   4.9825360e+01   2.9976774e+03   1.8070751e+01   6.2376553e+01   5.8875709e+00   2.7315542e+02   1.0183871e+02   4.5615123e+01   2.9613541e+01   2.7858033e+01   1.8232751e+01   1.2585075e+01   3.6199762e+00   1.2898168e+00   2.7801144e+01   4.4915389e+01   8.8852937e+00   2.0655892e+00   3.5236064e+00   1.8228248e+00   9.4779327e+00   4.9174001e-01   3.0257071e-02   1.5314607e-01   6.6929173e-02   9.0517070e+01   8.1797687e+00   6.2810338e+01   5.3248005e+01   2.6283174e+01   6.0577834e+01   2.2890216e+01   3.7188032e+01   4.6466179e+01   3.5925895e+01   1.2728737e+01
   1.9932252e-01   5.1750666e+03   7.1700861e+02   7.8069746e+00   2.0023816e+01   3.2208120e+01   2.8000299e+03   6.5061490e+01   1.2188026e+02   9.9501647e-02   8.3461688e+01   4.9056722e+01   2.7650970e+03   1.7611469e+01   5.1819990e+01   2.9963364e+03   1.7986171e+01   6.2358391e+01   6.0135923e+00   2.7331301e+02   1.0185754e+02   4.5620353e+01   2.9724976e+01   2.7677252e+01   1.7997043e+01   1.2595744e+01   3.8320171e+00   1.2801173e+00   2.8085812e+01   4.5015140e+01   9.4938507e+00   2.0443093e+00   3.8713322e+00   1.7590250e+00   9.4487690e+00   6.0015560e-01   3.0257071e-02   1.5314607e-01   6.6929173e-02   9.0517070e+01   8.1797687e+00   6.2832006e+01   5.3239039e+01   2.6664874e+01   6.0529153e+01   2.3144533e+01   3.7229235e+01   4.6476686e+01   3.5968263e+01   1.2578832e+01
   1.9836796e-01   5.1543263e+03   6.9313033e+02   7.8306509e+00   2.0105801e+01   3.2564586e+01   2.8002706e+03   6.5345990e+01   1.2189483e+02   9.7850776e-02   8.3502418e+01   4.9479537e+01   2.7646504e+03   1.7462123e+01   4.9770692e+01   2.9958996e+03   1.7876602e+01   6.2377441e+01   3.6776049e+00   2.7371746e+02   1.0186250e+02   4.5616878e+01   3.0038707e+01   2.7759197e+01   1.7729790e+01   1.2621295e+01   3.9563935e+00   1.2830520e+00   2.8214893e+01   4.5010802e+01   9.5710287e+00   2.3370712e+00   4.1236458e+00   1.7838298e+00   9.4261123e+00   5.0056455e-01   2.6040577e-02   1.5303039e-01   5.8897797e-02   9.0803213e+01   7.9348917e+00   6.2787655e+01   5.3308368e+01   2.5978439e+01   6.0652091e+01   2.3594691e+01   3.7206517e+01   4.6414581e+01   3.6045167e+01   1.2396329e+01
   1.9539395e-01   5.1805590e+03   7.2534283e+02   7.8575987e+00   1.9693596e+01   3.2434873e+01   2.8002089e+03   6.4688387e+01   1.2190311e+02   9.8980203e-02   8.3545879e+01   5.0398492e+01   2.7652997e+03   1.7638248e+01   4.8565246e+01   2.9966075e+03   1.7928603e+01   6.2397490e+01   5.1782665e+00   2.7289528e+02   1.0186178e+02   4.5629927e+01   2.9177001e+01   2.7553906e+01   1.7961394e+01   1.2675323e+01   3.0816910e+00   1.2626082e+00   2.7990448e+01   4.5134956e+01   8.9583098e+00   2.3927680e+00   3.2227574e+00   1.8322248e+00   9.4650278e+00   5.3446122e-01   2.6040577e-02   1.5303039e-01   5.8897797e-02   9.0803213e+01   7.9348917e+00   6.2731571e+01   5.3390098e+01   2.5992559e+01   6.0538197e+01   2.4181414e+01   3.7207932e+01   4.6416087e+01   3.5885424e+01   1.0283442e+01
   1.9426878e-01   5.1703820e+03   7.1451565e+02   7.8527170e+00   1.9606585e+01   3.2364654e+01   2.8009085e+03   6.4752107e+01   1.2189995e+02   1.0107711e-01   8.3554833e+01   5.1619456e+01   2.7661614e+03   1.7462866e+01   4.8787744e+01   2.9967067e+03   1.7972244e+01   6.2391583e+01   5.4353868e+00   2.7312281e+02   1.0185668e+02   4.5612155e+01   2.9589412e+01   2.7620225e+01   1.7925722e+01   1.2485917e+01   3.6918732e+00   1.2997260e+00   2.7769456e+01   4.5036652e+01   9.2266192e+00   2.0962421e+00   4.1805687e+00   1.8165339e+00   9.4231483e+00   5.2039740e-01   2.8981591e-02   1.6250188e-01   6.6045603e-02   9.0396839e+01   7.8250922e+00   6.2701483e+01   5.3422826e+01   2.5976835e+01   6.0590691e+01   2.4607955e+01   3.7245692e+01   4.6449685e+01   3.5922172e+01   1.1338532e+01
   1.9494086e-01   5.1678227e+03   6.6407077e+02   7.7101487e+00   1.9774644e+01   3.2006716e+01   2.8015394e+03   6.5306170e+01   1.2189145e+02   1.0067134e-01   8.3559460e+01   5.0495180e+01   2.7664427e+03   1.7691601e+01   5.1178444e+01   2.9965252e+03   1.7881270e+01   6.2394043e+01   3.6425160e+00   2.7243639e+02   1.0188296e+02   4.5617070e+01   2.9222832e+01   2.7791808e+01   1.7821674e+01   1.2598506e+01   3.6200699e+00   1.2842179e+00   2.8302158e+01   4.5191540e+01   9.1939342e+00   2.2296226e+00   3.7918403e+00   1.8120979e+00   9.4198597e+00   5.5102212e-01   2.8981591e-02   1.6250188e-01   6.6045603e-02   9.0396839e+01   7.8250922e+00   6.2819154e+01   5.3235061e+01   2.6150862e+01   6.0482987e+01   2.5355937e+01   3.7230553e+01   4.6430759e+01   3.5881539e+01   1.3891968e+01
   1.9528858e-01   5.1649223e+03   6.9431603e+02   7.8467168e+00   1.9896020e+01   3.1945557e+01   2.8014748e+03   6.5144720e+01   1.2191024e+02   1.0646787e-01   8.3582881e+01   4.9104692e+01   2.7666516e+03   1.7423286e+01   5.0354293e+01   2.9972529e+03   1.7866465e+01   6.2380700e+01   5.9552478e+00   2.7234006e+02   1.0187978e+02   4.5630632e+01   2.9491576e+01   2.7679263e+01   1.7927858e+01   1.2502888e+01   3.3583468e+00   1.2785153e+00   2.8248114e+01   4.5001649e+01   9.5754925e+00   2.1687302e+00   3.7567852e+00   1.7886663e+00   9.4070795e+00   4.9231412e-01   2.8981591e-02   1.6250188e-01   6.6045603e-02   9.0396839e+01   7.8250922e+00   6.2891625e+01   5.3155211e+01   2.5337066e+01   6.0716118e+01   2.5908693e+01   3.7257972e+01   4.6415413e+01   3.6119279e+01   1.1849366e+01
   1.9596762e-01   5.2042321e+03   7.1920403e+02   7.8353939e+00   1.9138662e+01   3.1833078e+01   2.8013672e+03   6.4823132e+01   1.2190255e+02   1.1119400e-01   8.3531428e+01   5.0996995e+01   2.7653821e+03   1.7563486e+01   4.9082040e+01   2.9963355e+03   1.8035464e+01   6.2381939e+01   5.0476776e+00   2.7278468e+02   1.0185004e+02   4.5628148e+01   2.9443501e+01   2.7643142e+01   1.8008676e+01   1.2659399e+01   4.2885995e+00   1.2926118e+00   2.7704980e+01   4.5023736e+01   8.9081100e+00   2.1155156e+00   3.8925891e+00   1.8179855e+00   9.4373194e+00   5.1450132e-01   5.6312683e-02   1.4811440e-01   6.2639979e-02   9.0336311e+01   7.7177138e+00   6.2880860e+01   5.3186095e+01   2.5596433e+01   6.0615911e+01   2.6187566e+01   3.7260754e+01   4.6425278e+01   3.6053341e+01   1.1816291e+01
   1.9551778e-01   5.1724641e+03   6.7989641e+02   7.8670397e+00   1.9861392e+01   3.1745440e+01   2.8003614e+03   6.4443904e+01   1.2190536e+02   1.0896966e-01   8.3531178e+01   4.8426464e+01   2.7650329e+03   1.7630000e+01   4.9243947e+01   2.9960421e+03   1.8128727e+01   6.2387905e+01   7.1639727e+00   2.7302252e+02   1.0186535e+02   4.5617776e+01   2.9342430e+01   2.7652312e+01   1.8124110e+01   1.2689151e+01   3.7618198e+00   1.2593298e+00   2.8155775e+01   4.5103397e+01   9.2743494e+00   2.0305373e+00   3.7964987e+00   1.8645880e+00   9.4675536e+00   4.2057431e-01   5.6312683e-02   1.4811440e-01   6.2639979e-02   9.0336311e+01   7.7177138e+00   6.2842342e+01   5.3220527e+01   2.5870354e+01   6.0590612e+01   2.6648951e+01   3.7218130e+01   4.6417448e+01   3.5933817e+01   1.2468366e+01
   1.9830355e-01   5.1856597e+03   7.1818927e+02   7.7709676e+00   1.9520816e+01   3.1939249e+01   2.7993668e+03   6.4389030e+01   1.2187649e+02   1.0922975e-01   8.3519631e+01   4.9948514e+01   2.7639517e+03   1.7371429e+01   5.0717465e+01   2.9948019e+03   1.8058532e+01   6.2395658e+01   5.8372801e+00   2.7356050e+02   1.0185892e+02   4.5614332e+01   2.9050858e+01   2.7756447e+01   1.7534022e+01   1.2499601e+01   3.3328181e+00   1.3160799e+00   2.8150064e+01   4.5006284e+01   9.6260457e+00   2.1814919e+00   3.7592298e+00   1.8136384e+00   9.4782086e+00   4.9634441e-01   2.8241616e-02   1.6693872e-01   6.5169378e-02   8.9903483e+01   8.1633511e+00   6.2830755e+01   5.3258405e+01   2.5763879e+01   6.0606414e+01   2.6538779e+01   3.7226904e+01   4.6424249e+01   3.5947742e+01   1.2266120e+01
   1.9655549e-01   5.1552054e+03   6.9370910e+02   7.8674706e+00   1.9811490e+01   3.2448564e+01   2.7994997e+03   6.4857003e+01   1.2189714e+02   1.0816751e-01   8.3546829e+01   4.8415604e+01   2.7641409e+03   1.7284246e+01   4.9676676e+01   2.9954414e+03   1.8115971e+01   6.2378986e+01   4.5293765e+00   2.7307481e+02   1.0186575e+02   4.5656594e+01   2.8669628e+01   2.7629917e+01   1.8099191e+01   1.2566491e+01   3.2541571e+00   1.3050085e+00   2.8449756e+01   4.4959665e+01   9.0897914e+00   2.2147977e+00   3.8439092e+00   1.8099231e+00   9.4353633e+00   4.9314801e-01   2.8241616e-02   1.6693872e-01   6.5169378e-02   8.9903483e+01   8.1633511e+00   6.2875137e+01   5.3174934e+01   2.5865046e+01   6.0650356e+01   2.6790933e+01   3.7257340e+01   4.6406896e+01   3.5938104e+01   1.0222459e+01
   2.0137224e-01   5.1962430e+03   6.6434384e+02   7.8976884e+00   1.9430332e+01   3.2187194e+01   2.8001099e+03   6.4468997e+01   1.2190776e+02   1.0409047e-01   8.3581441e+01   4.8759501e+01   2.7645484e+03   1.7692730e+01   4.9608644e+01   2.9957505e+03   1.7977090e+01   6.2385896e+01   6.4536769e+00   2.7298372e+02   1.0185522e+02   4.5617758e+01   2.9545307e+01   2.7840664e+01   1.7923360e+01   1.2655382e+01   3.8642200e+00   1.3212861e+00   2.7816504e+01   4.4871974e+01   8.8837185e+00   2.0654156e+00   3.5073987e+00   1.8254814e+00   9.4461718e+00   5.0163756e-01   2.8241616e-02   1.6693872e-01   6.5169378e-02   8.9903483e+01   8.1633511e+00   6.2917393e+01   5.3172729e+01   2.5823933e+01   6.0506572e+01   2.6460372e+01   3.7263862e+01   4.6421438e+01   3.5947240e+01   1.2089048e+01
   1.9885606e-01   5.1912961e+03   6.9293950e+02   7.8313934e+00   1.9834415e+01   3.2360392e+01   2.7993658e+03   6.4937123e+01   1.2189835e+02   1.0183155e-01   8.3562577e+01   5.0506959e+01   2.7642854e+03   1.7511247e+01   5.1134322e+01   2.9952639e+03   1.7832941e+01   6.2382098e+01   4.9553472e+00   2.7290628e+02   1.0183673e+02   4.5611752e+01   2.9898553e+01   2.7643801e+01   1.7994498e+01   1.2660902e+01   4.2478197e+00   1.2827723e+00   2.7502081e+01   4.5051569e+01   9.3471175e+00   2.2600411e+00   3.9392022e+00   1.7589984e+00   9.4473869e+00   5.0731669e-01   2.4631816e-02   1.4624618e-01   6.6832460e-02   9.1029162e+01   8.7325272e+00   6.2949622e+01   5.3120477e+01   2.6209711e+01   6.0517827e+01   2.6038482e+01   3.7240014e+01   4.6433700e+01   3.5779965e+01   1.0624706e+01
   1.9643163e-01   5.1690619e+03   7.4792393e+02   7.8345757e+00   1.9243669e+01   3.2504896e+01   2.7984043e+03   6.4122308e+01   1.2190348e+02   9.8985275e-02   8.3577731e+01   4.9361616e+01   2.7645662e+03   1.7844425e+01   4.9587225e+01   2.9945951e+03   1.7836931e+01   6.2412364e+01   2.9523615e+00   2.7292263e+02   1.0184526e+02   4.5631620e+01   2.9536851e+01   2.7780207e+01   1.7696456e+01   1.2493229e+01   3.9664725e+00   1.2617302e+00   2.7998866e+01   4.5043563e+01   9.1021989e+00   2.2962681e+00   3.9136325e+00   1.7794173e+00   9.4823329e+00   5.3701279e-01   2.4631816e-02   1.4624618e-01   6.6832460e-02   9.1029162e+01   8.7325272e+00   6.2989345e+01   5.3066736e+01   2.6154645e+01   6.0625355e+01   2.5564668e+01   3.7256188e+01   4.6451589e+01   3.6113762e+01   1.1556530e+01
   1.9251552e-01   5.1874923e+03   6.5581472e+02   7.8815092e+00   1.9481693e+01   3.2313457e+01   2.7987373e+03   6.5342078e+01   1.2189889e+02   9.5565374e-02   8.3533888e+01   4.8601550e+01   2.7635396e+03   1.7573821e+01   4.9359871e+01   2.9942973e+03   1.8028308e+01   6.2404282e+01   4.8347389e+00   2.7269526e+02   1.0185639e+02   4.5630393e+01   2.9693149e+01   2.7619730e+01   1.8058574e+01   1.2693978e+01   3.6598513e+00   1.2820618e+00   2.7760667e+01   4.5023042e+01   9.7214408e+00   2.2712359e+00   3.7921318e+00   1.8106795e+00   9.4540337e+00   5.3586792e-01   3.0048847e-02   1.4693503e-01   7.2218846e-02   9.0528884e+01   7.8530024e+00   6.3024291e+01   5.3029118e+01   2.6527660e+01   6.0517718e+01   2.5169117e+01   3.7250757e+01   4.6444106e+01   3.5963157e+01   1.3689808e+01
   1.9518108e-01   5.1823779e+03   6.7847310e+02   7.8141346e+00   1.9799554e+01   3.1957874e+01   2.7992733e+03   6.4807480e+01   1.2188643e+02   9.5077174e-02   8.3580719e+01   5.1570695e+01   2.7646068e+03   1.7806183e+01   4.8996636e+01   2.9953147e+03   1.7904670e+01   6.2418340e+01   6.5564066e+00   2.7305893e+02   1.0185761e+02   4.5622781e+01   2.9090066e+01   2.7728481e+01   1.7954464e+01   1.2713570e+01   3.9928784e+00   1.2999460e+00   2.7941447e+01   4.4845624e+01   9.5734532e+00   2.0328252e+00   3.7088699e+00   1.8238900e+00   9.4768022e+00   4.7449990e-01   3.0048847e-02   1.4693503e-01   7.2218846e-02   9.0528884e+01   7.8530024e+00   6.2972141e+01   5.3123793e+01   2.5927604e+01   6.0695706e+01   2.5248541e+01   3.7204934e+01   4.6449258e+01   3.5924287e+01   1.4266737e+01
   1.9659070e-01   5.1713506e+03   6.8075734e+02   7.8249124e+00   1.9966097e+01   3.1966139e+01   2.8003104e+03   6.4965742e+01   1.2189959e+02   9.3499995e-02   8.3606419e+01   5.0648513e+01   2.7651983e+03   1.7496927e+01   5.0072273e+01   2.9962873e+03   1.8130933e+01   6.2399242e+01   5.5177599e+00   2.7314801e+02   1.0185894e+02   4.5613551e+01   2.9383959e+01   2.7591240e+01   1.7981680e+01   1.2664849e+01   3.9763355e+00   1.3084164e+00   2.7996779e+01   4.4795809e+01   9.5184027e+00   2.0479490e+00   4.0820802e+00   1.8465214e+00   9.4807306e+00   4.7646007e-01   3.0048847e-02   1.4693503e-01   7.2218846e-02   9.0528884e+01   7.8530024e+00   6.2933127e+01   5.3137416e+01   2.5305041e+01   6.0667049e+01   2.4794277e+01   3.7248914e+01   4.6421775e+01   3.5866196e+01   1.3197417e+01
   1.9901641e-01   5.1906568e+03   7.1422527e+02   7.8680821e+00   1.9472227e+01   3.1536985e+01   2.8003339e+03   6.4458285e+01   1.2188867e+02   9.7483148e-02   8.3578561e+01   4.9908842e+01   2.7651865e+03   1.7630208e+01   4.9953097e+01   2.9959968e+03   1.8055022e+01   6.2404038e+01   5.0688407e+00   2.7315857e+02   1.0185741e+02   4.5598007e+01   2.9875132e+01   2.7628806e+01   1.7921948e+01   1.2679648e+01   3.9489508e+00   1.2841650e+00   2.7893997e+01   4.5109952e+01   9.3847785e+00   2.1350599e+00   3.5958085e+00   1.8076058e+00   9.4465597e+00   5.3251961e-01   2.0713729e-02   1.6232725e-01   5.6279316e-02   8.9951370e+01   8.0500597e+00   6.2889320e+01   5.3227379e+01   2.5581957e+01   6.0646580e+01   2.5165168e+01   3.7232175e+01   4.6444690e+01   3.5966871e+01   1.2128292e+01
   1.9397326e-01   5.1961911e+03   6.8707157e+02   7.7504989e+00   1.9515901e+01   3.2238922e+01   2.8002638e+03   6.4167218e+01   1.2190882e+02   9.7864375e-02   8.3576790e+01   5.1112257e+01   2.7652874e+03   1.7418888e+01   4.9374808e+01   2.9954259e+03   1.8168777e+01   6.2407786e+01   6.3100472e+00   2.7285426e+02   1.0184626e+02   4.5631817e+01   2.9582036e+01   2.7490382e+01   1.8177619e+01   1.2747862e+01   4.1062496e+00   1.2875503e+00   2.7802999e+01   4.4917772e+01   9.1205758e+00   2.3457068e+00   3.8993370e+00   1.7764589e+00   9.4948392e+00   4.9068550e-01   2.0713729e-02   1.6232725e-01   5.6279316e-02   8.9951370e+01   8.0500597e+00   6.2837695e+01   5.3280697e+01   2.5402031e+01   6.0613497e+01   2.5152174e+01   3.7209001e+01   4.6438283e+01   3.5968978e+01   1.1022019e+01
   1.9555995e-01   5.1839604e+03   6.7295034e+02   7.8159035e+00   1.9896157e+01   3.1964871e+01   2.7990594e+03   6.4598601e+01   1.2189074e+02   9.7893333e-02   8.3576797e+01   4.9031384e+01   2.7648536e+03   1.7494573e+01   4.8109721e+01   2.9953457e+03   1.8146984e+01   6.2402427e+01   7.8027216e+00   2.7292064e+02   1.0184770e+02   4.5617928e+01   2.9863944e+01   2.7564921e+01   1.8017516e+01   1.2820473e+01   3.8343869e+00   1.2966528e+00   2.7819628e+01   4.4697010e+01   9.3061283e+00   2.1511879e+00   4.0776598e+00   1.8652227e+00   9.5111526e+00   4.8017607e-01   3.2884466e-02   1.5186919e-01   6.1628219e-02   9.0324967e+01   7.8888832e+00   6.2788936e+01   5.3305717e+01   2.5856815e+01   6.0532973e+01   2.5375019e+01   3.7239438e+01   4.6437130e+01   3.5919474e+01   1.2660978e+01
   1.9427624e-01   5.1936907e+03   6.9277715e+02   7.9022649e+00   2.0012022e+01   3.1936174e+01   2.7985195e+03   6.4174390e+01   1.2190482e+02   9.0077047e-02   8.3556727e+01   5.1481155e+01   2.7635687e+03   1.7582053e+01   5.0718935e+01   2.9945282e+03   1.8037078e+01   6.2401956e+01   7.1473865e+00   2.7325042e+02   1.0185094e+02   4.5620474e+01   2.9447171e+01   2.7556262e+01   1.8472996e+01   1.2459837e+01   3.7038899e+00   1.2939588e+00   2.8420640e+01   4.4814776e+01   9.2605196e+00   2.0996278e+00   3.9497033e+00   1.8396367e+00   9.4377884e+00   6.0904517e-01   3.2884466e-02   1.5186919e-01   6.1628219e-02   9.0324967e+01   7.8888832e+00   6.2837794e+01   5.3185199e+01   2.6113624e+01   6.0499020e+01   2.5634415e+01   3.7247303e+01   4.6413252e+01   3.5918801e+01   1.0840550e+01
   2.0096122e-01   5.1897332e+03   6.6479700e+02   7.8154572e+00   1.9715540e+01   3.2012150e+01   2.7984959e+03   6.4682788e+01   1.2191396e+02   8.8962855e-02   8.3551475e+01   4.9980653e+01   2.7628681e+03   1.7275014e+01   4.7795838e+01   2.9942451e+03   1.8086825e+01   6.2397057e+01   5.1059009e+00   2.7311144e+02   1.0183696e+02   4.5616658e+01   2.9472653e+01   2.7526127e+01   1.8300117e+01   1.2613739e+01   3.7801623e+00   1.2580561e+00   2.7992313e+01   4.4911599e+01   8.8692390e+00   2.1540506e+00   4.0007914e+00   1.8029162e+00   9.4496776e+00   5.6229034e-01   3.2884466e-02   1.5186919e-01   6.1628219e-02   9.0324967e+01   7.8888832e+00   6.2901248e+01   5.3132046e+01   2.6150160e+01   6.0554910e+01   2.5845945e+01   3.7249029e+01   4.6437465e+01   3.5943999e+01   1.3501381e+01
   2.0280252e-01   5.1669268e+03   6.9124675e+02   7.8812952e+00   1.9693026e+01   3.1913372e+01   2.7976557e+03   6.5020938e+01   1.2191176e+02   7.9461754e-02   8.3566384e+01   4.9323865e+01   2.7633142e+03   1.7549452e+01   4.8982198e+01   2.9941065e+03   1.8034882e+01   6.2416016e+01   7.9708515e+00   2.7291078e+02   1.0186661e+02   4.5617124e+01   2.9538259e+01   2.7661652e+01   1.8161792e+01   1.2724755e+01   3.7512986e+00   1.2561974e+00   2.8007865e+01   4.4874805e+01   9.3887061e+00   2.3202424e+00   3.9370307e+00   1.8529303e+00   9.4680750e+00   4.3756135e-01   1.9202327e-02   1.3990841e-01   8.9162816e-02   9.0089645e+01   8.4199928e+00   6.2944113e+01   5.3110133e+01   2.6337636e+01   6.0565348e+01   2.5876217e+01   3.7234978e+01   4.6448494e+01   3.5865274e+01   1.1393272e+01
   2.0240394e-01   5.1783465e+03   7.0449723e+02   7.8594652e+00   1.9422318e+01   3.2274365e+01   2.7979595e+03   6.5217859e+01   1.2189565e+02   7.2975839e-02   8.3567007e+01   4.9153874e+01   2.7633422e+03   1.7354283e+01   4.8491901e+01   2.9942119e+03   1.8106572e+01   6.2418787e+01   5.7006568e+00   2.7324391e+02   1.0188089e+02   4.5601893e+01   2.9474910e+01   2.7629785e+01   1.8243221e+01   1.2646273e+01   3.8069889e+00   1.3087028e+00   2.8105039e+01   4.4797923e+01   9.2622810e+00   2.2097907e+00   4.3634801e+00   1.8270847e+00   9.4522865e+00   5.3023172e-01   1.9202327e-02   1.3990841e-01   8.9162816e-02   9.0089645e+01   8.4199928e+00   6.2953727e+01   5.3082264e+01   2.6104770e+01   6.0521785e+01   2.5957783e+01   3.7216878e+01   4.6413508e+01   3.6027282e+01   1.2516157e+01
   2.0415848e-01   5.1636145e+03   7.1233248e+02   7.8941070e+00   1.9794143e+01   3.2132986e+01   2.7989118e+03   6.5790220e+01   1.2189241e+02   7.2049453e-02   8.3579096e+01   5.1579262e+01   2.7636486e+03   1.7704284e+01   4.8072859e+01   2.9952439e+03   1.8003087e+01   6.2402278e+01   5.3112383e+00   2.7333833e+02   1.0186357e+02   4.5595738e+01   2.9258422e+01   2.7620769e+01   1.7497550e+01   1.2679174e+01   3.5235725e+00   1.2307988e+00   2.8048420e+01   4.4849809e+01   9.3369756e+00   2.0259854e+00   3.9723086e+00   1.8379125e+00   9.4044048e+00   4.7722631e-01   3.1055752e-02   1.5731918e-01   8.6092749e-02   9.0621639e+01   8.0748221e+00   6.2960376e+01   5.3102892e+01   2.6652608e+01   6.0435689e+01   2.5599800e+01   3.7225503e+01   4.6442977e+01   3.6026979e+01   1.2448821e+01
   1.9773449e-01   5.2115879e+03   6.9502193e+02   7.8738886e+00   1.9697437e+01   3.2186931e+01   2.7998730e+03   6.5127501e+01   1.2188475e+02   7.1961195e-02   8.3517932e+01   4.9209646e+01   2.7645538e+03   1.7574850e+01   4.8078661e+01   2.9968415e+03   1.8042001e+01   6.2392002e+01   6.1006547e+00   2.7430288e+02   1.0181412e+02   4.5615792e+01   2.9491577e+01   2.7801778e+01   1.7839594e+01   1.2606827e+01   4.2527908e+00   1.3235894e+00   2.7912684e+01   4.4977343e+01   9.2801588e+00   2.1396786e+00   3.9771230e+00   1.8536649e+00   9.3894314e+00   5.3227932e-01   3.1055752e-02   1.5731918e-01   8.6092749e-02   9.0621639e+01   8.0748221e+00   6.2864932e+01   5.3235542e+01   2.6271515e+01   6.0635357e+01   2.5183582e+01   3.7212675e+01   4.6419954e+01   3.5911724e+01   8.8044913e+00
   1.9686862e-01   5.1874219e+03   6.9152809e+02   7.8002179e+00   1.9689844e+01   3.2034224e+01   2.8011089e+03   6.5137055e+01   1.2187979e+02   7.5966624e-02   8.3466578e+01   4.8000139e+01   2.7650847e+03   1.7287137e+01   4.8817213e+01   2.9974186e+03   1.8273804e+01   6.2374313e+01   3.4953975e+00   2.7380549e+02   1.0186388e+02   4.5603060e+01   2.9111878e+01   2.7539647e+01   1.8286459e+01   1.2609759e+01   3.8818726e+00   1.2939658e+00   2.7988348e+01   4.4864142e+01   9.6528641e+00   2.3165356e+00   3.6143343e+00   1.7888689e+00   9.5013350e+00   4.8088809e-01   3.1055752e-02   1.5731918e-01   8.6092749e-02   9.0621639e+01   8.0748221e+00   6.2813164e+01   5.3281065e+01   2.6365864e+01   6.0508690e+01   2.5210797e+01   3.7222470e+01   4.6390949e+01   3.6042890e+01   1.3171924e+01
   2.0183389e-01   5.1916526e+03   6.9517085e+02   7.7938223e+00   2.0254936e+01   3.2093842e+01   2.8011019e+03   6.5455186e+01   1.2191298e+02   7.6587721e-02   8.3419813e+01   5.0549006e+01   2.7652388e+03   1.7660597e+01   4.9764013e+01   2.9969003e+03   1.8088540e+01   6.2347395e+01   5.7673309e+00   2.7388811e+02   1.0188048e+02   4.5611747e+01   2.9352749e+01   2.7464403e+01   1.7975932e+01   1.2708941e+01   3.9365806e+00   1.2969507e+00   2.8311602e+01   4.5005480e+01   9.5982881e+00   2.2885715e+00   3.6261245e+00   1.8277650e+00   9.4468259e+00   4.3696363e-01   2.4506454e-02   1.5313866e-01   7.6509765e-02   9.0424291e+01   8.8397510e+00   6.2848515e+01   5.3231959e+01   2.6225660e+01   6.0580231e+01   2.5987554e+01   3.7251662e+01   4.6418609e+01   3.5952272e+01   1.2843136e+01
   2.0310296e-01   5.1907732e+03   7.1905542e+02   7.9500084e+00   1.9701084e+01   3.2274239e+01   2.8021708e+03   6.5502019e+01   1.2191586e+02   8.2730903e-02   8.3472889e+01   4.9761910e+01   2.7666833e+03   1.7696253e+01   5.0908723e+01   2.9979979e+03   1.7917879e+01   6.2329474e+01   6.0415013e+00   2.7322688e+02   1.0184772e+02   4.5632227e+01   2.9596047e+01   2.7579721e+01   1.7870128e+01   1.2602290e+01   3.8799568e+00   1.2390791e+00   2.8256331e+01   4.4891509e+01   9.0668528e+00   2.1536302e+00   4.0715605e+00   1.8122011e+00   9.4062582e+00   4.6274475e-01   2.4506454e-02   1.5313866e-01   7.6509765e-02   9.0424291e+01   8.8397510e+00   6.2913009e+01   5.3134623e+01   2.6373695e+01   6.0487208e+01   2.6177483e+01   3.7220134e+01   4.6422432e+01   3.6038430e+01   1.5238711e+01
   1.9678131e-01   5.1561185e+03   6.7479809e+02   7.7946025e+00   1.9546878e+01   3.2348714e+01   2.8014073e+03   6.4364993e+01   1.2190195e+02   8.9421534e-02   8.3439753e+01   5.0604532e+01   2.7666067e+03   1.7562573e+01   5.0133684e+01   2.9974334e+03   1.8002098e+01   6.2341021e+01   5.4699651e+00   2.7385004e+02   1.0185766e+02   4.5628042e+01   2.9278561e+01   2.7721540e+01   1.7871069e+01   1.2681078e+01   3.7181946e+00   1.2975951e+00   2.7999284e+01   4.4869070e+01   8.9294534e+00   2.1995100e+00   3.9967533e+00   1.8040993e+00   9.4317269e+00   4.8137607e-01   1.2621185e-02   1.6256185e-01   6.7128836e-02   8.9382124e+01   7.6557738e+00   6.2949073e+01   5.3108523e+01   2.6602798e+01   6.0539094e+01   2.6200712e+01   3.7237992e+01   4.6444457e+01   3.5983303e+01   1.6269622e+01
   1.9606342e-01   5.1622757e+03   6.4629103e+02   7.7665472e+00   1.9657409e+01   3.1805779e+01   2.8015982e+03   6.5417888e+01   1.2188188e+02   9.6101638e-02   8.3407052e+01   5.0037223e+01   2.7661069e+03   1.7524926e+01   4.8921663e+01   2.9974420e+03   1.8150751e+01   6.2316560e+01   5.3612400e+00   2.7342997e+02   1.0185992e+02   4.5687051e+01   2.9898564e+01   2.7699481e+01   1.8025322e+01   1.2680409e+01   3.3825706e+00   1.2478626e+00   2.8169642e+01   4.4837936e+01   9.2775604e+00   2.1122328e+00   3.8338099e+00   1.8150189e+00   9.4647036e+00   5.1802075e-01   1.2621185e-02   1.6256185e-01   6.7128836e-02   8.9382124e+01   7.6557738e+00   6.2865495e+01   5.3233768e+01   2.6381011e+01   6.0594078e+01   2.6102558e+01   3.7219919e+01   4.6453311e+01   3.5915493e+01   1.1147840e+01
   1.9664093e-01   5.1801198e+03   6.3652584e+02   7.9275617e+00   1.9834776e+01   3.2016265e+01   2.8011784e+03   6.4980465e+01   1.2188864e+02   1.0167937e-01   8.3450195e+01   5.0905679e+01   2.7657189e+03   1.7484535e+01   4.8893076e+01   2.9967575e+03   1.8081217e+01   6.2321763e+01   6.8539995e+00   2.7353775e+02   1.0184664e+02   4.5691034e+01   2.9925564e+01   2.7560537e+01   1.8008149e+01   1.2805795e+01   4.0817197e+00   1.3061114e+00   2.8476831e+01   4.4812051e+01   8.6188715e+00   2.2222421e+00   3.9353432e+00   1.7859409e+00   9.4065574e+00   5.2430089e-01   1.2621185e-02   1.6256185e-01   6.7128836e-02   8.9382124e+01   7.6557738e+00   6.2841707e+01   5.3301097e+01   2.5849545e+01   6.0750178e+01   2.5998972e+01   3.7203830e+01   4.6444999e+01   3.5870626e+01   1.1004779e+01
   1.9581681e-01   5.1966575e+03   6.8184319e+02   7.7936971e+00   2.0017903e+01   3.2133407e+01   2.7996428e+03   6.5165310e+01   1.2189844e+02   9.8864372e-02   8.3451090e+01   4.9917519e+01   2.7649506e+03   1.7435935e+01   4.8629963e+01   2.9956647e+03   1.8166778e+01   6.2353037e+01   4.0406828e+00   2.7299158e+02   1.0185158e+02   4.5659172e+01   2.9582070e+01   2.7613757e+01   1.8036144e+01   1.2765221e+01   3.5433073e+00   1.2807241e+00   2.8323546e+01   4.4908895e+01   9.4035375e+00   2.1541526e+00   4.1608219e+00   1.7926148e+00   9.3716192e+00   5.1614059e-01   3.8892341e-02   1.7299133e-01   7.6626395e-02   9.0053453e+01   7.8452909e+00   6.2807136e+01   5.3283352e+01   2.6285234e+01   6.0590864e+01   2.6573214e+01   3.7231604e+01   4.6445846e+01   3.5899317e+01   1.5124123e+01
   1.9300707e-01   5.1974801e+03   6.9217522e+02   7.8889393e+00   1.9194624e+01   3.2382912e+01   2.7998690e+03   6.4838108e+01   1.2190665e+02   9.7099619e-02   8.3514934e+01   5.0990985e+01   2.7643267e+03   1.7769881e+01   4.7746842e+01   2.9953615e+03   1.8047270e+01   6.2354582e+01   4.6766887e+00   2.7330648e+02   1.0183890e+02   4.5656298e+01   2.9851591e+01   2.7566187e+01   1.8044667e+01   1.2620837e+01   4.1893237e+00   1.2852941e+00   2.8051879e+01   4.4939962e+01   9.4647044e+00   2.2859958e+00   3.7490166e+00   1.8242094e+00   9.3926949e+00   4.2388861e-01   3.8892341e-02   1.7299133e-01   7.6626395e-02   9.0053453e+01   7.8452909e+00   6.2791028e+01   5.3260987e+01   2.5787604e+01   6.0762177e+01   2.6836078e+01   3.7217795e+01   4.6401063e+01   3.5936121e+01   1.2917159e+01
   1.9785976e-01   5.1807282e+03   6.7858211e+02   7.7473030e+00   1.9572158e+01   3.2424846e+01   2.7983566e+03   6.5146430e+01   1.2189728e+02   8.8190563e-02   8.3509809e+01   4.9108694e+01   2.7636063e+03   1.7494665e+01   4.9609623e+01   2.9940312e+03   1.8192227e+01   6.2388369e+01   6.1525009e+00   2.7319393e+02   1.0182161e+02   4.5648077e+01   2.9722948e+01   2.7650646e+01   1.7864727e+01   1.2736527e+01   3.9088294e+00   1.2835924e+00   2.8228891e+01   4.4967387e+01   9.6404892e+00   2.1851684e+00   3.9359714e+00   1.8103471e+00   9.3677966e+00   4.3030634e-01   2.4575776e-02   1.5597880e-01   7.9665526e-02   9.0322164e+01   8.1730556e+00   6.2785051e+01   5.3257483e+01   2.6049956e+01   6.0526221e+01   2.7614104e+01   3.7251530e+01   4.6441290e+01   3.5902780e+01   1.1646248e+01
   1.9462176e-01   5.1895015e+03   6.5604146e+02   7.8955144e+00   1.9733626e+01   3.2146787e+01   2.7988381e+03   6.4793272e+01   1.2190245e+02   8.5965710e-02   8.3548411e+01   5.0814177e+01   2.7635791e+03   1.7727802e+01   4.8792106e+01   2.9945231e+03   1.8171235e+01   6.2396400e+01   3.6189203e+00   2.7335660e+02   1.0183127e+02   4.5666100e+01   2.9804021e+01   2.7644186e+01   1.8004857e+01   1.2690738e+01   3.6413189e+00   1.3186588e+00   2.7993756e+01   4.4912524e+01   9.2012601e+00   1.9450914e+00   4.0506725e+00   1.8118121e+00   9.3949906e+00   5.3598367e-01   2.4575776e-02   1.5597880e-01   7.9665526e-02   9.0322164e+01   8.1730556e+00   6.2725421e+01   5.3309950e+01   2.5766840e+01   6.0572532e+01   2.7933807e+01   3.7214364e+01   4.6405212e+01   3.5792594e+01   1.0340251e+01
   1.9306535e-01   5.1992021e+03   7.2969670e+02   7.8152900e+00   1.9698145e+01   3.2077354e+01   2.7991848e+03   6.4149021e+01   1.2189158e+02   8.2951687e-02   8.3534738e+01   5.2033142e+01   2.7642475e+03   1.7729816e+01   4.8768922e+01   2.9952161e+03   1.8193368e+01   6.2401465e+01   6.0270814e+00   2.7346704e+02   1.0185286e+02   4.5684877e+01   2.9352444e+01   2.7733755e+01   1.7702522e+01   1.2581790e+01   4.1465688e+00   1.2956622e+00   2.8422158e+01   4.4827086e+01   8.5972055e+00   2.1053305e+00   3.8264943e+00   1.7564763e+00   9.4178415e+00   4.7545275e-01   2.4575776e-02   1.5597880e-01   7.9665526e-02   9.0322164e+01   8.1730556e+00   6.2702802e+01   5.3354496e+01   2.5632010e+01   6.0603445e+01   2.7959203e+01   3.7219989e+01   4.6435214e+01   3.5765953e+01   1.3490262e+01
   1.9377858e-01   5.2064963e+03   6.9583919e+02   7.7695931e+00   1.9688581e+01   3.2249272e+01   2.8001648e+03   6.5069544e+01   1.2190434e+02   8.2959295e-02   8.3578910e+01   5.0808634e+01   2.7649375e+03   1.7591385e+01   4.6943529e+01   2.9958119e+03   1.7877591e+01   6.2388028e+01   6.9179259e+00   2.7286558e+02   1.0182572e+02   4.5634701e+01   2.9524379e+01   2.7643967e+01   1.8011835e+01   1.2605743e+01   3.6586475e+00   1.3060398e+00   2.8198541e+01   4.4777744e+01   9.1486058e+00   2.0172737e+00   4.2912652e+00   1.7988848e+00   9.3870125e+00   4.8768798e-01   2.5060025e-02   1.6829872e-01   7.0021876e-02   8.9803140e+01   7.9166532e+00   6.2715393e+01   5.3373732e+01   2.5990192e+01   6.0570360e+01   2.8204626e+01   3.7249322e+01   4.6464029e+01   3.5827285e+01   1.1573019e+01
   1.9246181e-01   5.2222377e+03   6.8681496e+02   7.8823382e+00   1.9829780e+01   3.2213907e+01   2.8003688e+03   6.5734713e+01   1.2191350e+02   8.2009184e-02   8.3581636e+01   4.9312400e+01   2.7657843e+03   1.7378154e+01   4.9937417e+01   2.9954343e+03   1.8102767e+01   6.2410123e+01   6.1557799e+00   2.7338902e+02   1.0183887e+02   4.5645020e+01   2.9403145e+01   2.7635920e+01   1.8119371e+01   1.2791616e+01   3.3620114e+00   1.2578505e+00   2.8100132e+01   4.4829478e+01   9.3961705e+00   2.1495461e+00   3.7887199e+00   1.8366913e+00   9.3722987e+00   5.4590859e-01   2.5060025e-02   1.6829872e-01   7.0021876e-02   8.9803140e+01   7.9166532e+00   6.2705309e+01   5.3322187e+01   2.6143956e+01   6.0490837e+01   2.8087539e+01   3.7204088e+01   4.6429608e+01   3.6112262e+01   1.2981915e+01
   1.9527512e-01   5.1403905e+03   6.7121742e+02   7.7312471e+00   1.9414526e+01   3.2196913e+01   2.8000651e+03   6.5291522e+01   1.2190067e+02   8.5032179e-02   8.3551976e+01   5.0398115e+01   2.7651046e+03   1.7574537e+01   4.8978630e+01   2.9952036e+03   1.7995889e+01   6.2427582e+01   4.8342749e+00   2.7297529e+02   1.0184900e+02   4.5631701e+01   2.9511880e+01   2.7677565e+01   1.7693368e+01   1.2627858e+01   3.8714099e+00   1.2941913e+00   2.7463716e+01   4.4925759e+01   9.4249609e+00   2.0810273e+00   3.8422456e+00   1.8204610e+00   9.4555700e+00   5.3874773e-01   1.2952321e-02   1.7289076e-01   7.5508333e-02   8.9617209e+01   8.2290756e+00   6.2724697e+01   5.3319823e+01   2.5832885e+01   6.0667442e+01   2.7872623e+01   3.7207471e+01   4.6432928e+01   3.5809872e+01   1.3124307e+01
   1.9314056e-01   5.1919612e+03   6.8533841e+02   7.8502308e+00   1.9753195e+01   3.2502718e+01   2.8001545e+03   6.4465187e+01   1.2191302e+02   8.0024820e-02   8.3536047e+01   4.8903550e+01   2.7648220e+03   1.7730311e+01   4.8924808e+01   2.9953308e+03   1.8101538e+01   6.2405875e+01   5.7247145e+00   2.7301781e+02   1.0184603e+02   4.5670771e+01   2.9601934e+01   2.7451125e+01   1.7729988e+01   1.2735256e+01   3.9920795e+00   1.2661911e+00   2.8130427e+01   4.4957991e+01   9.1632571e+00   2.0897728e+00   3.9931228e+00   1.8042743e+00   9.4545591e+00   4.3147177e-01   1.2952321e-02   1.7289076e-01   7.5508333e-02   8.9617209e+01   8.2290756e+00   6.2872426e+01   5.3116747e+01   2.5538534e+01   6.0723104e+01   2.7738813e+01   3.7207912e+01   4.6429275e+01   3.5972168e+01   1.2374921e+01
   1.9110035e-01   5.2017643e+03   6.9388650e+02   7.7974929e+00   1.9464985e+01   3.1945787e+01   2.7999410e+03   6.4322654e+01   1.2189992e+02   8.3633831e-02   8.3515234e+01   5.0797883e+01   2.7648369e+03   1.7441250e+01   4.8341664e+01   2.9954523e+03   1.8142316e+01   6.2412425e+01   5.8636826e+00   2.7352950e+02   1.0183899e+02   4.5633130e+01   2.9671108e+01   2.7593203e+01   1.8033107e+01   1.2638657e+01   3.9454472e+00   1.2941051e+00   2.8208381e+01   4.4747287e+01   9.1353542e+00   2.2277247e+00   3.8985172e+00   1.7944900e+00   9.4219880e+00   5.5675603e-01   1.2952321e-02   1.7289076e-01   7.5508333e-02   8.9617209e+01   8.2290756e+00   6.2952048e+01   5.3037170e+01   2.5550060e+01   6.0584880e+01   2.7673978e+01   3.7211467e+01   4.6448033e+01   3.6006065e+01   1.2493022e+01
   1.9277781e-01   5.1795903e+03   6.7510448e+02   7.9086795e+00   1.9826164e+01   3.2105436e+01   2.7997350e+03   6.6230871e+01   1.2191484e+02   8.1159636e-02   8.3532409e+01   5.2635056e+01   2.7644150e+03   1.7612611e+01   5.0228104e+01   2.9948448e+03   1.7831807e+01   6.2380052e+01   8.0800794e+00   2.7365205e+02   1.0183922e+02   4.5638088e+01   2.9400139e+01   2.7698388e+01   1.8314817e+01   1.2575897e+01   3.6843190e+00   1.3084163e+00   2.8221046e+01   4.4967491e+01   8.9689980e+00   2.2742600e+00   3.4922030e+00   1.8406820e+00   9.4260571e+00   4.8756760e-01   3.5935042e-02   1.5659107e-01   7.5153210e-02   8.9545139e+01   7.1270146e+00   6.2960494e+01   5.3074119e+01   2.5238169e+01   6.0665615e+01   2.7108686e+01   3.7219309e+01   4.6451146e+01   3.6008705e+01   1.1563797e+01
   1.9749732e-01   5.1724772e+03   6.7075001e+02   7.7101086e+00   1.9535631e+01   3.2219658e+01   2.7991071e+03   6.5199497e+01   1.2188562e+02   7.9214713e-02   8.3488400e+01   4.9389973e+01   2.7636771e+03   1.7576759e+01   5.0792153e+01   2.9939921e+03   1.7961060e+01   6.2412298e+01   5.1170350e+00   2.7327339e+02   1.0181930e+02   4.5648304e+01   3.0041647e+01   2.7642381e+01   1.7764682e+01   1.2605444e+01   3.7681067e+00   1.2537858e+00   2.7822290e+01   4.4818849e+01   8.8697130e+00   2.2983770e+00   3.5587749e+00   1.8350067e+00   9.3942869e+00   4.5500225e-01   3.5935042e-02   1.5659107e-01   7.5153210e-02   8.9545139e+01   7.1270146e+00   6.2924616e+01   5.3094342e+01   2.5590142e+01   6.0603420e+01   2.6263127e+01   3.7172353e+01   4.6395983e+01   3.5984104e+01   1.3605904e+01
   1.9115357e-01   5.1888979e+03   7.0176257e+02   7.8864506e+00   2.0109778e+01   3.2350708e+01   2.7987251e+03   6.4250672e+01   1.2189563e+02   7.0287123e-02   8.3465181e+01   5.1749742e+01   2.7627068e+03   1.7409694e+01   4.8292091e+01   2.9940278e+03   1.7873657e+01   6.2363998e+01   5.8160295e+00   2.7374883e+02   1.0184020e+02   4.5625142e+01   2.9164056e+01   2.7822052e+01   1.8064987e+01   1.2668015e+01   3.8276922e+00   1.2900857e+00   2.7989312e+01   4.4893049e+01   8.9283637e+00   2.1510116e+00   3.9091471e+00   1.8306044e+00   9.4241435e+00   4.1463801e-01   1.1091607e-04   1.6678598e-01   6.4079830e-02   8.9879608e+01   8.6479216e+00   6.2919621e+01   5.3109159e+01   2.4963384e+01   6.0881071e+01   2.5832697e+01   3.7186326e+01   4.6388542e+01   3.6085034e+01   1.4685418e+01
   1.9660231e-01   5.1899921e+03   6.7237058e+02   7.8356847e+00   1.9736426e+01   3.1997834e+01   2.7994620e+03   6.4807631e+01   1.2188777e+02   7.0680209e-02   8.3490370e+01   4.9975292e+01   2.7630547e+03   1.7489002e+01   5.0823212e+01   2.9950554e+03   1.8243891e+01   6.2379913e+01   4.8393196e+00   2.7316891e+02   1.0182883e+02   4.5595597e+01   2.9519988e+01   2.7765477e+01   1.7770773e+01   1.2728943e+01   3.4338571e+00   1.3088512e+00   2.8090613e+01   4.4797275e+01   9.0843957e+00   2.0324643e+00   4.0582426e+00   1.7949452e+00   9.4921223e+00   4.7754971e-01   1.1091607e-04   1.6678598e-01   6.4079830e-02   8.9879608e+01   8.6479216e+00   6.2906974e+01   5.3171177e+01   2.5539864e+01   6.0470132e+01   2.5583124e+01   3.7247873e+01   4.6432777e+01   3.5847596e+01   1.2703602e+01
   1.9152125e-01   5.1776188e+03   6.8982705e+02   7.9456892e+00   1.9783562e+01   3.2232086e+01   2.8001775e+03   6.5569261e+01   1.2189894e+02   6.8294126e-02   8.3487123e+01   4.9689863e+01   2.7646963e+03   1.7793611e+01   5.0213728e+01   2.9952310e+03   1.8150665e+01   6.2390621e+01   7.3299892e+00   2.7353053e+02   1.0184062e+02   4.5625873e+01   2.9330165e+01   2.7738291e+01   1.7815402e+01   1.2797458e+01   3.9486191e+00   1.2770969e+00   2.7930839e+01   4.4943795e+01   9.2268825e+00   2.2414043e+00   3.9272554e+00   1.8385263e+00   9.4794024e+00   4.8706679e-01   1.1091607e-04   1.6678598e-01   6.4079830e-02   8.9879608e+01   8.6479216e+00   6.2871891e+01   5.3187642e+01   2.5289178e+01   6.0570466e+01   2.5212822e+01   3.7194455e+01   4.6421485e+01   3.5904910e+01   1.0695520e+01
   1.9086784e-01   5.1716850e+03   6.9397288e+02   7.8635340e+00   1.9421402e+01   3.2041202e+01   2.8009384e+03   6.5707243e+01   1.2190919e+02   7.1364299e-02   8.3501974e+01   4.9229881e+01   2.7660044e+03   1.7515855e+01   5.0669678e+01   2.9968329e+03   1.8052323e+01   6.2369997e+01   4.2685453e+00   2.7339377e+02   1.0183846e+02   4.5612832e+01   2.9219749e+01   2.7562121e+01   1.7915546e+01   1.2818112e+01   3.2908915e+00   1.2598057e+00   2.8227721e+01   4.4949832e+01   9.3253198e+00   2.1427033e+00   3.4972226e+00   1.8513252e+00   9.4819764e+00   5.7401171e-01   8.6779950e-03   1.6105956e-01   7.0922003e-02   9.0137715e+01   7.7503099e+00   6.2903218e+01   5.3123416e+01   2.5689772e+01   6.0649945e+01   2.4739625e+01   3.7204076e+01   4.6425792e+01   3.5881331e+01   1.2556896e+01
   1.9488104e-01   5.1849662e+03   6.8083945e+02   7.8912863e+00   1.9816351e+01   3.2319563e+01   2.8013108e+03   6.5127740e+01   1.2189448e+02   7.3329813e-02   8.3450394e+01   4.9755692e+01   2.7663269e+03   1.7372647e+01   4.9691662e+01   2.9970801e+03   1.8082161e+01   6.2348423e+01   6.4626976e+00   2.7316229e+02   1.0184279e+02   4.5649411e+01   2.9469805e+01   2.7649822e+01   1.8206628e+01   1.2704550e+01   3.5197897e+00   1.2502971e+00   2.8694430e+01   4.4906424e+01   9.3447533e+00   2.1277899e+00   4.0321504e+00   1.8317483e+00   9.3789852e+00   5.2078632e-01   8.6779950e-03   1.6105956e-01   7.0922003e-02   9.0137715e+01   7.7503099e+00   6.2960742e+01   5.3052997e+01   2.5970244e+01   6.0540238e+01   2.4708496e+01   3.7195719e+01   4.6413159e+01   3.6200540e+01   1.3434238e+01
   1.9551190e-01   5.1570751e+03   7.1231590e+02   7.8808578e+00   1.9517086e+01   3.2052890e+01   2.8009138e+03   6.5387189e+01   1.2190881e+02   7.8652725e-02   8.3420479e+01   4.9983838e+01   2.7657742e+03   1.7635326e+01   4.9320472e+01   2.9969701e+03   1.8097538e+01   6.2365900e+01   3.7481279e+00   2.7333392e+02   1.0185024e+02   4.5696271e+01   2.9979821e+01   2.7684003e+01   1.7531735e+01   1.2686174e+01   3.6032551e+00   1.3009198e+00   2.8472529e+01   4.5080828e+01   9.4990353e+00   2.0592963e+00   4.0346308e+00   1.7858983e+00   9.3641312e+00   4.6441375e-01   1.5066660e-02   1.6292033e-01   7.9980483e-02   9.0065241e+01   8.4035421e+00   6.3020512e+01   5.3015482e+01   2.6146856e+01   6.0513713e+01   2.4663500e+01   3.7181673e+01   4.6438982e+01   3.5971339e+01   1.4392892e+01
   1.8836437e-01   5.1948764e+03   7.0738000e+02   7.8060037e+00   1.9572687e+01   3.2501159e+01   2.8004792e+03   6.5277588e+01   1.2191065e+02   8.6568476e-02   8.3410513e+01   4.8034631e+01   2.7666659e+03   1.7485337e+01   5.0070730e+01   2.9970779e+03   1.8139102e+01   6.2354057e+01   6.0514213e+00   2.7347739e+02   1.0184443e+02   4.5643101e+01   2.9761507e+01   2.7895312e+01   1.7866293e+01   1.2867812e+01   3.9568346e+00   1.2868880e+00   2.7753958e+01   4.5007689e+01   9.0917276e+00   2.4031797e+00   3.6025584e+00   1.8357632e+00   9.4155698e+00   4.8958329e-01   1.5066660e-02   1.6292033e-01   7.9980483e-02   9.0065241e+01   8.4035421e+00   6.2975935e+01   5.3075990e+01   2.6168107e+01   6.0785107e+01   2.4407039e+01   3.7228316e+01   4.6433718e+01   3.5953401e+01   1.1885096e+01
   1.8794343e-01   5.2057100e+03   6.8817072e+02   7.8908405e+00   1.9610523e+01   3.2198679e+01   2.8011800e+03   6.5564655e+01   1.2189883e+02   8.8510171e-02   8.3373535e+01   5.0029744e+01   2.7652186e+03   1.7508084e+01   4.9494745e+01   2.9966691e+03   1.7939311e+01   6.2327355e+01   5.7683525e+00   2.7400520e+02   1.0185843e+02   4.5675376e+01   2.9603175e+01   2.7670590e+01   1.8019383e+01   1.2745278e+01   3.5073615e+00   1.3017689e+00   2.7494265e+01   4.4841909e+01   9.2553903e+00   2.2254013e+00   3.7842774e+00   1.7840045e+00   9.4812930e+00   4.4834051e-01   1.5066660e-02   1.6292033e-01   7.9980483e-02   9.0065241e+01   8.4035421e+00   6.2957913e+01   5.3118524e+01   2.6538522e+01   6.0473876e+01   2.4862415e+01   3.7201445e+01   4.6441479e+01   3.6085723e+01   1.3487094e+01
   1.8845467e-01   5.1913957e+03   6.6974941e+02   7.7864632e+00   1.9918979e+01   3.1961794e+01   2.8012058e+03   6.4920337e+01   1.2188222e+02   8.8133239e-02   8.3394637e+01   4.9972991e+01   2.7656833e+03   1.7672357e+01   5.1355636e+01   2.9962592e+03   1.8099168e+01   6.2323590e+01   5.2102879e+00   2.7323046e+02   1.0187824e+02   4.5673460e+01   2.9812471e+01   2.7636270e+01   1.8366930e+01   1.2650384e+01   3.8827077e+00   1.2619623e+00   2.8134752e+01   4.4978199e+01   9.3865415e+00   2.2411011e+00   3.5867397e+00   1.8383762e+00   9.3817071e+00   4.5622040e-01   2.7951402e-02   1.6000821e-01   6.2217082e-02   9.0675089e+01   6.7919575e+00   6.2920128e+01   5.3164101e+01   2.6695581e+01   6.0605207e+01   2.4916657e+01   3.7215896e+01   4.6420849e+01   3.6057434e+01   1.1949554e+01
   1.9141725e-01   5.2337812e+03   6.4798254e+02   7.8060168e+00   1.9678148e+01   3.2013054e+01   2.7997792e+03   6.5263468e+01   1.2190833e+02   9.1068874e-02   8.3378935e+01   4.9349346e+01   2.7642104e+03   1.7393412e+01   5.0091871e+01   2.9959265e+03   1.7995118e+01   6.2339044e+01   5.9045643e+00   2.7396359e+02   1.0187337e+02   4.5700783e+01   2.9348038e+01   2.7766744e+01   1.7880725e+01   1.2624410e+01   3.6542386e+00   1.2781951e+00   2.7965022e+01   4.4843576e+01   9.1939546e+00   1.9311120e+00   3.4544812e+00   1.8083169e+00   9.4444747e+00   5.2209981e-01   2.7951402e-02   1.6000821e-01   6.2217082e-02   9.0675089e+01   6.7919575e+00   6.2876754e+01   5.3228378e+01   2.6107052e+01   6.0682262e+01   2.5482509e+01   3.7221552e+01   4.6457652e+01   3.6067675e+01   1.2534141e+01
   1.9265504e-01   5.2002020e+03   6.7844268e+02   7.8399364e+00   1.9638214e+01   3.2310280e+01   2.8010054e+03   6.5500710e+01   1.2189879e+02   8.8786807e-02   8.3469772e+01   5.1311546e+01   2.7660241e+03   1.7376164e+01   4.9038646e+01   2.9964769e+03   1.7866525e+01   6.2338835e+01   4.5714698e+00   2.7322174e+02   1.0188218e+02   4.5672986e+01   3.0080134e+01   2.7666690e+01   1.7931930e+01   1.2647913e+01   3.5533681e+00   1.2696001e+00   2.7803067e+01   4.4888134e+01   9.6982396e+00   2.1845737e+00   3.9466690e+00   1.7935729e+00   9.4013105e+00   5.3021116e-01   3.9752094e-02   1.5637904e-01   7.2597267e-02   9.1271157e+01   8.3387512e+00   6.2833771e+01   5.3236934e+01   2.6393058e+01   6.0677760e+01   2.6082308e+01   3.7224561e+01   4.6408410e+01   3.5895579e+01   1.4383249e+01
   1.8910761e-01   5.1909632e+03   6.9115492e+02   7.9437160e+00   1.9382256e+01   3.2297488e+01   2.8020743e+03   6.4830572e+01   1.2191174e+02   9.1228546e-02   8.3494957e+01   5.0163293e+01   2.7662048e+03   1.7473257e+01   4.9070363e+01   2.9977992e+03   1.8106744e+01   6.2364120e+01   5.7388937e+00   2.7327865e+02   1.0187256e+02   4.5665240e+01   2.9127977e+01   2.7833845e+01   1.7838087e+01   1.2698596e+01   3.4574970e+00   1.2737291e+00   2.7885560e+01   4.5033314e+01   9.0829710e+00   2.3240500e+00   3.8942691e+00   1.7743203e+00   9.3934730e+00   4.0254209e-01   3.9752094e-02   1.5637904e-01   7.2597267e-02   9.1271157e+01   8.3387512e+00   6.2869471e+01   5.3184366e+01   2.6485831e+01   6.0569642e+01   2.6790101e+01   3.7197158e+01   4.6424642e+01   3.6016725e+01   1.4601542e+01
   1.8897560e-01   5.1697279e+03   7.2550626e+02   7.9460630e+00   1.9612537e+01   3.2168809e+01   2.8025090e+03   6.4187665e+01   1.2188371e+02   9.8039684e-02   8.3501204e+01   5.0645180e+01   2.7663883e+03   1.7677614e+01   5.2117801e+01   2.9974449e+03   1.7981056e+01   6.2375186e+01   2.8306862e+00   2.7300921e+02   1.0189357e+02   4.5671716e+01   3.0112056e+01   2.7694408e+01   1.8203470e+01   1.2792961e+01   3.6594129e+00   1.2887852e+00   2.7783856e+01   4.4968570e+01   9.2639193e+00   2.2201722e+00   3.5991468e+00   1.8035569e+00   9.3821803e+00   5.2394073e-01   3.9752094e-02   1.5637904e-01   7.2597267e-02   9.1271157e+01   8.3387512e+00   6.2878853e+01   5.3170401e+01   2.5830242e+01   6.0690807e+01   2.7428303e+01   3.7212947e+01   4.6423652e+01   3.5971038e+01   1.4357938e+01
   1.9226633e-01   5.2157135e+03   7.0399686e+02   7.8241039e+00   1.9929621e+01   3.2005112e+01   2.8013090e+03   6.4646756e+01   1.2190058e+02   1.0793282e-01   8.3490131e+01   5.2001401e+01   2.7667674e+03   1.7751175e+01   5.0170385e+01   2.9973048e+03   1.7845725e+01   6.2389024e+01   4.6627730e+00   2.7310415e+02   1.0186242e+02   4.5660858e+01   2.9173302e+01   2.7551271e+01   1.7695447e+01   1.2565002e+01   3.9590589e+00   1.3034393e+00   2.7899271e+01   4.4989066e+01   8.9648083e+00   2.2514478e+00   4.1512211e+00   1.8164121e+00   9.3377241e+00   5.1269342e-01   2.1814034e-02   1.6468503e-01   7.2996799e-02   8.9471160e+01   7.9796101e+00   6.2923879e+01   5.3130730e+01   2.6205682e+01   6.0595656e+01   2.7861263e+01   3.7233983e+01   4.6438880e+01   3.5930212e+01   1.1936809e+01
   1.9178427e-01   5.1661081e+03   6.8580777e+02   7.9036639e+00   1.9684744e+01   3.2175980e+01   2.8016189e+03   6.5403338e+01   1.2190795e+02   1.0974259e-01   8.3541842e+01   5.0583856e+01   2.7668142e+03   1.7604059e+01   5.0137911e+01   2.9977151e+03   1.8051137e+01   6.2393736e+01   6.0881835e+00   2.7297506e+02   1.0186986e+02   4.5667190e+01   2.9083449e+01   2.7548023e+01   1.7899492e+01   1.2529547e+01   4.2357779e+00   1.2884432e+00   2.7770262e+01   4.4937187e+01   9.6946605e+00   2.2531190e+00   3.8233164e+00   1.8086275e+00   9.4352984e+00   5.4945089e-01   2.1814034e-02   1.6468503e-01   7.2996799e-02   8.9471160e+01   7.9796101e+00   6.2949286e+01   5.3118899e+01   2.6641364e+01   6.0567752e+01   2.8246717e+01   3.7227263e+01   4.6433785e+01   3.6050169e+01   1.3690636e+01
   1.9166783e-01   5.1850302e+03   6.9419293e+02   7.9344650e+00   1.9408796e+01   3.2151662e+01   2.8007983e+03   6.4851552e+01   1.2190161e+02   1.1056477e-01   8.3553094e+01   5.0489614e+01   2.7659945e+03   1.7621114e+01   5.0024042e+01   2.9963495e+03   1.8021976e+01   6.2391195e+01   4.7818233e+00   2.7273075e+02   1.0183519e+02   4.5668145e+01   2.9708865e+01   2.7751535e+01   1.7907927e+01   1.2564973e+01   3.9195719e+00   1.2790052e+00   2.8155781e+01   4.4811914e+01   9.9507638e+00   2.1600082e+00   3.7275302e+00   1.7784114e+00   9.4458948e+00   5.7474343e-01   2.4114083e-02   1.3977124e-01   7.1263045e-02   8.9988779e+01   8.4209689e+00   6.2960318e+01   5.3106250e+01   2.6681904e+01   6.0424283e+01   2.7992990e+01   3.7234240e+01   4.6461154e+01   3.5973706e+01   1.2012450e+01
   1.9139474e-01   5.1841300e+03   6.8306452e+02   7.8255731e+00   1.9751027e+01   3.1990041e+01   2.8004676e+03   6.5542694e+01   1.2190859e+02   1.1260203e-01   8.3600149e+01   4.8426513e+01   2.7647920e+03   1.7574403e+01   5.1839170e+01   2.9959594e+03   1.8030928e+01   6.2404895e+01   4.7547626e+00   2.7295069e+02   1.0183840e+02   4.5630757e+01   2.9565088e+01   2.7660048e+01   1.7918349e+01   1.2637911e+01   4.1530367e+00   1.2763306e+00   2.8036250e+01   4.5065056e+01   9.0746744e+00   2.2045613e+00   3.9486145e+00   1.7963965e+00   9.5216326e+00   4.2389954e-01   2.4114083e-02   1.3977124e-01   7.1263045e-02   8.9988779e+01   8.4209689e+00   6.2954978e+01   5.3107132e+01   2.6713505e+01   6.0549531e+01   2.7093843e+01   3.7220846e+01   4.6466141e+01   3.5882893e+01   8.1908866e+00
   1.8669636e-01   5.1860809e+03   6.9870203e+02   7.8263021e+00   1.9524772e+01   3.1865481e+01   2.7987980e+03   6.4651781e+01   1.2191061e+02   1.0884208e-01   8.3595671e+01   4.9124005e+01   2.7635311e+03   1.7549309e+01   5.0090073e+01   2.9943279e+03   1.7957912e+01   6.2408332e+01   4.5980403e+00   2.7329860e+02   1.0185007e+02   4.5631331e+01   2.9736236e+01   2.7879559e+01   1.7901184e+01   1.2653730e+01   3.7440292e+00   1.2576824e+00   2.8085929e+01   4.4833818e+01   9.3120064e+00   2.1982911e+00   3.8812157e+00   1.8423479e+00   9.4555075e+00   5.3286853e-01   2.4114083e-02   1.3977124e-01   7.1263045e-02   8.9988779e+01   8.4209689e+00   6.2951824e+01   5.3105695e+01   2.6895549e+01   6.0483127e+01   2.6326000e+01   3.7208040e+01   4.6447619e+01   3.6037550e+01   1.1444858e+01
   1.8727834e-01   5.1674853e+03   7.2094305e+02   7.8762295e+00   1.9859516e+01   3.2266616e+01   2.7985015e+03   6.4887363e+01   1.2191038e+02   1.0008374e-01   8.3617142e+01   5.0545394e+01   2.7628184e+03   1.7470649e+01   4.9363697e+01   2.9937918e+03   1.7968369e+01   6.2441506e+01   5.2835836e+00   2.7316422e+02   1.0182676e+02   4.5646377e+01   2.9480281e+01   2.7686979e+01   1.8127712e+01   1.2916642e+01   3.8613953e+00   1.2815613e+00   2.8708143e+01   4.4913768e+01   8.4395176e+00   2.2215971e+00   3.8534115e+00   1.8494849e+00   9.3263757e+00   5.2467642e-01   2.6181099e-02   1.4653619e-01   8.7698734e-02   9.0400149e+01   8.2149999e+00   6.2882837e+01   5.3211903e+01   2.6357389e+01   6.0619444e+01   2.5429162e+01   3.7214444e+01   4.6447287e+01   3.6024772e+01   1.3961810e+01
   1.9127931e-01   5.1325522e+03   6.8683412e+02   7.8063114e+00   1.9655108e+01   3.2042175e+01   2.7971245e+03   6.3887242e+01   1.2189367e+02   9.1453020e-02   8.3621432e+01   4.9584115e+01   2.7627895e+03   1.7593105e+01   5.1419105e+01   2.9935767e+03   1.8209620e+01   6.2434497e+01   5.1000251e+00   2.7324805e+02   1.0185521e+02   4.5612848e+01   2.9426589e+01   2.7771962e+01   1.8475402e+01   1.2718534e+01   3.8663170e+00   1.3196795e+00   2.8376665e+01   4.4894057e+01   8.9749234e+00   2.0371053e+00   3.5367690e+00   1.7758254e+00   9.4755445e+00   4.9026108e-01   2.6181099e-02   1.4653619e-01   8.7698734e-02   9.0400149e+01   8.2149999e+00   6.2778972e+01   5.3338302e+01   2.6518000e+01   6.0677604e+01   2.5233796e+01   3.7223294e+01   4.6437266e+01   3.5988871e+01   1.1092590e+01
   1.9551110e-01   5.2168707e+03   7.1452014e+02   7.7867986e+00   1.9726906e+01   3.2425065e+01   2.7976193e+03   6.4473887e+01   1.2191938e+02   8.3754132e-02   8.3640874e+01   5.2205512e+01   2.7621722e+03   1.7353123e+01   5.1449455e+01   2.9928785e+03   1.7768915e+01   6.2451214e+01   4.5757492e+00   2.7303926e+02   1.0185708e+02   4.5596467e+01   2.9623021e+01   2.7764509e+01   1.7988693e+01   1.2792777e+01   4.5611377e+00   1.3012001e+00   2.8178420e+01   4.4890626e+01   9.4381100e+00   2.2519498e+00   3.5853200e+00   1.8128275e+00   9.5399687e+00   5.2414605e-01   2.6425732e-02   1.4805843e-01   7.6887025e-02   8.9311073e+01   8.3024658e+00   6.2728182e+01   5.3425768e+01   2.6391057e+01   6.0598489e+01   2.5584734e+01   3.7212239e+01   4.6435333e+01   3.5943232e+01   1.4820041e+01
   1.9357884e-01   5.1886207e+03   6.8624995e+02   7.8658562e+00   1.9389744e+01   3.2064326e+01   2.7972263e+03   6.5247224e+01   1.2190401e+02   7.5783038e-02   8.3638762e+01   4.9876243e+01   2.7620328e+03   1.7519879e+01   5.0708527e+01   2.9939246e+03   1.8127252e+01   6.2458288e+01   3.2481089e+00   2.7368566e+02   1.0181698e+02   4.5592764e+01   2.9266051e+01   2.7384819e+01   1.8373236e+01   1.2419404e+01   4.1257579e+00   1.3202308e+00   2.8118890e+01   4.4795804e+01   9.2692465e+00   2.1728104e+00   4.2684630e+00   1.7952625e+00   9.5931226e+00   5.2996225e-01   2.6425732e-02   1.4805843e-01   7.6887025e-02   8.9311073e+01   8.3024658e+00   6.2724123e+01   5.3365237e+01   2.6205070e+01   6.0561318e+01   2.6239701e+01   3.7223643e+01   4.6427594e+01   3.5977239e+01   1.1079207e+01
   1.9937356e-01   5.1878131e+03   6.4486066e+02   7.8793972e+00   2.0008822e+01   3.2553065e+01   2.7977888e+03   6.5977780e+01   1.2189463e+02   7.5423587e-02   8.3645143e+01   4.9097368e+01   2.7619890e+03   1.7776063e+01   4.9956639e+01   2.9936932e+03   1.8200665e+01   6.2469593e+01   4.4876192e+00   2.7345296e+02   1.0182824e+02   4.5595786e+01   2.9641531e+01   2.7737993e+01   1.8324050e+01   1.2645114e+01   3.9804372e+00   1.2564446e+00   2.7848857e+01   4.4858557e+01   9.5129454e+00   2.2913100e+00   4.2055254e+00   1.8265456e+00   9.4052760e+00   4.6339767e-01   2.6425732e-02   1.4805843e-01   7.6887025e-02   8.9311073e+01   8.3024658e+00   6.2698250e+01   5.3358677e+01   2.6418453e+01   6.0534743e+01   2.6794247e+01   3.7209447e+01   4.6426802e+01   3.5910919e+01   1.2653602e+01
   1.9817123e-01   5.1857182e+03   6.9956879e+02   7.7268240e+00   1.9897598e+01   3.2069785e+01   2.7970794e+03   6.5110873e+01   1.2191729e+02   6.3466159e-02   8.3582750e+01   4.8551372e+01   2.7620153e+03   1.7508391e+01   5.0474255e+01   2.9932947e+03   1.8055650e+01   6.2472945e+01   7.5755443e+00   2.7338177e+02   1.0182491e+02   4.5580539e+01   2.9319029e+01   2.7472431e+01   1.8294274e+01   1.2680737e+01   3.9915174e+00   1.2662571e+00   2.8128616e+01   4.5008198e+01   9.2799880e+00   2.1461963e+00   4.2278454e+00   1.7993837e+00   9.5181935e+00   5.0572322e-01   2.2354516e-02   1.5509266e-01   7.3979404e-02   8.9521961e+01   9.0175019e+00   6.2713258e+01   5.3336833e+01   2.5842485e+01   6.0742890e+01   2.7291037e+01   3.7188106e+01   4.6449660e+01   3.5958081e+01   1.2217286e+01
   2.0034725e-01   5.1752144e+03   6.4143890e+02   7.8884680e+00   1.9616164e+01   3.2051912e+01   2.7965425e+03   6.4991752e+01   1.2189897e+02   5.7945812e-02   8.3554279e+01   4.9913715e+01   2.7617793e+03   1.7801657e+01   5.0002200e+01   2.9926633e+03   1.8229334e+01   6.2432605e+01   4.8318709e+00   2.7323364e+02   1.0184866e+02   4.5561554e+01   2.9677744e+01   2.7657395e+01   1.7791330e+01   1.2648758e+01   3.5257086e+00   1.3110960e+00   2.8066894e+01   4.4890618e+01   8.9536417e+00   2.0409751e+00   4.2129644e+00   1.8172003e+00   9.5384817e+00   5.7923405e-01   2.2354516e-02   1.5509266e-01   7.3979404e-02   8.9521961e+01   9.0175019e+00   6.2722838e+01   5.3297449e+01   2.6103590e+01   6.0775043e+01   2.8163085e+01   3.7170969e+01   4.6436673e+01   3.5853664e+01   1.2471952e+01
   1.9499740e-01   5.1937148e+03   7.0712207e+02   7.7217279e+00   1.9428541e+01   3.2216163e+01   2.7976967e+03   6.4997038e+01   1.2188285e+02   4.9395094e-02   8.3481585e+01   4.8355226e+01   2.7614884e+03   1.7632775e+01   5.0525525e+01   2.9944452e+03   1.8144997e+01   6.2398763e+01   3.3694164e+00   2.7426951e+02   1.0179785e+02   4.5574740e+01   2.9557791e+01   2.7454396e+01   1.7600373e+01   1.2814862e+01   3.7131872e+00   1.2987570e+00   2.7990476e+01   4.4874318e+01   9.0866217e+00   2.0461333e+00   3.6995141e+00   1.7802036e+00   9.4865387e+00   5.2765828e-01   2.0096194e-02   1.4514579e-01   6.3865062e-02   8.9547289e+01   8.6430330e+00   6.2727988e+01   5.3275120e+01   2.6929924e+01   6.0494464e+01   2.8598834e+01   3.7170715e+01   4.6417360e+01   3.5815789e+01   1.1077608e+01
   1.8926173e-01   5.2162372e+03   6.6662800e+02   7.7997740e+00   2.0114567e+01   3.2120226e+01   2.7998205e+03   6.5785126e+01   1.2191845e+02   4.6608827e-02   8.3451007e+01   4.9559771e+01   2.7641785e+03   1.7390248e+01   5.1261173e+01   2.9949888e+03   1.8005526e+01   6.2343729e+01   3.8749259e+00   2.7337077e+02   1.0182397e+02   4.5603550e+01   2.9984138e+01   2.7811358e+01   1.7784586e+01   1.2717050e+01   3.3861714e+00   1.2758251e+00   2.8304072e+01   4.4937191e+01   9.3365148e+00   2.2813072e+00   3.9205305e+00   1.7960909e+00   9.4942672e+00   5.0704792e-01   2.0096194e-02   1.4514579e-01   6.3865062e-02   8.9547289e+01   8.6430330e+00   6.2649671e+01   5.3405452e+01   2.6525207e+01   6.0617172e+01   2.8726854e+01   3.7196577e+01   4.6403649e+01   3.5964802e+01   9.5164740e+00
   1.8516299e-01   5.1959950e+03   6.4486695e+02   7.8459759e+00   2.0088595e+01   3.2366514e+01   2.7999369e+03   6.5911015e+01   1.2189235e+02   4.9017211e-02   8.3362603e+01   4.9507208e+01   2.7647286e+03   1.7713345e+01   5.1242980e+01   2.9963058e+03   1.8094313e+01   6.2342070e+01   5.8071453e+00   2.7377664e+02   1.0182584e+02   4.5617603e+01   2.9579330e+01   2.7609821e+01   1.7825307e+01   1.2653475e+01   3.6756946e+00   1.2837839e+00   2.7868542e+01   4.5127934e+01   9.5454957e+00   2.0491852e+00   3.8099671e+00   1.8033155e+00   9.4549928e+00   5.1898962e-01   2.0096194e-02   1.4514579e-01   6.3865062e-02   8.9547289e+01   8.6430330e+00   6.2607951e+01   5.3467149e+01   2.6608873e+01   6.0597219e+01   2.8868651e+01   3.7218681e+01   4.6430757e+01   3.5812544e+01   9.6838619e+00
   1.8775021e-01   5.2151490e+03   6.8991806e+02   7.8721159e+00   1.9458333e+01   3.2459031e+01   2.8009796e+03   6.4418153e+01   1.2189705e+02   5.0973322e-02   8.3398257e+01   5.0089926e+01   2.7656139e+03   1.7438258e+01   4.8375395e+01   2.9969374e+03   1.8132086e+01   6.2321254e+01   7.4618966e+00   2.7338978e+02   1.0182020e+02   4.5636301e+01   2.9309054e+01   2.7845685e+01   1.7830062e+01   1.2755706e+01   3.9727910e+00   1.2882957e+00   2.8311101e+01   4.4856587e+01   9.3424607e+00   2.1993667e+00   3.7108163e+00   1.7679661e+00   9.4222274e+00   4.6152482e-01   3.5684316e-02   1.5804309e-01   7.3285471e-02   9.0418035e+01   8.1262557e+00   6.2663340e+01   5.3326589e+01   2.6706775e+01   6.0591374e+01   2.8657508e+01   3.7184807e+01   4.6410435e+01   3.5993388e+01   1.1151122e+01
   1.8840091e-01   5.1843076e+03   6.4669088e+02   7.7788280e+00   1.9767183e+01   3.2390356e+01   2.8021139e+03   6.5077418e+01   1.2189400e+02   6.0569335e-02   8.3415413e+01   5.0389429e+01   2.7674714e+03   1.7666128e+01   4.7978936e+01   2.9980870e+03   1.8042601e+01   6.2303127e+01   7.3234687e+00   2.7368613e+02   1.0183505e+02   4.5625646e+01   2.9494719e+01   2.7742040e+01   1.8169182e+01   1.2503207e+01   3.6591099e+00   1.3286528e+00   2.7557887e+01   4.4920545e+01   8.8603931e+00   2.2087008e+00   3.7712953e+00   1.8008266e+00   9.4064549e+00   4.3689684e-01   3.5684316e-02   1.5804309e-01   7.3285471e-02   9.0418035e+01   8.1262557e+00   6.2770716e+01   5.3198098e+01   2.6489143e+01   6.0536810e+01   2.8783839e+01   3.7209993e+01   4.6425231e+01   3.5850301e+01   1.3052641e+01
   1.9425723e-01   5.1969035e+03   6.7740379e+02   7.7955797e+00   1.9910125e+01   3.2114375e+01   2.8027926e+03   6.4918638e+01   1.2190954e+02   6.9384051e-02   8.3399619e+01   4.9967957e+01   2.7672797e+03   1.7550837e+01   4.9981562e+01   2.9989154e+03   1.8034648e+01   6.2327835e+01   5.6874439e+00   2.7364946e+02   1.0185711e+02   4.5629151e+01   2.9565911e+01   2.7645889e+01   1.7849243e+01   1.2717169e+01   4.0934941e+00   1.2593248e+00   2.7551568e+01   4.5076893e+01   8.9156967e+00   2.1681892e+00   3.8030683e+00   1.8352814e+00   9.4442920e+00   5.1400700e-01   1.2562427e-02   1.6211670e-01   6.9204909e-02   9.0261409e+01   7.7761443e+00   6.2859568e+01   5.3146035e+01   2.7367886e+01   6.0469393e+01   2.8335606e+01   3.7191936e+01   4.6446521e+01   3.5950502e+01   1.0072274e+01
   1.8878604e-01   5.1654617e+03   6.9015368e+02   7.8709004e+00   1.9777979e+01   3.2251110e+01   2.8030748e+03   6.5046147e+01   1.2188123e+02   8.1392931e-02   8.3396203e+01   5.0844764e+01   2.7681069e+03   1.7583609e+01   4.9637402e+01   2.9998115e+03   1.7884896e+01   6.2331662e+01   6.1668120e+00   2.7396395e+02   1.0186282e+02   4.5628824e+01   2.9040897e+01   2.7895391e+01   1.8101955e+01   1.2753714e+01   3.6643731e+00   1.2824522e+00   2.7901647e+01   4.5048494e+01   9.2741562e+00   2.1361172e+00   4.3746334e+00   1.8200206e+00   9.5028565e+00   4.2744500e-01   1.2562427e-02   1.6211670e-01   6.9204909e-02   9.0261409e+01   7.7761443e+00   6.2846924e+01   5.3147734e+01   2.6792593e+01   6.0603954e+01   2.7601953e+01   3.7159859e+01   4.6421570e+01   3.6099302e+01   1.3109910e+01
   1.9447186e-01   5.1753513e+03   6.8970227e+02   7.8158761e+00   1.9932337e+01   3.1802723e+01   2.8037150e+03   6.4915784e+01   1.2189118e+02   8.9766763e-02   8.3400073e+01   5.0372734e+01   2.7679581e+03   1.7805583e+01   5.0607679e+01   2.9995284e+03   1.8026488e+01   6.2323120e+01   6.2009114e+00   2.7380026e+02   1.0185357e+02   4.5632612e+01   2.9425466e+01   2.8064906e+01   1.7787545e+01   1.2723923e+01   3.8065657e+00   1.2831732e+00   2.8106086e+01   4.5071740e+01   8.8589145e+00   2.1016346e+00   3.7312790e+00   1.8448772e+00   9.4654336e+00   4.8250148e-01   1.2562427e-02   1.6211670e-01   6.9204909e-02   9.0261409e+01   7.7761443e+00   6.2847189e+01   5.3181036e+01   2.7134412e+01   6.0435746e+01   2.6341835e+01   3.7187236e+01   4.6434811e+01   3.5957142e+01   1.4063631e+01
   1.9278450e-01   5.1753785e+03   6.9934888e+02   7.7800109e+00   1.9579531e+01   3.2451908e+01   2.8048425e+03   6.5285307e+01   1.2189688e+02   1.0237346e-01   8.3457060e+01   5.1865900e+01   2.7690408e+03   1.7573376e+01   4.9801840e+01   3.0000987e+03   1.8076247e+01   6.2323008e+01   3.5826848e+00   2.7290913e+02   1.0184738e+02   4.5628142e+01   2.9205713e+01   2.7914091e+01   1.8115586e+01   1.2604135e+01   3.5412425e+00   1.2568816e+00   2.7943174e+01   4.5041882e+01   9.3142726e+00   2.1437746e+00   3.2775005e+00   1.8102295e+00   9.4195649e+00   4.9093580e-01   2.1112722e-02   1.7161721e-01   6.2659734e-02   9.0366378e+01   8.4604803e+00   6.2879444e+01   5.3132536e+01   2.7285951e+01   6.0466647e+01   2.5043216e+01   3.7193570e+01   4.6426156e+01   3.5900854e+01   1.1316241e+01
   1.9700697e-01   5.2084520e+03   7.0844294e+02   7.8474573e+00   1.9590867e+01   3.2087968e+01   2.8031455e+03   6.5057235e+01   1.2189452e+02   1.1244780e-01   8.3449526e+01   5.1007661e+01   2.7680896e+03   1.7731918e+01   4.9996260e+01   2.9993618e+03   1.8066926e+01   6.2322805e+01   5.2295998e+00   2.7296110e+02   1.0186208e+02   4.5653155e+01   2.9224121e+01   2.7824777e+01   1.7357901e+01   1.2637047e+01   3.6807868e+00   1.3053892e+00   2.8473986e+01   4.5095264e+01   9.1819575e+00   2.1360314e+00   3.9266602e+00   1.8207578e+00   9.3668764e+00   4.7304994e-01   2.1112722e-02   1.7161721e-01   6.2659734e-02   9.0366378e+01   8.4604803e+00   6.2931803e+01   5.3107209e+01   2.7182510e+01   6.0702318e+01   2.4374172e+01   3.7191336e+01   4.6428503e+01   3.5910917e+01   1.3123256e+01
   1.8852783e-01   5.1920275e+03   7.0775655e+02   7.8394893e+00   1.9995832e+01   3.2249315e+01   2.8033511e+03   6.4387554e+01   1.2190615e+02   1.1618937e-01   8.3459607e+01   4.9575637e+01   2.7682632e+03   1.7654643e+01   4.8800511e+01   2.9994555e+03   1.7865085e+01   6.2322641e+01   6.7593853e+00   2.7303538e+02   1.0183866e+02   4.5621842e+01   2.9653135e+01   2.7813804e+01   1.8060762e+01   1.2643700e+01   3.8328406e+00   1.2815849e+00   2.8241988e+01   4.4962257e+01   8.8205382e+00   2.2159297e+00   4.1247178e+00   1.7946247e+00   9.4278524e+00   5.0979127e-01   4.9284124e-02   1.4548095e-01   6.0230605e-02   8.9733598e+01   7.3109557e+00   6.2950254e+01   5.3088004e+01   2.7288886e+01   6.0587630e+01   2.4199848e+01   3.7214891e+01   4.6453244e+01   3.6081124e+01   1.3548390e+01
   1.8919591e-01   5.1910172e+03   7.0251888e+02   7.8675722e+00   1.9583859e+01   3.2072401e+01   2.8016695e+03   6.5082160e+01   1.2189410e+02   1.2239551e-01   8.3447407e+01   5.0654305e+01   2.7668390e+03   1.7284811e+01   4.9464218e+01   2.9979411e+03   1.7986264e+01   6.2355979e+01   4.3162741e+00   2.7271992e+02   1.0185983e+02   4.5668054e+01   2.9161093e+01   2.7827356e+01   1.8175029e+01   1.2707216e+01   3.8187735e+00   1.2683521e+00   2.7924394e+01   4.5170080e+01   9.2762763e+00   2.0683823e+00   3.8457748e+00   1.7819713e+00   9.3568409e+00   4.8333292e-01   4.9284124e-02   1.4548095e-01   6.0230605e-02   8.9733598e+01   7.3109557e+00   6.2848151e+01   5.3221791e+01   2.7328991e+01   6.0560337e+01   2.4389088e+01   3.7183234e+01   4.6416474e+01   3.5997781e+01   1.1259697e+01
   1.9265493e-01   5.1926353e+03   6.6715417e+02   7.8294446e+00   1.9920987e+01   3.2266858e+01   2.8001358e+03   6.4344944e+01   1.2190072e+02   1.1992702e-01   8.3508053e+01   4.9454442e+01   2.7652788e+03   1.7386371e+01   5.0083647e+01   2.9960235e+03   1.7965915e+01   6.2350355e+01   6.2510164e+00   2.7315898e+02   1.0184545e+02   4.5647216e+01   2.9428508e+01   2.7798993e+01   1.8177325e+01   1.2744547e+01   3.8355356e+00   1.2822610e+00   2.7773846e+01   4.4987309e+01   9.1874568e+00   2.1903124e+00   4.3744857e+00   1.8202551e+00   9.3662285e+00   5.0021069e-01   4.9284124e-02   1.4548095e-01   6.0230605e-02   8.9733598e+01   7.3109557e+00   6.2806928e+01   5.3311580e+01   2.6644852e+01   6.0607747e+01   2.4690038e+01   3.7155526e+01   4.6439103e+01   3.5917518e+01   1.4115529e+01
   1.9566060e-01   5.1841505e+03   6.6668222e+02   7.8331305e+00   1.9482850e+01   3.2208644e+01   2.7989931e+03   6.4513804e+01   1.2189950e+02   1.1915422e-01   8.3572543e+01   4.9831371e+01   2.7641312e+03   1.7754359e+01   5.1223792e+01   2.9948555e+03   1.8117796e+01   6.2405166e+01   4.8448540e+00   2.7305539e+02   1.0185837e+02   4.5645764e+01   2.9529086e+01   2.7850854e+01   1.7658892e+01   1.2688873e+01   4.1168641e+00   1.2512513e+00   2.8212259e+01   4.5009114e+01   9.5704798e+00   2.1629280e+00   3.3415531e+00   1.7519247e+00   9.4011742e+00   5.2233176e-01   3.8284995e-02   1.5258928e-01   6.3755385e-02   9.0217872e+01   7.5516727e+00   6.2831239e+01   5.3239878e+01   2.6204649e+01   6.0656115e+01   2.5213950e+01   3.7190374e+01   4.6441087e+01   3.6002511e+01   1.3462572e+01
   1.9262146e-01   5.1701940e+03   7.0200654e+02   7.8780907e+00   1.9696709e+01   3.1856421e+01   2.7985011e+03   6.5513106e+01   1.2190339e+02   1.1335319e-01   8.3576092e+01   4.8687464e+01   2.7630587e+03   1.7476762e+01   5.0335549e+01   2.9945855e+03   1.7909026e+01   6.2414630e+01   4.8014425e+00   2.7382945e+02   1.0181011e+02   4.5646041e+01   2.9063919e+01   2.7909269e+01   1.8276775e+01   1.2725261e+01   3.4208823e+00   1.2528418e+00   2.7897750e+01   4.4975063e+01   9.2291192e+00   2.0605209e+00   3.9390676e+00   1.8172566e+00   9.4650924e+00   4.9937897e-01   3.8284995e-02   1.5258928e-01   6.3755385e-02   9.0217872e+01   7.5516727e+00   6.2894429e+01   5.3104340e+01   2.6107234e+01   6.0674163e+01   2.5808253e+01   3.7183336e+01   4.6394128e+01   3.5975188e+01   1.2838395e+01
   1.9792141e-01   5.1925559e+03   7.2917336e+02   7.7897316e+00   1.9872532e+01   3.2150175e+01   2.7978932e+03   6.6115885e+01   1.2189966e+02   1.0316891e-01   8.3591447e+01   4.8957183e+01   2.7624029e+03   1.7390304e+01   5.0529649e+01   2.9941185e+03   1.8165969e+01   6.2439113e+01   6.9098318e+00   2.7265101e+02   1.0183606e+02   4.5634643e+01   2.9981162e+01   2.7513194e+01   1.7669497e+01   1.2596816e+01   3.8560247e+00   1.2781487e+00   2.8041768e+01   4.5018291e+01   9.5293997e+00   2.2720534e+00   3.7457985e+00   1.7700955e+00   9.4835109e+00   5.3677630e-01   1.6252226e-02   1.3679003e-01   7.4082236e-02   9.0093804e+01   8.4768373e+00   6.2942039e+01   5.3074839e+01   2.6583942e+01   6.0663909e+01   2.6092489e+01   3.7192031e+01   4.6400730e+01   3.5885675e+01   1.1588586e+01
   1.8620419e-01   5.2194214e+03   6.9232623e+02   7.9614797e+00   1.9405902e+01   3.2130793e+01   2.7974030e+03   6.3375961e+01   1.2191578e+02   1.0039335e-01   8.3624054e+01   5.0095795e+01   2.7630371e+03   1.7571513e+01   5.0160061e+01   2.9943510e+03   1.8085389e+01   6.2443875e+01   5.9651970e+00   2.7326743e+02   1.0184138e+02   4.5633207e+01   2.9613022e+01   2.7625216e+01   1.7889305e+01   1.2747617e+01   3.4373904e+00   1.2642676e+00   2.7919421e+01   4.5115772e+01   9.4115362e+00   2.0980992e+00   4.2652987e+00   1.8018442e+00   9.4137294e+00   5.0446378e-01   1.6252226e-02   1.3679003e-01   7.4082236e-02   9.0093804e+01   8.4768373e+00   6.2872524e+01   5.3196724e+01   2.6893084e+01   6.0405292e+01   2.6519565e+01   3.7200707e+01   4.6403295e+01   3.6072072e+01   1.2799082e+01
   1.8832233e-01   5.2022780e+03   7.2730083e+02   7.7268939e+00   1.9917478e+01   3.1806001e+01   2.7983735e+03   6.5266319e+01   1.2189247e+02   9.1352236e-02   8.3664514e+01   4.8097161e+01   2.7633686e+03   1.7712410e+01   5.0513792e+01   2.9941640e+03   1.7923548e+01   6.2458568e+01   4.6827840e+00   2.7328317e+02   1.0183819e+02   4.5604336e+01   2.9043900e+01   2.7634369e+01   1.7608058e+01   1.2550617e+01   4.0592730e+00   1.2819445e+00   2.8035083e+01   4.4855470e+01   8.8175000e+00   2.2690466e+00   4.0902239e+00   1.8243926e+00   9.4614866e+00   5.4379321e-01   1.6252226e-02   1.3679003e-01   7.4082236e-02   9.0093804e+01   8.4768373e+00   6.2836437e+01   5.3281273e+01   2.6975421e+01   6.0584663e+01   2.6419539e+01   3.7197778e+01   4.6447499e+01   3.5967959e+01   1.0308985e+01
   1.8749576e-01   5.1896298e+03   7.5673937e+02   7.8199680e+00   1.9300637e+01   3.2522789e+01   2.7975232e+03   6.4786782e+01   1.2189988e+02   8.7707276e-02   8.3620754e+01   5.0079416e+01   2.7624628e+03   1.7534036e+01   4.9683869e+01   2.9947192e+03   1.7953815e+01   6.2457767e+01   5.5949816e+00   2.7351413e+02   1.0181835e+02   4.5610606e+01   2.9369344e+01   2.7699589e+01   1.8183806e+01   1.2606250e+01   4.1262540e+00   1.2735526e+00   2.8034527e+01   4.4841978e+01   9.3062079e+00   2.0294146e+00   4.1321506e+00   1.8211147e+00   9.4884601e+00   5.0248173e-01   6.2229766e-03   1.5379583e-01   6.0998445e-02   9.0467118e+01   7.8031572e+00   6.2816735e+01   5.3256966e+01   2.7012804e+01   6.0566550e+01   2.6540080e+01   3.7183641e+01   4.6412258e+01   3.5800712e+01   1.0258658e+01
   1.9188969e-01   5.1858005e+03   6.8462445e+02   7.8436794e+00   1.9499345e+01   3.2084723e+01   2.7980820e+03   6.4839881e+01   1.2190364e+02   8.3768880e-02   8.3593683e+01   5.1713872e+01   2.7626095e+03   1.7701744e+01   4.9705276e+01   2.9937376e+03   1.8132822e+01   6.2436421e+01   3.0569440e+00   2.7294270e+02   1.0185836e+02   4.5587648e+01   2.9550832e+01   2.7611035e+01   1.8386712e+01   1.2634118e+01   3.9516456e+00   1.2713698e+00   2.7804289e+01   4.4853153e+01   9.6993618e+00   2.0038802e+00   4.2449208e+00   1.8361959e+00   9.5520003e+00   4.6964385e-01   6.2229766e-03   1.5379583e-01   6.0998445e-02   9.0467118e+01   7.8031572e+00   6.2827160e+01   5.3217105e+01   2.6483494e+01   6.0692306e+01   2.6496412e+01   3.7183013e+01   4.6422265e+01   3.5983575e+01   9.7501335e+00
   1.9642677e-01   5.1920040e+03   7.4294290e+02   7.7947052e+00   1.9748955e+01   3.2404096e+01   2.7978603e+03   6.4807587e+01   1.2192001e+02   7.5898647e-02   8.3592750e+01   4.9226302e+01   2.7626365e+03   1.7322736e+01   5.2050968e+01   2.9936156e+03   1.7895421e+01   6.2452007e+01   4.4721892e+00   2.7297911e+02   1.0184048e+02   4.5592413e+01   2.9414515e+01   2.7822803e+01   1.8004419e+01   1.2640822e+01   3.5758036e+00   1.2699074e+00   2.8455470e+01   4.4945556e+01   9.2966513e+00   2.1941829e+00   3.9718374e+00   1.7716991e+00   9.3969634e+00   4.0278182e-01   1.5006142e-02   1.5335899e-01   6.3522685e-02   9.0414405e+01   7.9715132e+00   6.2844754e+01   5.3187614e+01   2.6106095e+01   6.0647649e+01   2.6907008e+01   3.7204935e+01   4.6404755e+01   3.5878582e+01   1.2057298e+01
   1.9605570e-01   5.1909624e+03   6.6483756e+02   7.8656625e+00   1.9658115e+01   3.1778999e+01   2.7979100e+03   6.4984884e+01   1.2191645e+02   7.2573034e-02   8.3565626e+01   4.9759648e+01   2.7628321e+03   1.7262522e+01   4.9249530e+01   2.9937652e+03   1.7867427e+01   6.2439213e+01   3.7098129e+00   2.7346660e+02   1.0185121e+02   4.5582642e+01   2.9003770e+01   2.7760071e+01   1.7726772e+01   1.2646962e+01   3.8592715e+00   1.2940107e+00   2.7628306e+01   4.4721117e+01   9.2422522e+00   2.1944056e+00   3.8876731e+00   1.8201295e+00   9.4512525e+00   4.9534479e-01   1.5006142e-02   1.5335899e-01   6.3522685e-02   9.0414405e+01   7.9715132e+00   6.2873299e+01   5.3175687e+01   2.6565418e+01   6.0456470e+01   2.7156679e+01   3.7195361e+01   4.6421605e+01   3.5907356e+01   1.1359353e+01
   1.9560858e-01   5.2122056e+03   7.0768472e+02   7.9518872e+00   1.9843852e+01   3.2141726e+01   2.7993189e+03   6.5629274e+01   1.2189956e+02   6.8680347e-02   8.3569442e+01   5.0636636e+01   2.7649557e+03   1.7724573e+01   5.0686667e+01   2.9957495e+03   1.7973024e+01   6.2425551e+01   3.6503892e+00   2.7261938e+02   1.0185513e+02   4.5570110e+01   2.9553231e+01   2.7717102e+01   1.8130410e+01   1.2750382e+01   4.0222366e+00   1.3062716e+00   2.7892727e+01   4.4975660e+01   9.0170476e+00   2.3351341e+00   3.6127551e+00   1.7440024e+00   9.4358630e+00   4.7523419e-01   1.5006142e-02   1.5335899e-01   6.3522685e-02   9.0414405e+01   7.9715132e+00   6.2895437e+01   5.3172351e+01   2.7236356e+01   6.0390356e+01   2.6932918e+01   3.7215899e+01   4.6434027e+01   3.5981412e+01   1.6326963e+01
   1.9406381e-01   5.1635269e+03   6.8982266e+02   7.8295068e+00   1.9692629e+01   3.2266322e+01   2.8000756e+03   6.5068387e+01   1.2191891e+02   7.2203627e-02   8.3484946e+01   4.9590987e+01   2.7646349e+03   1.7714091e+01   5.1304035e+01   2.9954698e+03   1.8160316e+01   6.2406257e+01   6.3035445e+00   2.7269946e+02   1.0187010e+02   4.5597329e+01   3.0146935e+01   2.7362712e+01   1.7797220e+01   1.2644058e+01   3.9755757e+00   1.2878716e+00   2.7981356e+01   4.4883443e+01   9.2907503e+00   2.1331123e+00   3.8619925e+00   1.7967783e+00   9.4722555e+00   5.0078465e-01   2.9405386e-02   1.5583664e-01   8.3559868e-02   9.1609377e+01   8.3318229e+00   6.2875655e+01   5.3235544e+01   2.6865622e+01   6.0475930e+01   2.6239427e+01   3.7185138e+01   4.6462292e+01   3.6042463e+01   1.0957344e+01
   1.8586359e-01   5.1674675e+03   6.9292613e+02   7.8440265e+00   1.9756481e+01   3.2310223e+01   2.7999446e+03   6.4580409e+01   1.2190693e+02   7.1871185e-02   8.3490659e+01   4.7896591e+01   2.7646882e+03   1.7515369e+01   5.2192614e+01   2.9964784e+03   1.8000227e+01   6.2373974e+01   3.3567414e+00   2.7344936e+02   1.0184571e+02   4.5583389e+01   2.9476254e+01   2.7720909e+01   1.8116796e+01   1.2729072e+01   4.0295105e+00   1.2711229e+00   2.8299000e+01   4.4839624e+01   9.6712635e+00   2.2409863e+00   3.6353775e+00   1.8141819e+00   9.5702493e+00   4.9002660e-01   2.9405386e-02   1.5583664e-01   8.3559868e-02   9.1609377e+01   8.3318229e+00   6.2825067e+01   5.3272007e+01   2.6763143e+01   6.0413998e+01   2.5436606e+01   3.7174719e+01   4.6445152e+01   3.5818141e+01   1.3639533e+01
   1.9031305e-01   5.1862303e+03   7.2412800e+02   7.8316547e+00   1.9543155e+01   3.2184748e+01   2.8007538e+03   6.5445253e+01   1.2188669e+02   7.5292829e-02   8.3472931e+01   5.0370181e+01   2.7660995e+03   1.7370287e+01   5.1553226e+01   2.9972303e+03   1.7986023e+01   6.2359285e+01   5.4397216e+00   2.7346974e+02   1.0189743e+02   4.5587719e+01   2.9750068e+01   2.7548805e+01   1.8540493e+01   1.2810208e+01   3.8270232e+00   1.2588034e+00   2.7822290e+01   4.4954970e+01   8.9139362e+00   2.2112066e+00   3.6919367e+00   1.7641167e+00   9.4061643e+00   5.3532671e-01   3.7597287e-02   1.5852972e-01   7.7451734e-02   9.0105084e+01   8.2567525e+00   6.2818939e+01   5.3289655e+01   2.6808963e+01   6.0528523e+01   2.4834742e+01   3.7201082e+01   4.6450078e+01   3.5931245e+01   1.0958468e+01
   1.9368827e-01   5.1822663e+03   7.1799842e+02   7.9186617e+00   1.9614143e+01   3.1931217e+01   2.8007833e+03   6.5247420e+01   1.2189123e+02   7.8193399e-02   8.3454852e+01   5.0210313e+01   2.7648002e+03   1.7450381e+01   4.9159916e+01   2.9967679e+03   1.7836828e+01   6.2359182e+01   3.9419216e+00   2.7325395e+02   1.0188700e+02   4.5588121e+01   2.9734825e+01   2.7712805e+01   1.7814522e+01   1.2688469e+01   4.0086423e+00   1.2653449e+00   2.7877791e+01   4.5014816e+01   9.4853645e+00   2.3201950e+00   4.0114469e+00   1.8320037e+00   9.4206045e+00   5.0627053e-01   3.7597287e-02   1.5852972e-01   7.7451734e-02   9.0105084e+01   8.2567525e+00   6.2806871e+01   5.3250817e+01   2.6607654e+01   6.0577154e+01   2.4634002e+01   3.7198016e+01   4.6442927e+01   3.5998912e+01   8.8353830e+00
   1.8964570e-01   5.1919702e+03   7.1476507e+02   7.8447916e+00   1.9782878e+01   3.1754829e+01   2.8021129e+03   6.5612468e+01   1.2192768e+02   8.5369192e-02   8.3504771e+01   4.7503915e+01   2.7672495e+03   1.7528643e+01   4.9243606e+01   2.9976737e+03   1.8022494e+01   6.2358769e+01   4.8680990e+00   2.7306445e+02   1.0186874e+02   4.5577604e+01   2.9789279e+01   2.7578688e+01   1.8249393e+01   1.2716737e+01   4.0447620e+00   1.2339544e+00   2.7916317e+01   4.4985105e+01   9.7041058e+00   2.0895550e+00   3.4567554e+00   1.7889784e+00   9.4249790e+00   4.3315959e-01   3.7597287e-02   1.5852972e-01   7.7451734e-02   9.0105084e+01   8.2567525e+00   6.2808032e+01   5.3212167e+01   2.6597365e+01   6.0672749e+01   2.4743446e+01   3.7155573e+01   4.6412842e+01   3.6039051e+01   1.5205196e+01
   1.9144859e-01   5.1474552e+03   6.8259627e+02   7.7692196e+00   1.9797475e+01   3.1875808e+01   2.8018202e+03   6.4656447e+01   1.2188719e+02   9.1008852e-02   8.3531622e+01   4.9913599e+01   2.7660543e+03   1.7336496e+01   4.8398254e+01   2.9972389e+03   1.8059506e+01   6.2377996e+01   5.4635844e+00   2.7259066e+02   1.0185678e+02   4.5555659e+01   2.9436998e+01   2.7839279e+01   1.7803273e+01   1.2673089e+01   3.5149512e+00   1.2464420e+00   2.8029191e+01   4.4923656e+01   9.2414516e+00   2.0991864e+00   3.6577733e+00   1.7271713e+00   9.4180393e+00   4.5010454e-01   2.6986236e-02   1.5541691e-01   7.5007151e-02   9.0249134e+01   7.3898136e+00   6.2796738e+01   5.3208592e+01   2.6930276e+01   6.0581103e+01   2.5256052e+01   3.7161813e+01   4.6407992e+01   3.6033938e+01   9.1134601e+00
   1.8965454e-01   5.1759663e+03   7.0388303e+02   7.7745466e+00   1.9964267e+01   3.2230473e+01   2.8001984e+03   6.5065272e+01   1.2191077e+02   8.9146613e-02   8.3469940e+01   4.9235637e+01   2.7648534e+03   1.7599752e+01   4.8556169e+01   2.9966371e+03   1.8173159e+01   6.2345025e+01   8.4442115e+00   2.7320707e+02   1.0186293e+02   4.5565061e+01   2.9684024e+01   2.7791613e+01   1.8035941e+01   1.2509790e+01   3.9072495e+00   1.3056467e+00   2.8243240e+01   4.4899533e+01   9.1034663e+00   2.0804478e+00   3.5990205e+00   1.8242696e+00   9.4141683e+00   5.4287896e-01   2.6986236e-02   1.5541691e-01   7.5007151e-02   9.0249134e+01   7.3898136e+00   6.2776300e+01   5.3245494e+01   2.6798325e+01   6.0536414e+01   2.5748485e+01   3.7182779e+01   4.6388503e+01   3.5940953e+01   1.1650630e+01
   1.8821710e-01   5.2071454e+03   7.2040727e+02   7.8595959e+00   1.9485813e+01   3.2256237e+01   2.8004973e+03   6.5161342e+01   1.2188889e+02   8.9768692e-02   8.3509318e+01   5.0357019e+01   2.7650468e+03   1.7647484e+01   5.0257659e+01   2.9958269e+03   1.7912680e+01   6.2347124e+01   4.7469343e+00   2.7244743e+02   1.0186094e+02   4.5574392e+01   2.9570086e+01   2.7701979e+01   1.7664784e+01   1.2427447e+01   3.8910470e+00   1.2704146e+00   2.8048676e+01   4.4996916e+01   9.0262203e+00   2.2938271e+00   3.9309182e+00   1.8286811e+00   9.4622814e+00   5.2602637e-01   2.5689529e-02   1.5126371e-01   7.8089082e-02   9.0458917e+01   8.3254073e+00   6.2793243e+01   5.3243088e+01   2.6301049e+01   6.0605105e+01   2.6023159e+01   3.7179848e+01   4.6428984e+01   3.5998877e+01   1.0776287e+01
   1.8880687e-01   5.1804143e+03   6.7446495e+02   7.7218956e+00   1.9816112e+01   3.2238059e+01   2.7739959e+03   6.5171095e+01   1.2189337e+02   5.3921026e-02   8.3716401e+01   5.0303549e+01   2.7380041e+03   1.7637116e+01   4.7483907e+01   2.9719525e+03   1.7995741e+01   6.2792836e+01   6.2349591e+00   2.7524895e+02   1.0198779e+02   4.5497925e+01   2.9801269e+01   2.7755011e+01   1.7926349e+01   1.2670947e+01   4.1868195e+00   1.2628537e+00   2.7757724e+01   4.5034188e+01   9.1815101e+00   2.1533735e+00   3.7692966e+00   1.8016284e+00   9.3444522e+00   4.3533679e-01   2.5689529e-02   1.5126371e-01   7.8089082e-02   9.0458917e+01   8.3254073e+00   6.2791185e+01   5.3249671e+01   2.6718022e+01   6.0555695e+01   2.6373063e+01   3.7175362e+01   4.6407891e+01   3.6019438e+01   1.2460150e+01
   1.8831813e-01   5.2061313e+03   6.9177309e+02   7.8673677e+00   1.9465750e+01   3.2039219e+01   2.7769127e+03   6.4692569e+01   1.2189669e+02   3.1326192e-02   8.3848546e+01   4.9466445e+01   2.7416020e+03   1.7599790e+01   4.8346117e+01   2.9736697e+03   1.8076041e+01   6.2706528e+01   2.8109666e+00   2.7309772e+02   1.0183617e+02   4.5494565e+01   2.9284908e+01   2.7679929e+01   1.8018113e+01   1.2737480e+01   3.5428344e+00   1.2962539e+00   2.8010062e+01   4.5063380e+01   9.1528955e+00   2.2190406e+00   4.3555824e+00   1.8199767e+00   9.4779976e+00   5.4324300e-01   2.5689529e-02   1.5126371e-01   7.8089082e-02   9.0458917e+01   8.3254073e+00   6.2799582e+01   5.3256963e+01   2.6601724e+01   6.0617164e+01   2.7384801e+01   3.7180031e+01   4.6412136e+01   3.5883148e+01   1.3351644e+01
   1.9027331e-01   5.1959758e+03   7.1805447e+02   7.8514884e+00   2.0022215e+01   3.2348568e+01   2.7779012e+03   6.4397346e+01   1.2188921e+02   2.1674016e-02   8.3722228e+01   5.1869864e+01   2.7414331e+03   1.7738041e+01   4.7583309e+01   2.9779896e+03   1.8024082e+01   6.2621581e+01   2.5528660e+00   2.7693298e+02   1.0184744e+02   4.5505556e+01   2.8935824e+01   2.8210130e+01   1.7558127e+01   1.3029191e+01   3.5748958e+00   1.2745584e+00   2.7832370e+01   4.5301487e+01   8.9085832e+00   2.2537302e+00   3.5016408e+00   1.8262139e+00   9.5620535e+00   5.3118267e-01   2.1193169e-02   1.7835820e-01   6.9435205e-02   9.0345448e+01   7.8793419e+00   6.2800236e+01   5.3237254e+01   2.6521349e+01   6.0492833e+01   2.8942578e+01   3.7189041e+01   4.6389562e+01   3.5970172e+01   1.0663504e+01
   1.8957085e-01   5.1550322e+03   6.7126166e+02   7.8638424e+00   1.9779818e+01   3.2118855e+01   2.7831466e+03   6.6154232e+01   1.2190909e+02   1.6075117e-02   8.3725437e+01   5.0678724e+01   2.7479214e+03   1.7675400e+01   5.0405117e+01   2.9798287e+03   1.8108309e+01   6.2513578e+01   6.2665613e+00   2.7317311e+02   1.0186389e+02   4.5485324e+01   2.8965134e+01   2.8029243e+01   1.7660480e+01   1.2639212e+01   3.9236922e+00   1.2882243e+00   2.7555038e+01   4.5486584e+01   8.9361170e+00   2.3040601e+00   3.7084870e+00   1.8140473e+00   9.6184665e+00   4.8107980e-01   2.1193169e-02   1.7835820e-01   6.9435205e-02   9.0345448e+01   7.8793419e+00   6.2785550e+01   5.3239694e+01   2.6342183e+01   6.0469986e+01   3.0598982e+01   3.7176999e+01   4.6385039e+01   3.5764061e+01   1.4273338e+01
   1.9152663e-01   5.1646226e+03   7.1336253e+02   7.8861542e+00   1.9257749e+01   3.1892601e+01   2.7853253e+03   6.4842784e+01   1.2190654e+02   1.4744273e-02   8.3612345e+01   5.0329965e+01   2.7508145e+03   1.7605271e+01   4.9082433e+01   2.9845214e+03   1.8037168e+01   6.2465694e+01   5.8142076e+00   2.7479532e+02   1.0185255e+02   4.5531161e+01   2.9128670e+01   2.8175771e+01   1.7854647e+01   1.2768950e+01   3.9688462e+00   1.2364862e+00   2.7347740e+01   4.5451087e+01   8.8329315e+00   2.4123225e+00   4.0544760e+00   1.8072048e+00   9.5858200e+00   5.0234899e-01   3.3764268e-02   1.6556641e-01   5.9782402e-02   9.0974043e+01   8.4869654e+00   6.2794116e+01   5.3257101e+01   2.6165067e+01   6.0609892e+01   3.2068469e+01   3.7183334e+01   4.6423944e+01   3.5651258e+01   1.1831440e+01
   1.9091124e-01   5.1706554e+03   7.2392791e+02   7.8754459e+00   1.9187611e+01   3.2066038e+01   2.7911076e+03   6.4935847e+01   1.2191061e+02   2.1510337e-02   8.3685013e+01   4.9303581e+01   2.7557894e+03   1.7591473e+01   5.0010390e+01   2.9887082e+03   1.7919759e+01   6.2455427e+01   6.8142159e+00   2.7322059e+02   1.0185785e+02   4.5504626e+01   2.9104088e+01   2.7946549e+01   1.7617051e+01   1.2652798e+01   3.8836696e+00   1.2739922e+00   2.7552319e+01   4.5318360e+01   8.6443718e+00   2.3180564e+00   4.2887765e+00   1.8655939e+00   9.4800821e+00   4.5190014e-01   3.3764268e-02   1.6556641e-01   5.9782402e-02   9.0974043e+01   8.4869654e+00   6.2810811e+01   5.3224851e+01   2.5984083e+01   6.0607837e+01   3.3831151e+01   3.7134944e+01   4.6402958e+01   3.5831788e+01   1.0443552e+01
   1.9161604e-01   5.1745380e+03   6.9991837e+02   7.7986191e+00   1.9838781e+01   3.1978341e+01   2.7952292e+03   6.5309803e+01   1.2187784e+02   2.6205403e-02   8.3694528e+01   5.2768527e+01   2.7598904e+03   1.7655928e+01   4.9283192e+01   2.9931829e+03   1.7826721e+01   6.2431516e+01   5.3756925e+00   2.7412050e+02   1.0181844e+02   4.5507957e+01   2.9272767e+01   2.8134118e+01   1.7744013e+01   1.2689641e+01   3.7579247e+00   1.3181061e+00   2.7750913e+01   4.5440386e+01   8.9687953e+00   2.2416427e+00   3.9648489e+00   1.8412559e+00   9.3838037e+00   4.9591701e-01   3.3764268e-02   1.6556641e-01   5.9782402e-02   9.0974043e+01   8.4869654e+00   6.2853564e+01   5.3221739e+01   2.6478086e+01   6.0606145e+01   3.5650791e+01   3.7131501e+01   4.6415097e+01   3.5649783e+01   1.0179843e+01
   1.8923784e-01   5.1555999e+03   6.7536768e+02   7.8687385e+00   1.9939537e+01   3.2278391e+01   2.7975029e+03   6.4547210e+01   1.2189533e+02   3.7437157e-02   8.3618720e+01   5.0312658e+01   2.7627402e+03   1.7657363e+01   4.8735663e+01   2.9968675e+03   1.8073278e+01   6.2405132e+01   4.5235587e+00   2.7449433e+02   1.0183174e+02   4.5487749e+01   2.8942871e+01   2.7788549e+01   1.7935785e+01   1.2688645e+01   4.0456859e+00   1.2985091e+00   2.7592862e+01   4.5423695e+01   8.7111419e+00   2.2601887e+00   3.7428763e+00   1.8223944e+00   9.5374993e+00   5.7595131e-01   3.4148932e-02   1.5104073e-01   6.2537908e-02   8.9209385e+01   8.4529272e+00   6.2843389e+01   5.3216552e+01   2.6092486e+01   6.0501547e+01   3.7474193e+01   3.7128517e+01   4.6382062e+01   3.5832545e+01   1.4039972e+01
   1.9198027e-01   5.1901081e+03   6.3850034e+02   7.8322346e+00   1.9586949e+01   3.2408048e+01   2.7992945e+03   6.4900675e+01   1.2190071e+02   4.8475749e-02   8.3544271e+01   4.9955817e+01   2.7634813e+03   1.7745014e+01   4.9584373e+01   2.9990794e+03   1.8145193e+01   6.2396499e+01   4.5918395e+00   2.7523871e+02   1.0185172e+02   4.5526682e+01   2.9561267e+01   2.7823565e+01   1.7693797e+01   1.2609223e+01   4.2232674e+00   1.2804257e+00   2.7861049e+01   4.5645398e+01   8.5894268e+00   2.2754476e+00   4.0318052e+00   1.8403098e+00   9.5779948e+00   4.4361821e-01   3.4148932e-02   1.5104073e-01   6.2537908e-02   8.9209385e+01   8.4529272e+00   6.2840546e+01   5.3252352e+01   2.6437727e+01   6.0555987e+01   3.9032740e+01   3.7134456e+01   4.6412850e+01   3.5718635e+01   9.4319861e+00
   1.8777375e-01   5.1770343e+03   6.6137644e+02   7.9505670e+00   1.9957620e+01   3.1848264e+01   2.8022963e+03   6.5519724e+01   1.2191648e+02   6.5262821e-02   8.3584265e+01   4.9323953e+01   2.7671510e+03   1.7721062e+01   5.0270845e+01   2.9995377e+03   1.7986923e+01   6.2360396e+01   2.9950152e+00   2.7233644e+02   1.0183844e+02   4.5513415e+01   2.8847442e+01   2.7971571e+01   1.7791900e+01   1.2747479e+01   3.5145261e+00   1.2775915e+00   2.7136420e+01   4.5401522e+01   8.9173380e+00   2.3461960e+00   4.3913083e+00   1.8384341e+00   9.5101163e+00   4.1876470e-01   4.1414402e-02   1.7539302e-01   7.0721709e-02   9.0845962e+01   8.4989207e+00   6.2814173e+01   5.3249661e+01   2.6477810e+01   6.0606193e+01   4.0453737e+01   3.7096930e+01   4.6400120e+01   3.5638133e+01   1.4356739e+01
   1.9163633e-01   5.1565822e+03   6.7781271e+02   7.8908204e+00   1.9259982e+01   3.2214392e+01   2.8026916e+03   6.5262374e+01   1.2189960e+02   7.7520493e-02   8.3539852e+01   5.0734998e+01   2.7679396e+03   1.7551345e+01   4.9752532e+01   2.9993389e+03   1.8129889e+01   6.2343291e+01   5.6672149e+00   2.7183800e+02   1.0181407e+02   4.5514275e+01   2.9385699e+01   2.7839025e+01   1.7830411e+01   1.2702185e+01   3.5652270e+00   1.2665339e+00   2.7585681e+01   4.5266288e+01   8.9585769e+00   2.1966953e+00   4.1355257e+00   1.8614817e+00   9.5050963e+00   5.3671664e-01   4.1414402e-02   1.7539302e-01   7.0721709e-02   9.0845962e+01   8.4989207e+00   6.2796293e+01   5.3228513e+01   2.6029840e+01   6.0700202e+01   4.1522853e+01   3.7047708e+01   4.6381917e+01   3.5753657e+01   9.3714085e+00
   1.9117728e-01   5.2114093e+03   7.1475911e+02   7.9061892e+00   2.0283788e+01   3.1825852e+01   2.8034323e+03   6.4813086e+01   1.2189611e+02   8.5751422e-02   8.3532604e+01   4.9828662e+01   2.7673687e+03   1.7512704e+01   4.7585713e+01   3.0004950e+03   1.7793035e+01   6.2325149e+01   7.2590806e+00   2.7294237e+02   1.0185344e+02   4.5510319e+01   2.9015817e+01   2.7949185e+01   1.7482550e+01   1.2566708e+01   3.7686700e+00   1.3274833e+00   2.7361567e+01   4.5447483e+01   8.3850755e+00   2.2861380e+00   4.5704969e+00   1.8386989e+00   9.4267177e+00   5.8938553e-01   4.1414402e-02   1.7539302e-01   7.0721709e-02   9.0845962e+01   8.4989207e+00   6.2778316e+01   5.3253584e+01   2.6035027e+01   6.0817822e+01   4.2669028e+01   3.7037944e+01   4.6361372e+01   3.5556650e+01   1.3547384e+01
   1.8824934e-01   5.2077851e+03   6.5946127e+02   7.9135892e+00   1.9521049e+01   3.1819867e+01   2.8037661e+03   6.4649821e+01   1.2191001e+02   9.3928085e-02   8.3552819e+01   5.0447500e+01   2.7695548e+03   1.7582536e+01   5.0136891e+01   3.0006787e+03   1.8092742e+01   6.2292559e+01   4.1448221e+00   2.7197174e+02   1.0181928e+02   4.5512810e+01   2.9181547e+01   2.7697459e+01   1.7722404e+01   1.2702300e+01   3.7405319e+00   1.3387020e+00   2.7822331e+01   4.5355669e+01   8.8877872e+00   2.2135817e+00   4.0008610e+00   1.8371632e+00   9.3542290e+00   5.1410890e-01   1.7498956e-02   1.6878127e-01   6.7418793e-02   9.0626578e+01   8.4429202e+00   6.2769934e+01   5.3276936e+01   2.6276297e+01   6.0574985e+01   4.3951649e+01   3.7024390e+01   4.6362050e+01   3.5616155e+01   1.1158902e+01
   1.8681931e-01   5.1899579e+03   7.0869780e+02   7.9438821e+00   1.9734652e+01   3.1920902e+01   2.8038249e+03   6.5629681e+01   1.2192083e+02   1.1170600e-01   8.3508363e+01   5.1710911e+01   2.7680599e+03   1.7607088e+01   4.9627758e+01   3.0017094e+03   1.7898391e+01   6.2316717e+01   5.6893721e+00   2.7316308e+02   1.0186443e+02   4.5539182e+01   2.8685250e+01   2.8007727e+01   1.8052510e+01   1.2851543e+01   3.9612564e+00   1.3060686e+00   2.7967081e+01   4.5532177e+01   9.1447607e+00   2.1606464e+00   4.3823578e+00   1.8120652e+00   9.4323121e+00   4.4041411e-01   1.7498956e-02   1.6878127e-01   6.7418793e-02   9.0626578e+01   8.4429202e+00   6.2753729e+01   5.3326856e+01   2.5970198e+01   6.0793015e+01   4.4587588e+01   3.7005801e+01   4.6365583e+01   3.5670931e+01   1.1055017e+01
   1.9440828e-01   5.1603509e+03   6.9145604e+02   7.8078057e+00   1.9713095e+01   3.2103553e+01   2.8039784e+03   6.4739068e+01   1.2189092e+02   1.2179428e-01   8.3517145e+01   4.9003355e+01   2.7683821e+03   1.7570309e+01   5.0189069e+01   2.9995936e+03   1.7983160e+01   6.2315389e+01   4.9191624e+00   2.7183439e+02   1.0188681e+02   4.5542212e+01   2.8984393e+01   2.7958751e+01   1.7444773e+01   1.2682393e+01   4.1100911e+00   1.2977688e+00   2.7292215e+01   4.5495522e+01   9.2196818e+00   2.1323326e+00   4.0551941e+00   1.7910174e+00   9.4191276e+00   5.1665452e-01   2.2708158e-02   1.4736438e-01   8.1645274e-02   8.9415529e+01   8.3172771e+00   6.2730537e+01   5.3360862e+01   2.5461515e+01   6.0815991e+01   4.5606683e+01   3.6964335e+01   4.6326125e+01   3.5609621e+01   1.3139231e+01
   1.9058030e-01   5.1835043e+03   7.1005354e+02   7.8703519e+00   1.9746615e+01   3.2027724e+01   2.8016877e+03   6.5558531e+01   1.2190450e+02   1.3171430e-01   8.3451266e+01   5.0119536e+01   2.7667970e+03   1.7747066e+01   4.9834036e+01   3.0002081e+03   1.7930003e+01   6.2286385e+01   6.8788412e+00   2.7398856e+02   1.0185325e+02   4.5559352e+01   2.9425753e+01   2.8009773e+01   1.8018739e+01   1.2655924e+01   4.3532629e+00   1.2605383e+00   2.7900516e+01   4.5429140e+01   8.6666845e+00   2.1844848e+00   3.9356235e+00   1.8293771e+00   9.4811160e+00   5.5784862e-01   2.2708158e-02   1.4736438e-01   8.1645274e-02   8.9415529e+01   8.3172771e+00   6.2822069e+01   5.3242543e+01   2.6130441e+01   6.0671200e+01   4.6149765e+01   3.6941951e+01   4.6300842e+01   3.5551631e+01   1.2839434e+01
   1.9075421e-01   5.1662270e+03   7.2273921e+02   7.8132851e+00   2.0217177e+01   3.1941833e+01   2.8015905e+03   6.5437965e+01   1.2191354e+02   1.3172735e-01   8.3530297e+01   5.0375740e+01   2.7662926e+03   1.7678919e+01   4.9580305e+01   2.9983210e+03   1.8024399e+01   6.2288315e+01   4.1981688e+00   2.7285760e+02   1.0185210e+02   4.5533631e+01   2.9289741e+01   2.8064066e+01   1.8111292e+01   1.2783851e+01   3.9110320e+00   1.3079137e+00   2.7789085e+01   4.5417444e+01   8.7043524e+00   2.3813836e+00   4.4023114e+00   1.8232509e+00   9.4070475e+00   5.6078326e-01   2.2708158e-02   1.4736438e-01   8.1645274e-02   8.9415529e+01   8.3172771e+00   6.2881751e+01   5.3212051e+01   2.5841015e+01   6.0854429e+01   4.6512648e+01   3.6941645e+01   4.6311290e+01   3.5707206e+01   1.4738932e+01
   1.9450795e-01   5.1926970e+03   6.6081117e+02   7.9345451e+00   1.9597888e+01   3.2165765e+01   2.7994953e+03   6.4915966e+01   1.2190513e+02   1.2934492e-01   8.3500609e+01   5.0286743e+01   2.7633418e+03   1.7758358e+01   4.9491517e+01   2.9970800e+03   1.8122045e+01   6.2319787e+01   2.9330378e+00   2.7363774e+02   1.0184735e+02   4.5529197e+01   2.9289583e+01   2.7850876e+01   1.7638259e+01   1.2699324e+01   3.7973271e+00   1.3544571e+00   2.7726742e+01   4.5205656e+01   9.2357069e+00   2.2834496e+00   4.0604437e+00   1.8392821e+00   9.4084612e+00   5.8180506e-01   6.5536130e-03   1.6801477e-01   7.1505654e-02   9.0665425e+01   8.3316897e+00   6.2873421e+01   5.3244000e+01   2.6297078e+01   6.0690520e+01   4.6441508e+01   3.6925755e+01   4.6303614e+01   3.5669209e+01   1.3184618e+01
   1.8967372e-01   5.2202827e+03   7.1694143e+02   7.8348226e+00   1.9897489e+01   3.2431891e+01   2.7978568e+03   6.5779747e+01   1.2188982e+02   1.2226124e-01   8.3530206e+01   4.9470471e+01   2.7628792e+03   1.7641946e+01   4.9835563e+01   2.9945716e+03   1.7967422e+01   6.2323364e+01   4.7395046e+00   2.7309416e+02   1.0185132e+02   4.5515814e+01   2.9373325e+01   2.8001271e+01   1.8033534e+01   1.2686750e+01   3.9534472e+00   1.2816261e+00   2.7791236e+01   4.5448051e+01   8.9419729e+00   2.2508549e+00   4.4475818e+00   1.8099025e+00   9.3873116e+00   4.9113873e-01   6.5536130e-03   1.6801477e-01   7.1505654e-02   9.0665425e+01   8.3316897e+00   6.2824658e+01   5.3317898e+01   2.6123660e+01   6.1003716e+01   4.6346207e+01   3.6909797e+01   4.6283053e+01   3.5673789e+01   1.1740137e+01
   1.9214342e-01   5.1680076e+03   7.2923032e+02   7.8571153e+00   1.9625993e+01   3.2165506e+01   2.7966023e+03   6.4906470e+01   1.2189006e+02   1.0896441e-01   8.3504045e+01   5.1153075e+01   2.7617284e+03   1.7541958e+01   5.1436231e+01   2.9947589e+03   1.8011348e+01   6.2335457e+01   5.7273094e+00   2.7417462e+02   1.0188123e+02   4.5533632e+01   2.9457091e+01   2.7880730e+01   1.7862152e+01   1.2497056e+01   3.6243667e+00   1.2748878e+00   2.7748153e+01   4.5260386e+01   9.4253357e+00   2.2492398e+00   3.9668038e+00   1.8300150e+00   9.4320806e+00   4.5896305e-01   2.1140344e-02   1.4191440e-01   7.0573481e-02   8.9985407e+01   7.8404189e+00   6.2817917e+01   5.3344385e+01   2.6903717e+01   6.0788067e+01   4.6744262e+01   3.6852200e+01   4.6288264e+01   3.5551541e+01   1.3191780e+01
   1.9082117e-01   5.1844057e+03   6.9726950e+02   7.8296433e+00   1.9582943e+01   3.2220975e+01   2.7960117e+03   6.5158961e+01   1.2190761e+02   1.0023162e-01   8.3462310e+01   4.9833051e+01   2.7608859e+03   1.7546551e+01   5.0154941e+01   2.9944311e+03   1.8016462e+01   6.2334109e+01   5.0255778e+00   2.7439382e+02   1.0188050e+02   4.5534964e+01   2.9193409e+01   2.7816492e+01   1.8172526e+01   1.2773920e+01   3.9281421e+00   1.2815735e+00   2.7070084e+01   4.5408051e+01   9.0437430e+00   2.1687600e+00   3.7662181e+00   1.8471259e+00   9.4307559e+00   5.4668999e-01   2.1140344e-02   1.4191440e-01   7.0573481e-02   8.9985407e+01   7.8404189e+00   6.2736921e+01   5.3463718e+01   2.6243018e+01   6.0783467e+01   4.6992734e+01   3.6839226e+01   4.6235209e+01   3.5534677e+01   1.0666289e+01
   1.9261684e-01   5.1617129e+03   6.6908931e+02   7.8091407e+00   2.0165299e+01   3.2063968e+01   2.7964226e+03   6.5695317e+01   1.2188612e+02   8.9717823e-02   8.3497444e+01   4.9752991e+01   2.7610525e+03   1.7620706e+01   5.0345953e+01   2.9939571e+03   1.8130558e+01   6.2349727e+01   5.9061278e+00   2.7366735e+02   1.0186459e+02   4.5529186e+01   2.9139418e+01   2.7920415e+01   1.7805916e+01   1.2594075e+01   3.2764018e+00   1.2761936e+00   2.7599844e+01   4.5345270e+01   8.9584726e+00   2.0726912e+00   3.9564455e+00   1.8325810e+00   9.5106332e+00   4.7058925e-01   2.1140344e-02   1.4191440e-01   7.0573481e-02   8.9985407e+01   7.8404189e+00   6.2677066e+01   5.3548755e+01   2.6545600e+01   6.0806561e+01   4.6947374e+01   3.6866574e+01   4.6224825e+01   3.5548154e+01   1.1097476e+01
   1.9421862e-01   5.1794522e+03   6.9853872e+02   7.7550891e+00   1.9608090e+01   3.2019801e+01   2.7980361e+03   6.5505173e+01   1.2192484e+02   8.3165519e-02   8.3517360e+01   4.8048089e+01   2.7633773e+03   1.7671236e+01   4.9840908e+01   2.9937013e+03   1.8002875e+01   6.2327638e+01   4.9747219e+00   2.7188422e+02   1.0182735e+02   4.5546410e+01   2.9453849e+01   2.7929862e+01   1.7787960e+01   1.2579621e+01   4.0365533e+00   1.2951700e+00   2.7687746e+01   4.5313030e+01   8.8456231e+00   2.1367691e+00   3.9505691e+00   1.8021104e+00   9.3677922e+00   3.6076611e-01   2.5905199e-02   1.6210006e-01   6.4365313e-02   9.0487396e+01   7.7631507e+00   6.2737911e+01   5.3469613e+01   2.6468131e+01   6.0858893e+01   4.7382438e+01   3.6844250e+01   4.6249644e+01   3.5534745e+01   1.3620645e+01
   1.9053399e-01   5.1763686e+03   6.8511301e+02   7.8137844e+00   2.0264498e+01   3.2374831e+01   2.7981796e+03   6.4216971e+01   1.2190056e+02   7.6333531e-02   8.3450714e+01   5.0517500e+01   2.7632978e+03   1.7845689e+01   4.8345088e+01   2.9950142e+03   1.8099380e+01   6.2318355e+01   3.9296382e+00   2.7304118e+02   1.0185693e+02   4.5564711e+01   2.9275457e+01   2.7971903e+01   1.7746783e+01   1.2644381e+01   3.4265722e+00   1.2692285e+00   2.7727623e+01   4.5272467e+01   8.7417551e+00   2.2726644e+00   4.4188496e+00   1.7979574e+00   9.3968772e+00   5.1222956e-01   2.5905199e-02   1.6210006e-01   6.4365313e-02   9.0487396e+01   7.7631507e+00   6.2812388e+01   5.3360456e+01   2.6645851e+01   6.0838087e+01   4.7758703e+01   3.6831881e+01   4.6242283e+01   3.5702852e+01   1.0018430e+01
   1.8883526e-01   5.1908008e+03   7.2009135e+02   7.8871244e+00   1.9603154e+01   3.1931637e+01   2.7995501e+03   6.5676260e+01   1.2187436e+02   7.6102059e-02   8.3438201e+01   5.0076468e+01   2.7643563e+03   1.7683128e+01   4.9494057e+01   2.9966479e+03   1.7947342e+01   6.2283261e+01   4.3386245e+00   2.7278903e+02   1.0186969e+02   4.5560229e+01   2.9391991e+01   2.7911726e+01   1.7987294e+01   1.2754925e+01   3.7530072e+00   1.2933779e+00   2.7438782e+01   4.5333630e+01   8.8740166e+00   2.2534065e+00   3.9645046e+00   1.8394220e+00   9.4333203e+00   4.7733381e-01   4.4638123e-02   1.7601704e-01   8.1671400e-02   9.0437658e+01   8.3419561e+00   6.2867307e+01   5.3335571e+01   2.7437378e+01   6.0724841e+01   4.7850128e+01   3.6808138e+01   4.6217217e+01   3.5807588e+01   1.0616613e+01
   1.9026221e-01   5.1883259e+03   7.1762150e+02   7.8161154e+00   1.9413815e+01   3.2050449e+01   2.8006649e+03   6.5169920e+01   1.2188652e+02   7.8268415e-02   8.3452734e+01   5.2063432e+01   2.7658443e+03   1.7714434e+01   4.9210513e+01   2.9982000e+03   1.8207910e+01   6.2304727e+01   5.8575028e+00   2.7370785e+02   1.0189624e+02   4.5545281e+01   2.9348721e+01   2.7993739e+01   1.8121499e+01   1.2674544e+01   3.8817221e+00   1.2761981e+00   2.7805263e+01   4.5209699e+01   9.2783843e+00   2.0982782e+00   4.2043986e+00   1.7821459e+00   9.3438596e+00   4.2329244e-01   4.4638123e-02   1.7601704e-01   8.1671400e-02   9.0437658e+01   8.3419561e+00   6.2904928e+01   5.3343585e+01   2.7324910e+01   6.0994845e+01   4.7734735e+01   3.6810216e+01   4.6206979e+01   3.5717952e+01   1.1053198e+01
   1.9404733e-01   5.1663548e+03   7.0944665e+02   7.8157492e+00   1.9849815e+01   3.2270830e+01   2.8002358e+03   6.5971661e+01   1.2188326e+02   8.5536932e-02   8.3437414e+01   5.0988166e+01   2.7641914e+03   1.7699172e+01   4.9837156e+01   2.9995811e+03   1.7968769e+01   6.2295493e+01   4.7789487e+00   2.7520830e+02   1.0183926e+02   4.5541841e+01   2.9683505e+01   2.7889971e+01   1.7823929e+01   1.2697917e+01   3.8088443e+00   1.2862918e+00   2.8125818e+01   4.5371202e+01   9.2593527e+00   2.2386511e+00   4.0130700e+00   1.8256084e+00   9.3668651e+00   4.4349256e-01   4.4638123e-02   1.7601704e-01   8.1671400e-02   9.0437658e+01   8.3419561e+00   6.2919054e+01   5.3384139e+01   2.7676097e+01   6.0890083e+01   4.7855674e+01   3.6801924e+01   4.6203680e+01   3.5675278e+01   1.0634617e+01
   1.8870186e-01   5.1173691e+03   7.0647646e+02   7.8756041e+00   1.9956552e+01   3.2009068e+01   2.8021760e+03   6.5825032e+01   1.2190072e+02   8.8933301e-02   8.3491066e+01   4.8795251e+01   2.7666513e+03   1.7664152e+01   4.9797583e+01   2.9992799e+03   1.8249223e+01   6.2304857e+01   6.6994636e+00   2.7317544e+02   1.0190079e+02   4.5532301e+01   2.9201200e+01   2.7839241e+01   1.8005522e+01   1.2664557e+01   4.2018553e+00   1.3088886e+00   2.8104410e+01   4.5285787e+01   9.0315631e+00   2.0913680e+00   4.1109396e+00   1.8310660e+00   9.3973963e+00   4.1704968e-01   2.1874636e-02   1.6389358e-01   5.7239732e-02   9.0384665e+01   8.4550475e+00   6.2908672e+01   5.3446330e+01   2.7840771e+01   6.0830592e+01   4.7738700e+01   3.6811719e+01   4.6185404e+01   3.5938529e+01   1.2793568e+01
   1.9208322e-01   5.1829790e+03   6.6787081e+02   7.8527711e+00   1.9659820e+01   3.2373064e+01   2.8027001e+03   6.4236147e+01   1.2189886e+02   9.7771777e-02   8.3469280e+01   4.9166637e+01   2.7671390e+03   1.7608259e+01   5.1312498e+01   2.9990292e+03   1.7920702e+01   6.2292813e+01   6.1237294e+00   2.7304423e+02   1.0189033e+02   4.5534082e+01   2.9464670e+01   2.7691340e+01   1.8148046e+01   1.2782758e+01   3.8689047e+00   1.2855407e+00   2.7664231e+01   4.5398352e+01   9.7350748e+00   2.3147886e+00   3.7121809e+00   1.8328385e+00   9.3939391e+00   4.4310263e-01   2.1874636e-02   1.6389358e-01   5.7239732e-02   9.0384665e+01   8.4550475e+00   6.2888003e+01   5.3472126e+01   2.8277738e+01   6.0818666e+01   4.7431992e+01   3.6810682e+01   4.6174766e+01   3.5668330e+01   1.2842885e+01
   1.9658973e-01   5.1808350e+03   6.7460876e+02   7.7592014e+00   1.9375155e+01   3.2050897e+01   2.8010895e+03   6.4638032e+01   1.2190245e+02   1.0425090e-01   8.3367611e+01   5.0992640e+01   2.7658711e+03   1.7665488e+01   5.1264337e+01   2.9982228e+03   1.8195749e+01   6.2295342e+01   6.8222690e+00   2.7290851e+02   1.0187151e+02   4.5562707e+01   2.9061923e+01   2.7911525e+01   1.7870680e+01   1.2495405e+01   3.8587872e+00   1.2707662e+00   2.7245051e+01   4.5226423e+01   9.4278257e+00   2.2744146e+00   4.2625326e+00   1.8230629e+00   9.3007730e+00   4.5566850e-01   2.3708306e-02   1.5152322e-01   6.5736307e-02   8.9496275e+01   8.2488393e+00   6.2879807e+01   5.3519790e+01   2.8273619e+01   6.0835771e+01   4.7454447e+01   3.6843765e+01   4.6162285e+01   3.5797279e+01   1.3184124e+01
   1.9482691e-01   5.1952538e+03   6.9207182e+02   7.8564845e+00   1.9672843e+01   3.2033167e+01   2.8013902e+03   6.4648597e+01   1.2193612e+02   1.0657109e-01   8.3411068e+01   5.0903308e+01   2.7664691e+03   1.7571047e+01   5.0683146e+01   2.9982796e+03   1.8040491e+01   6.2283065e+01   4.2490780e+00   2.7278077e+02   1.0185275e+02   4.5536834e+01   2.9188380e+01   2.7750925e+01   1.7862399e+01   1.2647556e+01   4.3215510e+00   1.2919938e+00   2.7708290e+01   4.5403384e+01   9.1694469e+00   2.1735091e+00   3.8905793e+00   1.8355209e+00   9.4249415e+00   5.4506023e-01   2.3708306e-02   1.5152322e-01   6.5736307e-02   8.9496275e+01   8.2488393e+00   6.2829809e+01   5.3640372e+01   2.8430487e+01   6.1050172e+01   4.7591276e+01   3.6867653e+01   4.6191091e+01   3.5739419e+01   1.0798472e+01
   1.9319778e-01   5.1517900e+03   7.0254619e+02   7.8796435e+00   1.9560623e+01   3.1998507e+01   2.8012406e+03   6.6438851e+01   1.2192277e+02   1.0556262e-01   8.3423478e+01   5.0022479e+01   2.7655523e+03   1.7610667e+01   5.2444022e+01   2.9976902e+03   1.7916623e+01   6.2276722e+01   5.3629637e+00   2.7248302e+02   1.0188394e+02   4.5561740e+01   2.9381424e+01   2.7857481e+01   1.7760103e+01   1.2616714e+01   4.0821918e+00   1.3244971e+00   2.7544112e+01   4.5170867e+01   9.2386183e+00   2.0793601e+00   3.9432253e+00   1.8429561e+00   9.3807112e+00   4.4642539e-01   2.3708306e-02   1.5152322e-01   6.5736307e-02   8.9496275e+01   8.2488393e+00   6.2793990e+01   5.3715243e+01   2.8699123e+01   6.0849551e+01   4.8051377e+01   3.6837598e+01   4.6179594e+01   3.5689576e+01   1.4158146e+01
   1.8874184e-01   5.2038096e+03   6.7717590e+02   7.8426137e+00   1.9496181e+01   3.2354869e+01   2.8004217e+03   6.4522623e+01   1.2191148e+02   1.0727499e-01   8.3430184e+01   5.0864784e+01   2.7654263e+03   1.7556671e+01   4.9125535e+01   2.9969060e+03   1.8011563e+01   6.2296565e+01   6.7102176e+00   2.7241544e+02   1.0185216e+02   4.5544585e+01   2.9098492e+01   2.7725403e+01   1.8258814e+01   1.2576807e+01   3.6779209e+00   1.3161851e+00   2.7398603e+01   4.5107446e+01   9.5353584e+00   2.2591559e+00   3.6275037e+00   1.8145021e+00   9.3562597e+00   4.6229733e-01   4.8265099e-02   1.6693011e-01   8.4120178e-02   9.0435466e+01   7.5763978e+00   6.2841166e+01   5.3621208e+01   2.8733368e+01   6.0909496e+01   4.8452768e+01   3.6836265e+01   4.6139770e+01   3.5799563e+01   1.6609170e+01
   1.9650802e-01   5.1449151e+03   6.9885997e+02   7.9032579e+00   1.9551099e+01   3.2216492e+01   2.7993909e+03   6.4736267e+01   1.2189949e+02   1.0767070e-01   8.3448864e+01   4.9670164e+01   2.7626582e+03   1.7734194e+01   5.0048249e+01   2.9982354e+03   1.8097547e+01   6.2314839e+01   6.8281234e+00   2.7540923e+02   1.0186835e+02   4.5531001e+01   2.9126954e+01   2.8016960e+01   1.8034812e+01   1.2699175e+01   3.8748590e+00   1.2794483e+00   2.7780740e+01   4.5275770e+01   9.3688422e+00   2.3272191e+00   3.6993959e+00   1.8305191e+00   9.3973741e+00   4.3933531e-01   4.8265099e-02   1.6693011e-01   8.4120178e-02   9.0435466e+01   7.5763978e+00   6.2934000e+01   5.3493959e+01   2.8642972e+01   6.1033579e+01   4.8976068e+01   3.6851428e+01   4.6114137e+01   3.5763764e+01   1.1774493e+01
   1.9816259e-01   5.1652726e+03   7.1535769e+02   7.7698898e+00   2.0308469e+01   3.2234886e+01   2.8000586e+03   6.4818413e+01   1.2189792e+02   1.0724249e-01   8.3452962e+01   5.1212681e+01   2.7634096e+03   1.7420055e+01   5.0053189e+01   2.9967740e+03   1.8022145e+01   6.2305356e+01   5.9587491e+00   2.7372301e+02   1.0184064e+02   4.5564479e+01   2.8934039e+01   2.7749760e+01   1.7845834e+01   1.2627848e+01   3.9679007e+00   1.2702164e+00   2.7560719e+01   4.5111267e+01   9.3579286e+00   2.2704514e+00   3.9060673e+00   1.8097102e+00   9.4240195e+00   4.9684815e-01   2.6322021e-02   1.6764573e-01   6.7640748e-02   9.0153201e+01   8.0278705e+00   6.3004014e+01   5.3472417e+01   2.8909559e+01   6.1032275e+01   4.9131200e+01   3.6890923e+01   4.6120189e+01   3.5679098e+01   1.3301141e+01
   2.0012638e-01   5.1536552e+03   7.0322429e+02   7.8978067e+00   1.9356268e+01   3.2106613e+01   2.7996301e+03   6.5786735e+01   1.2192016e+02   1.0050612e-01   8.3446832e+01   5.2401684e+01   2.7641923e+03   1.7312153e+01   4.8983133e+01   2.9957774e+03   1.8044964e+01   6.2291106e+01   8.7436374e+00   2.7271675e+02   1.0182073e+02   4.5572385e+01   2.9369620e+01   2.7950215e+01   1.8035829e+01   1.2612051e+01   4.2611053e+00   1.2796746e+00   2.7475871e+01   4.5086597e+01   9.1438531e+00   2.1484808e+00   3.8681582e+00   1.8258354e+00   9.5238617e+00   4.7558046e-01   2.6322021e-02   1.6764573e-01   6.7640748e-02   9.0153201e+01   8.0278705e+00   6.2954765e+01   5.3621832e+01   3.0121279e+01   6.0807575e+01   4.9018653e+01   3.6876777e+01   4.6131968e+01   3.5826945e+01   1.5261555e+01
   1.9600086e-01   5.1918096e+03   6.8745427e+02   7.8188757e+00   1.9100396e+01   3.1829251e+01   2.7999035e+03   6.4279679e+01   1.2190201e+02   9.9915128e-02   8.3470743e+01   5.0016695e+01   2.7645466e+03   1.7543397e+01   5.0547619e+01   2.9958617e+03   1.7947637e+01   6.2298310e+01   7.2900199e+00   2.7263977e+02   1.0185814e+02   4.5547752e+01   2.9404212e+01   2.7884209e+01   1.8126499e+01   1.2723997e+01   3.7639520e+00   1.3197597e+00   2.7775271e+01   4.5346720e+01   9.0176516e+00   2.2109128e+00   3.8418382e+00   1.8493677e+00   9.3719371e+00   5.1180449e-01   2.6322021e-02   1.6764573e-01   6.7640748e-02   9.0153201e+01   8.0278705e+00   6.2919458e+01   5.3686742e+01   2.9911197e+01   6.0870695e+01   4.8763888e+01   3.6858943e+01   4.6145725e+01   3.5818992e+01   1.0786508e+01
   1.9785815e-01   5.1864247e+03   7.1718651e+02   7.8524393e+00   1.9527929e+01   3.2247509e+01   2.8003840e+03   6.4848914e+01   1.2189099e+02   1.0316050e-01   8.3528198e+01   5.1609228e+01   2.7650322e+03   1.7494316e+01   5.0760948e+01   2.9966264e+03   1.8151329e+01   6.2338311e+01   3.9893351e+00   2.7221456e+02   1.0184229e+02   4.5540629e+01   2.9646565e+01   2.7784340e+01   1.7618482e+01   1.2617110e+01   4.0847360e+00   1.3087398e+00   2.7864247e+01   4.5013868e+01   9.1584636e+00   2.2016499e+00   3.9661287e+00   1.8151928e+00   9.4105343e+00   5.4301452e-01   5.0446330e-02   1.6317526e-01   6.4510999e-02   9.0897014e+01   8.5820098e+00   6.2899924e+01   5.3710871e+01   2.9160320e+01   6.1145649e+01   4.8503351e+01   3.6882274e+01   4.6117642e+01   3.5745780e+01   1.0233425e+01
   1.9130340e-01   5.1144182e+03   6.9825249e+02   7.8616182e+00   1.9682641e+01   3.1794316e+01   2.8001298e+03   6.4802776e+01   1.2190524e+02   1.0175366e-01   8.3488125e+01   5.0916369e+01   2.7652200e+03   1.7836546e+01   4.9845422e+01   2.9968820e+03   1.7983295e+01   6.2329441e+01   5.3538377e+00   2.7270469e+02   1.0185585e+02   4.5567465e+01   2.9142713e+01   2.7896342e+01   1.7941799e+01   1.2866505e+01   3.6498424e+00   1.3250558e+00   2.7780510e+01   4.5181581e+01   9.1698005e+00   2.1268334e+00   4.2255491e+00   1.8431840e+00   9.3897489e+00   5.1735951e-01   5.0446330e-02   1.6317526e-01   6.4510999e-02   9.0897014e+01   8.5820098e+00   6.2890884e+01   5.3754080e+01   2.9108492e+01   6.1068631e+01   4.8554790e+01   3.6920745e+01   4.6122834e+01   3.5819062e+01   9.6882724e+00
   1.9457275e-01   5.1484487e+03   6.8690373e+02   7.8736627e+00   2.0157973e+01   3.2086668e+01   2.8010686e+03   6.4978119e+01   1.2188394e+02   1.0594702e-01   8.3473132e+01   5.0139594e+01   2.7655461e+03   1.7536291e+01   4.8407382e+01   2.9974290e+03   1.8207201e+01   6.2323273e+01   3.8447688e+00   2.7300546e+02   1.0187158e+02   4.5550042e+01   2.9794187e+01   2.7936130e+01   1.7986095e+01   1.2782723e+01   3.5869778e+00   1.2850364e+00   2.7958918e+01   4.5057180e+01   9.4465141e+00   2.1441218e+00   4.1609562e+00   1.8075253e+00   9.3694713e+00   4.5754872e-01   2.0142738e-02   1.5373944e-01   8.0903373e-02   8.9654447e+01   8.2514839e+00   6.2900740e+01   5.3789363e+01   2.9174406e+01   6.1092451e+01   4.8981834e+01   3.6956306e+01   4.6118388e+01   3.5819827e+01   1.0418431e+01
   1.9187684e-01   5.1864006e+03   6.6175324e+02   7.9033891e+00   1.9864978e+01   3.2253855e+01   2.8000526e+03   6.5218917e+01   1.2189243e+02   1.0608551e-01   8.3491975e+01   5.0338732e+01   2.7649906e+03   1.7620827e+01   5.1952074e+01   2.9968971e+03   1.7847408e+01   6.2324062e+01   6.0675478e+00   2.7355574e+02   1.0185157e+02   4.5555118e+01   2.9043888e+01   2.7685327e+01   1.8133259e+01   1.2815401e+01   4.3890257e+00   1.2566273e+00   2.7414510e+01   4.5076060e+01   9.2465417e+00   2.2570873e+00   4.1994306e+00   1.8451229e+00   9.5389647e+00   4.5703916e-01   2.0142738e-02   1.5373944e-01   8.0903373e-02   8.9654447e+01   8.2514839e+00   6.3019454e+01   5.3617241e+01   2.9674334e+01   6.1026953e+01   4.9220694e+01   3.6941411e+01   4.6099588e+01   3.5850404e+01   1.2023458e+01
   1.9525091e-01   5.1713215e+03   7.0874042e+02   7.8027692e+00   1.9469077e+01   3.2219746e+01   2.7997029e+03   6.4886057e+01   1.2189487e+02   1.0703514e-01   8.3482819e+01   5.2295898e+01   2.7642566e+03   1.7388435e+01   4.9983207e+01   2.9973181e+03   1.7986349e+01   6.2323205e+01   5.9346568e+00   2.7343303e+02   1.0184506e+02   4.5554058e+01   2.9338106e+01   2.7979799e+01   1.8066897e+01   1.2659278e+01   3.7961661e+00   1.3044572e+00   2.8063242e+01   4.5159093e+01   9.6952990e+00   2.3226778e+00   3.8861668e+00   1.8393458e+00   9.4322504e+00   4.6307418e-01   2.0142738e-02   1.5373944e-01   8.0903373e-02   8.9654447e+01   8.2514839e+00   6.3098889e+01   5.3555948e+01   2.9434647e+01   6.1146101e+01   4.9222961e+01   3.6942872e+01   4.6112517e+01   3.5861707e+01   1.2135621e+01
   1.9839613e-01   5.1882151e+03   7.3222033e+02   7.7393795e+00   1.9607523e+01   3.2411340e+01   2.7983682e+03   6.5793151e+01   1.2190926e+02   9.9845432e-02   8.3436797e+01   5.1636550e+01   2.7630736e+03   1.7565558e+01   5.2225675e+01   2.9957859e+03   1.7830289e+01   6.2333201e+01   6.6052027e+00   2.7377329e+02   1.0185370e+02   4.5554927e+01   2.9075294e+01   2.7756723e+01   1.8559822e+01   1.2650934e+01   3.7827140e+00   1.2817533e+00   2.8003829e+01   4.5105959e+01   9.9516539e+00   2.1905641e+00   3.6705522e+00   1.7933381e+00   9.4672642e+00   4.0973386e-01   2.2510372e-02   1.5520129e-01   6.7619697e-02   9.0443358e+01   7.6376452e+00   6.3130642e+01   5.3622640e+01   2.9437156e+01   6.1115614e+01   4.8939549e+01   3.6966162e+01   4.6116675e+01   3.5840752e+01   1.2339074e+01
   2.0489595e-01   5.1872602e+03   6.5501490e+02   7.7701954e+00   1.9976415e+01   3.1906012e+01   2.7990470e+03   6.4385283e+01   1.2188746e+02   9.8688917e-02   8.3511299e+01   5.0208559e+01   2.7636015e+03   1.7750507e+01   5.2865313e+01   2.9951493e+03   1.8120056e+01   6.2308682e+01   3.9713426e+00   2.7294141e+02   1.0187936e+02   4.5548119e+01   2.9340783e+01   2.7589109e+01   1.8347454e+01   1.2656659e+01   3.8748240e+00   1.2840519e+00   2.7406979e+01   4.4968844e+01   8.9649810e+00   2.1329630e+00   3.7694362e+00   1.7947811e+00   9.4185604e+00   4.7570395e-01   2.2510372e-02   1.5520129e-01   6.7619697e-02   9.0443358e+01   7.6376452e+00   6.3096646e+01   5.3697789e+01   2.9297225e+01   6.1162158e+01   4.8662698e+01   3.6977227e+01   4.6118761e+01   3.5965932e+01   1.2701543e+01
   2.0486904e-01   5.2280208e+03   7.1619930e+02   7.8634359e+00   2.0573607e+01   3.1915519e+01   2.7987362e+03   6.4325215e+01   1.2190928e+02   9.1916866e-02   8.3495716e+01   5.1123529e+01   2.7635943e+03   1.7625413e+01   5.1223887e+01   2.9954732e+03   1.7972993e+01   6.2335104e+01   4.2669421e+00   2.7315894e+02   1.0186834e+02   4.5538020e+01   2.9146147e+01   2.7820068e+01   1.7791991e+01   1.2685987e+01   3.9824639e+00   1.2761993e+00   2.8253244e+01   4.5136735e+01   9.5551810e+00   2.1167593e+00   3.8027503e+00   1.7626917e+00   9.4351096e+00   5.0920428e-01   1.4287698e-02   1.5771050e-01   6.6715774e-02   8.9839131e+01   8.9921654e+00   6.3078712e+01   5.3717533e+01   2.9699261e+01   6.1175970e+01   4.8551566e+01   3.6933386e+01   4.6079739e+01   3.5915880e+01   1.0563133e+01
   2.0124847e-01   5.1902619e+03   6.9036434e+02   7.8603769e+00   1.9701933e+01   3.2178212e+01   2.7999372e+03   6.4598177e+01   1.2189811e+02   9.0360740e-02   8.3509475e+01   4.9769056e+01   2.7645945e+03   1.7647260e+01   4.8858907e+01   2.9962227e+03   1.8167629e+01   6.2317115e+01   5.9776421e+00   2.7213989e+02   1.0186404e+02   4.5521698e+01   2.9592187e+01   2.7540969e+01   1.7862936e+01   1.2762680e+01   3.7715861e+00   1.2783241e+00   2.7696280e+01   4.4963848e+01   9.3090783e+00   2.0577573e+00   4.1340988e+00   1.7464505e+00   9.4830045e+00   4.9654976e-01   1.4287698e-02   1.5771050e-01   6.6715774e-02   8.9839131e+01   8.9921654e+00   6.3059947e+01   5.3784197e+01   3.0424477e+01   6.1103713e+01   4.8625749e+01   3.6979829e+01   4.6137657e+01   3.5918346e+01   1.0647483e+01
   1.9894254e-01   5.2071326e+03   6.3669777e+02   7.8314840e+00   1.9878820e+01   3.2316330e+01   2.8000452e+03   6.4513530e+01   1.2193002e+02   8.9641308e-02   8.3453168e+01   4.9975101e+01   2.7644530e+03   1.7668677e+01   5.0701416e+01   2.9960714e+03   1.8039058e+01   6.2331923e+01   6.5166940e+00   2.7280019e+02   1.0184689e+02   4.5546007e+01   2.9301712e+01   2.7610667e+01   1.8356475e+01   1.2776616e+01   3.8482476e+00   1.2899444e+00   2.8126825e+01   4.5205576e+01   9.2751823e+00   2.2493464e+00   3.9864220e+00   1.8206745e+00   9.4586314e+00   4.9420783e-01   1.4287698e-02   1.5771050e-01   6.6715774e-02   8.9839131e+01   8.9921654e+00   6.3041218e+01   5.3796518e+01   3.0528656e+01   6.1077592e+01   4.8572143e+01   3.6991018e+01   4.6113574e+01   3.5919803e+01   1.0141459e+01
   2.0166630e-01   5.1438393e+03   7.4553758e+02   7.8073415e+00   1.9825697e+01   3.2060422e+01   2.7991688e+03   6.4714187e+01   1.2192141e+02   9.2859680e-02   8.3451506e+01   4.9020101e+01   2.7645946e+03   1.7547892e+01   5.1751441e+01   2.9954576e+03   1.7999382e+01   6.2342668e+01   3.8929111e+00   2.7230511e+02   1.0185910e+02   4.5528642e+01   2.9325612e+01   2.7582685e+01   1.7787703e+01   1.2669509e+01   4.3049388e+00   1.3061605e+00   2.7962963e+01   4.4944715e+01   9.3905426e+00   2.1593486e+00   4.1171081e+00   1.8046329e+00   9.3623499e+00   4.4876380e-01   3.6380275e-02   1.6684363e-01   6.8431615e-02   8.9497700e+01   8.1581628e+00   6.3092644e+01   5.3764609e+01   3.0941226e+01   6.0967624e+01   4.8493182e+01   3.6974545e+01   4.6103727e+01   3.5868653e+01   1.3622421e+01
   2.0067234e-01   5.1654072e+03   6.9529832e+02   7.8513175e+00   1.9460599e+01   3.2558230e+01   2.7992308e+03   6.5193946e+01   1.2189844e+02   9.3392015e-02   8.3500107e+01   5.0772700e+01   2.7636256e+03   1.7648326e+01   5.0610272e+01   2.9968712e+03   1.8008389e+01   6.2340676e+01   5.1004352e+00   2.7475808e+02   1.0183218e+02   4.5567674e+01   2.9667859e+01   2.7523203e+01   1.8179313e+01   1.2614349e+01   3.9603179e+00   1.2945479e+00   2.7756168e+01   4.4916888e+01   9.5136737e+00   2.1640934e+00   3.7165608e+00   1.8410625e+00   9.3351495e+00   5.0871005e-01   3.6380275e-02   1.6684363e-01   6.8431615e-02   8.9497700e+01   8.1581628e+00   6.3150891e+01   5.3714785e+01   3.1112655e+01   6.1074108e+01   4.8140743e+01   3.6997231e+01   4.6133695e+01   3.5929614e+01   1.2358831e+01
   2.0060972e-01   5.1954323e+03   7.0186995e+02   7.8480784e+00   1.9352364e+01   3.2392028e+01   2.7977447e+03   6.4754878e+01   1.2186897e+02   8.7500183e-02   8.3362284e+01   5.0616297e+01   2.7620387e+03   1.7747204e+01   5.1576802e+01   2.9956864e+03   1.8150752e+01   6.2334790e+01   5.6979202e+00   2.7538087e+02   1.0186106e+02   4.5575465e+01   2.9821636e+01   2.7531618e+01   1.8333015e+01   1.2704973e+01   4.1577736e+00   1.3333423e+00   2.7627769e+01   4.5070250e+01   9.3239094e+00   2.2561430e+00   3.5230740e+00   1.8615066e+00   9.3875931e+00   6.0222488e-01   2.3766261e-02   1.5996831e-01   6.4431226e-02   9.0719617e+01   8.3490733e+00   6.3182203e+01   5.3690897e+01   3.1210286e+01   6.1142124e+01   4.7746995e+01   3.7021870e+01   4.6130480e+01   3.6098312e+01   9.9043762e+00
   2.0058868e-01   5.1711649e+03   6.8888931e+02   7.8210687e+00   1.9942766e+01   3.1960574e+01   2.7983073e+03   6.4879311e+01   1.2191638e+02   8.5277211e-02   8.3455304e+01   4.9427748e+01   2.7638503e+03   1.7407365e+01   5.0206100e+01   2.9951427e+03   1.8136037e+01   6.2340740e+01   6.0232691e+00   2.7265283e+02   1.0185340e+02   4.5555952e+01   2.9275333e+01   2.7784276e+01   1.8166210e+01   1.2692457e+01   3.9419024e+00   1.2538341e+00   2.8308870e+01   4.5020864e+01   9.4754235e+00   2.0170867e+00   3.8065410e+00   1.7892032e+00   9.3429597e+00   4.2522350e-01   2.3766261e-02   1.5996831e-01   6.4431226e-02   9.0719617e+01   8.3490733e+00   6.3177029e+01   5.3699919e+01   3.1113152e+01   6.1077494e+01   4.7506779e+01   3.6991711e+01   4.6110595e+01   3.6007881e+01   1.1925880e+01
   1.9965966e-01   5.1927321e+03   6.9358383e+02   7.8416716e+00   1.9701351e+01   3.2028946e+01   2.7993863e+03   6.4324648e+01   1.2190527e+02   7.9926875e-02   8.3494368e+01   5.0479857e+01   2.7642418e+03   1.7580198e+01   5.1836163e+01   2.9952096e+03   1.8034165e+01   6.2331008e+01   5.2899572e+00   2.7267837e+02   1.0185619e+02   4.5560246e+01   2.9396562e+01   2.7727627e+01   1.7887478e+01   1.2481595e+01   3.5036100e+00   1.2658541e+00   2.7774220e+01   4.5063140e+01   9.3656254e+00   2.2412879e+00   3.4725102e+00   1.7956459e+00   9.3323649e+00   5.4673510e-01   2.3766261e-02   1.5996831e-01   6.4431226e-02   9.0719617e+01   8.3490733e+00   6.3188947e+01   5.3730344e+01   3.0499786e+01   6.1162824e+01   4.7259482e+01   3.7014764e+01   4.6130410e+01   3.6056511e+01   1.2581572e+01
   2.0195720e-01   5.1852813e+03   7.2823078e+02   7.7748401e+00   1.9750794e+01   3.1866995e+01   2.8015104e+03   6.4837989e+01   1.2188180e+02   8.3590871e-02   8.3540891e+01   5.0809524e+01   2.7657143e+03   1.7564449e+01   5.0545152e+01   2.9971994e+03   1.7870442e+01   6.2357297e+01   3.8266816e+00   2.7218303e+02   1.0185991e+02   4.5569166e+01   2.9902939e+01   2.7711187e+01   1.8433242e+01   1.2631536e+01   3.6502448e+00   1.3115284e+00   2.8212254e+01   4.4818122e+01   9.2632687e+00   2.2387810e+00   4.0522484e+00   1.8482277e+00   9.4641599e+00   5.1239828e-01   2.3163059e-02   1.5596405e-01   5.2975447e-02   8.9523436e+01   8.1509786e+00   6.3204027e+01   5.3718545e+01   3.1097640e+01   6.1091223e+01   4.6884083e+01   3.6995160e+01   4.6131669e+01   3.6156411e+01   1.3572935e+01
   2.0107809e-01   5.1744453e+03   6.9887209e+02   7.8338818e+00   1.9870029e+01   3.2513105e+01   2.8006870e+03   6.5527380e+01   1.2187249e+02   8.5435896e-02   8.3507903e+01   4.8900725e+01   2.7648582e+03   1.7566206e+01   5.2385783e+01   2.9972855e+03   1.8422587e+01   6.2381015e+01   6.7133713e+00   2.7379182e+02   1.0187548e+02   4.5578212e+01   2.9840707e+01   2.7719378e+01   1.8165712e+01   1.2759145e+01   3.8266578e+00   1.2714945e+00   2.8296402e+01   4.5087812e+01   9.3478503e+00   2.2217817e+00   4.1716901e+00   1.8615404e+00   9.4409901e+00   5.8934069e-01   2.3163059e-02   1.5596405e-01   5.2975447e-02   8.9523436e+01   8.1509786e+00   6.3193707e+01   5.3726119e+01   3.1055900e+01   6.1118437e+01   4.6791676e+01   3.7020342e+01   4.6123985e+01   3.6035001e+01   9.5680023e+00
   1.9998034e-01   5.1997380e+03   6.7251540e+02   7.7701989e+00   1.9557656e+01   3.2272576e+01   2.7992905e+03   6.4941994e+01   1.2189521e+02   8.5085784e-02   8.3441535e+01   5.0099902e+01   2.7640491e+03   1.7658509e+01   5.1235883e+01   2.9964016e+03   1.8080825e+01   6.2368453e+01   5.3695867e+00   2.7361379e+02   1.0185368e+02   4.5544873e+01   2.9490436e+01   2.7622438e+01   1.8354604e+01   1.2313918e+01   3.7567666e+00   1.2837081e+00   2.7788210e+01   4.5101580e+01   9.2981039e+00   2.3286753e+00   4.3232470e+00   1.8209013e+00   9.4156468e+00   5.4121016e-01   2.2050293e-02   1.5642011e-01   6.9027409e-02   9.0192530e+01   7.7835391e+00   6.3200142e+01   5.3761302e+01   3.1337107e+01   6.1096818e+01   4.6865679e+01   3.6994470e+01   4.6103771e+01   3.5981931e+01   1.2650763e+01
   2.0270540e-01   5.1747510e+03   7.0892129e+02   7.8244288e+00   1.9584101e+01   3.2240197e+01   2.7999645e+03   6.3864971e+01   1.2190985e+02   8.3252177e-02   8.3474325e+01   4.9085362e+01   2.7649418e+03   1.7687397e+01   5.1502821e+01   2.9958627e+03   1.8064259e+01   6.2349228e+01   6.8849951e+00   2.7281039e+02   1.0185741e+02   4.5545169e+01   2.9579018e+01   2.7706575e+01   1.7950694e+01   1.2663037e+01   4.5350799e+00   1.3138479e+00   2.7911540e+01   4.4894823e+01   9.6740898e+00   2.1476964e+00   3.7367217e+00   1.8539721e+00   9.4246052e+00   4.0506417e-01   2.2050293e-02   1.5642011e-01   6.9027409e-02   9.0192530e+01   7.7835391e+00   6.3303052e+01   5.3638003e+01   3.1314194e+01   6.1195322e+01   4.6738007e+01   3.7048391e+01   4.6113645e+01   3.6111857e+01   1.0365997e+01
   2.0198242e-01   5.1906599e+03   7.1016889e+02   7.8222625e+00   1.9572465e+01   3.1927398e+01   2.7998450e+03   6.4305620e+01   1.2190826e+02   8.7713528e-02   8.3477147e+01   5.1526732e+01   2.7646375e+03   1.7578077e+01   4.9247346e+01   2.9963761e+03   1.8185802e+01   6.2362005e+01   4.9659541e+00   2.7343983e+02   1.0185510e+02   4.5587391e+01   2.9205174e+01   2.7747724e+01   1.8015763e+01   1.2553686e+01   4.1015563e+00   1.3581332e+00   2.7803651e+01   4.4931135e+01   9.4771757e+00   2.3253316e+00   3.9758476e+00   1.8481204e+00   9.2871627e+00   5.1759051e-01   2.2050293e-02   1.5642011e-01   6.9027409e-02   9.0192530e+01   7.7835391e+00   6.3373121e+01   5.3581351e+01   3.1006049e+01   6.1168470e+01   4.6976218e+01   3.7068409e+01   4.6152101e+01   3.5986751e+01   1.2603518e+01
   2.0130783e-01   5.1803701e+03   7.1671588e+02   7.8930479e+00   2.0320632e+01   3.2177633e+01   2.7997759e+03   6.4524356e+01   1.2190339e+02   8.3704111e-02   8.3462142e+01   5.1643619e+01   2.7647719e+03   1.7589809e+01   4.8945861e+01   2.9968095e+03   1.8181763e+01   6.2356605e+01   3.6267020e+00   2.7304620e+02   1.0186494e+02   4.5587460e+01   2.9204549e+01   2.7915743e+01   1.7652291e+01   1.2608868e+01   3.7570810e+00   1.3075052e+00   2.7933158e+01   4.5114241e+01   9.2444145e+00   2.2191556e+00   3.9725515e+00   1.8037466e+00   9.4578882e+00   5.0262713e-01   2.4403209e-02   1.5397601e-01   8.3895446e-02   8.9675106e+01   8.6233679e+00   6.3354441e+01   5.3623123e+01   3.1671547e+01   6.1209438e+01   4.6746347e+01   3.7038573e+01   4.6120617e+01   3.6107960e+01   1.2775958e+01
   1.9981898e-01   5.1626784e+03   6.6986179e+02   7.9093931e+00   1.9448163e+01   3.2127930e+01   2.8006122e+03   6.5670838e+01   1.2190444e+02   8.8125910e-02   8.3477749e+01   4.9869328e+01   2.7657055e+03   1.7613436e+01   5.0864363e+01   2.9974070e+03   1.8042453e+01   6.2337738e+01   4.8606120e+00   2.7260806e+02   1.0183709e+02   4.5573758e+01   2.9361471e+01   2.7645671e+01   1.8325327e+01   1.2664940e+01   3.9266178e+00   1.2610038e+00   2.7974691e+01   4.4847158e+01   9.2741773e+00   2.1027055e+00   3.8165285e+00   1.8350058e+00   9.3537535e+00   5.6865333e-01   2.4403209e-02   1.5397601e-01   8.3895446e-02   8.9675106e+01   8.6233679e+00   6.3362840e+01   5.3715940e+01   3.1546479e+01   6.1328420e+01   4.6734109e+01   3.7038597e+01   4.6161302e+01   3.5873229e+01   1.0640863e+01
   2.0497987e-01   5.1974346e+03   6.9134181e+02   7.8394709e+00   1.9882274e+01   3.2302011e+01   2.8007208e+03   6.4964706e+01   1.2187916e+02   9.1331375e-02   8.3468009e+01   5.1718541e+01   2.7655746e+03   1.7571455e+01   5.0950359e+01   2.9978110e+03   1.8046177e+01   6.2345986e+01   4.8982267e+00   2.7350010e+02   1.0184446e+02   4.5594514e+01   2.9826067e+01   2.7791692e+01   1.7970193e+01   1.2708465e+01   3.8696330e+00   1.2835963e+00   2.7776348e+01   4.5164262e+01   9.5444006e+00   2.1842379e+00   3.9197308e+00   1.8423937e+00   9.4275282e+00   4.7403499e-01   2.4343016e-02   1.5620910e-01   7.5700194e-02   8.9801598e+01   8.2470798e+00   6.3318989e+01   5.3726229e+01   3.1885128e+01   6.1178106e+01   4.6994099e+01   3.7057148e+01   4.6093390e+01   3.6080716e+01   1.1114542e+01
   2.0018463e-01   5.1688195e+03   7.0252066e+02   7.8372035e+00   1.9947149e+01   3.2098083e+01   2.8010915e+03   6.6075700e+01   1.2189423e+02   9.1390260e-02   8.3492490e+01   5.0722536e+01   2.7649015e+03   1.7414251e+01   4.9386441e+01   2.9971207e+03   1.8081060e+01   6.2335938e+01   7.0369558e+00   2.7352283e+02   1.0186825e+02   4.5579426e+01   2.9582551e+01   2.7661064e+01   1.8063089e+01   1.2472338e+01   4.2132224e+00   1.3374360e+00   2.8404717e+01   4.4952285e+01   9.1000540e+00   2.0219644e+00   4.0941259e+00   1.7906938e+00   9.3854580e+00   5.0561404e-01   2.4343016e-02   1.5620910e-01   7.5700194e-02   8.9801598e+01   8.2470798e+00   6.3382385e+01   5.3689967e+01   3.1697087e+01   6.1323882e+01   4.7414618e+01   3.7100243e+01   4.6133270e+01   3.6060378e+01   1.0769985e+01
   2.0077179e-01   5.1428126e+03   7.4602540e+02   7.8874557e+00   1.9399413e+01   3.2206336e+01   2.8000962e+03   6.4862318e+01   1.2190854e+02   9.1749165e-02   8.3445631e+01   5.1371907e+01   2.7638929e+03   1.7625431e+01   4.9988785e+01   2.9969847e+03   1.8359357e+01   6.2328654e+01   5.5701497e+00   2.7378357e+02   1.0184995e+02   4.5591205e+01   2.9609176e+01   2.7832794e+01   1.8336269e+01   1.2456743e+01   3.9504382e+00   1.2646832e+00   2.8249302e+01   4.5135150e+01   9.4300890e+00   2.1183538e+00   3.6910438e+00   1.7799638e+00   9.3590034e+00   5.6751817e-01   2.4343016e-02   1.5620910e-01   7.5700194e-02   8.9801598e+01   8.2470798e+00   6.3411157e+01   5.3657907e+01   3.1426239e+01   6.1303374e+01   4.8226439e+01   3.7084134e+01   4.6143299e+01   3.6126537e+01   1.5582876e+01
   2.0257187e-01   5.1735346e+03   7.1988374e+02   7.8095372e+00   1.9636014e+01   3.2093290e+01   2.7994419e+03   6.5238467e+01   1.2189287e+02   9.1094321e-02   8.3450950e+01   5.0589867e+01   2.7644889e+03   1.7745443e+01   5.0601667e+01   2.9948419e+03   1.7947272e+01   6.2347360e+01   6.8964563e+00   2.7282218e+02   1.0187171e+02   4.5612592e+01   2.9487706e+01   2.7675889e+01   1.7474583e+01   1.2790424e+01   4.4207370e+00   1.2746104e+00   2.7950768e+01   4.5115128e+01   9.4900915e+00   2.3038491e+00   4.2557648e+00   1.8098713e+00   9.4346197e+00   5.0228856e-01   3.1177181e-02   1.6257218e-01   7.2509097e-02   8.9652633e+01   8.7726868e+00   6.3370119e+01   5.3730350e+01   3.1014779e+01   6.1386890e+01   4.8703472e+01   3.7081048e+01   4.6153425e+01   3.6244145e+01   1.0735999e+01
   1.9549648e-01   5.1911096e+03   7.0496746e+02   7.7672276e+00   1.9747509e+01   3.2145154e+01   2.8000311e+03   6.5654416e+01   1.2187069e+02   8.9828170e-02   8.3529671e+01   4.9136726e+01   2.7647478e+03   1.7594247e+01   5.1316176e+01   2.9964285e+03   1.7951077e+01   6.2358783e+01   4.4786898e+00   2.7326421e+02   1.0185565e+02   4.5565661e+01   2.9679744e+01   2.7624839e+01   1.7819867e+01   1.2847394e+01   3.7084135e+00   1.2958347e+00   2.7638540e+01   4.5100366e+01   9.5081528e+00   2.2992260e+00   3.9693362e+00   1.8473764e+00   9.4309156e+00   4.5481803e-01   3.1177181e-02   1.6257218e-01   7.2509097e-02   8.9652633e+01   8.7726868e+00   6.3315370e+01   5.3821760e+01   3.0946189e+01   6.1251076e+01   4.9120711e+01   3.7083495e+01   4.6129237e+01   3.6254165e+01   1.1300799e+01
   1.9471073e-01   5.2146420e+03   7.0769760e+02   7.9500515e+00   1.9847436e+01   3.2010775e+01   2.7997155e+03   6.5009441e+01   1.2191033e+02   8.6969548e-02   8.3469823e+01   5.1125968e+01   2.7648825e+03   1.7602364e+01   5.2018674e+01   2.9959759e+03   1.8049799e+01   6.2352745e+01   5.7043287e+00   2.7325300e+02   1.0187931e+02   4.5604086e+01   2.9160031e+01   2.7849635e+01   1.8255601e+01   1.2740967e+01   3.4932413e+00   1.2644013e+00   2.7489913e+01   4.5035548e+01   9.4165356e+00   2.0775336e+00   3.9537961e+00   1.8006391e+00   9.4353123e+00   5.0006043e-01   4.0897218e-02   1.6018907e-01   7.7649571e-02   9.0742947e+01   7.9664319e+00   6.3281211e+01   5.3874714e+01   3.1290249e+01   6.1346462e+01   4.9629359e+01   3.7062001e+01   4.6154834e+01   3.5920324e+01   1.2126824e+01
   1.9958450e-01   5.1827418e+03   7.1946544e+02   7.7681258e+00   1.9871335e+01   3.2145169e+01   2.7985498e+03   6.5077430e+01   1.2191413e+02   8.6796202e-02   8.3421910e+01   4.9945170e+01   2.7632692e+03   1.7528362e+01   5.1291161e+01   2.9951990e+03   1.8061110e+01   6.2352446e+01   5.3791001e+00   2.7401460e+02   1.0184213e+02   4.5579201e+01   2.9414545e+01   2.7628024e+01   1.7865057e+01   1.2750988e+01   3.6574330e+00   1.2668441e+00   2.7712452e+01   4.5050102e+01   9.1630678e+00   2.3525560e+00   4.2420700e+00   1.8331346e+00   9.4146129e+00   5.0549633e-01   4.0897218e-02   1.6018907e-01   7.7649571e-02   9.0742947e+01   7.9664319e+00   6.3208780e+01   5.3912108e+01   3.1092800e+01   6.1381261e+01   5.0218591e+01   3.7064176e+01   4.6139576e+01   3.6024942e+01   1.3817958e+01
   1.9864332e-01   5.1930738e+03   6.9647521e+02   7.8440351e+00   1.9754137e+01   3.2505745e+01   2.8004391e+03   6.4083740e+01   1.2189165e+02   8.3899279e-02   8.3483809e+01   5.1363191e+01   2.7648305e+03   1.7635620e+01   5.0615482e+01   2.9956424e+03   1.8165418e+01   6.2351695e+01   5.4112608e+00   2.7295315e+02   1.0186373e+02   4.5600675e+01   2.8769799e+01   2.7718791e+01   1.8115946e+01   1.2584838e+01   4.0702913e+00   1.2839379e+00   2.7550940e+01   4.4929024e+01   9.6213376e+00   2.2232520e+00   4.0499421e+00   1.8182510e+00   9.4933216e+00   5.2106714e-01   4.0897218e-02   1.6018907e-01   7.7649571e-02   9.0742947e+01   7.9664319e+00   6.3190239e+01   5.3961870e+01   3.0993878e+01   6.1434030e+01   5.1173632e+01   3.7083437e+01   4.6169982e+01   3.6158939e+01   1.2977637e+01
   2.0803608e-01   5.1531004e+03   7.2653381e+02   7.8361549e+00   2.0089781e+01   3.1993378e+01   2.8006522e+03   6.4739492e+01   1.2189276e+02   8.7290254e-02   8.3476855e+01   4.9278731e+01   2.7646962e+03   1.7464166e+01   5.0267495e+01   2.9972836e+03   1.8112969e+01   6.2343315e+01   6.6104652e+00   2.7430286e+02   1.0189480e+02   4.5591897e+01   2.9173528e+01   2.7764130e+01   1.8197248e+01   1.2571517e+01   3.4602795e+00   1.2779331e+00   2.8310719e+01   4.5059385e+01   8.8979878e+00   2.1260107e+00   3.7257595e+00   1.8054368e+00   9.3504778e+00   5.4191103e-01   2.9160438e-02   1.5448160e-01   7.2925617e-02   9.0628032e+01   8.2118577e+00   6.3191067e+01   5.3921842e+01   3.0687919e+01   6.1418708e+01   5.1849039e+01   3.7051117e+01   4.6136878e+01   3.6071856e+01   1.1029419e+01
   2.0549324e-01   5.1924468e+03   7.2832231e+02   7.7284226e+00   1.9604081e+01   3.2367159e+01   2.8005131e+03   6.4645728e+01   1.2190569e+02   9.1443228e-02   8.3435504e+01   4.9464648e+01   2.7656395e+03   1.7588461e+01   5.1974663e+01   2.9973074e+03   1.7834145e+01   6.2356548e+01   5.3654920e+00   2.7357510e+02   1.0188357e+02   4.5593309e+01   2.9374318e+01   2.7804066e+01   1.7736808e+01   1.2676889e+01   3.2189952e+00   1.2628073e+00   2.8298500e+01   4.4932859e+01   9.1909233e+00   2.1360246e+00   3.8684675e+00   1.7822252e+00   9.3866031e+00   4.5439020e-01   2.9160438e-02   1.5448160e-01   7.2925617e-02   9.0628032e+01   8.2118577e+00   6.3232957e+01   5.3895122e+01   3.0502103e+01   6.1472840e+01   5.2305713e+01   3.7070570e+01   4.6178737e+01   3.6086834e+01   1.3110184e+01
   2.0472663e-01   5.1878169e+03   7.3278162e+02   7.7908225e+00   1.9655677e+01   3.2218716e+01   2.8021717e+03   6.4369518e+01   1.2191585e+02   9.7226980e-02   8.3469239e+01   4.9895603e+01   2.7670301e+03   1.7479954e+01   5.2233119e+01   2.9980515e+03   1.7818411e+01   6.2332679e+01   4.4534670e+00   2.7310642e+02   1.0185653e+02   4.5620678e+01   2.9672224e+01   2.7636842e+01   1.7753823e+01   1.2703760e+01   3.9671597e+00   1.2557876e+00   2.7847912e+01   4.4928089e+01   9.1234491e+00   2.0370237e+00   3.7720929e+00   1.8599527e+00   9.4547211e+00   4.8551115e-01   2.1786454e-02   1.4854449e-01   6.1946526e-02   9.0002911e+01   7.9767017e+00   6.3241044e+01   5.3880459e+01   3.0943535e+01   6.1368243e+01   5.2313833e+01   3.7101212e+01   4.6207269e+01   3.6231024e+01   7.7786162e+00
   1.9640741e-01   5.1715289e+03   6.8552293e+02   7.8505488e+00   2.0195896e+01   3.2464656e+01   2.8033297e+03   6.4732742e+01   1.2189788e+02   1.0722713e-01   8.3461945e+01   5.0343032e+01   2.7673866e+03   1.7588912e+01   4.9268707e+01   2.9994818e+03   1.7917185e+01   6.2325604e+01   5.6944948e+00   2.7367501e+02   1.0188676e+02   4.5636557e+01   2.9497047e+01   2.7617605e+01   1.8546923e+01   1.2646951e+01   3.9287370e+00   1.2797479e+00   2.7962522e+01   4.4940835e+01   9.4565482e+00   2.0406251e+00   3.8574802e+00   1.8028211e+00   9.4058147e+00   5.5759544e-01   2.1786454e-02   1.4854449e-01   6.1946526e-02   9.0002911e+01   7.9767017e+00   6.3306561e+01   5.3767748e+01   3.0988413e+01   6.1348324e+01   5.2032069e+01   3.7058827e+01   4.6170397e+01   3.6093649e+01   1.1094914e+01
   2.0555349e-01   5.1449283e+03   7.0721950e+02   7.8006781e+00   1.9526657e+01   3.2557917e+01   2.8018446e+03   6.4444820e+01   1.2191039e+02   1.1078986e-01   8.3446290e+01   5.0406920e+01   2.7661245e+03   1.7370864e+01   5.2538633e+01   2.9971028e+03   1.8300734e+01   6.2310677e+01   4.7567266e+00   2.7275732e+02   1.0187565e+02   4.5631101e+01   2.9730553e+01   2.7596067e+01   1.8533935e+01   1.2526315e+01   4.2670276e+00   1.2947329e+00   2.8119268e+01   4.4893822e+01   9.2855017e+00   2.1728429e+00   3.7670440e+00   1.7682528e+00   9.3928930e+00   4.6959612e-01   2.1786454e-02   1.4854449e-01   6.1946526e-02   9.0002911e+01   7.9767017e+00   6.3389672e+01   5.3704878e+01   3.1306478e+01   6.1280123e+01   5.1129046e+01   3.7052007e+01   4.6210356e+01   3.6107117e+01   1.3343567e+01
   2.0787176e-01   5.1788245e+03   6.9193458e+02   7.7508084e+00   1.9719755e+01   3.1974236e+01   2.7999164e+03   6.4410637e+01   1.2190802e+02   1.1130043e-01   8.3474615e+01   4.9798784e+01   2.7644455e+03   1.7495305e+01   5.0131680e+01   2.9958386e+03   1.7789098e+01   6.2334555e+01   5.5736480e+00   2.7348602e+02   1.0187156e+02   4.5644684e+01   3.0313489e+01   2.7542885e+01   1.7918616e+01   1.2749601e+01   3.6777344e+00   1.2830629e+00   2.7948882e+01   4.4774404e+01   9.4207748e+00   2.2000392e+00   3.8602447e+00   1.8527017e+00   9.4147613e+00   4.4143758e-01   3.8636590e-02   1.4694197e-01   6.7888483e-02   9.0022093e+01   7.8748058e+00   6.3309994e+01   5.3847617e+01   3.0939762e+01   6.1384316e+01   5.0189486e+01   3.7059736e+01   4.6216556e+01   3.6121170e+01   1.1348065e+01
   2.0033034e-01   5.1994107e+03   6.9910086e+02   7.8601343e+00   1.9597908e+01   3.2314763e+01   2.7998454e+03   6.5930199e+01   1.2190787e+02   1.0894327e-01   8.3496958e+01   5.0338980e+01   2.7644963e+03   1.7457476e+01   5.1224853e+01   2.9952082e+03   1.8002955e+01   6.2373344e+01   4.1633457e+00   2.7363688e+02   1.0189216e+02   4.5670216e+01   2.9598187e+01   2.7669037e+01   1.7833130e+01   1.2692032e+01   3.7684893e+00   1.3014322e+00   2.8128959e+01   4.4876893e+01   9.3290886e+00   2.2022550e+00   4.0337725e+00   1.8241671e+00   9.4117413e+00   4.9843845e-01   3.8636590e-02   1.4694197e-01   6.7888483e-02   9.0022093e+01   7.8748058e+00   6.3172980e+01   5.4046802e+01   3.1102655e+01   6.1318910e+01   4.9197907e+01   3.7032434e+01   4.6198754e+01   3.6139083e+01   1.2246194e+01
   1.9817295e-01   5.2035555e+03   7.0836909e+02   7.9242344e+00   1.9622305e+01   3.2487809e+01   2.7993886e+03   6.5156330e+01   1.2188142e+02   1.0504863e-01   8.3585464e+01   5.0285359e+01   2.7645771e+03   1.7506626e+01   5.0760270e+01   2.9945574e+03   1.8103829e+01   6.2382211e+01   4.9226237e+00   2.7303489e+02   1.0185716e+02   4.5629658e+01   2.9502880e+01   2.7556624e+01   1.8533035e+01   1.2621210e+01   3.6757830e+00   1.2904505e+00   2.7938837e+01   4.4811761e+01   8.9383571e+00   2.1366180e+00   4.0474331e+00   1.7771240e+00   9.4779570e+00   5.3555905e-01   3.0944008e-02   1.6491724e-01   7.6436357e-02   8.9260309e+01   7.8381427e+00   6.3123310e+01   5.4136368e+01   3.1301932e+01   6.1486325e+01   4.8678299e+01   3.7047484e+01   4.6225926e+01   3.6130850e+01   1.1194092e+01
   2.0307039e-01   5.1799243e+03   6.7184274e+02   7.6271292e+00   2.0095196e+01   3.2370409e+01   2.7977594e+03   6.5022963e+01   1.2190333e+02   1.0006572e-01   8.3550283e+01   5.1128894e+01   2.7623719e+03   1.7432217e+01   5.0867830e+01   2.9944619e+03   1.8026737e+01   6.2409912e+01   4.4845157e+00   2.7465440e+02   1.0186708e+02   4.5622985e+01   2.9431046e+01   2.7749672e+01   1.8000350e+01   1.2537718e+01   3.6807349e+00   1.2600260e+00   2.7636178e+01   4.4891566e+01   8.8828465e+00   2.1156780e+00   3.8223830e+00   1.8127861e+00   9.4653057e+00   4.5806145e-01   3.0944008e-02   1.6491724e-01   7.6436357e-02   8.9260309e+01   7.8381427e+00   6.3162978e+01   5.3980022e+01   3.1369639e+01   6.1202867e+01   4.8560818e+01   3.7039987e+01   4.6207796e+01   3.6049510e+01   1.0572636e+01
   2.0416975e-01   5.1933411e+03   6.6986785e+02   7.7687255e+00   1.9736557e+01   3.2120058e+01   2.7974579e+03   6.5318751e+01   1.2190645e+02   9.2820744e-02   8.3587384e+01   4.8554560e+01   2.7622299e+03   1.7441496e+01   4.9501213e+01   2.9939787e+03   1.8111162e+01   6.2413485e+01   5.8966682e+00   2.7311186e+02   1.0185840e+02   4.5647967e+01   2.9971463e+01   2.7594615e+01   1.8296626e+01   1.2691995e+01   3.7632280e+00   1.2287594e+00   2.7217890e+01   4.4844671e+01   9.1769849e+00   2.0471190e+00   3.7457440e+00   1.8441649e+00   9.3792589e+00   4.9144013e-01   3.0944008e-02   1.6491724e-01   7.6436357e-02   8.9260309e+01   7.8381427e+00   6.3187731e+01   5.3945183e+01   3.1315272e+01   6.1360077e+01   4.8414861e+01   3.7015210e+01   4.6201244e+01   3.6028150e+01   1.2212254e+01
   2.0406279e-01   5.2048377e+03   7.1515032e+02   7.8435439e+00   1.9682760e+01   3.2056896e+01   2.7972197e+03   6.4513195e+01   1.2191546e+02   8.1948441e-02   8.3627270e+01   5.0641314e+01   2.7617728e+03   1.7682365e+01   4.9978407e+01   2.9934000e+03   1.8087038e+01   6.2447850e+01   4.7710263e+00   2.7343782e+02   1.0184049e+02   4.5620277e+01   2.9475154e+01   2.7537734e+01   1.8260658e+01   1.2567282e+01   3.8894321e+00   1.2830400e+00   2.7682090e+01   4.4882086e+01   9.1425326e+00   2.3086673e+00   4.2005368e+00   1.8361567e+00   9.4317037e+00   4.9684525e-01   2.4036663e-02   1.4833650e-01   6.7841671e-02   8.9595351e+01   7.9319930e+00   6.3188775e+01   5.3948385e+01   3.0973418e+01   6.1460228e+01   4.8650698e+01   3.6990382e+01   4.6206113e+01   3.6244242e+01   1.2795948e+01
   2.0653197e-01   5.1579179e+03   6.8646992e+02   7.7669272e+00   1.9431508e+01   3.2337950e+01   2.7964417e+03   6.3931912e+01   1.2189665e+02   7.8904348e-02   8.3628536e+01   5.1079071e+01   2.7608075e+03   1.7347989e+01   4.9511489e+01   2.9933609e+03   1.8092255e+01   6.2469458e+01   6.3628465e+00   2.7394375e+02   1.0183812e+02   4.5630785e+01   2.9921603e+01   2.7687488e+01   1.7825141e+01   1.2602251e+01   4.1730740e+00   1.3239020e+00   2.8378221e+01   4.4751082e+01   9.3651781e+00   2.2262588e+00   3.9689283e+00   1.8605662e+00   9.3922869e+00   4.3572735e-01   2.4036663e-02   1.4833650e-01   6.7841671e-02   8.9595351e+01   7.9319930e+00   6.3180918e+01   5.3974355e+01   3.0833094e+01   6.1436077e+01   4.9292773e+01   3.6970925e+01   4.6221560e+01   3.6299811e+01   1.3337393e+01
   2.0269753e-01   5.1674132e+03   6.8134632e+02   7.8912828e+00   1.9452294e+01   3.2438540e+01   2.7963680e+03   6.5714635e+01   1.2190279e+02   6.7499691e-02   8.3600299e+01   5.0573928e+01   2.7611262e+03   1.7585126e+01   5.1445422e+01   2.9934490e+03   1.8218300e+01   6.2468491e+01   6.4565218e+00   2.7498830e+02   1.0182999e+02   4.5624671e+01   2.9811595e+01   2.7603609e+01   1.8296907e+01   1.2744556e+01   3.8139367e+00   1.2823872e+00   2.8026086e+01   4.4767379e+01   9.1792600e+00   2.2024282e+00   3.9008617e+00   1.7910575e+00   9.4562823e+00   5.0493670e-01   1.4126144e-02   1.5509209e-01   6.6322598e-02   9.0220999e+01   8.4384229e+00   6.3153169e+01   5.4007710e+01   3.0765512e+01   6.1487158e+01   4.9631594e+01   3.7000415e+01   4.6233407e+01   3.6125439e+01   1.4130943e+01
   2.0199634e-01   5.1782610e+03   6.7060024e+02   7.7965291e+00   1.9963096e+01   3.1706913e+01   2.7972766e+03   6.5462558e+01   1.2189971e+02   5.9265461e-02   8.3611967e+01   4.8863384e+01   2.7625697e+03   1.7685445e+01   5.2101128e+01   2.9932710e+03   1.8237736e+01   6.2481483e+01   5.6005790e+00   2.7291940e+02   1.0184962e+02   4.5627015e+01   2.9231036e+01   2.7538634e+01   1.8421265e+01   1.2768047e+01   3.6659693e+00   1.2670807e+00   2.7944403e+01   4.4967205e+01   8.9259156e+00   2.1338500e+00   3.9091429e+00   1.8616309e+00   9.5851266e+00   4.5272175e-01   1.4126144e-02   1.5509209e-01   6.6322598e-02   9.0220999e+01   8.4384229e+00   6.3226976e+01   5.3864339e+01   3.0589103e+01   6.1383047e+01   4.9980759e+01   3.6922965e+01   4.6194540e+01   3.6257795e+01   1.1681153e+01
   2.0919740e-01   5.1623630e+03   7.3012472e+02   7.7809294e+00   1.9421211e+01   3.2411290e+01   2.7980516e+03   6.5259632e+01   1.2189102e+02   5.9387039e-02   8.3596737e+01   4.8527763e+01   2.7629747e+03   1.7282566e+01   4.9980878e+01   2.9938622e+03   1.8135908e+01   6.2464129e+01   6.8758502e+00   2.7346974e+02   1.0186161e+02   4.5621606e+01   2.9209686e+01   2.7470176e+01   1.7936711e+01   1.2709900e+01   3.9079820e+00   1.2763094e+00   2.7801707e+01   4.5020162e+01   8.9840061e+00   2.0477315e+00   4.1618402e+00   1.7765757e+00   9.4853233e+00   4.4726063e-01   1.4126144e-02   1.5509209e-01   6.6322598e-02   9.0220999e+01   8.4384229e+00   6.3294599e+01   5.3808353e+01   3.1269199e+01   6.1224235e+01   4.9761791e+01   3.6967965e+01   4.6221243e+01   3.6078508e+01   1.4875710e+01
   2.0636221e-01   5.1997033e+03   6.8557064e+02   7.8474341e+00   1.9394481e+01   3.2541070e+01   2.7995665e+03   6.4628879e+01   1.2188619e+02   5.6021628e-02   8.3590971e+01   4.8875454e+01   2.7647682e+03   1.7404880e+01   5.0582888e+01   2.9954548e+03   1.8109473e+01   6.2457307e+01   6.0630974e+00   2.7292723e+02   1.0185506e+02   4.5638616e+01   2.9883565e+01   2.7581047e+01   1.7953147e+01   1.2721292e+01   4.1854198e+00   1.3314801e+00   2.8183029e+01   4.5033596e+01   8.9554700e+00   2.2396180e+00   3.8367047e+00   1.8500712e+00   9.5315708e+00   3.7696555e-01   2.8877799e-02   1.5885640e-01   8.4458059e-02   8.9601864e+01   9.4485428e+00   6.3294869e+01   5.3837145e+01   3.1062778e+01   6.1409413e+01   4.9327286e+01   3.6971188e+01   4.6218853e+01   3.6136438e+01   1.1073414e+01
   2.0169416e-01   5.1821118e+03   6.8049960e+02   7.7984347e+00   1.9514397e+01   3.2224863e+01   2.8010926e+03   6.5695322e+01   1.2189568e+02   6.0667402e-02   8.3538331e+01   4.9886087e+01   2.7658170e+03   1.7785189e+01   4.8728345e+01   2.9965420e+03   1.7869897e+01   6.2449562e+01   5.2929275e+00   2.7298928e+02   1.0186655e+02   4.5629467e+01   2.9704694e+01   2.7778395e+01   1.7606073e+01   1.2787244e+01   3.5960578e+00   1.2946010e+00   2.8470351e+01   4.4824454e+01   8.9889065e+00   2.1341836e+00   3.3176432e+00   1.8169825e+00   9.5369129e+00   5.4656667e-01   2.8877799e-02   1.5885640e-01   8.4458059e-02   8.9601864e+01   9.4485428e+00   6.3283274e+01   5.3868589e+01   3.0780059e+01   6.1415762e+01   4.8826265e+01   3.6955537e+01   4.6228895e+01   3.6140406e+01   1.0371458e+01
   1.9512243e-01   5.1921173e+03   7.3086890e+02   7.8057366e+00   1.9627355e+01   3.1837335e+01   2.8018299e+03   6.4618608e+01   1.2189872e+02   6.5246960e-02   8.3523352e+01   5.0514123e+01   2.7665453e+03   1.7667596e+01   5.1399239e+01   2.9969727e+03   1.8127146e+01   6.2406149e+01   7.4013060e+00   2.7334508e+02   1.0185074e+02   4.5664954e+01   2.9540517e+01   2.7695534e+01   1.8338429e+01   1.2615732e+01   3.2623333e+00   1.2792272e+00   2.8347476e+01   4.4979359e+01   8.9161814e+00   2.3364759e+00   3.8876868e+00   1.8170872e+00   9.4693514e+00   5.0798016e-01   2.4857217e-02   1.6572825e-01   7.4589409e-02   8.9741050e+01   8.1464576e+00   6.3287778e+01   5.3879380e+01   3.0653562e+01   6.1320694e+01   4.8096007e+01   3.6981232e+01   4.6225098e+01   3.6350711e+01   1.4206342e+01
   2.0285560e-01   5.1671879e+03   6.7744651e+02   7.7986374e+00   1.9764082e+01   3.2211043e+01   2.8018076e+03   6.5118578e+01   1.2188838e+02   7.1372459e-02   8.3462224e+01   5.0323445e+01   2.7660882e+03   1.7632890e+01   4.9019897e+01   2.9967860e+03   1.7886072e+01   6.2397068e+01   3.1584381e+00   2.7312201e+02   1.0184411e+02   4.5651021e+01   2.9813625e+01   2.7653424e+01   1.7977204e+01   1.2601586e+01   3.8108749e+00   1.3127946e+00   2.8251155e+01   4.5020784e+01   8.6102838e+00   2.3155749e+00   3.8719630e+00   1.8311312e+00   9.3232199e+00   4.4900547e-01   2.4857217e-02   1.6572825e-01   7.4589409e-02   8.9741050e+01   8.1464576e+00   6.3210424e+01   5.3964827e+01   3.1041532e+01   6.1329984e+01   4.7718992e+01   3.6940131e+01   4.6218515e+01   3.6216845e+01   1.3764265e+01
   1.9917342e-01   5.1783214e+03   7.0332807e+02   7.8142101e+00   1.9826185e+01   3.2019379e+01   2.8016244e+03   6.5629976e+01   1.2189265e+02   7.5676352e-02   8.3456972e+01   4.9938958e+01   2.7666467e+03   1.7566929e+01   4.8681232e+01   2.9969852e+03   1.8280760e+01   6.2354891e+01   5.4123735e+00   2.7386895e+02   1.0184873e+02   4.5660927e+01   2.9710834e+01   2.7659218e+01   1.7699638e+01   1.2692024e+01   3.4120801e+00   1.2998443e+00   2.7803465e+01   4.5010573e+01   8.9136664e+00   2.1293401e+00   4.1574505e+00   1.8102609e+00   9.5925054e+00   4.7900232e-01   2.4857217e-02   1.6572825e-01   7.4589409e-02   8.9741050e+01   8.1464576e+00   6.3178910e+01   5.4005688e+01   3.0623058e+01   6.1341011e+01   4.7557914e+01   3.6951274e+01   4.6236639e+01   3.6081442e+01   1.5378334e+01
   1.9565372e-01   5.1988624e+03   6.8624705e+02   7.8734060e+00   1.9457045e+01   3.2321747e+01   2.8003126e+03   6.5153616e+01   1.2188323e+02   8.2898128e-02   8.3418460e+01   5.1152521e+01   2.7658917e+03   1.7482038e+01   5.1061051e+01   2.9967852e+03   1.8379896e+01   6.2355120e+01   4.8316396e+00   2.7406243e+02   1.0185568e+02   4.5699639e+01   2.9650958e+01   2.7586147e+01   1.7483159e+01   1.2469859e+01   3.8298958e+00   1.2925895e+00   2.8093130e+01   4.4985893e+01   8.9308022e+00   2.3395046e+00   4.1425061e+00   1.8176807e+00   9.3756406e+00   4.4148154e-01   4.0312848e-02   1.6360162e-01   7.2098090e-02   9.0044824e+01   8.4090667e+00   6.3149214e+01   5.4040267e+01   3.1010692e+01   6.1238153e+01   4.7494613e+01   3.6939525e+01   4.6229302e+01   3.6061386e+01   1.1367428e+01
   1.9175836e-01   5.1908070e+03   6.9883324e+02   7.8214095e+00   1.9631667e+01   3.2203431e+01   2.8017637e+03   6.4805158e+01   1.2189447e+02   8.1368447e-02   8.3425811e+01   4.9564170e+01   2.7664787e+03   1.7647685e+01   5.2139531e+01   2.9974963e+03   1.7988798e+01   6.2329993e+01   4.6569830e+00   2.7341005e+02   1.0189399e+02   4.5715445e+01   2.9683081e+01   2.7625318e+01   1.7862010e+01   1.2714058e+01   3.6419782e+00   1.2828118e+00   2.8528150e+01   4.4907600e+01   9.1451994e+00   2.3048047e+00   3.9744198e+00   1.8036675e+00   9.4210797e+00   4.5348329e-01   4.0312848e-02   1.6360162e-01   7.2098090e-02   9.0044824e+01   8.4090667e+00   6.3114608e+01   5.4080173e+01   3.0872062e+01   6.1270000e+01   4.7424014e+01   3.6951635e+01   4.6266632e+01   3.5956677e+01   8.1838228e+00
   1.9424033e-01   5.1925774e+03   6.7194719e+02   7.7513325e+00   1.9707069e+01   3.2463627e+01   2.8014865e+03   6.4318900e+01   1.2189021e+02   8.7418706e-02   8.3428061e+01   5.0914396e+01   2.7670285e+03   1.7366174e+01   4.9136613e+01   2.9976931e+03   1.7977404e+01   6.2309362e+01   6.5982595e+00   2.7375797e+02   1.0186304e+02   4.5765548e+01   2.9047221e+01   2.7828674e+01   1.7688423e+01   1.2847133e+01   3.7243954e+00   1.2593753e+00   2.8351916e+01   4.4895224e+01   8.8491416e+00   2.1607511e+00   3.9534868e+00   1.8085242e+00   9.4292293e+00   4.9800348e-01   2.2699805e-03   1.6400762e-01   9.3805026e-02   9.0194923e+01   7.2677192e+00   6.3071524e+01   5.4081860e+01   3.0737657e+01   6.1527951e+01   4.7553095e+01   3.6930583e+01   4.6241728e+01   3.6097901e+01   1.2646980e+01
   1.9747490e-01   5.1756987e+03   6.7267196e+02   7.8431196e+00   1.9999224e+01   3.2060358e+01   2.8018213e+03   6.4273935e+01   1.2191389e+02   8.9936948e-02   8.3432523e+01   4.8692842e+01   2.7666680e+03   1.7458719e+01   5.0143046e+01   2.9974580e+03   1.7940718e+01   6.2303692e+01   4.4465764e+00   2.7340884e+02   1.0188475e+02   4.5740125e+01   2.9480960e+01   2.7739824e+01   1.8122627e+01   1.2659607e+01   3.8449083e+00   1.3104745e+00   2.7947623e+01   4.5024975e+01   9.2982568e+00   2.2700240e+00   3.8242739e+00   1.8194928e+00   9.3963102e+00   5.4363523e-01   2.2699805e-03   1.6400762e-01   9.3805026e-02   9.0194923e+01   7.2677192e+00   6.3256446e+01   5.3820627e+01   3.0186608e+01   6.1548824e+01   4.8421887e+01   3.6931458e+01   4.6229915e+01   3.6189706e+01   1.0197996e+01
   1.9902341e-01   5.1764775e+03   7.3557536e+02   7.8295712e+00   1.9513423e+01   3.1754758e+01   2.8016499e+03   6.6068738e+01   1.2190749e+02   9.5319914e-02   8.3407614e+01   4.9531517e+01   2.7662687e+03   1.7620520e+01   5.1306066e+01   2.9967083e+03   1.8147049e+01   6.2318657e+01   5.8952958e+00   2.7363778e+02   1.0188304e+02   4.5783437e+01   2.9867868e+01   2.7880847e+01   1.7847409e+01   1.2855221e+01   3.7250240e+00   1.2706372e+00   2.8192679e+01   4.4930312e+01   9.2371249e+00   1.9586628e+00   4.1586662e+00   1.8279519e+00   9.4174654e+00   5.6195776e-01   2.2699805e-03   1.6400762e-01   9.3805026e-02   9.0194923e+01   7.2677192e+00   6.3364973e+01   5.3722371e+01   3.0695824e+01   6.1344594e+01   4.9367292e+01   3.6920391e+01   4.6219716e+01   3.6233842e+01   1.1680672e+01
   1.9511406e-01   5.2021654e+03   7.0345851e+02   7.8168790e+00   1.9863415e+01   3.2030130e+01   2.8013026e+03   6.5258575e+01   1.2190925e+02   9.5501820e-02   8.3424649e+01   5.0563545e+01   2.7653230e+03   1.7344300e+01   4.9268952e+01   2.9963861e+03   1.8119172e+01   6.2329730e+01   5.3060720e+00   2.7352454e+02   1.0189893e+02   4.5849141e+01   2.9703353e+01   2.7761240e+01   1.7716060e+01   1.2724010e+01   3.9393366e+00   1.3079394e+00   2.8147944e+01   4.4969655e+01   9.1331713e+00   2.2364109e+00   3.7398379e+00   1.8231927e+00   9.4869568e+00   4.9916995e-01   1.5451081e-02   1.5908345e-01   7.9955398e-02   8.9904690e+01   8.1625495e+00   6.3356062e+01   5.3724287e+01   3.0126079e+01   6.1568356e+01   4.9711913e+01   3.6914984e+01   4.6200324e+01   3.6308827e+01   1.2500389e+01
   1.9351411e-01   5.1817244e+03   7.1592395e+02   7.7945269e+00   1.9957030e+01   3.2288969e+01   2.8009002e+03   6.4608601e+01   1.2190029e+02   1.0202047e-01   8.3450074e+01   4.8483556e+01   2.7657454e+03   1.7470137e+01   4.7792057e+01   2.9967684e+03   1.8141873e+01   6.2345264e+01   4.9422535e+00   2.7356516e+02   1.0187655e+02   4.5824896e+01   2.9699796e+01   2.7613584e+01   1.7773073e+01   1.2620932e+01   3.4069523e+00   1.2921011e+00   2.8352324e+01   4.5157626e+01   9.0723106e+00   2.3085098e+00   3.4685657e+00   1.7537829e+00   9.4005931e+00   4.8532954e-01   1.5451081e-02   1.5908345e-01   7.9955398e-02   8.9904690e+01   8.1625495e+00   6.3344225e+01   5.3797145e+01   3.0413602e+01   6.1445561e+01   4.9605504e+01   3.6932361e+01   4.6234104e+01   3.6280537e+01   1.4622365e+01
   1.9222902e-01   5.2050510e+03   6.9365206e+02   7.8541577e+00   1.9953102e+01   3.1923672e+01   2.8008776e+03   6.4638853e+01   1.2190992e+02   1.0002643e-01   8.3478785e+01   5.0994899e+01   2.7651005e+03   1.7563414e+01   5.1978705e+01   2.9966503e+03   1.7796057e+01   6.2350517e+01   6.1743322e+00   2.7343711e+02   1.0187451e+02   4.5862567e+01   2.9860060e+01   2.7666822e+01   1.7937876e+01   1.2644622e+01   3.6240657e+00   1.2999952e+00   2.8031406e+01   4.4879538e+01   9.1842119e+00   1.9902454e+00   3.7312411e+00   1.8250563e+00   9.4130181e+00   5.6106367e-01   1.8721891e-02   1.5701764e-01   7.3523594e-02   8.9896866e+01   7.9871406e+00   6.3325596e+01   5.3816441e+01   3.0089755e+01   6.1535796e+01   4.9949090e+01   3.6930610e+01   4.6231440e+01   3.6217911e+01   1.2544531e+01
   1.9137874e-01   5.2092279e+03   7.3215928e+02   7.8145619e+00   1.9710332e+01   3.1873912e+01   2.8003350e+03   6.5041559e+01   1.2188958e+02   1.0172248e-01   8.3509802e+01   5.0981065e+01   2.7654546e+03   1.7725338e+01   4.9494616e+01   2.9955455e+03   1.7965884e+01   6.2360366e+01   5.8139236e+00   2.7355176e+02   1.0187119e+02   4.5880371e+01   2.9650099e+01   2.7654456e+01   1.8105482e+01   1.2442334e+01   3.6274907e+00   1.2796120e+00   2.7829619e+01   4.4979521e+01   8.9541249e+00   2.0837685e+00   3.8770003e+00   1.8318695e+00   9.3983260e+00   3.8405799e-01   1.8721891e-02   1.5701764e-01   7.3523594e-02   8.9896866e+01   7.9871406e+00   6.3329114e+01   5.3837366e+01   3.0082460e+01   6.1583782e+01   5.0396158e+01   3.6907281e+01   4.6250059e+01   3.6222551e+01   1.1246622e+01
   1.9335799e-01   5.1948407e+03   7.1113911e+02   7.7181015e+00   1.9620133e+01   3.2110542e+01   2.7996030e+03   6.5425206e+01   1.2189360e+02   1.0272518e-01   8.3566829e+01   5.0420771e+01   2.7639353e+03   1.7573922e+01   4.9966771e+01   2.9951612e+03   1.8095045e+01   6.2395278e+01   5.0350625e+00   2.7332412e+02   1.0189016e+02   4.5898777e+01   2.9813531e+01   2.7868466e+01   1.7592253e+01   1.2673084e+01   3.7537891e+00   1.3222441e+00   2.8226348e+01   4.4858058e+01   9.1612039e+00   2.1492037e+00   3.6964103e+00   1.8441246e+00   9.4396562e+00   4.9543102e-01   1.8721891e-02   1.5701764e-01   7.3523594e-02   8.9896866e+01   7.9871406e+00   6.3323737e+01   5.3825479e+01   3.0367280e+01   6.1441594e+01   5.0589583e+01   3.6880493e+01   4.6220447e+01   3.6088894e+01   1.1457839e+01
   1.8958704e-01   5.1850249e+03   7.0616400e+02   7.8105483e+00   2.0073814e+01   3.2216988e+01   2.7998457e+03   6.5014230e+01   1.2191294e+02   9.8866772e-02   8.3630162e+01   5.0483840e+01   2.7639222e+03   1.7730153e+01   5.0651693e+01   2.9953269e+03   1.8142463e+01   6.2408388e+01   4.1621509e+00   2.7331229e+02   1.0187423e+02   4.5919882e+01   2.9425653e+01   2.7708310e+01   1.8175059e+01   1.2775022e+01   3.5837435e+00   1.3221492e+00   2.8429274e+01   4.4902472e+01   9.1629366e+00   2.1510151e+00   3.6201656e+00   1.8723553e+00   9.4338029e+00   5.3873998e-01   4.1456349e-02   1.6044039e-01   6.8748277e-02   8.9588323e+01   7.7411965e+00   6.3366425e+01   5.3812353e+01   3.0163683e+01   6.1538500e+01   5.0476406e+01   3.6892615e+01   4.6254094e+01   3.6252709e+01   1.2593511e+01
   1.9601098e-01   5.1694878e+03   6.9114339e+02   7.7897594e+00   1.9702286e+01   3.2210667e+01   2.7994491e+03   6.5387645e+01   1.2189536e+02   1.0110283e-01   8.3627633e+01   5.1575617e+01   2.7643728e+03   1.7589962e+01   5.0207354e+01   2.9949068e+03   1.8014040e+01   6.2429676e+01   3.0946857e+00   2.7327828e+02   1.0185587e+02   4.5925247e+01   2.9743349e+01   2.7882321e+01   1.7800934e+01   1.2771153e+01   3.9700079e+00   1.3099951e+00   2.8499748e+01   4.5093106e+01   8.6175884e+00   2.3280807e+00   3.6239990e+00   1.8062110e+00   9.3902947e+00   4.9972414e-01   4.1456349e-02   1.6044039e-01   6.8748277e-02   8.9588323e+01   7.7411965e+00   6.3392235e+01   5.3790240e+01   3.0569473e+01   6.1333739e+01   5.0446389e+01   3.6906871e+01   4.6270627e+01   3.6329664e+01   1.1705828e+01
   1.9176265e-01   5.1821334e+03   6.8487570e+02   7.8471661e+00   1.9591248e+01   3.2150995e+01   2.7987914e+03   6.4274952e+01   1.2190794e+02   9.4137965e-02   8.3689856e+01   4.9122129e+01   2.7643129e+03   1.7383465e+01   4.9672070e+01   2.9952534e+03   1.7842657e+01   6.2468820e+01   5.4256593e+00   2.7366328e+02   1.0185131e+02   4.5911945e+01   2.9237184e+01   2.7704118e+01   1.7612477e+01   1.2584974e+01   3.9222448e+00   1.2688133e+00   2.8054128e+01   4.4947063e+01   9.1367346e+00   2.2669715e+00   3.8767362e+00   1.8207994e+00   9.4447232e+00   4.4824233e-01   3.4075132e-02   1.6009387e-01   7.0011428e-02   9.0428891e+01   8.4140158e+00   6.3399874e+01   5.3745607e+01   3.0534012e+01   6.1569760e+01   5.0248160e+01   3.6897559e+01   4.6249268e+01   3.6249627e+01   1.1504668e+01
   1.8995337e-01   5.1681076e+03   7.1922212e+02   7.9179969e+00   1.9721501e+01   3.2235304e+01   2.7994862e+03   6.3889951e+01   1.2188897e+02   9.1132382e-02   8.3735362e+01   5.0795871e+01   2.7642349e+03   1.7574910e+01   5.0882510e+01   2.9958929e+03   1.8013444e+01   6.2505827e+01   5.5424693e+00   2.7326837e+02   1.0183352e+02   4.5901720e+01   2.9637914e+01   2.7774707e+01   1.8409752e+01   1.2671343e+01   3.5025683e+00   1.3207932e+00   2.8072911e+01   4.5018874e+01   9.1312396e+00   2.1225060e+00   3.8078386e+00   1.8065303e+00   9.4879026e+00   5.3691196e-01   3.4075132e-02   1.6009387e-01   7.0011428e-02   9.0428891e+01   8.4140158e+00   6.3258070e+01   5.3947418e+01   3.0448753e+01   6.1459169e+01   4.9845537e+01   3.6903982e+01   4.6254647e+01   3.6251344e+01   1.4424187e+01
   1.9333495e-01   5.1833187e+03   6.6097186e+02   7.8938404e+00   1.9834823e+01   3.2060079e+01   2.7997402e+03   6.3944201e+01   1.2190579e+02   9.2439921e-02   8.3721526e+01   4.8526671e+01   2.7644678e+03   1.7407979e+01   5.0874071e+01   2.9951856e+03   1.8158919e+01   6.2492024e+01   4.3597034e+00   2.7338011e+02   1.0185371e+02   4.5877555e+01   2.9873306e+01   2.7544628e+01   1.8013774e+01   1.2749395e+01   3.6381558e+00   1.2904061e+00   2.8361427e+01   4.4938279e+01   9.0698427e+00   2.1535159e+00   4.1394273e+00   1.8454895e+00   9.5248549e+00   5.1009287e-01   3.4075132e-02   1.6009387e-01   7.0011428e-02   9.0428891e+01   8.4140158e+00   6.3187746e+01   5.4022189e+01   3.0621211e+01   6.1289036e+01   4.9554041e+01   3.6901725e+01   4.6237711e+01   3.6203468e+01   1.3267984e+01
   1.9266751e-01   5.1641008e+03   6.8059931e+02   7.7903439e+00   1.9870594e+01   3.1884816e+01   2.7996850e+03   6.4537725e+01   1.2190497e+02   9.1432409e-02   8.3767478e+01   4.8982119e+01   2.7642590e+03   1.7477946e+01   5.0654994e+01   2.9957536e+03   1.7976401e+01   6.2535495e+01   6.8999197e+00   2.7339144e+02   1.0185005e+02   4.5882819e+01   2.9549297e+01   2.7754700e+01   1.7921307e+01   1.2584282e+01   3.6293569e+00   1.2929891e+00   2.8017428e+01   4.4947029e+01   8.8682736e+00   2.2192327e+00   3.8119892e+00   1.8387709e+00   9.5290000e+00   4.9975679e-01   1.9828015e-02   1.5195567e-01   6.6298582e-02   9.0267916e+01   7.3129745e+00   6.3179242e+01   5.4006080e+01   3.0328072e+01   6.1455518e+01   4.9435783e+01   3.6883974e+01   4.6259938e+01   3.6125269e+01   7.8607509e+00
   1.9256204e-01   5.1619159e+03   7.1656945e+02   7.8146896e+00   1.9782677e+01   3.2361833e+01   2.7994087e+03   6.4379089e+01   1.2190164e+02   9.2735614e-02   8.3752101e+01   4.8171718e+01   2.7653671e+03   1.7380115e+01   4.9901726e+01   2.9953142e+03   1.8105080e+01   6.2547785e+01   6.3918630e+00   2.7325929e+02   1.0183387e+02   4.5882998e+01   2.9782523e+01   2.7676616e+01   1.7442634e+01   1.2878966e+01   4.0731967e+00   1.2646664e+00   2.8566191e+01   4.4934122e+01   9.0026657e+00   1.9616957e+00   4.1468437e+00   1.8059329e+00   9.4295677e+00   4.6313916e-01   1.9828015e-02   1.5195567e-01   6.6298582e-02   9.0267916e+01   7.3129745e+00   6.3199754e+01   5.3938873e+01   3.0356036e+01   6.1383190e+01   4.9854953e+01   3.6880650e+01   4.6270855e+01   3.6155832e+01   1.3113597e+01
   1.8681139e-01   5.1765518e+03   6.7292261e+02   7.9330405e+00   1.9772040e+01   3.2231694e+01   2.8001727e+03   6.4878362e+01   1.2190278e+02   8.9762438e-02   8.3776389e+01   5.1386565e+01   2.7647386e+03   1.7474011e+01   5.0350826e+01   2.9959212e+03   1.8165959e+01   6.2508569e+01   6.6212512e+00   2.7334072e+02   1.0184450e+02   4.5832979e+01   2.9670431e+01   2.7797890e+01   1.7887566e+01   1.2550044e+01   4.0861139e+00   1.2839969e+00   2.8088344e+01   4.4942381e+01   8.6771841e+00   2.1044156e+00   4.0005345e+00   1.8101396e+00   9.5120422e+00   4.9746887e-01   1.4968666e-02   1.4030583e-01   7.1522127e-02   8.9948952e+01   7.2038699e+00   6.3203792e+01   5.3910935e+01   2.9936852e+01   6.1576920e+01   4.9966407e+01   3.6864363e+01   4.6257483e+01   3.6155121e+01   1.3524596e+01
   1.8823300e-01   5.1566159e+03   7.1495312e+02   7.8054012e+00   1.9548661e+01   3.2452743e+01   2.8007850e+03   6.6025432e+01   1.2189401e+02   9.1688685e-02   8.3778228e+01   5.1066297e+01   2.7652772e+03   1.7555306e+01   4.9009076e+01   2.9958696e+03   1.7918324e+01   6.2515957e+01   4.9594257e+00   2.7297397e+02   1.0182473e+02   4.5853315e+01   2.9568988e+01   2.7620771e+01   1.7981194e+01   1.2537621e+01   3.5769536e+00   1.2784600e+00   2.8121878e+01   4.4974547e+01   8.8555819e+00   2.1530089e+00   3.8501584e+00   1.8477828e+00   9.4548511e+00   4.0686422e-01   1.4968666e-02   1.4030583e-01   7.1522127e-02   8.9948952e+01   7.2038699e+00   6.3317183e+01   5.3785310e+01   2.9701848e+01   6.1510598e+01   5.0323732e+01   3.6863748e+01   4.6241412e+01   3.6231562e+01   1.1977716e+01
   1.8909417e-01   5.1861892e+03   7.0035668e+02   7.8852367e+00   1.9752499e+01   3.2115222e+01   2.8002018e+03   6.5185261e+01   1.2188663e+02   9.6521152e-02   8.3757145e+01   4.9887592e+01   2.7650808e+03   1.7458902e+01   5.1295008e+01   2.9958776e+03   1.7919838e+01   6.2505789e+01   4.5781750e+00   2.7308194e+02   1.0183044e+02   4.5808966e+01   2.9478921e+01   2.7673739e+01   1.7798958e+01   1.2654199e+01   3.3038618e+00   1.2669838e+00   2.8039078e+01   4.4776220e+01   9.1963809e+00   2.1406462e+00   4.2069824e+00   1.7701027e+00   9.5121532e+00   4.9494679e-01   1.4968666e-02   1.4030583e-01   7.1522127e-02   8.9948952e+01   7.2038699e+00   6.3365059e+01   5.3714196e+01   2.9625115e+01   6.1437817e+01   5.0511460e+01   3.6883205e+01   4.6237903e+01   3.6147577e+01   9.5926051e+00
   1.8912093e-01   5.1825862e+03   6.7820425e+02   7.8500888e+00   1.9932764e+01   3.1838619e+01   2.7998593e+03   6.6644194e+01   1.2191415e+02   9.5325171e-02   8.3750175e+01   4.8595029e+01   2.7650516e+03   1.7508406e+01   5.0867735e+01   2.9952078e+03   1.8135303e+01   6.2509137e+01   4.9021324e+00   2.7298936e+02   1.0185605e+02   4.5787559e+01   2.9222575e+01   2.7655984e+01   1.7707744e+01   1.2681850e+01   3.8954457e+00   1.2839977e+00   2.8078907e+01   4.4959658e+01   9.6539559e+00   2.1998705e+00   3.9039386e+00   1.8035702e+00   9.5457701e+00   5.7316602e-01   3.5495278e-02   1.5273826e-01   7.3279665e-02   8.9590455e+01   8.0864376e+00   6.3309065e+01   5.3837962e+01   2.9911429e+01   6.1476993e+01   5.0283483e+01   3.6856033e+01   4.6244074e+01   3.6256958e+01   1.1356151e+01
   1.8800916e-01   5.1750885e+03   6.8008822e+02   7.8198892e+00   1.9607823e+01   3.2193084e+01   2.8003156e+03   6.5781743e+01   1.2191292e+02   8.9924948e-02   8.3745821e+01   4.9054588e+01   2.7652247e+03   1.7501931e+01   4.9648833e+01   2.9953748e+03   1.8004870e+01   6.2510235e+01   3.4469653e+00   2.7270268e+02   1.0182317e+02   4.5741740e+01   2.9523263e+01   2.7657298e+01   1.7672985e+01   1.2529927e+01   3.5318535e+00   1.2935572e+00   2.7999417e+01   4.4891867e+01   8.4766639e+00   2.2936200e+00   3.5542227e+00   1.8703535e+00   9.5319759e+00   5.3420134e-01   3.5495278e-02   1.5273826e-01   7.3279665e-02   8.9590455e+01   8.0864376e+00   6.3213034e+01   5.3978717e+01   2.9547534e+01   6.1591929e+01   5.0047831e+01   3.6870952e+01   4.6272006e+01   3.6058485e+01   1.3574953e+01
   1.8664399e-01   5.1764438e+03   6.9224565e+02   7.7940728e+00   1.9746992e+01   3.2062046e+01   2.8003104e+03   6.5585671e+01   1.2191666e+02   8.8105172e-02   8.3717676e+01   4.9632476e+01   2.7651196e+03   1.7443681e+01   5.0077260e+01   2.9957662e+03   1.7800413e+01   6.2496021e+01   4.4332160e+00   2.7323350e+02   1.0184817e+02   4.5697490e+01   2.9127932e+01   2.7832089e+01   1.7567592e+01   1.2733608e+01   4.2423267e+00   1.2999393e+00   2.7892077e+01   4.5035623e+01   9.2820243e+00   2.0096796e+00   4.3316879e+00   1.8079839e+00   9.4764189e+00   4.9743991e-01   4.2753694e-02   1.4728374e-01   8.0858304e-02   8.9211117e+01   9.0041551e+00   6.3143751e+01   5.4042862e+01   2.9968541e+01   6.1457245e+01   4.9887433e+01   3.6841147e+01   4.6254875e+01   3.6167798e+01   1.5508424e+01
   1.8598702e-01   5.1880853e+03   6.9535219e+02   7.8487569e+00   1.9886785e+01   3.2061876e+01   2.8001918e+03   6.5953034e+01   1.2190648e+02   9.2771658e-02   8.3683268e+01   4.8109772e+01   2.7651353e+03   1.7265547e+01   4.9521198e+01   2.9956513e+03   1.8036535e+01   6.2450507e+01   6.4720906e+00   2.7336639e+02   1.0182095e+02   4.5681381e+01   2.9684177e+01   2.7758254e+01   1.7966050e+01   1.2775550e+01   3.6933782e+00   1.3088481e+00   2.8032829e+01   4.4748665e+01   9.1333294e+00   2.1301004e+00   4.0227485e+00   1.7948006e+00   9.4956122e+00   5.7211814e-01   4.2753694e-02   1.4728374e-01   8.0858304e-02   8.9211117e+01   9.0041551e+00   6.3126295e+01   5.4072671e+01   3.0392847e+01   6.1253481e+01   5.0174631e+01   3.6846167e+01   4.6282838e+01   3.6107293e+01   1.0987271e+01
   1.8801321e-01   5.2154036e+03   6.9260478e+02   7.8228521e+00   1.9498537e+01   3.2349573e+01   2.7995012e+03   6.5580450e+01   1.2190804e+02   9.0940537e-02   8.3653816e+01   4.7833645e+01   2.7646837e+03   1.7633740e+01   4.8915687e+01   2.9948945e+03   1.8009632e+01   6.2448632e+01   6.9793806e+00   2.7341683e+02   1.0183762e+02   4.5653929e+01   2.9546304e+01   2.7522813e+01   1.8012707e+01   1.2684360e+01   3.6447998e+00   1.2902187e+00   2.8230689e+01   4.5018388e+01   9.0284349e+00   2.3334504e+00   3.9603222e+00   1.7971965e+00   9.4686541e+00   5.2521158e-01   4.2753694e-02   1.4728374e-01   8.0858304e-02   8.9211117e+01   9.0041551e+00   6.3095828e+01   5.4055588e+01   2.9833510e+01   6.1512135e+01   5.0434342e+01   3.6792607e+01   4.6264452e+01   3.5973873e+01   1.3242158e+01
   1.8772891e-01   5.1857665e+03   6.6592518e+02   7.8217735e+00   1.9521863e+01   3.2186387e+01   2.7988973e+03   6.4544310e+01   1.2189746e+02   8.5586730e-02   8.3629690e+01   4.9991030e+01   2.7630015e+03   1.7475824e+01   4.9915927e+01   2.9938922e+03   1.8206214e+01   6.2427663e+01   6.1873939e+00   2.7331518e+02   1.0184265e+02   4.5639288e+01   3.0028851e+01   2.7740436e+01   1.8165445e+01   1.2741241e+01   3.8570304e+00   1.3055962e+00   2.8329543e+01   4.4778555e+01   9.2522928e+00   2.1202762e+00   3.9892182e+00   1.7952041e+00   9.4411184e+00   5.6034488e-01   1.9223509e-02   1.7260067e-01   6.3345829e-02   9.0481886e+01   8.0291830e+00   6.3100039e+01   5.4032118e+01   3.0235529e+01   6.1481260e+01   5.0641967e+01   3.6765290e+01   4.6236691e+01   3.6400856e+01   1.0875989e+01
   1.8755375e-01   5.1991925e+03   7.2810588e+02   7.8468210e+00   1.9343058e+01   3.1949232e+01   2.7970885e+03   6.5450898e+01   1.2188315e+02   8.1419166e-02   8.3561213e+01   4.9240695e+01   2.7624392e+03   1.7511791e+01   4.8166397e+01   2.9932059e+03   1.7896184e+01   6.2394243e+01   4.5652678e+00   2.7349211e+02   1.0184526e+02   4.5598112e+01   3.0031681e+01   2.7465776e+01   1.7981719e+01   1.2690155e+01   3.6065438e+00   1.2913119e+00   2.8557208e+01   4.5056346e+01   9.3613749e+00   2.2184520e+00   3.7019464e+00   1.7559915e+00   9.4832815e+00   4.4975862e-01   1.9223509e-02   1.7260067e-01   6.3345829e-02   9.0481886e+01   8.0291830e+00   6.3143928e+01   5.4001547e+01   3.0308859e+01   6.1524384e+01   5.1141901e+01   3.6817847e+01   4.6279907e+01   3.5990819e+01   9.5720667e+00
   1.8619449e-01   5.1848030e+03   7.1137439e+02   7.8866566e+00   1.9387119e+01   3.1958400e+01   2.7970438e+03   6.6377101e+01   1.2188803e+02   6.8080817e-02   8.3492636e+01   4.9011310e+01   2.7618608e+03   1.7546153e+01   4.8622236e+01   2.9937462e+03   1.7901041e+01   6.2409317e+01   5.1866341e+00   2.7423744e+02   1.0186426e+02   4.5613913e+01   2.9256633e+01   2.7765777e+01   1.7966651e+01   1.2924983e+01   3.7047087e+00   1.2865424e+00   2.8131146e+01   4.5063384e+01   9.2358902e+00   2.0952337e+00   3.8233661e+00   1.7853373e+00   9.4284849e+00   4.4523665e-01   3.7093959e-02   1.4530661e-01   6.4725217e-02   8.9637156e+01   7.8659476e+00   6.3159279e+01   5.3983188e+01   3.0495316e+01   6.1362138e+01   5.1159453e+01   3.6815625e+01   4.6272006e+01   3.6185977e+01   1.4433660e+01
   1.8884512e-01   5.1960353e+03   7.3335279e+02   7.8626615e+00   1.9660043e+01   3.2010040e+01   2.7975859e+03   6.5828686e+01   1.2189727e+02   6.1738908e-02   8.3430153e+01   4.7144296e+01   2.7620870e+03   1.7604338e+01   5.0097551e+01   2.9934079e+03   1.7958992e+01   6.2357479e+01   6.8019234e+00   2.7331193e+02   1.0186973e+02   4.5622245e+01   2.9748815e+01   2.7797734e+01   1.7874447e+01   1.2526088e+01   4.0264243e+00   1.2920409e+00   2.7874424e+01   4.4926645e+01   9.4068507e+00   1.9978397e+00   4.0136902e+00   1.7795700e+00   9.4875233e+00   5.0932724e-01   3.7093959e-02   1.4530661e-01   6.4725217e-02   8.9637156e+01   7.8659476e+00   6.3136642e+01   5.3987390e+01   3.0377618e+01   6.1359608e+01   5.0857889e+01   3.6797632e+01   4.6276954e+01   3.6161850e+01   1.2565508e+01
   1.8684581e-01   5.1987668e+03   7.0993151e+02   7.8015446e+00   2.0147377e+01   3.1946333e+01   2.7980577e+03   6.5450322e+01   1.2187628e+02   5.3842771e-02   8.3376483e+01   4.9724168e+01   2.7623615e+03   1.7461846e+01   4.9955049e+01   2.9947024e+03   1.8062448e+01   6.2300408e+01   3.8780928e+00   2.7441532e+02   1.0190635e+02   4.5625301e+01   2.9783579e+01   2.7617830e+01   1.7464085e+01   1.2896266e+01   3.7057790e+00   1.2768173e+00   2.7973527e+01   4.5014639e+01   9.1878280e+00   2.2086794e+00   4.4021296e+00   1.8474011e+00   9.4587591e+00   5.8022292e-01   3.7093959e-02   1.4530661e-01   6.4725217e-02   8.9637156e+01   7.8659476e+00   6.3121650e+01   5.3970732e+01   3.0224616e+01   6.1337593e+01   5.0343980e+01   3.6784066e+01   4.6260748e+01   3.6071743e+01   9.0716326e+00
   1.7861211e-01   5.2013216e+03   6.9794257e+02   7.8877948e+00   1.9974478e+01   3.1995684e+01   2.7984944e+03   6.4730707e+01   1.2191861e+02   5.5073280e-02   8.3330009e+01   4.9920152e+01   2.7634342e+03   1.7638336e+01   4.7919682e+01   2.9953936e+03   1.8127200e+01   6.2289975e+01   5.2948396e+00   2.7459500e+02   1.0186010e+02   4.5597706e+01   2.9006613e+01   2.7718802e+01   1.7732912e+01   1.2527920e+01   3.9995092e+00   1.2781070e+00   2.8383549e+01   4.4882320e+01   9.4706990e+00   2.2237635e+00   3.9363891e+00   1.8626665e+00   9.4126923e+00   4.4462320e-01   2.4478278e-02   1.5640885e-01   5.1960822e-02   9.0044414e+01   8.4848747e+00   6.3142301e+01   5.3958771e+01   3.0098199e+01   6.1439008e+01   4.9654192e+01   3.6747346e+01   4.6243825e+01   3.6252744e+01   1.1650557e+01
   1.8295702e-01   5.1892448e+03   7.2795049e+02   7.7519943e+00   1.9538555e+01   3.2443998e+01   2.8009237e+03   6.5179041e+01   1.2192142e+02   5.7637124e-02   8.3322635e+01   5.0759915e+01   2.7651113e+03   1.7518799e+01   5.0124689e+01   2.9974718e+03   1.8230774e+01   6.2248350e+01   5.2438357e+00   2.7443271e+02   1.0187489e+02   4.5650337e+01   2.9850603e+01   2.7617359e+01   1.7834968e+01   1.2745972e+01   3.8190502e+00   1.2984525e+00   2.8368546e+01   4.4901619e+01   9.3720154e+00   2.1357670e+00   3.8429144e+00   1.7889952e+00   9.3930695e+00   4.2551370e-01   2.4478278e-02   1.5640885e-01   5.1960822e-02   9.0044414e+01   8.4848747e+00   6.3166230e+01   5.3928436e+01   2.9922224e+01   6.1380472e+01   4.9226792e+01   3.6763955e+01   4.6261366e+01   3.6227827e+01   1.1259938e+01
   1.8431858e-01   5.1826756e+03   6.9524700e+02   7.8972403e+00   2.0412796e+01   3.2136340e+01   2.8017895e+03   6.4574710e+01   1.2191056e+02   6.7076187e-02   8.3309684e+01   5.1474560e+01   2.7669082e+03   1.7453387e+01   4.8258386e+01   2.9984157e+03   1.8166291e+01   6.2240760e+01   5.1902511e+00   2.7467633e+02   1.0188659e+02   4.5648610e+01   2.9528787e+01   2.7718616e+01   1.7834682e+01   1.2589071e+01   3.8382873e+00   1.2842669e+00   2.7741852e+01   4.5003552e+01   9.5798521e+00   2.2188665e+00   4.0413118e+00   1.8384454e+00   9.3107598e+00   4.7538342e-01   1.3744292e-02   1.5028469e-01   8.4009539e-02   9.1017936e+01   6.9925618e+00   6.3184950e+01   5.3933319e+01   2.9294066e+01   6.1629959e+01   4.8960276e+01   3.6780359e+01   4.6262247e+01   3.6044272e+01   1.0377993e+01
   1.8387140e-01   5.1474991e+03   6.7412002e+02   7.8189165e+00   1.9849933e+01   3.2294124e+01   2.8019788e+03   6.4972957e+01   1.2187783e+02   7.3431130e-02   8.3286422e+01   4.9622694e+01   2.7672189e+03   1.7577364e+01   4.8222993e+01   2.9984689e+03   1.7849902e+01   6.2220049e+01   6.4935399e+00   2.7334610e+02   1.0189787e+02   4.5633262e+01   2.9495100e+01   2.7664463e+01   1.7823065e+01   1.2736311e+01   3.6204736e+00   1.2544053e+00   2.8271658e+01   4.4998307e+01   9.4045984e+00   2.2628930e+00   3.3787439e+00   1.7784214e+00   9.4166261e+00   3.9648561e-01   1.3744292e-02   1.5028469e-01   8.4009539e-02   9.1017936e+01   6.9925618e+00   6.3156431e+01   5.3954428e+01   2.9457602e+01   6.1384868e+01   4.8935394e+01   3.6749908e+01   4.6260182e+01   3.6190400e+01   1.2759652e+01
   1.8499690e-01   5.2096378e+03   7.1057784e+02   7.8677948e+00   1.9858131e+01   3.2105752e+01   2.8038683e+03   6.5658854e+01   1.2191367e+02   8.1205052e-02   8.3294699e+01   4.9958181e+01   2.7685567e+03   1.7400617e+01   4.9117888e+01   2.9996025e+03   1.8007464e+01   6.2215695e+01   4.2972092e+00   2.7338805e+02   1.0189568e+02   4.5641269e+01   2.9685373e+01   2.7514702e+01   1.8274142e+01   1.2692141e+01   3.4302012e+00   1.3105756e+00   2.7747297e+01   4.4803563e+01   9.2201343e+00   2.1544347e+00   3.8789560e+00   1.8520752e+00   9.3599464e+00   4.2050242e-01   1.3744292e-02   1.5028469e-01   8.4009539e-02   9.1017936e+01   6.9925618e+00   6.3146596e+01   5.3962050e+01   2.9433639e+01   6.1469078e+01   4.8741323e+01   3.6819211e+01   4.6215667e+01   3.6237159e+01   9.3795841e+00
   1.8563645e-01   5.2097075e+03   6.8777581e+02   7.9256178e+00   1.9963511e+01   3.2022261e+01   2.8038759e+03   6.5841563e+01   1.2189916e+02   9.1003019e-02   8.3322103e+01   4.9469595e+01   2.7684303e+03   1.7472838e+01   4.9014958e+01   2.9997023e+03   1.8144974e+01   6.2230308e+01   3.4160707e+00   2.7283612e+02   1.0189929e+02   4.5626482e+01   2.9537175e+01   2.7731495e+01   1.8192769e+01   1.2529739e+01   3.6821712e+00   1.2741935e+00   2.8078979e+01   4.5016585e+01   9.2578160e+00   2.2518702e+00   4.3353174e+00   1.8424210e+00   9.4309983e+00   4.5499237e-01   2.5402588e-02   1.4313449e-01   7.8365553e-02   8.9706409e+01   7.8161595e+00   6.3137750e+01   5.4031359e+01   3.0088174e+01   6.1401400e+01   4.8637070e+01   3.6800039e+01   4.6271494e+01   3.6074420e+01   9.5593755e+00
   1.8849090e-01   5.1742707e+03   6.7064042e+02   7.8548437e+00   1.9686439e+01   3.2614509e+01   2.8032970e+03   6.4837033e+01   1.2190243e+02   1.0514170e-01   8.3339665e+01   5.0790590e+01   2.7680889e+03   1.7572115e+01   5.0000484e+01   2.9991278e+03   1.8183036e+01   6.2279845e+01   4.4057300e+00   2.7340160e+02   1.0188350e+02   4.5644865e+01   2.9502165e+01   2.7745527e+01   1.8219667e+01   1.2713379e+01   3.5216745e+00   1.2736711e+00   2.7978501e+01   4.4904237e+01   9.7724954e+00   2.2410519e+00   3.8757332e+00   1.7766827e+00   9.4172140e+00   5.1800743e-01   2.5402588e-02   1.4313449e-01   7.8365553e-02   8.9706409e+01   7.8161595e+00   6.3095772e+01   5.4061472e+01   3.0139780e+01   6.1256947e+01   4.8573444e+01   3.6783550e+01   4.6259023e+01   3.6141225e+01   1.2803683e+01
   1.8808028e-01   5.1747791e+03   6.7121065e+02   7.8517715e+00   1.9768418e+01   3.2575622e+01   2.8019856e+03   6.4978351e+01   1.2190097e+02   1.1081854e-01   8.3390607e+01   4.9794200e+01   2.7670629e+03   1.7592294e+01   5.1134814e+01   2.9986818e+03   1.8046437e+01   6.2284332e+01   5.0604152e+00   2.7295668e+02   1.0187394e+02   4.5633747e+01   2.9847752e+01   2.7773818e+01   1.8047779e+01   1.2450284e+01   3.3851704e+00   1.2901200e+00   2.8024178e+01   4.4981399e+01   9.2884293e+00   2.2304565e+00   3.8175576e+00   1.8317081e+00   9.2828489e+00   4.3149316e-01   3.8006553e-02   1.6060156e-01   7.2269979e-02   8.8842800e+01   8.3575979e+00   6.3060116e+01   5.4072642e+01   2.9593488e+01   6.1443194e+01   4.8495105e+01   3.6798040e+01   4.6264701e+01   3.6272003e+01   1.5667271e+01
   1.8915189e-01   5.2060835e+03   6.8580082e+02   7.8357488e+00   1.9416298e+01   3.2366575e+01   2.8009992e+03   6.5335792e+01   1.2189792e+02   1.1506403e-01   8.3420210e+01   5.2406408e+01   2.7656733e+03   1.7662575e+01   4.8776956e+01   2.9976638e+03   1.8043392e+01   6.2283721e+01   5.7301404e+00   2.7399976e+02   1.0185641e+02   4.5635543e+01   2.9378529e+01   2.7680562e+01   1.7813016e+01   1.2706609e+01   3.8955508e+00   1.3032029e+00   2.8268997e+01   4.4994651e+01   9.5476917e+00   2.1778852e+00   3.8487341e+00   1.8212148e+00   9.3653419e+00   5.2712688e-01   3.8006553e-02   1.6060156e-01   7.2269979e-02   8.8842800e+01   8.3575979e+00   6.3133349e+01   5.3985432e+01   2.9160087e+01   6.1496679e+01   4.8561773e+01   3.6796403e+01   4.6287547e+01   3.6235362e+01   1.4129867e+01
   1.8584432e-01   5.1762362e+03   6.3908973e+02   7.8860732e+00   1.9665901e+01   3.2021350e+01   2.7998950e+03   6.5448362e+01   1.2191092e+02   1.1142787e-01   8.3470125e+01   4.9533724e+01   2.7646673e+03   1.7789074e+01   5.0690065e+01   2.9955705e+03   1.7861157e+01   6.2341539e+01   6.5998497e+00   2.7292448e+02   1.0182327e+02   4.5593588e+01   2.9525073e+01   2.7729799e+01   1.7721515e+01   1.2695148e+01   3.5940223e+00   1.2704235e+00   2.8218771e+01   4.4962255e+01   9.7465903e+00   2.1263028e+00   3.6092864e+00   1.8017440e+00   9.4015683e+00   3.9301632e-01   3.8006553e-02   1.6060156e-01   7.2269979e-02   8.8842800e+01   8.3575979e+00   6.3167012e+01   5.3940831e+01   2.9439274e+01   6.1332522e+01   4.8923916e+01   3.6759919e+01   4.6258983e+01   3.6291768e+01   1.1503560e+01
   1.8289640e-01   5.1897077e+03   6.6784888e+02   7.9365329e+00   2.0030361e+01   3.1865024e+01   2.7984628e+03   6.5300995e+01   1.2190749e+02   1.0601035e-01   8.3489118e+01   5.0040528e+01   2.7632182e+03   1.7682790e+01   5.0385459e+01   2.9946450e+03   1.7779743e+01   6.2359136e+01   5.0073132e+00   2.7369486e+02   1.0182955e+02   4.5597668e+01   3.0107008e+01   2.7790228e+01   1.8683497e+01   1.2550247e+01   3.8528848e+00   1.2325150e+00   2.8462552e+01   4.5225317e+01   9.3297034e+00   2.1672360e+00   3.9683008e+00   1.8021047e+00   9.3888410e+00   4.7675713e-01   9.7142682e-03   1.7216555e-01   7.1247376e-02   9.0191736e+01   8.0458204e+00   6.3170065e+01   5.3922452e+01   2.9457830e+01   6.1359182e+01   4.8781513e+01   3.6751533e+01   4.6248465e+01   3.6132835e+01   1.0486280e+01
   1.8660499e-01   5.1571690e+03   7.0467411e+02   7.8623862e+00   1.9545848e+01   3.2380864e+01   2.7972367e+03   6.5165927e+01   1.2190117e+02   9.5053957e-02   8.3562134e+01   5.0270954e+01   2.7624592e+03   1.7679834e+01   4.9864736e+01   2.9930498e+03   1.8029887e+01   6.2405431e+01   5.4104472e+00   2.7279193e+02   1.0185040e+02   4.5578251e+01   2.9491933e+01   2.7724128e+01   1.7727007e+01   1.2784093e+01   3.9895324e+00   1.3227900e+00   2.8152967e+01   4.5002500e+01   9.1002800e+00   2.0827826e+00   4.2173011e+00   1.8148774e+00   9.4416058e+00   5.7741899e-01   9.7142682e-03   1.7216555e-01   7.1247376e-02   9.0191736e+01   8.0458204e+00   6.3174189e+01   5.3949285e+01   2.9141059e+01   6.1379675e+01   4.8385836e+01   3.6777736e+01   4.6295273e+01   3.6104779e+01   1.0443109e+01
   1.8440863e-01   5.1963948e+03   6.9997296e+02   7.9124564e+00   1.9626368e+01   3.2104528e+01   2.7967837e+03   6.4667307e+01   1.2187689e+02   8.0750321e-02   8.3586016e+01   4.8166521e+01   2.7615583e+03   1.7526115e+01   5.0491868e+01   2.9925324e+03   1.7993493e+01   6.2417521e+01   5.1850661e+00   2.7295672e+02   1.0184502e+02   4.5570901e+01   3.0061171e+01   2.7705236e+01   1.7833073e+01   1.2698565e+01   3.8273087e+00   1.2797257e+00   2.8224647e+01   4.4989006e+01   8.8175315e+00   2.1442761e+00   3.7613897e+00   1.8195794e+00   9.4193622e+00   5.2108933e-01   3.5911661e-02   1.7490926e-01   5.0580543e-02   9.0669283e+01   8.6858463e+00   6.3166479e+01   5.3941964e+01   2.9062785e+01   6.1459504e+01   4.8104011e+01   3.6779775e+01   4.6247490e+01   3.6295856e+01   1.0837961e+01
   1.8130653e-01   5.1706731e+03   7.2750167e+02   7.7783281e+00   1.9809807e+01   3.2373850e+01   2.7973943e+03   6.5249686e+01   1.2189557e+02   6.9624236e-02   8.3575117e+01   4.9890729e+01   2.7615813e+03   1.7587912e+01   4.9019730e+01   2.9933697e+03   1.8300236e+01   6.2424072e+01   6.6661524e+00   2.7347702e+02   1.0183120e+02   4.5551947e+01   2.9004579e+01   2.7759363e+01   1.8063309e+01   1.2834508e+01   3.5417012e+00   1.3010932e+00   2.7468188e+01   4.5000247e+01   9.1193181e+00   1.9760733e+00   3.9775105e+00   1.7549496e+00   9.4748981e+00   4.4716173e-01   3.5911661e-02   1.7490926e-01   5.0580543e-02   9.0669283e+01   8.6858463e+00   6.3212100e+01   5.3890012e+01   2.9508604e+01   6.1201517e+01   4.7680244e+01   3.6759182e+01   4.6264733e+01   3.6213229e+01   1.2728801e+01
   1.8653898e-01   5.1851971e+03   7.2518821e+02   7.9285924e+00   1.9633421e+01   3.2083152e+01   2.7987306e+03   6.4719172e+01   1.2188688e+02   6.6769392e-02   8.3584371e+01   4.9508311e+01   2.7634935e+03   1.7526137e+01   4.8669051e+01   2.9943056e+03   1.8067071e+01   6.2398498e+01   5.8859517e+00   2.7280211e+02   1.0184792e+02   4.5581113e+01   2.9381001e+01   2.7673474e+01   1.8066290e+01   1.2676077e+01   3.8777018e+00   1.2543137e+00   2.8059128e+01   4.5023287e+01   9.2520737e+00   2.0650970e+00   3.2618260e+00   1.8510931e+00   9.4215825e+00   4.8909114e-01   3.5911661e-02   1.7490926e-01   5.0580543e-02   9.0669283e+01   8.6858463e+00   6.3209543e+01   5.3856584e+01   2.9716979e+01   6.1430003e+01   4.6891916e+01   3.6748788e+01   4.6241593e+01   3.6019635e+01   1.1502396e+01
   1.8708453e-01   5.1809769e+03   6.6291969e+02   7.8209653e+00   1.9585440e+01   3.2153941e+01   2.7996877e+03   6.4934868e+01   1.2188857e+02   6.9933295e-02   8.3562123e+01   4.8593603e+01   2.7643240e+03   1.7651227e+01   5.0687129e+01   2.9951765e+03   1.8127948e+01   6.2409039e+01   6.6846471e+00   2.7309832e+02   1.0186472e+02   4.5568807e+01   2.9256241e+01   2.7519399e+01   1.8162073e+01   1.2729802e+01   3.9753000e+00   1.2740111e+00   2.8191318e+01   4.5061575e+01   9.1675004e+00   2.2374721e+00   3.9510501e+00   1.8210113e+00   9.4551093e+00   3.9625182e-01   1.9580303e-02   1.5584699e-01   6.3120098e-02   9.0190958e+01   8.0446568e+00   6.3225044e+01   5.3885451e+01   2.9605448e+01   6.1473614e+01   4.6685275e+01   3.6766930e+01   4.6270137e+01   3.6162405e+01   9.6116994e+00
   1.9018226e-01   5.1748145e+03   6.9630059e+02   7.8001407e+00   1.9446292e+01   3.1965277e+01   2.8001696e+03   6.4718530e+01   1.2189564e+02   6.7000450e-02   8.3527852e+01   4.9928874e+01   2.7646963e+03   1.7627444e+01   5.1110045e+01   2.9957382e+03   1.8332180e+01   6.2411562e+01   6.7363318e+00   2.7298653e+02   1.0189941e+02   4.5539356e+01   2.9292604e+01   2.7708567e+01   1.7950151e+01   1.2657563e+01   3.5654894e+00   1.2711780e+00   2.7437187e+01   4.5126205e+01   9.8030484e+00   2.0236186e+00   4.3893869e+00   1.8319112e+00   9.4828790e+00   5.0821285e-01   1.9580303e-02   1.5584699e-01   6.3120098e-02   9.0190958e+01   8.0446568e+00   6.3211435e+01   5.3885773e+01   3.0167708e+01   6.1377211e+01   4.6789342e+01   3.6783482e+01   4.6274792e+01   3.6199851e+01   1.3496515e+01
   1.8959425e-01   5.1811249e+03   7.1245443e+02   7.8915942e+00   1.9612455e+01   3.2450287e+01   2.8006121e+03   6.4980711e+01   1.2189460e+02   7.2825894e-02   8.3482199e+01   4.9766251e+01   2.7647160e+03   1.7622127e+01   5.1322826e+01   2.9973419e+03   1.7986805e+01   6.2387542e+01   6.5076097e+00   2.7412007e+02   1.0185373e+02   4.5558254e+01   2.9161047e+01   2.7547935e+01   1.7607978e+01   1.2693454e+01   3.1203693e+00   1.3211171e+00   2.7932821e+01   4.5129101e+01   9.4591438e+00   2.1874151e+00   3.4012360e+00   1.8663348e+00   9.4818034e+00   4.3676208e-01   3.0789386e-02   1.7912456e-01   8.3336260e-02   9.0579025e+01   8.4287888e+00   6.3227453e+01   5.3878297e+01   2.9456486e+01   6.1513005e+01   4.7220580e+01   3.6790405e+01   4.6280589e+01   3.6175516e+01   1.3500922e+01
   1.8848777e-01   5.1557221e+03   6.6623095e+02   7.8669544e+00   1.9825164e+01   3.2469376e+01   2.8026391e+03   6.5695738e+01   1.2189801e+02   7.9610740e-02   8.3544154e+01   5.0080374e+01   2.7676267e+03   1.7544927e+01   5.0092678e+01   2.9993084e+03   1.7993079e+01   6.2376385e+01   3.9665856e+00   2.7362644e+02   1.0185687e+02   4.5559591e+01   3.0087547e+01   2.7678992e+01   1.8479822e+01   1.2745405e+01   3.8862985e+00   1.2920701e+00   2.7283403e+01   4.4871566e+01   9.4504160e+00   2.1139879e+00   3.6812312e+00   1.8449363e+00   9.4517922e+00   5.1498960e-01   3.0789386e-02   1.7912456e-01   8.3336260e-02   9.0579025e+01   8.4287888e+00   6.3225675e+01   5.3917854e+01   3.0158513e+01   6.1199034e+01   4.7546617e+01   3.6762681e+01   4.6287867e+01   3.6236935e+01   9.0258595e+00
   1.8805705e-01   5.1886274e+03   6.9695226e+02   7.7808505e+00   1.9568477e+01   3.1748022e+01   2.8023804e+03   6.5309292e+01   1.2188739e+02   8.5983407e-02   8.3477681e+01   4.7631075e+01   2.7672067e+03   1.7729917e+01   5.0574573e+01   2.9984138e+03   1.8185314e+01   6.2362372e+01   4.9380388e+00   2.7254913e+02   1.0188830e+02   4.5570678e+01   2.9311198e+01   2.7911972e+01   1.8195504e+01   1.2814142e+01   3.6475420e+00   1.2508255e+00   2.7848375e+01   4.5111325e+01   9.2545415e+00   2.3119065e+00   4.0410992e+00   1.8078834e+00   9.5160892e+00   5.1762938e-01   3.0789386e-02   1.7912456e-01   8.3336260e-02   9.0579025e+01   8.4287888e+00   6.3204000e+01   5.3925907e+01   3.0148592e+01   6.1250601e+01   4.7574176e+01   3.6783210e+01   4.6279714e+01   3.6193162e+01   1.3331981e+01
   1.9167704e-01   5.1812731e+03   6.5337599e+02   7.8138927e+00   1.9688252e+01   3.2226310e+01   2.8018414e+03   6.5419739e+01   1.2190104e+02   9.2884212e-02   8.3539028e+01   4.9445942e+01   2.7671014e+03   1.7538825e+01   5.0520706e+01   2.9985326e+03   1.8005787e+01   6.2396160e+01   5.8247787e+00   2.7342838e+02   1.0186928e+02   4.5556783e+01   2.8963243e+01   2.7888547e+01   1.8517120e+01   1.2476605e+01   3.5186121e+00   1.2789129e+00   2.8069427e+01   4.5112026e+01   9.1085694e+00   2.0512136e+00   3.8355874e+00   1.8548771e+00   9.5674494e+00   4.1964688e-01   1.4416283e-02   1.6562425e-01   7.3077213e-02   8.9676874e+01   7.2844415e+00   6.3166436e+01   5.3982103e+01   3.1132810e+01   6.1181777e+01   4.7282442e+01   3.6809700e+01   4.6325591e+01   3.6278396e+01   1.2702428e+01
   2.0031060e-01   5.1709507e+03   6.8428120e+02   7.8293040e+00   1.9985894e+01   3.2494338e+01   2.8015759e+03   6.5065985e+01   1.2191209e+02   9.5669815e-02   8.3494305e+01   5.2321650e+01   2.7659841e+03   1.7576454e+01   4.9269957e+01   2.9979318e+03   1.8133391e+01   6.2385111e+01   4.7223841e+00   2.7310634e+02   1.0187492e+02   4.5563897e+01   2.9286746e+01   2.7771191e+01   1.8243579e+01   1.2623534e+01   4.1377220e+00   1.2661048e+00   2.7769533e+01   4.5114411e+01   9.5273727e+00   2.2492891e+00   4.1377372e+00   1.8245077e+00   9.3844475e+00   5.5881316e-01   1.4416283e-02   1.6562425e-01   7.3077213e-02   8.9676874e+01   7.2844415e+00   6.3120666e+01   5.4026735e+01   3.0376432e+01   6.1465187e+01   4.7435980e+01   3.6815504e+01   4.6321929e+01   3.6298625e+01   1.3443618e+01
   1.9894361e-01   5.1681370e+03   7.1544306e+02   7.7451957e+00   1.9490815e+01   3.2274335e+01   2.8004657e+03   6.5296534e+01   1.2190046e+02   9.8804768e-02   8.3485954e+01   5.1903066e+01   2.7653230e+03   1.7560212e+01   4.9105215e+01   2.9969535e+03   1.7889937e+01   6.2388210e+01   4.1092168e+00   2.7363202e+02   1.0185166e+02   4.5578153e+01   2.9506421e+01   2.7596608e+01   1.7904275e+01   1.2584190e+01   3.3577586e+00   1.2694675e+00   2.8213345e+01   4.5000115e+01   9.3741574e+00   2.1155245e+00   3.8700442e+00   1.8169893e+00   9.3613380e+00   4.9982425e-01   1.6856137e-02   1.4107653e-01   7.5105162e-02   9.0271315e+01   8.1940423e+00   6.3068338e+01   5.4034343e+01   3.0338736e+01   6.1444753e+01   4.7810777e+01   3.6823997e+01   4.6271951e+01   3.6343969e+01   1.1247464e+01
   1.9390292e-01   5.1689475e+03   6.9605963e+02   7.9095608e+00   1.9654104e+01   3.1995065e+01   2.7995772e+03   6.5044171e+01   1.2191042e+02   9.6242494e-02   8.3478240e+01   5.1405146e+01   2.7645567e+03   1.7417226e+01   4.9880188e+01   2.9963448e+03   1.8068851e+01   6.2384223e+01   3.9344035e+00   2.7343703e+02   1.0184245e+02   4.5565328e+01   2.9539787e+01   2.7656143e+01   1.8113991e+01   1.2739192e+01   3.8399695e+00   1.2910409e+00   2.7794595e+01   4.4863308e+01   9.5890392e+00   2.2609230e+00   4.4181338e+00   1.8150398e+00   9.4450904e+00   4.8291630e-01   1.6856137e-02   1.4107653e-01   7.5105162e-02   9.0271315e+01   8.1940423e+00   6.3077291e+01   5.4010803e+01   3.0044914e+01   6.1508487e+01   4.9135560e+01   3.6782602e+01   4.6282298e+01   3.6363663e+01   1.0320597e+01
   1.9366672e-01   5.1848460e+03   6.7792199e+02   7.8404695e+00   1.9957018e+01   3.1910464e+01   2.7990749e+03   6.5837211e+01   1.2187937e+02   9.2215799e-02   8.3454850e+01   4.9584151e+01   2.7639708e+03   1.7434837e+01   5.0871517e+01   2.9952691e+03   1.8010381e+01   6.2365878e+01   3.8546651e+00   2.7301733e+02   1.0187616e+02   4.5593572e+01   2.9168969e+01   2.7698524e+01   1.8173287e+01   1.2514759e+01   3.8013752e+00   1.3173407e+00   2.8195979e+01   4.5107115e+01   9.5843523e+00   2.3575817e+00   3.8833115e+00   1.8152690e+00   9.4067491e+00   5.5051829e-01   1.6856137e-02   1.4107653e-01   7.5105162e-02   9.0271315e+01   8.1940423e+00   6.3084026e+01   5.4011329e+01   2.9953099e+01   6.1308279e+01   4.9978835e+01   3.6784650e+01   4.6287434e+01   3.6331547e+01   1.2296293e+01
   1.9575344e-01   5.1942164e+03   7.0708029e+02   7.7851556e+00   1.9791202e+01   3.2288512e+01   2.7999887e+03   6.5068086e+01   1.2189172e+02   8.9726718e-02   8.3539764e+01   4.9091153e+01   2.7643317e+03   1.7497203e+01   5.1398246e+01   2.9959521e+03   1.7989828e+01   6.2352298e+01   2.6115383e+00   2.7260679e+02   1.0187422e+02   4.5580465e+01   2.9260827e+01   2.7817278e+01   1.8460580e+01   1.2622271e+01   3.6239047e+00   1.2715699e+00   2.7691154e+01   4.4977017e+01   9.2960133e+00   2.3261796e+00   3.7101448e+00   1.8493816e+00   9.4152357e+00   4.0441140e-01   1.0800214e-02   1.6047617e-01   7.6576459e-02   8.9998370e+01   8.0317781e+00   6.3095804e+01   5.3975546e+01   2.9366284e+01   6.1448565e+01   5.0320635e+01   3.6783816e+01   4.6252950e+01   3.6224343e+01   1.1337053e+01
   2.0145689e-01   5.1708502e+03   6.8332346e+02   7.8963002e+00   1.9680723e+01   3.2419964e+01   2.7986541e+03   6.5151077e+01   1.2190524e+02   8.5017779e-02   8.3481066e+01   4.8506784e+01   2.7635533e+03   1.7849168e+01   4.9529096e+01   2.9946954e+03   1.8099086e+01   6.2382628e+01   6.7165167e+00   2.7323622e+02   1.0187180e+02   4.5565138e+01   2.8799156e+01   2.7715630e+01   1.7932257e+01   1.2588062e+01   3.2015832e+00   1.2863339e+00   2.7869717e+01   4.5043506e+01   9.2686883e+00   2.1785270e+00   3.9926669e+00   1.7775741e+00   9.4759463e+00   4.5884736e-01   1.0800214e-02   1.6047617e-01   7.6576459e-02   8.9998370e+01   8.0317781e+00   6.3139037e+01   5.3960103e+01   2.9021255e+01   6.1514670e+01   5.0567112e+01   3.6788836e+01   4.6258857e+01   3.6247777e+01   1.0237633e+01
   2.0011000e-01   5.1845532e+03   6.7281821e+02   7.7767348e+00   1.9735670e+01   3.2100938e+01   2.7996660e+03   6.4666779e+01   1.2188804e+02   8.6735563e-02   8.3536625e+01   5.1035802e+01   2.7648713e+03   1.7661855e+01   5.0221332e+01   2.9952395e+03   1.8117729e+01   6.2373271e+01   5.1914303e+00   2.7269946e+02   1.0184622e+02   4.5606866e+01   2.9302737e+01   2.7627871e+01   1.7807744e+01   1.2647521e+01   4.3217946e+00   1.2845864e+00   2.8342069e+01   4.5222685e+01   9.0621639e+00   2.2199595e+00   3.7454320e+00   1.8307842e+00   9.4169538e+00   4.9033442e-01   8.5333656e-03   1.6220761e-01   8.5914157e-02   8.9775976e+01   8.0312641e+00   6.3155293e+01   5.3930832e+01   2.9318843e+01   6.1523439e+01   5.1122466e+01   3.6824586e+01   4.6272882e+01   3.6199427e+01   1.2230061e+01
   1.9702311e-01   5.1796166e+03   7.0463258e+02   7.8204817e+00   1.9975779e+01   3.2207181e+01   2.8002911e+03   6.5394895e+01   1.2189413e+02   8.5281992e-02   8.3520824e+01   4.9057859e+01   2.7648209e+03   1.7627445e+01   5.0642062e+01   2.9962112e+03   1.7960435e+01   6.2374379e+01   4.0641042e+00   2.7305288e+02   1.0184562e+02   4.5574005e+01   2.8893937e+01   2.7764394e+01   1.8091322e+01   1.2717763e+01   3.6511965e+00   1.2809381e+00   2.8262300e+01   4.4957040e+01   9.4862030e+00   2.0973316e+00   4.1462164e+00   1.8081715e+00   9.4160561e+00   5.0918860e-01   8.5333656e-03   1.6220761e-01   8.5914157e-02   8.9775976e+01   8.0312641e+00   6.3186551e+01   5.3912658e+01   3.0286244e+01   6.1201224e+01   5.1126123e+01   3.6764668e+01   4.6293766e+01   3.6070218e+01   1.2211742e+01
   1.9673881e-01   5.1749590e+03   6.9590265e+02   7.8608975e+00   1.9552602e+01   3.2192687e+01   2.8001547e+03   6.5360626e+01   1.2191025e+02   8.6168214e-02   8.3497007e+01   4.8330398e+01   2.7645644e+03   1.7485504e+01   4.8707471e+01   2.9967844e+03   1.8200734e+01   6.2357539e+01   5.7337795e+00   2.7363771e+02   1.0184490e+02   4.5576222e+01   2.9317653e+01   2.7697364e+01   1.8085971e+01   1.2645032e+01   3.9452679e+00   1.3425889e+00   2.7586954e+01   4.4942070e+01   9.2326912e+00   2.3930843e+00   3.8151404e+00   1.8043226e+00   9.4817793e+00   5.2010422e-01   8.5333656e-03   1.6220761e-01   8.5914157e-02   8.9775976e+01   8.0312641e+00   6.3193974e+01   5.3890816e+01   3.0160073e+01   6.1232090e+01   5.0339622e+01   3.6758757e+01   4.6301264e+01   3.6094678e+01   1.3157744e+01
   1.9947863e-01   5.1729194e+03   6.8322119e+02   7.8699048e+00   1.9567817e+01   3.2198292e+01   2.7998024e+03   6.4987829e+01   1.2190776e+02   8.9192185e-02   8.3490317e+01   4.9619398e+01   2.7648157e+03   1.7631065e+01   4.9251973e+01   2.9967188e+03   1.7954124e+01   6.2386106e+01   6.6636645e+00   2.7363732e+02   1.0182451e+02   4.5577813e+01   2.9571182e+01   2.7756265e+01   1.7874780e+01   1.2884283e+01   3.8899575e+00   1.2924378e+00   2.7850849e+01   4.5162294e+01   9.4972598e+00   2.3399530e+00   3.6690791e+00   1.8565825e+00   9.4194951e+00   4.6956243e-01   3.6390266e-02   1.4539660e-01   7.5094060e-02   8.9708779e+01   7.9986176e+00   6.3193163e+01   5.3876097e+01   2.9635702e+01   6.1537510e+01   4.9049360e+01   3.6781127e+01   4.6300760e+01   3.6190196e+01   1.1962342e+01
   1.9458866e-01   5.1950504e+03   6.5449697e+02   7.8293634e+00   1.9655167e+01   3.2150783e+01   2.8010507e+03   6.4770994e+01   1.2188527e+02   8.6783585e-02   8.3521250e+01   4.9273957e+01   2.7657808e+03   1.7700058e+01   5.1882777e+01   2.9960556e+03   1.8096138e+01   6.2389042e+01   7.1254961e+00   2.7254968e+02   1.0186832e+02   4.5587371e+01   2.9292222e+01   2.7851087e+01   1.7863558e+01   1.2747941e+01   4.1634466e+00   1.2532162e+00   2.7775809e+01   4.5094035e+01   9.3746480e+00   2.1728769e+00   3.4237748e+00   1.7932577e+00   9.5253059e+00   5.1626150e-01   3.6390266e-02   1.4539660e-01   7.5094060e-02   8.9708779e+01   7.9986176e+00   6.3209292e+01   5.3874815e+01   3.0035772e+01   6.1337666e+01   4.8338806e+01   3.6787008e+01   4.6307123e+01   3.6218061e+01   1.1915921e+01
   1.9605992e-01   5.1860756e+03   7.1306730e+02   7.8943054e+00   1.9433535e+01   3.2120702e+01   2.8000392e+03   6.4676986e+01   1.2191433e+02   8.8168386e-02   8.3537633e+01   5.0766410e+01   2.7650547e+03   1.7770569e+01   5.0275777e+01   2.9962586e+03   1.7928029e+01   6.2369378e+01   5.9958986e+00   2.7305378e+02   1.0183211e+02   4.5583729e+01   2.9030187e+01   2.7775124e+01   1.7858433e+01   1.2509827e+01   3.7599649e+00   1.2788849e+00   2.7727162e+01   4.5075559e+01   9.5690789e+00   2.1567557e+00   3.7289449e+00   1.8812267e+00   9.4239230e+00   5.1483020e-01   2.1358109e-02   1.6033214e-01   6.0078273e-02   9.0120046e+01   8.9137675e+00   6.3213737e+01   5.3847452e+01   2.9622641e+01   6.1387262e+01   4.7793352e+01   3.6765844e+01   4.6305177e+01   3.6074813e+01   8.0016157e+00
   1.9485766e-01   5.1709738e+03   6.8252641e+02   7.8926999e+00   1.9917174e+01   3.1862682e+01   2.8000682e+03   6.6138431e+01   1.2190940e+02   8.6082316e-02   8.3504072e+01   4.9555772e+01   2.7641943e+03   1.7521064e+01   4.9875659e+01   2.9966012e+03   1.7886194e+01   6.2377913e+01   4.9338503e+00   2.7380510e+02   1.0183857e+02   4.5567920e+01   2.9892118e+01   2.7802027e+01   1.7997197e+01   1.2694902e+01   4.1002601e+00   1.3158440e+00   2.7999382e+01   4.5070510e+01   9.2652183e+00   2.0545123e+00   3.9074368e+00   1.7848400e+00   9.3831191e+00   5.1670726e-01   2.1358109e-02   1.6033214e-01   6.0078273e-02   9.0120046e+01   8.9137675e+00   6.3236987e+01   5.3825682e+01   2.9439793e+01   6.1431665e+01   4.7294472e+01   3.6769699e+01   4.6281238e+01   3.6136126e+01   1.2358533e+01
   1.9260027e-01   5.1728485e+03   6.8902910e+02   7.8481880e+00   1.9525025e+01   3.1990745e+01   2.7996793e+03   6.4277857e+01   1.2189662e+02   8.7280373e-02   8.3511010e+01   5.1176900e+01   2.7641817e+03   1.7458098e+01   5.1264772e+01   2.9970922e+03   1.8270497e+01   6.2396060e+01   5.4012953e+00   2.7362164e+02   1.0185497e+02   4.5579573e+01   2.9362915e+01   2.7775045e+01   1.7925190e+01   1.2772809e+01   3.9908802e+00   1.2941562e+00   2.8238251e+01   4.5223064e+01   9.1682341e+00   2.1394551e+00   4.3563171e+00   1.8246488e+00   9.3892825e+00   4.4007368e-01   2.1358109e-02   1.6033214e-01   6.0078273e-02   9.0120046e+01   8.9137675e+00   6.3256613e+01   5.3807529e+01   3.0089870e+01   6.1329635e+01   4.7158882e+01   3.6763112e+01   4.6295009e+01   3.6328086e+01   9.7594928e+00
   1.9386377e-01   5.1659440e+03   6.7853064e+02   7.9179579e+00   2.0088943e+01   3.2087054e+01   2.8001508e+03   6.4789536e+01   1.2189906e+02   8.5173564e-02   8.3520958e+01   5.1589383e+01   2.7643859e+03   1.7616201e+01   5.1092895e+01   2.9966684e+03   1.8124877e+01   6.2388660e+01   5.2226449e+00   2.7366408e+02   1.0186349e+02   4.5573521e+01   2.9253172e+01   2.7664842e+01   1.8303237e+01   1.2707517e+01   4.0316443e+00   1.2680583e+00   2.7355688e+01   4.5111278e+01   8.9208383e+00   2.1806779e+00   3.9251969e+00   1.8353720e+00   9.4639151e+00   4.3614138e-01   2.3995114e-02   1.3227568e-01   5.5316601e-02   8.9645582e+01   8.4221238e+00   6.3228218e+01   5.3892591e+01   2.9484707e+01   6.1568348e+01   4.6896338e+01   3.6756847e+01   4.6312358e+01   3.6154003e+01   1.2253455e+01
   1.9783220e-01   5.1651572e+03   7.0741802e+02   7.8214822e+00   1.9670864e+01   3.2256300e+01   2.8003687e+03   6.5086520e+01   1.2190103e+02   8.3080690e-02   8.3557622e+01   4.9216174e+01   2.7650747e+03   1.7456777e+01   5.0725622e+01   2.9957433e+03   1.8305733e+01   6.2392061e+01   4.3441166e+00   2.7271230e+02   1.0185481e+02   4.5569541e+01   2.9497241e+01   2.7836597e+01   1.7900166e+01   1.2648407e+01   4.2968733e+00   1.2589111e+00   2.8101855e+01   4.4946595e+01   9.2013141e+00   2.3075311e+00   4.0277549e+00   1.8193387e+00   9.4557513e+00   4.9526157e-01   2.3995114e-02   1.3227568e-01   5.5316601e-02   8.9645582e+01   8.4221238e+00   6.3158892e+01   5.3981606e+01   2.9469593e+01   6.1420448e+01   4.7458797e+01   3.6745853e+01   4.6290773e+01   3.6319165e+01   1.1106078e+01
   1.9484954e-01   5.2299414e+03   6.9010529e+02   7.9056359e+00   1.9795633e+01   3.1864038e+01   2.7995893e+03   6.4902457e+01   1.2189743e+02   8.8175105e-02   8.3557955e+01   5.0165127e+01   2.7643939e+03   1.7759050e+01   5.1220313e+01   2.9965049e+03   1.7991458e+01   6.2414115e+01   6.0720894e+00   2.7312977e+02   1.0184483e+02   4.5597177e+01   2.9712977e+01   2.7797230e+01   1.8198173e+01   1.2512909e+01   3.5749947e+00   1.2789865e+00   2.7907223e+01   4.5071321e+01   9.2702507e+00   2.2362981e+00   4.0525592e+00   1.8027165e+00   9.4424987e+00   4.8956033e-01   5.1070020e-02   1.6084536e-01   5.6222092e-02   9.0719998e+01   7.0192088e+00   6.3098636e+01   5.3986368e+01   2.9706950e+01   6.1267948e+01   4.7894945e+01   3.6741764e+01   4.6276025e+01   3.6265370e+01   1.0346216e+01
   1.9796250e-01   5.1847467e+03   6.6645669e+02   7.8681302e+00   1.9678533e+01   3.2030953e+01   2.7996966e+03   6.5397415e+01   1.2189987e+02   8.4602871e-02   8.3561662e+01   4.8591177e+01   2.7646594e+03   1.7492143e+01   4.9192803e+01   2.9949224e+03   1.8197115e+01   6.2409918e+01   4.2124482e+00   2.7243734e+02   1.0183907e+02   4.5591131e+01   2.9224730e+01   2.7777932e+01   1.8546770e+01   1.2808882e+01   3.7997313e+00   1.2757318e+00   2.8204162e+01   4.5206906e+01   9.0478824e+00   2.2762952e+00   3.9531822e+00   1.8234754e+00   9.4826768e+00   4.3106990e-01   5.1070020e-02   1.6084536e-01   5.6222092e-02   9.0719998e+01   7.0192088e+00   6.3173194e+01   5.3885093e+01   3.0047495e+01   6.1311333e+01   4.8173787e+01   3.6749418e+01   4.6277264e+01   3.6289371e+01   1.2964464e+01
   2.0172568e-01   5.1869948e+03   7.0000971e+02   7.8545713e+00   1.9618121e+01   3.2085067e+01   2.7988796e+03   6.4263725e+01   1.2188719e+02   8.1633784e-02   8.3517757e+01   4.9197417e+01   2.7634778e+03   1.7748109e+01   5.0429290e+01   2.9957040e+03   1.8095148e+01   6.2436854e+01   4.7848227e+00   2.7421192e+02   1.0185073e+02   4.5578597e+01   2.9015747e+01   2.7891029e+01   1.7727920e+01   1.2819420e+01   3.7436682e+00   1.3300008e+00   2.8098531e+01   4.5196850e+01   9.1968818e+00   2.1587237e+00   3.6780285e+00   1.8311041e+00   9.4233019e+00   5.1749326e-01   5.1070020e-02   1.6084536e-01   5.6222092e-02   9.0719998e+01   7.0192088e+00   6.3208376e+01   5.3801455e+01   2.9848355e+01   6.1434720e+01   4.8394898e+01   3.6791961e+01   4.6294364e+01   3.6300935e+01   1.1574712e+01
   1.9957612e-01   5.1900976e+03   7.3510178e+02   7.8562446e+00   1.9913023e+01   3.1946192e+01   2.8004533e+03   6.4325098e+01   1.2189333e+02   8.1703147e-02   8.3599091e+01   4.9977880e+01   2.7651668e+03   1.7720703e+01   5.0306082e+01   2.9960107e+03   1.7943083e+01   6.2435770e+01   2.4865921e+00   2.7249006e+02   1.0187050e+02   4.5544059e+01   2.9628084e+01   2.7692082e+01   1.7960597e+01   1.2540865e+01   4.0372878e+00   1.2588562e+00   2.7979332e+01   4.4876846e+01   8.8527790e+00   2.2864860e+00   3.7396267e+00   1.7786623e+00   9.3873054e+00   4.7173658e-01   9.7763504e-03   1.3881829e-01   5.6235015e-02   9.0340657e+01   7.8865381e+00   6.3276067e+01   5.3729634e+01   3.0031566e+01   6.1235822e+01   4.8363825e+01   3.6758231e+01   4.6300769e+01   3.6171144e+01   1.3498824e+01
   1.9604202e-01   5.2085572e+03   6.9007875e+02   7.8134531e+00   1.9424507e+01   3.2080891e+01   2.8010022e+03   6.5598383e+01   1.2187918e+02   8.7528966e-02   8.3542585e+01   4.8144074e+01   2.7656844e+03   1.7660084e+01   4.8883096e+01   2.9967731e+03   1.8151579e+01   6.2409543e+01   3.6663690e+00   2.7291428e+02   1.0187241e+02   4.5577589e+01   2.9752023e+01   2.7737205e+01   1.7653894e+01   1.2710719e+01   3.6701885e+00   1.2651636e+00   2.8110751e+01   4.5033017e+01   9.1740842e+00   2.3497592e+00   3.6665859e+00   1.7799517e+00   9.4714797e+00   5.1035652e-01   9.7763504e-03   1.3881829e-01   5.6235015e-02   9.0340657e+01   7.8865381e+00   6.3371749e+01   5.3633518e+01   3.0538854e+01   6.1300202e+01   4.7765637e+01   3.6776520e+01   4.6297867e+01   3.6151672e+01   1.0178442e+01
   1.9256479e-01   5.1624619e+03   7.1711307e+02   7.8645608e+00   1.9702058e+01   3.2114822e+01   2.8011496e+03   6.5043703e+01   1.2190171e+02   9.3067503e-02   8.3550050e+01   4.9830195e+01   2.7658714e+03   1.7423496e+01   5.0090572e+01   2.9980044e+03   1.8053947e+01   6.2405814e+01   3.3565915e+00   2.7402362e+02   1.0186217e+02   4.5599130e+01   2.9920304e+01   2.7581963e+01   1.8458595e+01   1.2679139e+01   3.5988713e+00   1.3140112e+00   2.7846366e+01   4.5098211e+01   9.2216016e+00   2.1850036e+00   3.7343486e+00   1.8351639e+00   9.4841335e+00   4.7006651e-01   3.7270278e-02   1.7828771e-01   8.3205913e-02   9.0604994e+01   8.2582171e+00   6.3426153e+01   5.3585344e+01   3.0925054e+01   6.1320983e+01   4.7163791e+01   3.6761943e+01   4.6270788e+01   3.6295938e+01   1.2990394e+01
   1.9449468e-01   5.1845469e+03   6.8591290e+02   7.8009096e+00   1.9540889e+01   3.2068093e+01   2.7997203e+03   6.4780112e+01   1.2190019e+02   9.1965550e-02   8.3479227e+01   4.9404579e+01   2.7643178e+03   1.7404323e+01   5.0125099e+01   2.9954185e+03   1.8234081e+01   6.2408682e+01   4.4584364e+00   2.7335817e+02   1.0185110e+02   4.5582135e+01   2.9567918e+01   2.7883536e+01   1.7600743e+01   1.2635682e+01   4.2003015e+00   1.2798259e+00   2.8157654e+01   4.5053078e+01   9.1544814e+00   2.1337592e+00   3.5861731e+00   1.7869489e+00   9.3791732e+00   5.5663217e-01   3.7270278e-02   1.7828771e-01   8.3205913e-02   9.0604994e+01   8.2582171e+00   6.3291648e+01   5.3784974e+01   3.1238782e+01   6.1129845e+01   4.6584860e+01   3.6788877e+01   4.6284504e+01   3.6348053e+01   1.2225376e+01
   1.8816642e-01   5.2054959e+03   7.1187365e+02   7.7890459e+00   1.9333404e+01   3.2194509e+01   2.8000570e+03   6.4769991e+01   1.2190023e+02   9.2269417e-02   8.3502208e+01   4.9784579e+01   2.7641620e+03   1.7321242e+01   4.9824328e+01   2.9964813e+03   1.8206661e+01   6.2376677e+01   4.6802315e+00   2.7403602e+02   1.0187020e+02   4.5574423e+01   2.9484919e+01   2.7629235e+01   1.8208850e+01   1.2610138e+01   3.7457874e+00   1.2888590e+00   2.7832355e+01   4.4960939e+01   9.3697503e+00   1.8423293e+00   3.8128958e+00   1.8293522e+00   9.4432948e+00   5.2813829e-01   3.7270278e-02   1.7828771e-01   8.3205913e-02   9.0604994e+01   8.2582171e+00   6.3224526e+01   5.3878738e+01   3.1073007e+01   6.1269957e+01   4.6070255e+01   3.6780161e+01   4.6288853e+01   3.6287774e+01   1.0227439e+01
   1.9419908e-01   5.1996107e+03   7.0197921e+02   7.8390563e+00   1.9554051e+01   3.2589198e+01   2.7999256e+03   6.5059855e+01   1.2187134e+02   9.1286888e-02   8.3463881e+01   4.9642440e+01   2.7642272e+03   1.7496029e+01   5.0765682e+01   2.9960451e+03   1.7905526e+01   6.2353198e+01   5.0692376e+00   2.7340367e+02   1.0187059e+02   4.5584778e+01   2.9509292e+01   2.7566884e+01   1.7846168e+01   1.2692831e+01   3.7273956e+00   1.3137023e+00   2.7660178e+01   4.5021866e+01   9.4581815e+00   2.1380134e+00   4.0167381e+00   1.7830215e+00   9.4155328e+00   4.8666678e-01   2.8564331e-02   1.6579745e-01   7.9360013e-02   8.9276217e+01   7.9706037e+00   6.3161357e+01   5.3935663e+01   3.0693354e+01   6.1441268e+01   4.6476809e+01   3.6752434e+01   4.6307340e+01   3.6372705e+01   1.3684499e+01
   1.9287875e-01   5.1939838e+03   6.6654882e+02   7.7734217e+00   1.9446768e+01   3.1940163e+01   2.8005326e+03   6.5669365e+01   1.2190175e+02   8.9575061e-02   8.3567136e+01   5.2425733e+01   2.7659514e+03   1.7619792e+01   5.2347581e+01   2.9964607e+03   1.8115942e+01   6.2378353e+01   5.3854420e+00   2.7254121e+02   1.0186097e+02   4.5579394e+01   2.8984365e+01   2.7781534e+01   1.7875105e+01   1.2717098e+01   3.6951165e+00   1.2936371e+00   2.7643730e+01   4.5124207e+01   9.0509161e+00   2.1759556e+00   3.8644198e+00   1.7788137e+00   9.4845302e+00   4.5757972e-01   2.8564331e-02   1.6579745e-01   7.9360013e-02   8.9276217e+01   7.9706037e+00   6.3099029e+01   5.3983373e+01   3.1011046e+01   6.1192520e+01   4.6998316e+01   3.6767644e+01   4.6306925e+01   3.6273423e+01   1.1335819e+01
   1.9589008e-01   5.1894592e+03   6.6796303e+02   7.8725326e+00   1.9685692e+01   3.2083257e+01   2.7993410e+03   6.5299534e+01   1.2189829e+02   8.7812863e-02   8.3503858e+01   4.9725676e+01   2.7649085e+03   1.7516692e+01   4.9879477e+01   2.9959728e+03   1.8063180e+01   6.2369018e+01   5.1932726e+00   2.7282028e+02   1.0183678e+02   4.5571835e+01   2.9567069e+01   2.7678528e+01   1.7443201e+01   1.2689164e+01   3.8299977e+00   1.2578432e+00   2.7873962e+01   4.4982809e+01   9.1034605e+00   2.2214883e+00   3.8621528e+00   1.8032821e+00   9.4656628e+00   4.4248975e-01   2.3579324e-02   1.6538162e-01   8.4795103e-02   9.0543634e+01   7.5416043e+00   6.3046217e+01   5.4017129e+01   3.0284763e+01   6.1379713e+01   4.7859186e+01   3.6767784e+01   4.6288128e+01   3.6088692e+01   1.3371010e+01
   1.8748846e-01   5.1895885e+03   6.8790848e+02   7.9265536e+00   1.9848364e+01   3.1911473e+01   2.7998433e+03   6.5167824e+01   1.2188853e+02   8.8177574e-02   8.3506400e+01   4.9910393e+01   2.7643451e+03   1.7841486e+01   4.9754391e+01   2.9950893e+03   1.7902219e+01   6.2354866e+01   3.9411160e+00   2.7285871e+02   1.0184754e+02   4.5606838e+01   2.9019623e+01   2.7642164e+01   1.7829577e+01   1.2707754e+01   3.9451964e+00   1.2936212e+00   2.7889752e+01   4.4938639e+01   9.1573580e+00   2.2618026e+00   4.1698039e+00   1.7911161e+00   9.5313801e+00   4.6496949e-01   2.3579324e-02   1.6538162e-01   8.4795103e-02   9.0543634e+01   7.5416043e+00   6.3111501e+01   5.3905152e+01   3.0812882e+01   6.1307163e+01   4.8986252e+01   3.6744999e+01   4.6292025e+01   3.6240109e+01   1.0573834e+01
   1.9111600e-01   5.1918706e+03   6.8675927e+02   7.7777520e+00   1.9726765e+01   3.2233163e+01   2.8003410e+03   6.5419812e+01   1.2188129e+02   9.0548807e-02   8.3541865e+01   5.0721365e+01   2.7650007e+03   1.7399528e+01   5.0624398e+01   2.9965940e+03   1.8112685e+01   6.2352344e+01   7.9990036e+00   2.7367515e+02   1.0184014e+02   4.5586511e+01   2.9461194e+01   2.7609319e+01   1.7648486e+01   1.2653668e+01   3.9924546e+00   1.2803110e+00   2.7786036e+01   4.5018335e+01   8.9318921e+00   2.1802714e+00   3.8045320e+00   1.7771048e+00   9.4990840e+00   5.4288793e-01   2.3579324e-02   1.6538162e-01   8.4795103e-02   9.0543634e+01   7.5416043e+00   6.3151899e+01   5.3860776e+01   3.0935617e+01   6.1214923e+01   4.9537850e+01   3.6734824e+01   4.6293117e+01   3.6361215e+01   1.1774790e+01
   1.8864047e-01   5.1838024e+03   7.0378140e+02   7.8108624e+00   2.0187790e+01   3.2277719e+01   2.8008330e+03   6.3931989e+01   1.2189794e+02   9.3226502e-02   8.3517704e+01   5.0465822e+01   2.7650768e+03   1.7619753e+01   4.9420855e+01   2.9966757e+03   1.7975133e+01   6.2358263e+01   7.0180090e+00   2.7331805e+02   1.0184860e+02   4.5559065e+01   2.9371081e+01   2.7948616e+01   1.8303134e+01   1.2775025e+01   3.5861394e+00   1.3144381e+00   2.7699386e+01   4.4929296e+01   9.4517632e+00   2.0440306e+00   3.9280138e+00   1.8376648e+00   9.4505507e+00   5.9236183e-01   7.9960399e-03   1.3632036e-01   7.3177551e-02   9.0503484e+01   9.0439041e+00   6.3175337e+01   5.3888543e+01   3.0087332e+01   6.1436686e+01   4.9663080e+01   3.6737348e+01   4.6305337e+01   3.6136549e+01   9.7028955e+00
   1.9379733e-01   5.1729836e+03   7.2906615e+02   7.9021978e+00   1.9502236e+01   3.1741239e+01   2.7999053e+03   6.5254081e+01   1.2188572e+02   9.2167595e-02   8.3496801e+01   4.9634488e+01   2.7653729e+03   1.7753188e+01   4.9568529e+01   2.9961413e+03   1.7949183e+01   6.2369671e+01   6.0762047e+00   2.7273958e+02   1.0184145e+02   4.5562920e+01   2.9629451e+01   2.7612744e+01   1.7995586e+01   1.2682060e+01   4.1005927e+00   1.2720051e+00   2.8178754e+01   4.5071762e+01   9.1596406e+00   2.2707852e+00   4.0817817e+00   1.8123747e+00   9.3968843e+00   5.0802277e-01   7.9960399e-03   1.3632036e-01   7.3177551e-02   9.0503484e+01   9.0439041e+00   6.3165447e+01   5.3886757e+01   3.0597567e+01   6.1384297e+01   4.9936528e+01   3.6763642e+01   4.6283337e+01   3.6173730e+01   1.3282310e+01
   1.9439231e-01   5.1896936e+03   6.7895240e+02   7.8128777e+00   2.0197708e+01   3.2228073e+01   2.7993039e+03   6.4369844e+01   1.2191556e+02   8.6586150e-02   8.3497978e+01   5.0677190e+01   2.7649007e+03   1.7493445e+01   4.9880133e+01   2.9959986e+03   1.8061109e+01   6.2361082e+01   7.3669297e+00   2.7340138e+02   1.0185755e+02   4.5589035e+01   2.9501010e+01   2.7616125e+01   1.7846948e+01   1.2837088e+01   3.8106905e+00   1.2567754e+00   2.8277140e+01   4.5035442e+01   9.3712957e+00   2.1168581e+00   3.7948903e+00   1.7899278e+00   9.4189419e+00   5.4220788e-01   3.2859364e-02   1.6167444e-01   5.9917302e-02   8.9315769e+01   8.5264966e+00   6.3141024e+01   5.3888288e+01   3.0462009e+01   6.1466481e+01   5.0361090e+01   3.6760560e+01   4.6296124e+01   3.6291615e+01   9.1866542e+00
   1.9269669e-01   5.1873846e+03   7.1968866e+02   7.8542395e+00   1.9695759e+01   3.2004251e+01   2.8007062e+03   6.5300548e+01   1.2190243e+02   9.1722299e-02   8.3586186e+01   5.0297138e+01   2.7653562e+03   1.7518613e+01   4.9438995e+01   2.9962238e+03   1.8056752e+01   6.2377507e+01   4.0124633e+00   2.7262018e+02   1.0186530e+02   4.5552074e+01   2.9579481e+01   2.7708820e+01   1.8316244e+01   1.2495873e+01   3.8286961e+00   1.2699257e+00   2.7809405e+01   4.5123731e+01   9.2977689e+00   2.0043909e+00   3.6384158e+00   1.8100354e+00   9.4590179e+00   5.0297751e-01   3.2859364e-02   1.6167444e-01   5.9917302e-02   8.9315769e+01   8.5264966e+00   6.3165317e+01   5.3843691e+01   3.0954494e+01   6.1216263e+01   5.0497740e+01   3.6768268e+01   4.6278778e+01   3.6158891e+01   1.0390801e+01
   1.9727553e-01   5.1815295e+03   6.8021387e+02   7.8374356e+00   2.0209349e+01   3.2358230e+01   2.7992849e+03   6.4824455e+01   1.2189790e+02   8.8774710e-02   8.3514262e+01   5.0977150e+01   2.7629937e+03   1.7280954e+01   4.9197459e+01   2.9962784e+03   1.7794910e+01   6.2398681e+01   7.7202858e+00   2.7404708e+02   1.0182600e+02   4.5590212e+01   2.9366045e+01   2.7878094e+01   1.8002821e+01   1.2750634e+01   4.3845502e+00   1.2883702e+00   2.8070867e+01   4.4922694e+01   8.8283618e+00   2.1951830e+00   4.0032527e+00   1.8018807e+00   9.4220518e+00   5.1846889e-01   3.2859364e-02   1.6167444e-01   5.9917302e-02   8.9315769e+01   8.5264966e+00   6.3182049e+01   5.3831759e+01   3.0657102e+01   6.1302425e+01   5.0181169e+01   3.6748138e+01   4.6298837e+01   3.6174817e+01   1.2768774e+01
   1.9522041e-01   5.1923655e+03   7.0815845e+02   7.8600885e+00   1.9859177e+01   3.2509601e+01   2.7981776e+03   6.5112715e+01   1.2190761e+02   8.5722169e-02   8.3467648e+01   4.8651442e+01   2.7635998e+03   1.7608903e+01   4.9685986e+01   2.9953647e+03   1.7895326e+01   6.2378519e+01   5.9815856e+00   2.7353926e+02   1.0183442e+02   4.5582022e+01   2.9074958e+01   2.7768776e+01   1.8251863e+01   1.2714755e+01   4.0926312e+00   1.2449705e+00   2.7387907e+01   4.4976594e+01   9.7188277e+00   2.1459424e+00   4.0804974e+00   1.8363145e+00   9.4088030e+00   4.5314605e-01   1.7913309e-02   1.5618261e-01   6.6078787e-02   8.9909800e+01   7.6361500e+00   6.3133430e+01   5.3892302e+01   3.0165950e+01   6.1276712e+01   4.9705641e+01   3.6724342e+01   4.6299390e+01   3.6375101e+01   1.3824806e+01
   1.9840747e-01   5.2135880e+03   6.8543968e+02   7.7947296e+00   1.9751550e+01   3.2324963e+01   2.7987067e+03   6.4713032e+01   1.2188785e+02   8.2410959e-02   8.3540566e+01   5.1107144e+01   2.7636855e+03   1.7763302e+01   4.8678136e+01   2.9953342e+03   1.8087755e+01   6.2367221e+01   4.4467878e+00   2.7342362e+02   1.0185015e+02   4.5563665e+01   2.9504116e+01   2.7844700e+01   1.8184852e+01   1.2501653e+01   3.9760847e+00   1.3038979e+00   2.8017998e+01   4.4780626e+01   9.5921207e+00   2.2150040e+00   4.0532355e+00   1.8159616e+00   9.4321769e+00   4.8973602e-01   1.7913309e-02   1.5618261e-01   6.6078787e-02   8.9909800e+01   7.6361500e+00   6.3090867e+01   5.3932208e+01   3.0366955e+01   6.1304541e+01   4.8917435e+01   3.6736965e+01   4.6304388e+01   3.6276999e+01   1.3139098e+01
   2.0053863e-01   5.2270339e+03   7.1277698e+02   7.7718098e+00   1.9876211e+01   3.1858733e+01   2.7984029e+03   6.5510059e+01   1.2188249e+02   8.0561167e-02   8.3507417e+01   4.9801014e+01   2.7634332e+03   1.7459081e+01   5.1557298e+01   2.9949198e+03   1.8043990e+01   6.2398307e+01   3.6788193e+00   2.7355063e+02   1.0183359e+02   4.5549738e+01   2.9173111e+01   2.7737318e+01   1.8157465e+01   1.2655078e+01   3.9660087e+00   1.3044144e+00   2.7853999e+01   4.4973814e+01   9.3791277e+00   2.1278180e+00   3.7021495e+00   1.8100265e+00   9.4578316e+00   5.8508155e-01   3.4773833e-02   1.6143550e-01   7.3553487e-02   9.0562808e+01   7.5754553e+00   6.3063317e+01   5.3938645e+01   3.0284345e+01   6.1383623e+01   4.8554473e+01   3.6747778e+01   4.6262845e+01   3.6057694e+01   1.2444340e+01
   2.0313930e-01   5.1929961e+03   6.8626002e+02   7.8257203e+00   1.9600709e+01   3.1961678e+01   2.7984966e+03   6.5897897e+01   1.2192231e+02   7.5256428e-02   8.3486215e+01   4.9780945e+01   2.7637713e+03   1.7619254e+01   5.0059623e+01   2.9953018e+03   1.8206548e+01   6.2410095e+01   7.6813053e+00   2.7335353e+02   1.0182864e+02   4.5580321e+01   2.9527269e+01   2.7786941e+01   1.7690480e+01   1.2683002e+01   3.7571752e+00   1.2711749e+00   2.8031320e+01   4.4986221e+01   9.2615288e+00   2.2318343e+00   3.7043808e+00   1.8080123e+00   9.4680065e+00   4.9374749e-01   3.4773833e-02   1.6143550e-01   7.3553487e-02   9.0562808e+01   7.5754553e+00   6.3129721e+01   5.3872592e+01   2.9876301e+01   6.1233625e+01   4.8687055e+01   3.6716432e+01   4.6273427e+01   3.6355833e+01   1.2320372e+01
   1.9550678e-01   5.1797960e+03   7.1665246e+02   7.8374711e+00   1.9681767e+01   3.2301636e+01   2.7996108e+03   6.5716741e+01   1.2190804e+02   7.2158646e-02   8.3468633e+01   4.7135304e+01   2.7636742e+03   1.7526384e+01   4.9254612e+01   2.9970488e+03   1.8032048e+01   6.2383307e+01   6.3938388e+00   2.7433143e+02   1.0184652e+02   4.5543807e+01   2.9657836e+01   2.7711634e+01   1.8599190e+01   1.2581263e+01   3.6594516e+00   1.2911163e+00   2.7734660e+01   4.4910359e+01   8.9690059e+00   2.2141949e+00   3.9065373e+00   1.8068722e+00   9.4538372e+00   5.8463034e-01   3.4773833e-02   1.6143550e-01   7.3553487e-02   9.0562808e+01   7.5754553e+00   6.3142462e+01   5.3845906e+01   2.9450801e+01   6.1338530e+01   4.8427211e+01   3.6706427e+01   4.6268636e+01   3.6151004e+01   1.1602117e+01
   2.0232434e-01   5.1801306e+03   7.5087265e+02   7.7891306e+00   1.9809669e+01   3.1797579e+01   2.8006159e+03   6.4496410e+01   1.2190094e+02   7.1649769e-02   8.3479943e+01   5.0216244e+01   2.7652350e+03   1.7587172e+01   5.0090025e+01   2.9956996e+03   1.7995900e+01   6.2362108e+01   7.4894663e+00   2.7271020e+02   1.0185426e+02   4.5576921e+01   2.9787498e+01   2.7776511e+01   1.8471646e+01   1.2624523e+01   4.0777255e+00   1.3023890e+00   2.8008845e+01   4.5104281e+01   8.9826342e+00   2.0083194e+00   3.4836045e+00   1.7891734e+00   9.4774310e+00   5.1455772e-01   1.1792323e-02   1.6093273e-01   6.7959612e-02   9.0776006e+01   7.4192859e+00   6.3115887e+01   5.3895464e+01   2.9716980e+01   6.1284751e+01   4.8278884e+01   3.6716839e+01   4.6285289e+01   3.6215060e+01   7.9797836e+00
   2.0102053e-01   5.1906863e+03   6.7695098e+02   7.8276761e+00   1.9701397e+01   3.1976286e+01   2.8009976e+03   6.5050751e+01   1.2189575e+02   7.5831890e-02   8.3516463e+01   5.0615205e+01   2.7657234e+03   1.7581750e+01   4.8958336e+01   2.9962472e+03   1.7896984e+01   6.2405645e+01   4.1059980e+00   2.7235740e+02   1.0188378e+02   4.5598584e+01   2.9128971e+01   2.7459033e+01   1.8080986e+01   1.2637085e+01   3.9965219e+00   1.2600005e+00   2.7391013e+01   4.4992862e+01   9.4694103e+00   2.3170792e+00   3.4425924e+00   1.8464876e+00   9.3904082e+00   5.1360381e-01   1.1792323e-02   1.6093273e-01   6.7959612e-02   9.0776006e+01   7.4192859e+00   6.3089952e+01   5.3930828e+01   3.0158149e+01   6.1154998e+01   4.7649130e+01   3.6705739e+01   4.6266135e+01   3.6215855e+01   1.2068853e+01
   2.0399266e-01   5.1647516e+03   7.0298689e+02   7.8851331e+00   1.9444340e+01   3.1969155e+01   2.8005464e+03   6.4773413e+01   1.2190313e+02   7.7709073e-02   8.3428638e+01   4.8694824e+01   2.7652224e+03   1.7675616e+01   4.7997158e+01   2.9967941e+03   1.7963815e+01   6.2382612e+01   5.7173461e+00   2.7354275e+02   1.0184935e+02   4.5607778e+01   2.8912093e+01   2.7753780e+01   1.8080591e+01   1.2791639e+01   3.8182541e+00   1.2730252e+00   2.7669230e+01   4.5047150e+01   9.5484221e+00   2.1826827e+00   3.4762579e+00   1.8343898e+00   9.4931065e+00   4.9630117e-01   1.9440561e-02   1.5664918e-01   6.1016420e-02   8.9651357e+01   7.6918893e+00   6.3059490e+01   5.3979630e+01   3.0081543e+01   6.1227587e+01   4.6894211e+01   3.6713784e+01   4.6311620e+01   3.6137164e+01   1.1875297e+01
   2.0576162e-01   5.2173839e+03   6.5703597e+02   7.8311697e+00   1.9754008e+01   3.2488776e+01   2.8017331e+03   6.4499714e+01   1.2190286e+02   7.8427286e-02   8.3465100e+01   4.9093497e+01   2.7659312e+03   1.7399676e+01   5.0541663e+01   2.9974278e+03   1.7745190e+01   6.2363948e+01   4.0375332e+00   2.7301751e+02   1.0186744e+02   4.5606185e+01   2.9308753e+01   2.7624814e+01   1.8019751e+01   1.2699063e+01   3.6543624e+00   1.2473125e+00   2.7942135e+01   4.5072677e+01   9.0657329e+00   2.2636229e+00   3.7949360e+00   1.7702113e+00   9.4068223e+00   4.8054893e-01   1.9440561e-02   1.5664918e-01   6.1016420e-02   8.9651357e+01   7.6918893e+00   6.3118494e+01   5.3886714e+01   3.0283358e+01   6.1195167e+01   4.6756714e+01   3.6722444e+01   4.6317742e+01   3.6124759e+01   1.0004040e+01
   2.0463245e-01   5.1772381e+03   6.6197945e+02   7.8651239e+00   1.9585284e+01   3.2496207e+01   2.8022627e+03   6.5473106e+01   1.2191551e+02   8.8314598e-02   8.3459263e+01   4.8650703e+01   2.7666892e+03   1.7513926e+01   5.0256774e+01   2.9982491e+03   1.8039075e+01   6.2360428e+01   6.2454919e+00   2.7347090e+02   1.0184486e+02   4.5583759e+01   2.9308979e+01   2.7662688e+01   1.8058146e+01   1.2828901e+01   4.0189754e+00   1.3043437e+00   2.8445488e+01   4.4930450e+01   9.0558741e+00   2.2243538e+00   3.9978719e+00   1.8726480e+00   9.3527973e+00   4.1807481e-01   1.9440561e-02   1.5664918e-01   6.1016420e-02   8.9651357e+01   7.6918893e+00   6.3132911e+01   5.3831266e+01   3.0229153e+01   6.1185159e+01   4.6386897e+01   3.6691077e+01   4.6286433e+01   3.5961891e+01   1.1127363e+01
   2.0581988e-01   5.1774640e+03   6.9543737e+02   7.8769433e+00   1.9743135e+01   3.2240537e+01   2.8013069e+03   6.4958605e+01   1.2191682e+02   9.2392474e-02   8.3477373e+01   4.9029025e+01   2.7664476e+03   1.7660517e+01   4.7463766e+01   2.9975822e+03   1.8039393e+01   6.2370768e+01   8.6132397e+00   2.7326751e+02   1.0181136e+02   4.5577474e+01   2.9848975e+01   2.7652339e+01   1.7969156e+01   1.2606229e+01   3.5448783e+00   1.2604859e+00   2.7603381e+01   4.5014619e+01   9.0561244e+00   2.1151143e+00   3.7775429e+00   1.8338747e+00   9.3617945e+00   5.2825729e-01   3.4853017e-02   1.5255435e-01   7.3010461e-02   9.0403191e+01   7.8332432e+00   6.3147177e+01   5.3841097e+01   2.9327894e+01   6.1479183e+01   4.6202014e+01   3.6741270e+01   4.6296057e+01   3.6376027e+01   1.1006488e+01
   1.9771508e-01   5.1917215e+03   6.6372984e+02   7.7455587e+00   1.9918979e+01   3.2280772e+01   2.8012771e+03   6.5256727e+01   1.2191501e+02   9.6346993e-02   8.3459068e+01   5.1300556e+01   2.7661348e+03   1.7551875e+01   4.9388253e+01   2.9966464e+03   1.7970612e+01   6.2360476e+01   3.1051667e+00   2.7333270e+02   1.0184644e+02   4.5615808e+01   2.9169242e+01   2.7692698e+01   1.7741858e+01   1.2725577e+01   3.9072388e+00   1.2394827e+00   2.8152963e+01   4.5168002e+01   9.3852174e+00   2.1860609e+00   3.4953602e+00   1.8066907e+00   9.4129950e+00   5.5130732e-01   3.4853017e-02   1.5255435e-01   7.3010461e-02   9.0403191e+01   7.8332432e+00   6.3154578e+01   5.3848637e+01   2.9843379e+01   6.1345940e+01   4.6779423e+01   3.6694714e+01   4.6294871e+01   3.6238514e+01   1.1453352e+01
   1.9850900e-01   5.2122916e+03   7.0754741e+02   7.7658762e+00   1.9520882e+01   3.1994876e+01   2.8001125e+03   6.3882177e+01   1.2189519e+02   9.5772039e-02   8.3441326e+01   5.1536019e+01   2.7653298e+03   1.7699244e+01   4.8222737e+01   2.9967624e+03   1.8022489e+01   6.2360592e+01   5.1056846e+00   2.7319950e+02   1.0186434e+02   4.5611025e+01   2.9440212e+01   2.7760595e+01   1.7839953e+01   1.2730087e+01   3.9726524e+00   1.3063428e+00   2.8215748e+01   4.4856779e+01   9.1126837e+00   2.1960620e+00   4.1347121e+00   1.8278581e+00   9.5316727e+00   5.5886544e-01   3.0117966e-02   1.7105727e-01   7.7163037e-02   9.0686246e+01   8.5364730e+00   6.3178471e+01   5.3799219e+01   2.9994759e+01   6.1134422e+01   4.7103100e+01   3.6694873e+01   4.6285562e+01   3.6095186e+01   1.2926850e+01
   1.9764680e-01   5.2079133e+03   7.0572110e+02   7.8991192e+00   1.9631379e+01   3.2031333e+01   2.8013267e+03   6.5543498e+01   1.2191132e+02   9.9952397e-02   8.3510300e+01   5.1423193e+01   2.7663306e+03   1.7536346e+01   4.9984621e+01   2.9970805e+03   1.7912825e+01   6.2349452e+01   4.1926777e+00   2.7290123e+02   1.0185972e+02   4.5602650e+01   2.9299997e+01   2.7832171e+01   1.8358877e+01   1.2640770e+01   3.9621963e+00   1.3217605e+00   2.8148597e+01   4.5176514e+01   9.5160421e+00   2.2831164e+00   4.0986435e+00   1.8485052e+00   9.4809532e+00   5.8358127e-01   3.0117966e-02   1.7105727e-01   7.7163037e-02   9.0686246e+01   8.5364730e+00   6.3232631e+01   5.3729461e+01   3.0299241e+01   6.1117172e+01   4.6947616e+01   3.6675977e+01   4.6284481e+01   3.6204727e+01   1.1778169e+01
   2.0407613e-01   5.1754577e+03   6.7610766e+02   7.8191675e+00   1.9679296e+01   3.1859812e+01   2.8010748e+03   6.5460064e+01   1.2190519e+02   9.9064963e-02   8.3481146e+01   4.9908452e+01   2.7646631e+03   1.7705128e+01   5.0405045e+01   2.9964613e+03   1.7905889e+01   6.2370142e+01   5.9115475e+00   2.7329082e+02   1.0185274e+02   4.5622759e+01   2.9555578e+01   2.7620584e+01   1.8118634e+01   1.2476265e+01   3.9723973e+00   1.3038991e+00   2.7758359e+01   4.4959768e+01   9.2135730e+00   2.0693169e+00   3.3793537e+00   1.8470490e+00   9.3983605e+00   6.0600798e-01   3.0117966e-02   1.7105727e-01   7.7163037e-02   9.0686246e+01   8.5364730e+00   6.3279564e+01   5.3681101e+01   3.0157293e+01   6.1307732e+01   4.6560153e+01   3.6694176e+01   4.6278364e+01   3.6390065e+01   1.1472047e+01
   2.0410485e-01   5.1850426e+03   7.0294511e+02   7.8480819e+00   1.9445052e+01   3.1965354e+01   2.7996017e+03   6.4531663e+01   1.2191543e+02   9.9894748e-02   8.3417166e+01   4.9965294e+01   2.7643386e+03   1.7431659e+01   4.9266447e+01   2.9955569e+03   1.8005705e+01   6.2373018e+01   6.4786010e+00   2.7303163e+02   1.0187604e+02   4.5631572e+01   2.9849450e+01   2.7861283e+01   1.7748665e+01   1.2758339e+01   3.5260933e+00   1.3148080e+00   2.7793187e+01   4.4834054e+01   8.9079357e+00   2.0492745e+00   3.4659285e+00   1.8535645e+00   9.4877887e+00   4.6111147e-01   2.3091150e-02   1.7296430e-01   6.8380848e-02   8.9811689e+01   8.8595773e+00   6.3259047e+01   5.3782871e+01   3.0395757e+01   6.1186727e+01   4.6173066e+01   3.6717020e+01   4.6289117e+01   3.6214336e+01   1.1342491e+01
   1.9790902e-01   5.1791685e+03   7.0891376e+02   7.8268227e+00   1.9715149e+01   3.1990142e+01   2.7996144e+03   6.5292058e+01   1.2189603e+02   9.8682784e-02   8.3500036e+01   4.9805390e+01   2.7649848e+03   1.7405566e+01   4.9205899e+01   2.9959165e+03   1.8066244e+01   6.2349065e+01   6.3478817e+00   2.7316250e+02   1.0185375e+02   4.5628392e+01   2.9375798e+01   2.7850453e+01   1.8058863e+01   1.2674062e+01   3.5758350e+00   1.2889818e+00   2.7792694e+01   4.5194142e+01   8.7538285e+00   2.1817908e+00   4.1197231e+00   1.8108796e+00   9.3528803e+00   5.4233459e-01   2.3091150e-02   1.7296430e-01   6.8380848e-02   8.9811689e+01   8.8595773e+00   6.3176772e+01   5.3844455e+01   2.9404312e+01   6.1289341e+01   4.6018477e+01   3.6707567e+01   4.6260655e+01   3.6319165e+01   1.6627023e+01
   1.9793259e-01   5.1597680e+03   7.1437695e+02   7.8980970e+00   1.9868738e+01   3.2202845e+01   2.7992692e+03   6.5429144e+01   1.2190896e+02   9.4403903e-02   8.3518133e+01   5.1971822e+01   2.7630373e+03   1.7388644e+01   4.7454324e+01   2.9957571e+03   1.7999253e+01   6.2377212e+01   7.1278011e+00   2.7374083e+02   1.0185968e+02   4.5602306e+01   2.9528819e+01   2.7618019e+01   1.8070885e+01   1.2708070e+01   3.8146189e+00   1.2718460e+00   2.7533046e+01   4.5069328e+01   9.3765999e+00   2.0998305e+00   4.0649094e+00   1.8030281e+00   9.4032889e+00   5.0013848e-01   3.6141511e-02   1.5659911e-01   6.7406035e-02   9.0650810e+01   8.2449228e+00   6.3138804e+01   5.3876819e+01   2.9562526e+01   6.1304117e+01   4.6063600e+01   3.6724345e+01   4.6286702e+01   3.6253614e+01   1.0766479e+01
   2.0049854e-01   5.1577782e+03   6.8329593e+02   7.7621267e+00   2.0323764e+01   3.2204556e+01   2.7986069e+03   6.3716385e+01   1.2187895e+02   9.1759960e-02   8.3504940e+01   5.0738883e+01   2.7631372e+03   1.7494687e+01   4.9477168e+01   2.9956524e+03   1.8087094e+01   6.2386994e+01   4.2319520e+00   2.7468689e+02   1.0186887e+02   4.5628939e+01   2.9319724e+01   2.7721127e+01   1.7955677e+01   1.2764876e+01   3.9564864e+00   1.2809932e+00   2.8025356e+01   4.5053954e+01   9.2375024e+00   2.2530503e+00   4.3372958e+00   1.7985722e+00   9.5099664e+00   5.0654925e-01   3.6141511e-02   1.5659911e-01   6.7406035e-02   9.0650810e+01   8.2449228e+00   6.3054782e+01   5.3956262e+01   3.0000735e+01   6.1281581e+01   4.6664482e+01   3.6707998e+01   4.6260854e+01   3.6122587e+01   1.2872801e+01
   1.9840926e-01   5.1819999e+03   6.5195153e+02   7.7613353e+00   1.9929231e+01   3.1833975e+01   2.7990944e+03   6.5470011e+01   1.2187599e+02   9.1372458e-02   8.3557438e+01   5.0624936e+01   2.7645407e+03   1.7505474e+01   4.9632131e+01   2.9953496e+03   1.8053666e+01   6.2391574e+01   4.0922274e+00   2.7294814e+02   1.0185688e+02   4.5627932e+01   2.9221828e+01   2.7634891e+01   1.7702835e+01   1.2701979e+01   3.8786329e+00   1.2783304e+00   2.7889628e+01   4.4989135e+01   9.1200425e+00   2.0359190e+00   3.8459240e+00   1.8266635e+00   9.4347833e+00   4.4628780e-01   3.6141511e-02   1.5659911e-01   6.7406035e-02   9.0650810e+01   8.2449228e+00   6.3033490e+01   5.4007516e+01   2.9995883e+01   6.1337933e+01   4.7295302e+01   3.6721745e+01   4.6309141e+01   3.6182755e+01   1.4694314e+01
   1.9961329e-01   5.1897280e+03   7.0489686e+02   7.7622201e+00   1.9732648e+01   3.2149587e+01   2.7994972e+03   6.4849782e+01   1.2189584e+02   8.6352425e-02   8.3538865e+01   4.9380225e+01   2.7646863e+03   1.7290342e+01   4.8612254e+01   2.9952149e+03   1.8118708e+01   6.2385305e+01   5.9671202e+00   2.7335837e+02   1.0185978e+02   4.5637282e+01   2.9416392e+01   2.7630855e+01   1.7865563e+01   1.2545841e+01   3.9175092e+00   1.2727915e+00   2.8187848e+01   4.4972173e+01   9.4881153e+00   2.2529494e+00   4.2481896e+00   1.8073627e+00   9.3771128e+00   5.5159823e-01   3.1539188e-02   1.6018856e-01   7.8863644e-02   8.9721392e+01   8.8974854e+00   6.3010949e+01   5.4013706e+01   3.0170030e+01   6.1210837e+01   4.7980603e+01   3.6708029e+01   4.6291798e+01   3.6086992e+01   1.2495816e+01
   1.9855342e-01   5.1960155e+03   6.6631518e+02   7.8420843e+00   1.9770800e+01   3.2092844e+01   2.8005665e+03   6.5180165e+01   1.2189203e+02   9.1749083e-02   8.3549899e+01   4.9896908e+01   2.7650479e+03   1.7277228e+01   4.9388288e+01   2.9961217e+03   1.7908172e+01   6.2406085e+01   3.6289287e+00   2.7306316e+02   1.0187407e+02   4.5617255e+01   2.9529240e+01   2.7775738e+01   1.7810272e+01   1.2693731e+01   3.6552748e+00   1.2530728e+00   2.8022566e+01   4.4877954e+01   9.0869327e+00   2.2304447e+00   3.9137453e+00   1.7948590e+00   9.4086087e+00   4.8573428e-01   3.1539188e-02   1.6018856e-01   7.8863644e-02   8.9721392e+01   8.8974854e+00   6.3014396e+01   5.4016431e+01   2.9471217e+01   6.1293072e+01   4.8738256e+01   3.6758250e+01   4.6304048e+01   3.6029475e+01   9.3219182e+00
   1.9761891e-01   5.1938557e+03   6.7163895e+02   7.8130883e+00   2.0715957e+01   3.2421204e+01   2.8005148e+03   6.4521601e+01   1.2191237e+02   9.2986017e-02   8.3539228e+01   4.9349395e+01   2.7645181e+03   1.7570628e+01   4.7750524e+01   2.9961838e+03   1.8186104e+01   6.2386694e+01   4.0314365e+00   2.7399470e+02   1.0185232e+02   4.5628080e+01   2.9634292e+01   2.7898249e+01   1.8320761e+01   1.2725080e+01   3.4812364e+00   1.3008004e+00   2.8183689e+01   4.5130438e+01   9.3551148e+00   2.2406058e+00   4.0363847e+00   1.8073980e+00   9.5097385e+00   5.3125840e-01   2.4736177e-02   1.4765315e-01   6.9148249e-02   9.0453952e+01   7.4688413e+00   6.2999995e+01   5.4024237e+01   2.9318399e+01   6.1409319e+01   4.9082972e+01   3.6725264e+01   4.6295253e+01   3.6084181e+01   1.1774678e+01
   1.9975482e-01   5.1738357e+03   6.8902558e+02   7.8075280e+00   1.9775234e+01   3.2457754e+01   2.7992811e+03   6.5037544e+01   1.2188326e+02   8.8903572e-02   8.3520434e+01   4.9622682e+01   2.7639852e+03   1.7579012e+01   5.0560269e+01   2.9951639e+03   1.7901347e+01   6.2402887e+01   6.9033075e+00   2.7276981e+02   1.0186101e+02   4.5619682e+01   2.9685625e+01   2.7592639e+01   1.8063873e+01   1.2724805e+01   4.3103618e+00   1.2882294e+00   2.7761635e+01   4.5079611e+01   9.2418770e+00   2.2776378e+00   4.1761457e+00   1.8172676e+00   9.4390619e+00   5.9165730e-01   2.4736177e-02   1.4765315e-01   6.9148249e-02   9.0453952e+01   7.4688413e+00   6.3092924e+01   5.3905462e+01   2.9440729e+01   6.1189294e+01   4.9304431e+01   3.6732321e+01   4.6280310e+01   3.6215882e+01   1.1410623e+01
   2.0041552e-01   5.1827334e+03   6.9242328e+02   7.8106084e+00   1.9617208e+01   3.2294130e+01   2.7991635e+03   6.3944459e+01   1.2190029e+02   8.7458263e-02   8.3561224e+01   5.0638510e+01   2.7637801e+03   1.7320808e+01   4.9871698e+01   2.9947740e+03   1.8073667e+01   6.2410913e+01   3.8419984e+00   2.7320775e+02   1.0184847e+02   4.5570402e+01   2.9722010e+01   2.7560324e+01   1.7917681e+01   1.2637635e+01   3.6849834e+00   1.2723788e+00   2.8176840e+01   4.5031228e+01   8.9454506e+00   2.1666138e+00   3.9399376e+00   1.8021798e+00   9.5027454e+00   4.5429747e-01   2.4736177e-02   1.4765315e-01   6.9148249e-02   9.0453952e+01   7.4688413e+00   6.3166610e+01   5.3853515e+01   2.9813902e+01   6.1179988e+01   4.9451647e+01   3.6769072e+01   4.6306534e+01   3.6061596e+01   1.1044784e+01
   1.9662211e-01   5.1918777e+03   6.9366728e+02   7.8266849e+00   2.0273761e+01   3.1704640e+01   2.7990830e+03   6.4954839e+01   1.2190512e+02   8.5919363e-02   8.3553927e+01   4.9405002e+01   2.7638448e+03   1.7642491e+01   4.8535528e+01   2.9953256e+03   1.7981806e+01   6.2423207e+01   5.9966065e+00   2.7357738e+02   1.0181155e+02   4.5610716e+01   2.9815908e+01   2.7762289e+01   1.7752838e+01   1.2712353e+01   4.2173034e+00   1.3132026e+00   2.8426548e+01   4.4948462e+01   8.8381595e+00   2.1886470e+00   3.8898783e+00   1.7913824e+00   9.4911144e+00   5.8459104e-01   3.8494389e-02   1.4839935e-01   7.9674126e-02   9.0321113e+01   8.6538474e+00   6.3148047e+01   5.3874819e+01   3.0082810e+01   6.1238196e+01   4.8868883e+01   3.6763581e+01   4.6270842e+01   3.6267719e+01   1.6285453e+01
   1.9619008e-01   5.1790050e+03   7.0255451e+02   7.9325469e+00   2.0016795e+01   3.1683018e+01   2.7986983e+03   6.4816106e+01   1.2188725e+02   8.0988574e-02   8.3539728e+01   5.1929167e+01   2.7642122e+03   1.7498261e+01   5.1572599e+01   2.9948590e+03   1.8224866e+01   6.2390831e+01   7.0287249e+00   2.7295435e+02   1.0184879e+02   4.5600710e+01   2.9343343e+01   2.7738123e+01   1.7877113e+01   1.2752285e+01   4.8037072e+00   1.2739072e+00   2.7869953e+01   4.5015986e+01   9.1158066e+00   2.1689283e+00   3.8397706e+00   1.8086233e+00   9.3949211e+00   5.3891337e-01   3.8494389e-02   1.4839935e-01   7.9674126e-02   9.0321113e+01   8.6538474e+00   6.3077538e+01   5.3944496e+01   2.9419858e+01   6.1260322e+01   4.8470550e+01   3.6724669e+01   4.6275516e+01   3.6200058e+01   1.1913289e+01
   1.9375449e-01   5.1762134e+03   6.4501596e+02   7.8264500e+00   1.9750874e+01   3.2104652e+01   2.7987169e+03   6.4179584e+01   1.2189120e+02   7.9349380e-02   8.3552715e+01   4.9903548e+01   2.7647485e+03   1.8009081e+01   4.8326699e+01   2.9956465e+03   1.8081818e+01   6.2385967e+01   3.1895998e+00   2.7288833e+02   1.0188404e+02   4.5607390e+01   2.9597858e+01   2.7617867e+01   1.8082923e+01   1.2595821e+01   3.9009941e+00   1.2587679e+00   2.7980946e+01   4.5053640e+01   8.5285098e+00   2.3533987e+00   3.7722109e+00   1.8470409e+00   9.4876996e+00   3.7386802e-01   1.8751274e-02   1.6858552e-01   6.9920809e-02   8.9589267e+01   8.5991295e+00   6.3044569e+01   5.3989688e+01   3.0064776e+01   6.1210107e+01   4.7884729e+01   3.6744075e+01   4.6285910e+01   3.6122519e+01   1.1449409e+01
   1.9570491e-01   5.2077855e+03   6.5985534e+02   7.7794809e+00   1.9689744e+01   3.2208704e+01   2.7991043e+03   6.5951328e+01   1.2189836e+02   7.9862610e-02   8.3502654e+01   4.8712713e+01   2.7636378e+03   1.7543888e+01   4.8386701e+01   2.9948719e+03   1.7893646e+01   6.2403741e+01   5.5448903e+00   2.7350078e+02   1.0185500e+02   4.5619072e+01   2.9553835e+01   2.7715623e+01   1.7649567e+01   1.2724981e+01   4.1844192e+00   1.3059387e+00   2.7881450e+01   4.5020865e+01   9.1695903e+00   2.1982331e+00   4.1675699e+00   1.8312393e+00   9.4662193e+00   4.4579405e-01   1.8751274e-02   1.6858552e-01   6.9920809e-02   8.9589267e+01   8.5991295e+00   6.3060766e+01   5.3945777e+01   2.9630840e+01   6.1403980e+01   4.7335010e+01   3.6755639e+01   4.6262229e+01   3.6043076e+01   1.0871554e+01
   1.9026970e-01   5.2081094e+03   6.8763132e+02   7.8101345e+00   1.9356701e+01   3.1780151e+01   2.7997782e+03   6.4393670e+01   1.2189834e+02   7.5319224e-02   8.3505804e+01   5.0671884e+01   2.7646232e+03   1.7447739e+01   5.0636449e+01   2.9959847e+03   1.7882653e+01   6.2387978e+01   5.7152017e+00   2.7365110e+02   1.0186466e+02   4.5611244e+01   2.9079030e+01   2.7592434e+01   1.8066601e+01   1.2608251e+01   4.1588730e+00   1.2809544e+00   2.7802887e+01   4.5074190e+01   8.8664927e+00   2.1419247e+00   3.8407612e+00   1.8237264e+00   9.5400153e+00   4.3452974e-01   1.8751274e-02   1.6858552e-01   6.9920809e-02   8.9589267e+01   8.5991295e+00   6.3066522e+01   5.3940419e+01   2.9640830e+01   6.1323620e+01   4.7601121e+01   3.6749146e+01   4.6283011e+01   3.6228669e+01   1.2216493e+01
   1.9623495e-01   5.1970818e+03   6.9759551e+02   7.8741806e+00   1.9733389e+01   3.2504961e+01   2.7986205e+03   6.4718302e+01   1.2190645e+02   7.5164591e-02   8.3476534e+01   4.9929036e+01   2.7635948e+03   1.7668616e+01   4.8503925e+01   2.9964177e+03   1.8083153e+01   6.2367421e+01   6.4422932e+00   2.7521459e+02   1.0184605e+02   4.5612768e+01   2.9012222e+01   2.7644238e+01   1.7741236e+01   1.2638012e+01   3.9919683e+00   1.3616696e+00   2.8139217e+01   4.4850901e+01   9.3064491e+00   2.0746286e+00   3.8282285e+00   1.8231747e+00   9.4030191e+00   4.3292231e-01   2.2588680e-02   1.3934381e-01   7.7648005e-02   9.0421353e+01   7.3233645e+00   6.3051039e+01   5.3933942e+01   3.0088629e+01   6.1186639e+01   4.7881988e+01   3.6744175e+01   4.6246649e+01   3.6323201e+01   1.0094925e+01
   1.9708828e-01   5.1624510e+03   6.7969615e+02   7.7904512e+00   1.9467484e+01   3.2119346e+01   2.8011331e+03   6.5339896e+01   1.2189466e+02   7.8585423e-02   8.3514518e+01   4.9218358e+01   2.7654351e+03   1.7486029e+01   5.0344291e+01   2.9961130e+03   1.7973864e+01   6.2360288e+01   3.6415560e+00   2.7311247e+02   1.0182364e+02   4.5606410e+01   2.9632072e+01   2.7645299e+01   1.8239592e+01   1.2787793e+01   4.1649262e+00   1.3035912e+00   2.7870791e+01   4.4998388e+01   8.9007120e+00   2.1064873e+00   3.9653349e+00   1.8556884e+00   9.3733209e+00   4.4130370e-01   2.2588680e-02   1.3934381e-01   7.7648005e-02   9.0421353e+01   7.3233645e+00   6.3007329e+01   5.4019807e+01   3.0518334e+01   6.1284469e+01   4.8053096e+01   3.6744366e+01   4.6282500e+01   3.6184293e+01   1.0657518e+01
   2.0175527e-01   5.2045545e+03   7.2218366e+02   7.7497132e+00   1.9716585e+01   3.2211160e+01   2.7995325e+03   6.4869389e+01   1.2189824e+02   7.6801993e-02   8.3417109e+01   5.0590646e+01   2.7651252e+03   1.7509504e+01   5.0695332e+01   2.9968577e+03   1.8252932e+01   6.2366482e+01   4.6085944e+00   2.7374664e+02   1.0185579e+02   4.5615256e+01   2.9547876e+01   2.7750905e+01   1.7870306e+01   1.2649025e+01   3.5857156e+00   1.2704686e+00   2.7877841e+01   4.5095056e+01   8.6991472e+00   2.1171376e+00   4.1993848e+00   1.8095030e+00   9.4603669e+00   4.8176026e-01   3.3280387e-02   1.5883660e-01   7.9037603e-02   9.0616607e+01   9.2618389e+00   6.2975267e+01   5.4053499e+01   3.0867906e+01   6.1026717e+01   4.8031124e+01   3.6706927e+01   4.6272042e+01   3.6088075e+01   1.3762970e+01
   1.9762593e-01   5.2098760e+03   7.1060352e+02   7.8606563e+00   1.9543157e+01   3.2083812e+01   2.8013251e+03   6.5358935e+01   1.2187635e+02   8.0980709e-02   8.3498437e+01   4.9606309e+01   2.7658480e+03   1.7850964e+01   5.0152161e+01   2.9966940e+03   1.8099810e+01   6.2364891e+01   5.6887173e+00   2.7334725e+02   1.0186460e+02   4.5638338e+01   2.9258390e+01   2.7693831e+01   1.7808692e+01   1.2706844e+01   3.5526018e+00   1.3120967e+00   2.8488424e+01   4.4926728e+01   9.4974902e+00   2.2353437e+00   4.2990116e+00   1.8048000e+00   9.4478674e+00   4.6427187e-01   3.3280387e-02   1.5883660e-01   7.9037603e-02   9.0616607e+01   9.2618389e+00   6.3156337e+01   5.3795754e+01   3.0287453e+01   6.1279166e+01   4.7215001e+01   3.6725089e+01   4.6265189e+01   3.6098839e+01   1.1553383e+01
   1.9611698e-01   5.1792522e+03   7.0411324e+02   7.8422029e+00   1.9287531e+01   3.2235129e+01   2.8018787e+03   6.4386507e+01   1.2190256e+02   8.5595048e-02   8.3457807e+01   4.9869057e+01   2.7662932e+03   1.7753997e+01   4.8658706e+01   2.9980150e+03   1.7920376e+01   6.2334586e+01   5.7886461e+00   2.7345663e+02   1.0185708e+02   4.5632573e+01   2.9132291e+01   2.7637031e+01   1.8002782e+01   1.2690229e+01   3.5762293e+00   1.3096675e+00   2.8012811e+01   4.5004009e+01   9.1884972e+00   2.2401903e+00   3.6745663e+00   1.8214506e+00   9.3710099e+00   4.1320956e-01   3.3280387e-02   1.5883660e-01   7.9037603e-02   9.0616607e+01   9.2618389e+00   6.3250094e+01   5.3687669e+01   3.0240613e+01   6.1315582e+01   4.7218220e+01   3.6709040e+01   4.6258468e+01   3.6188912e+01   1.1732638e+01
   1.9722046e-01   5.2018653e+03   7.3957061e+02   7.7962620e+00   1.9731641e+01   3.2359130e+01   2.8019916e+03   6.5247007e+01   1.2189575e+02   9.2092793e-02   8.3446953e+01   4.9166617e+01   2.7669243e+03   1.7453203e+01   4.9620064e+01   2.9978896e+03   1.8312043e+01   6.2332148e+01   5.2017447e+00   2.7295569e+02   1.0184944e+02   4.5627442e+01   2.9414160e+01   2.7832426e+01   1.7921795e+01   1.2856497e+01   3.7933192e+00   1.3045926e+00   2.7806800e+01   4.4899339e+01   8.6239758e+00   2.1384958e+00   4.0033120e+00   1.8391398e+00   9.3724957e+00   4.9961405e-01   1.8579009e-02   1.5878220e-01   7.1140119e-02   9.0420621e+01   8.6466404e+00   6.3256110e+01   5.3750222e+01   2.9594690e+01   6.1401742e+01   4.7037872e+01   3.6730572e+01   4.6265297e+01   3.6363274e+01   1.3877902e+01
   1.9751916e-01   5.1922825e+03   7.2040468e+02   7.8076317e+00   1.9775656e+01   3.1849672e+01   2.8021963e+03   6.5575990e+01   1.2188653e+02   9.6068533e-02   8.3435397e+01   4.9512228e+01   2.7662852e+03   1.7524468e+01   4.7788755e+01   2.9981085e+03   1.8013586e+01   6.2311229e+01   4.7368538e+00   2.7338645e+02   1.0185640e+02   4.5659932e+01   2.9871594e+01   2.7825803e+01   1.7851914e+01   1.2574364e+01   3.6159551e+00   1.2887506e+00   2.8016618e+01   4.4926730e+01   9.2688984e+00   2.0702184e+00   3.9560616e+00   1.8489755e+00   9.4497777e+00   4.8853918e-01   1.8579009e-02   1.5878220e-01   7.1140119e-02   9.0420621e+01   8.6466404e+00   6.3188347e+01   5.3804253e+01   2.9398931e+01   6.1400989e+01   4.6994563e+01   3.6721057e+01   4.6250314e+01   3.6270797e+01   1.2192326e+01
   1.9465300e-01   5.1939355e+03   7.1562425e+02   7.7684176e+00   1.9719432e+01   3.2367511e+01   2.8010648e+03   6.5515045e+01   1.2189420e+02   1.0113581e-01   8.3417090e+01   5.0189705e+01   2.7653059e+03   1.7736541e+01   5.0090479e+01   2.9972583e+03   1.8096437e+01   6.2308696e+01   5.2896738e+00   2.7306538e+02   1.0187017e+02   4.5637974e+01   2.9879646e+01   2.7613081e+01   1.7739895e+01   1.2553451e+01   3.9564441e+00   1.2774731e+00   2.7945355e+01   4.5004086e+01   9.0532596e+00   2.2034902e+00   3.8339428e+00   1.8088261e+00   9.3897837e+00   4.9369232e-01   1.4034807e-02   1.4983936e-01   8.9498539e-02   9.0125355e+01   8.7070380e+00   6.3156929e+01   5.3853571e+01   2.9716584e+01   6.1370511e+01   4.7132968e+01   3.6727589e+01   4.6250413e+01   3.6254510e+01   1.2602681e+01
   1.9096563e-01   5.1828493e+03   7.1567651e+02   7.8600973e+00   1.9391615e+01   3.2028584e+01   2.8006559e+03   6.4222074e+01   1.2188301e+02   1.0413860e-01   8.3438871e+01   5.0510295e+01   2.7651899e+03   1.7569006e+01   4.9155918e+01   2.9971713e+03   1.7882962e+01   6.2300775e+01   5.9160315e+00   2.7407567e+02   1.0185607e+02   4.5622321e+01   2.9453186e+01   2.7666261e+01   1.7562303e+01   1.2690713e+01   3.7698337e+00   1.2542649e+00   2.8197630e+01   4.5023620e+01   9.2321696e+00   2.1632844e+00   4.1336443e+00   1.8507731e+00   9.3663240e+00   4.9967442e-01   1.4034807e-02   1.4983936e-01   8.9498539e-02   9.0125355e+01   8.7070380e+00   6.3073671e+01   5.3958851e+01   2.9493342e+01   6.1374666e+01   4.7479245e+01   3.6731516e+01   4.6285514e+01   3.6145122e+01   1.2980189e+01
   1.8784603e-01   5.1839573e+03   7.2791451e+02   7.8422406e+00   1.9859634e+01   3.2360065e+01   2.7996264e+03   6.4623085e+01   1.2190759e+02   1.0747268e-01   8.3485184e+01   5.0816500e+01   2.7658452e+03   1.7790986e+01   4.8017616e+01   2.9968376e+03   1.8161556e+01   6.2329865e+01   5.8494848e+00   2.7374026e+02   1.0187487e+02   4.5652345e+01   2.9900077e+01   2.7821608e+01   1.7971906e+01   1.2548565e+01   3.8626607e+00   1.2922190e+00   2.7844885e+01   4.5005422e+01   9.3884915e+00   2.1687308e+00   3.7966123e+00   1.7960642e+00   9.3922903e+00   5.0082175e-01   1.4034807e-02   1.4983936e-01   8.9498539e-02   9.0125355e+01   8.7070380e+00   6.3013573e+01   5.3989090e+01   2.8845904e+01   6.1485834e+01   4.8087958e+01   3.6749140e+01   4.6255056e+01   3.6205934e+01   1.1940425e+01
   1.8898359e-01   5.1992288e+03   6.9818159e+02   7.8378967e+00   1.9712503e+01   3.2108016e+01   2.7994704e+03   6.5298727e+01   1.2190805e+02   1.0459267e-01   8.3505449e+01   5.0204336e+01   2.7647029e+03   1.7521249e+01   4.9703619e+01   2.9959740e+03   1.8110550e+01   6.2346805e+01   6.5791269e+00   2.7319241e+02   1.0185252e+02   4.5633609e+01   2.9777469e+01   2.7798887e+01   1.8117574e+01   1.2639663e+01   4.1854747e+00   1.2533864e+00   2.7706653e+01   4.5158425e+01   9.2913165e+00   2.1254285e+00   3.8233691e+00   1.8475650e+00   9.3530675e+00   5.4607819e-01   4.8699911e-02   1.5774751e-01   6.9879880e-02   9.0749757e+01   7.7635407e+00   6.3058583e+01   5.3895386e+01   2.8828663e+01   6.1476553e+01   4.9236291e+01   3.6721700e+01   4.6269462e+01   3.6134441e+01   1.1729797e+01
   1.9228616e-01   5.1822115e+03   6.9091250e+02   7.8271426e+00   1.9815967e+01   3.1977374e+01   2.7987793e+03   6.5615382e+01   1.2188735e+02   1.0144153e-01   8.3486707e+01   5.0230080e+01   2.7639427e+03   1.7524850e+01   5.0022296e+01   2.9951180e+03   1.7810072e+01   6.2327453e+01   5.8882091e+00   2.7295306e+02   1.0187262e+02   4.5659225e+01   2.9699908e+01   2.7710755e+01   1.7672221e+01   1.2763895e+01   3.9131231e+00   1.2849632e+00   2.8432132e+01   4.4915955e+01   8.9445046e+00   2.2190664e+00   3.7499863e+00   1.8210052e+00   9.4769224e+00   5.5336978e-01   4.8699911e-02   1.5774751e-01   6.9879880e-02   9.0749757e+01   7.7635407e+00   6.3165871e+01   5.3791586e+01   2.9247347e+01   6.1287745e+01   5.0235301e+01   3.6765356e+01   4.6294420e+01   3.6114912e+01   1.3390019e+01
   1.8831913e-01   5.1699401e+03   6.6707498e+02   7.8847337e+00   1.9687749e+01   3.1850415e+01   2.7992190e+03   6.5017563e+01   1.2189511e+02   9.6470058e-02   8.3546638e+01   5.0423261e+01   2.7643199e+03   1.7684167e+01   5.0760327e+01   2.9955995e+03   1.8138478e+01   6.2358197e+01   3.6527378e+00   2.7296121e+02   1.0188352e+02   4.5641103e+01   3.0479642e+01   2.7656423e+01   1.8047912e+01   1.2643717e+01   3.8767625e+00   1.2725544e+00   2.7941804e+01   4.4880676e+01   9.2110485e+00   2.1194189e+00   4.4446440e+00   1.8106821e+00   9.3575742e+00   5.1082178e-01   4.0560550e-02   1.6496481e-01   7.7692228e-02   8.9813672e+01   8.1367024e+00   6.3231839e+01   5.3724166e+01   2.9311764e+01   6.1196832e+01   5.0000140e+01   3.6724194e+01   4.6288117e+01   3.6191261e+01   1.2594717e+01
   1.8514391e-01   5.2164568e+03   6.9510957e+02   7.7621568e+00   1.9485870e+01   3.1855142e+01   2.7981041e+03   6.5480067e+01   1.2191046e+02   9.3382077e-02   8.3495817e+01   4.9159167e+01   2.7628650e+03   1.7266521e+01   4.8591489e+01   2.9945556e+03   1.7985479e+01   6.2373071e+01   6.3639550e+00   2.7443830e+02   1.0186194e+02   4.5627779e+01   2.9706023e+01   2.7931820e+01   1.7714146e+01   1.2620192e+01   3.8580060e+00   1.3024008e+00   2.7719295e+01   4.4992175e+01   8.8338119e+00   2.2098987e+00   4.0730192e+00   1.8254710e+00   9.4269828e+00   4.9113098e-01   4.0560550e-02   1.6496481e-01   7.7692228e-02   8.9813672e+01   8.1367024e+00   6.3203259e+01   5.3787482e+01   2.9591827e+01   6.1243683e+01   4.9437622e+01   3.6713863e+01   4.6294512e+01   3.6244455e+01   1.1468532e+01
   1.8606535e-01   5.2094540e+03   7.3399604e+02   7.8570751e+00   1.9902474e+01   3.1931649e+01   2.7986534e+03   6.4696307e+01   1.2191223e+02   8.9550451e-02   8.3592522e+01   4.9848885e+01   2.7635905e+03   1.7601452e+01   5.1171516e+01   2.9945830e+03   1.8051009e+01   6.2373654e+01   6.3695642e+00   2.7319931e+02   1.0184348e+02   4.5622032e+01   2.9428505e+01   2.7676025e+01   1.8176569e+01   1.2746594e+01   4.0491573e+00   1.3198592e+00   2.8134331e+01   4.5056435e+01   9.1806580e+00   2.1533398e+00   4.0837870e+00   1.8516737e+00   9.4598682e+00   4.7859794e-01   4.0560550e-02   1.6496481e-01   7.7692228e-02   8.9813672e+01   8.1367024e+00   6.3175302e+01   5.3818622e+01   2.9629567e+01   6.1179794e+01   4.8543986e+01   3.6725308e+01   4.6266793e+01   3.6050212e+01   1.0207360e+01
   1.9025170e-01   5.1868194e+03   6.6435578e+02   7.8159176e+00   1.9794866e+01   3.2044945e+01   2.7986580e+03   6.4340557e+01   1.2188836e+02   8.6202721e-02   8.3567540e+01   5.0956271e+01   2.7630084e+03   1.7569876e+01   4.9894473e+01   2.9940689e+03   1.8092913e+01   6.2401372e+01   5.3445431e+00   2.7318866e+02   1.0183272e+02   4.5584779e+01   2.9741834e+01   2.7796752e+01   1.8081338e+01   1.2434587e+01   3.8470452e+00   1.3100422e+00   2.8120626e+01   4.5100761e+01   9.3165917e+00   2.0130994e+00   4.0607258e+00   1.8306547e+00   9.4346192e+00   4.5931076e-01   1.8120548e-02   1.4572846e-01   5.4918748e-02   9.0460015e+01   8.1871675e+00   6.3211657e+01   5.3821166e+01   2.9082033e+01   6.1396658e+01   4.7703024e+01   3.6725934e+01   4.6282453e+01   3.6081858e+01   1.4046382e+01
   1.8914507e-01   5.1866516e+03   7.0421543e+02   7.8664765e+00   1.9753577e+01   3.2365086e+01   2.7985201e+03   6.5285213e+01   1.2189371e+02   8.2191444e-02   8.3587399e+01   4.9024848e+01   2.7627121e+03   1.7556884e+01   4.7875150e+01   2.9938973e+03   1.7910464e+01   6.2411832e+01   3.6576180e+00   2.7250957e+02   1.0184918e+02   4.5574640e+01   2.9227544e+01   2.7708920e+01   1.7919392e+01   1.2610888e+01   3.9384149e+00   1.2577183e+00   2.7997915e+01   4.5035664e+01   8.8855686e+00   2.2141324e+00   3.9542338e+00   1.7799288e+00   9.4732967e+00   5.3799781e-01   1.8120548e-02   1.4572846e-01   5.4918748e-02   9.0460015e+01   8.1871675e+00   6.3248880e+01   5.3749509e+01   2.9174872e+01   6.1275697e+01   4.7442990e+01   3.6708143e+01   4.6295586e+01   3.6325667e+01   1.0826668e+01
   1.9323392e-01   5.1524793e+03   6.6691035e+02   7.8481576e+00   1.9618600e+01   3.1935533e+01   2.7987025e+03   6.4331519e+01   1.2187222e+02   7.1824319e-02   8.3547435e+01   4.9753900e+01   2.7635599e+03   1.7490441e+01   4.8599309e+01   2.9939953e+03   1.8176686e+01   6.2367768e+01   2.9486038e+00   2.7338829e+02   1.0182384e+02   4.5575094e+01   2.9143236e+01   2.7908449e+01   1.7425757e+01   1.2816139e+01   3.3688590e+00   1.2958964e+00   2.7901423e+01   4.5060192e+01   8.9627530e+00   2.2407229e+00   3.8871076e+00   1.8220277e+00   9.4572091e+00   5.4036045e-01   3.3820794e-02   1.6701530e-01   6.8467480e-02   9.0600414e+01   7.4398022e+00   6.3275175e+01   5.3732148e+01   2.9592443e+01   6.1214207e+01   4.6964373e+01   3.6698512e+01   4.6260988e+01   3.6215111e+01   1.2470161e+01
   1.8958533e-01   5.1926412e+03   7.1821190e+02   7.8709878e+00   1.9854927e+01   3.2155974e+01   2.8001193e+03   6.4630487e+01   1.2189137e+02   7.1986270e-02   8.3573168e+01   4.8995210e+01   2.7642512e+03   1.7677637e+01   5.0192530e+01   2.9961355e+03   1.8002873e+01   6.2361460e+01   5.7333781e+00   2.7352955e+02   1.0185594e+02   4.5570233e+01   2.9679779e+01   2.7817434e+01   1.8227549e+01   1.2614917e+01   3.5926642e+00   1.2538468e+00   2.7730835e+01   4.5095757e+01   9.0509937e+00   2.1687354e+00   3.8727263e+00   1.8287610e+00   9.4888425e+00   5.5854338e-01   3.3820794e-02   1.6701530e-01   6.8467480e-02   9.0600414e+01   7.4398022e+00   6.3242793e+01   5.3767835e+01   2.9691769e+01   6.1153545e+01   4.6098210e+01   3.6717592e+01   4.6255651e+01   3.6319576e+01   1.2200892e+01
   1.9412753e-01   5.1957933e+03   7.1509682e+02   7.8024299e+00   1.9724716e+01   3.2239130e+01   2.7997362e+03   6.3836186e+01   1.2189353e+02   7.1648830e-02   8.3469524e+01   5.0273808e+01   2.7647365e+03   1.7480327e+01   5.0083021e+01   2.9951448e+03   1.8035230e+01   6.2360990e+01   6.0500753e+00   2.7270246e+02   1.0184985e+02   4.5611972e+01   2.9473825e+01   2.7762111e+01   1.8050413e+01   1.2517862e+01   3.6494110e+00   1.2544393e+00   2.8606822e+01   4.5049971e+01   9.0099829e+00   2.2846966e+00   3.8502209e+00   1.8186898e+00   9.4561169e+00   4.9335689e-01   3.3820794e-02   1.6701530e-01   6.8467480e-02   9.0600414e+01   7.4398022e+00   6.3210152e+01   5.3800374e+01   2.9935421e+01   6.1227032e+01   4.5489511e+01   3.6737038e+01   4.6302420e+01   3.6380161e+01   1.2636178e+01
   1.9211778e-01   5.1484770e+03   6.9387985e+02   7.8862395e+00   1.9662277e+01   3.2341731e+01   2.7999117e+03   6.4738223e+01   1.2188860e+02   7.2488326e-02   8.3462925e+01   4.9262796e+01   2.7649502e+03   1.7649074e+01   5.1276118e+01   2.9960488e+03   1.8124507e+01   6.2340262e+01   3.5260968e+00   2.7307541e+02   1.0188447e+02   4.5590303e+01   2.9564005e+01   2.7728363e+01   1.8253447e+01   1.2732738e+01   3.5369540e+00   1.2882140e+00   2.7812940e+01   4.5047484e+01   8.8120958e+00   2.2121043e+00   3.9802448e+00   1.7947052e+00   9.5109820e+00   4.9610622e-01   4.0281884e-02   1.6229437e-01   7.1473389e-02   9.0797203e+01   8.4524240e+00   6.3188021e+01   5.3818709e+01   3.0011524e+01   6.1089949e+01   4.5057535e+01   3.6731039e+01   4.6288576e+01   3.6295347e+01   1.0167508e+01
   1.9391791e-01   5.1466002e+03   7.0865605e+02   7.7518841e+00   1.9527514e+01   3.2265660e+01   2.8007069e+03   6.4483646e+01   1.2188427e+02   7.2964440e-02   8.3459616e+01   4.8072167e+01   2.7653451e+03   1.7590235e+01   4.8653446e+01   2.9963959e+03   1.8238485e+01   6.2319171e+01   6.9151048e+00   2.7299188e+02   1.0186885e+02   4.5600841e+01   2.9926394e+01   2.7818204e+01   1.7942132e+01   1.2597849e+01   3.6957824e+00   1.2495897e+00   2.7909478e+01   4.4922100e+01   8.9132348e+00   2.2805152e+00   3.9240429e+00   1.8124963e+00   9.4730272e+00   5.4391925e-01   4.0281884e-02   1.6229437e-01   7.1473389e-02   9.0797203e+01   8.4524240e+00   6.3149996e+01   5.3845313e+01   3.0083613e+01   6.1185108e+01   4.4400669e+01   3.6770703e+01   4.6286212e+01   3.6126437e+01   1.3079157e+01
   1.9122307e-01   5.2054768e+03   7.2900275e+02   7.8204823e+00   1.9858355e+01   3.2248853e+01   2.8007311e+03   6.5095529e+01   1.2190433e+02   7.7598022e-02   8.3498058e+01   5.1401463e+01   2.7656174e+03   1.7679598e+01   5.0381900e+01   2.9974298e+03   1.8141748e+01   6.2327942e+01   5.8630915e+00   2.7356273e+02   1.0189935e+02   4.5582314e+01   2.9596912e+01   2.7692228e+01   1.7369022e+01   1.2767161e+01   4.1945044e+00   1.3099076e+00   2.7864349e+01   4.4849277e+01   8.9025740e+00   2.0771935e+00   3.4793625e+00   1.7784963e+00   9.4055809e+00   4.6658620e-01   2.9588642e-02   1.6416726e-01   7.8296238e-02   8.9445315e+01   8.9073646e+00   6.3146732e+01   5.3848450e+01   2.9692777e+01   6.1411412e+01   4.4683603e+01   3.6757023e+01   4.6298109e+01   3.6178274e+01   1.2866154e+01
   1.8436399e-01   5.1696804e+03   6.9759584e+02   7.8820025e+00   1.9527504e+01   3.2278868e+01   2.8020985e+03   6.4165307e+01   1.2191433e+02   8.0797292e-02   8.3450933e+01   5.0826973e+01   2.7664248e+03   1.7714698e+01   5.0225089e+01   2.9980993e+03   1.8021811e+01   6.2302754e+01   5.9099273e+00   2.7365314e+02   1.0185798e+02   4.5590376e+01   2.9413607e+01   2.7795033e+01   1.7648667e+01   1.2667634e+01   4.1808400e+00   1.3087345e+00   2.8083249e+01   4.4869463e+01   9.5001015e+00   2.1397808e+00   3.7068889e+00   1.8309685e+00   9.4469809e+00   5.0104602e-01   2.9588642e-02   1.6416726e-01   7.8296238e-02   8.9445315e+01   8.9073646e+00   6.3129936e+01   5.3871348e+01   2.9741562e+01   6.1302188e+01   4.5513460e+01   3.6748788e+01   4.6303169e+01   3.6091743e+01   1.1325280e+01
   1.8360059e-01   5.2029610e+03   6.9931167e+02   7.7126107e+00   1.9888397e+01   3.2011129e+01   2.8013297e+03   6.4599610e+01   1.2190213e+02   8.8367823e-02   8.3398216e+01   4.9346210e+01   2.7663572e+03   1.7355100e+01   4.8531466e+01   2.9971435e+03   1.7990428e+01   6.2282625e+01   3.7023008e+00   2.7293454e+02   1.0183873e+02   4.5607617e+01   2.9980107e+01   2.7773873e+01   1.7979834e+01   1.2673892e+01   4.4082639e+00   1.2852046e+00   2.7684593e+01   4.5181828e+01   8.8296076e+00   2.0880911e+00   4.1778374e+00   1.8177576e+00   9.4517909e+00   4.0551136e-01   2.9588642e-02   1.6416726e-01   7.8296238e-02   8.9445315e+01   8.9073646e+00   6.3099421e+01   5.3886248e+01   2.9878651e+01   6.1145498e+01   4.6400745e+01   3.6732307e+01   4.6296231e+01   3.6355820e+01   1.0499815e+01
   1.8379691e-01   5.1873111e+03   7.0251487e+02   7.8214869e+00   1.9312820e+01   3.2541911e+01   2.8021012e+03   6.5166232e+01   1.2189320e+02   9.2364975e-02   8.3465086e+01   4.9506064e+01   2.7664322e+03   1.7509296e+01   5.1460191e+01   2.9974547e+03   1.8229866e+01   6.2284829e+01   5.2287121e+00   2.7277361e+02   1.0184843e+02   4.5599023e+01   2.9870583e+01   2.7653254e+01   1.7761758e+01   1.2430001e+01   3.2671674e+00   1.2928450e+00   2.7361408e+01   4.4985892e+01   9.2774044e+00   2.0674061e+00   3.5357003e+00   1.7520473e+00   9.4589147e+00   4.9223334e-01   1.4842797e-02   1.5076304e-01   7.4090182e-02   9.0210612e+01   9.0730064e+00   6.3050429e+01   5.3927698e+01   2.9685248e+01   6.1382322e+01   4.7285041e+01   3.6711031e+01   4.6269810e+01   3.6189100e+01   1.0101040e+01
   1.8119978e-01   5.1712243e+03   7.0802331e+02   7.9364555e+00   1.9698591e+01   3.2400103e+01   2.8007685e+03   6.5258162e+01   1.2188696e+02   9.1811297e-02   8.3509480e+01   4.9206726e+01   2.7654819e+03   1.7425429e+01   5.0188188e+01   2.9966539e+03   1.7750307e+01   6.2307124e+01   5.5790321e+00   2.7280314e+02   1.0184727e+02   4.5587777e+01   2.9057039e+01   2.7767397e+01   1.8449179e+01   1.2575812e+01   3.8979240e+00   1.3081568e+00   2.8163913e+01   4.4804807e+01   9.1708045e+00   2.1070846e+00   4.0949195e+00   1.8180712e+00   9.3612332e+00   4.0429885e-01   1.4842797e-02   1.5076304e-01   7.4090182e-02   9.0210612e+01   9.0730064e+00   6.3011902e+01   5.4002475e+01   3.0841235e+01   6.1038517e+01   4.7730450e+01   3.6773640e+01   4.6286743e+01   3.6114168e+01   1.1628137e+01
   1.8900906e-01   5.1897529e+03   7.0555163e+02   7.9208696e+00   2.0047486e+01   3.2254255e+01   2.7995400e+03   6.4999698e+01   1.2188811e+02   8.9896981e-02   8.3475708e+01   4.9280456e+01   2.7644764e+03   1.7407891e+01   4.9678474e+01   2.9950942e+03   1.7971041e+01   6.2301961e+01   4.9198362e+00   2.7328034e+02   1.0183163e+02   4.5564150e+01   2.9547157e+01   2.7857378e+01   1.7837850e+01   1.2627674e+01   3.8372967e+00   1.2618670e+00   2.8040230e+01   4.5102247e+01   9.3794653e+00   2.2760449e+00   4.2057966e+00   1.7993214e+00   9.3129438e+00   5.3219833e-01   2.6025056e-02   1.7507942e-01   6.8723913e-02   9.0962574e+01   8.8613078e+00   6.2980899e+01   5.4023138e+01   3.1150867e+01   6.1100699e+01   4.7947621e+01   3.6767835e+01   4.6274134e+01   3.6069656e+01   7.2593476e+00
   1.8912849e-01   5.1433883e+03   7.3714687e+02   7.7753320e+00   1.9685713e+01   3.2175671e+01   2.7990753e+03   6.5010283e+01   1.2190128e+02   8.7885836e-02   8.3462563e+01   4.9024324e+01   2.7635554e+03   1.7680187e+01   4.9895895e+01   2.9955620e+03   1.8078803e+01   6.2334585e+01   5.5791387e+00   2.7337178e+02   1.0187841e+02   4.5576023e+01   2.9573211e+01   2.7608715e+01   1.8035230e+01   1.2535806e+01   3.6507811e+00   1.2575454e+00   2.8043102e+01   4.4994999e+01   8.8838192e+00   2.2697506e+00   4.2145939e+00   1.8127455e+00   9.4495475e+00   4.8241807e-01   2.6025056e-02   1.7507942e-01   6.8723913e-02   9.0962574e+01   8.8613078e+00   6.2986341e+01   5.4071038e+01   3.0255236e+01   6.1313864e+01   4.8496841e+01   3.6767393e+01   4.6325964e+01   3.6165865e+01   1.1062475e+01
   1.9100024e-01   5.1733820e+03   7.5497394e+02   7.8280754e+00   2.0131299e+01   3.2199389e+01   2.7989939e+03   6.5280265e+01   1.2189448e+02   8.1865307e-02   8.3414330e+01   4.9150624e+01   2.7638991e+03   1.7558576e+01   4.8334470e+01   2.9949112e+03   1.8097847e+01   6.2313523e+01   4.3871615e+00   2.7351999e+02   1.0188129e+02   4.5553372e+01   2.9826594e+01   2.7685490e+01   1.8349740e+01   1.2856600e+01   3.4836879e+00   1.2779053e+00   2.8023238e+01   4.5296081e+01   9.2339578e+00   2.1022309e+00   3.6839963e+00   1.8361378e+00   9.4579508e+00   4.3266919e-01   2.6025056e-02   1.7507942e-01   6.8723913e-02   9.0962574e+01   8.8613078e+00   6.2940904e+01   5.4062359e+01   2.9991102e+01   6.1367534e+01   4.9217377e+01   3.6762443e+01   4.6314583e+01   3.6159700e+01   1.1550828e+01
   1.9192041e-01   5.1532851e+03   7.3073259e+02   7.8524878e+00   1.9405564e+01   3.2045664e+01   2.7996404e+03   6.5671072e+01   1.2191614e+02   7.8369615e-02   8.3488195e+01   4.9673640e+01   2.7645190e+03   1.7909065e+01   5.1315197e+01   2.9959993e+03   1.8018480e+01   6.2339886e+01   6.0878725e+00   2.7295130e+02   1.0189233e+02   4.5542042e+01   2.9969177e+01   2.7648655e+01   1.7644567e+01   1.2594048e+01   3.8439751e+00   1.3303094e+00   2.8113665e+01   4.4854034e+01   9.1322572e+00   2.2466981e+00   3.8922000e+00   1.8216114e+00   9.3634396e+00   5.8077447e-01   7.0529096e-04   1.6558955e-01   1.0262748e-01   9.0416004e+01   7.9454582e+00   6.2958386e+01   5.3989008e+01   3.0006718e+01   6.1201993e+01   5.0021066e+01   3.6724227e+01   4.6282780e+01   3.6113930e+01   1.1580152e+01
   1.8287864e-01   5.1743145e+03   6.9562954e+02   7.7808884e+00   1.9956659e+01   3.2360730e+01   2.7983970e+03   6.5761672e+01   1.2190237e+02   7.7958173e-02   8.3405874e+01   5.1354789e+01   2.7623640e+03   1.7649531e+01   5.0249940e+01   2.9982452e+03   1.8021740e+01   6.2327032e+01   4.7651096e+00   2.7681620e+02   1.0185959e+02   4.5586971e+01   2.9478161e+01   2.7816548e+01   1.7982142e+01   1.2529709e+01   3.6200144e+00   1.2707452e+00   2.8364937e+01   4.5061940e+01   9.0285692e+00   2.2255600e+00   4.0408881e+00   1.8408861e+00   9.4208087e+00   5.3938358e-01   7.0529096e-04   1.6558955e-01   1.0262748e-01   9.0416004e+01   7.9454582e+00   6.2990791e+01   5.3956685e+01   3.0223216e+01   6.1196912e+01   5.0241625e+01   3.6756354e+01   4.6270386e+01   3.6143710e+01   1.2784078e+01
   1.8731170e-01   5.1869008e+03   7.2522366e+02   7.7121448e+00   2.0333760e+01   3.2079559e+01   2.7988139e+03   6.5305116e+01   1.2189414e+02   7.8941163e-02   8.3412446e+01   5.0398995e+01   2.7632258e+03   1.7614376e+01   5.0059450e+01   2.9974427e+03   1.8091836e+01   6.2316175e+01   6.2915949e+00   2.7570929e+02   1.0188091e+02   4.5582873e+01   2.9111560e+01   2.7759954e+01   1.7463370e+01   1.2883739e+01   4.3638856e+00   1.3232614e+00   2.7626121e+01   4.4959215e+01   9.5142571e+00   2.1627482e+00   3.7513713e+00   1.7887315e+00   9.4297755e+00   4.4587898e-01   2.0070158e-02   1.6025864e-01   6.1477263e-02   9.0410227e+01   7.6434705e+00   6.3035746e+01   5.3928400e+01   3.0467811e+01   6.1196860e+01   5.0123191e+01   3.6772037e+01   4.6295918e+01   3.6244874e+01   1.0322982e+01
   1.8473249e-01   5.1998486e+03   6.6296806e+02   7.8239585e+00   1.9889745e+01   3.2155666e+01   2.8019100e+03   6.4665043e+01   1.2189377e+02   8.1191005e-02   8.3488817e+01   4.9105280e+01   2.7661295e+03   1.7494016e+01   5.0626166e+01   2.9978002e+03   1.8248253e+01   6.2293213e+01   5.9652742e+00   2.7300243e+02   1.0187404e+02   4.5533333e+01   2.9106626e+01   2.7855409e+01   1.7765462e+01   1.2551532e+01   4.0982106e+00   1.2928633e+00   2.8087212e+01   4.5215049e+01   8.9840796e+00   2.2212518e+00   3.7822303e+00   1.8719348e+00   9.4579670e+00   5.1041767e-01   2.0070158e-02   1.6025864e-01   6.1477263e-02   9.0410227e+01   7.6434705e+00   6.2984788e+01   5.3972106e+01   3.0793324e+01   6.1101767e+01   5.0018531e+01   3.6702202e+01   4.6280163e+01   3.6116613e+01   9.9236733e+00
   1.8574342e-01   5.1642551e+03   7.0910010e+02   7.9055511e+00   1.9636562e+01   3.1891575e+01   2.8017777e+03   6.5013938e+01   1.2186917e+02   8.6841750e-02   8.3439279e+01   4.9570482e+01   2.7664325e+03   1.7674812e+01   5.0498406e+01   2.9978812e+03   1.7995012e+01   6.2283244e+01   3.1492886e+00   2.7265341e+02   1.0187555e+02   4.5559206e+01   2.9840489e+01   2.7866847e+01   1.7964703e+01   1.2597192e+01   3.8483981e+00   1.3091284e+00   2.7977209e+01   4.5016058e+01   9.6396679e+00   2.2656784e+00   4.0302698e+00   1.7833059e+00   9.3488933e+00   3.9963387e-01   2.0070158e-02   1.6025864e-01   6.1477263e-02   9.0410227e+01   7.6434705e+00   6.2961002e+01   5.4031046e+01   3.0019203e+01   6.1409496e+01   4.9509921e+01   3.6740073e+01   4.6271407e+01   3.6089148e+01   1.2828396e+01
   1.8527654e-01   5.1790234e+03   7.1337104e+02   7.8988451e+00   1.9693079e+01   3.2057429e+01   2.8011027e+03   6.5457848e+01   1.2192131e+02   8.9486013e-02   8.3395243e+01   5.1401624e+01   2.7658780e+03   1.7533003e+01   5.0734404e+01   2.9964833e+03   1.8241809e+01   6.2279788e+01   3.0274404e+00   2.7313104e+02   1.0184585e+02   4.5567376e+01   2.9273478e+01   2.7781635e+01   1.7758393e+01   1.2756121e+01   4.1433128e+00   1.2752245e+00   2.7675797e+01   4.5032307e+01   9.5545234e+00   2.1331676e+00   4.1832161e+00   1.8054540e+00   9.4836968e+00   4.6288586e-01   3.4844193e-02   1.7775356e-01   8.4025081e-02   8.9811991e+01   8.2651960e+00   6.3030618e+01   5.3938461e+01   2.9957298e+01   6.1267059e+01   4.8902035e+01   3.6738947e+01   4.6277479e+01   3.6138874e+01   1.2397343e+01
   1.8505324e-01   5.1703915e+03   7.1520615e+02   7.8525320e+00   1.9605194e+01   3.2217925e+01   2.8013439e+03   6.4437998e+01   1.2190021e+02   8.9011913e-02   8.3490653e+01   4.9161666e+01   2.7651885e+03   1.7623411e+01   5.0460539e+01   2.9981304e+03   1.8027769e+01   6.2275237e+01   6.3231239e+00   2.7363033e+02   1.0185719e+02   4.5558175e+01   2.9662621e+01   2.7642344e+01   1.8049309e+01   1.2664452e+01   3.6282047e+00   1.2638436e+00   2.8389630e+01   4.5219768e+01   9.3384115e+00   2.1735638e+00   4.1517016e+00   1.8192626e+00   9.3654396e+00   5.2249492e-01   3.4844193e-02   1.7775356e-01   8.4025081e-02   8.9811991e+01   8.2651960e+00   6.3098462e+01   5.3879542e+01   2.9101909e+01   6.1466091e+01   4.8946200e+01   3.6743554e+01   4.6276117e+01   3.6059723e+01   1.0720228e+01
   1.8586400e-01   5.1786993e+03   6.7435389e+02   7.8446018e+00   1.9482851e+01   3.1762923e+01   2.8005249e+03   6.4940943e+01   1.2189972e+02   9.1907024e-02   8.3441720e+01   4.9740758e+01   2.7652434e+03   1.7591675e+01   5.1717958e+01   2.9970424e+03   1.8119857e+01   6.2304398e+01   5.1708239e+00   2.7345185e+02   1.0182338e+02   4.5553163e+01   2.9060502e+01   2.7842650e+01   1.7760978e+01   1.2666855e+01   3.8137478e+00   1.3110909e+00   2.8007682e+01   4.4880194e+01   9.1142070e+00   2.1762862e+00   3.6660635e+00   1.8095610e+00   9.3530594e+00   4.6020546e-01   1.9141420e-02   1.5122572e-01   6.3832795e-02   9.0731403e+01   8.0819027e+00   6.3148432e+01   5.3839326e+01   2.9270745e+01   6.1357042e+01   4.8799820e+01   3.6743700e+01   4.6279614e+01   3.6165185e+01   1.1242656e+01
   1.8500793e-01   5.2144685e+03   7.1068946e+02   7.9646489e+00   2.0468757e+01   3.2198075e+01   2.8003751e+03   6.5193317e+01   1.2191230e+02   9.2896467e-02   8.3427460e+01   5.0397691e+01   2.7645187e+03   1.7661353e+01   5.2593988e+01   2.9977187e+03   1.8215298e+01   6.2290634e+01   5.9450868e+00   2.7448468e+02   1.0183097e+02   4.5546431e+01   2.9598237e+01   2.7922996e+01   1.8281477e+01   1.2543864e+01   4.2081364e+00   1.3156726e+00   2.7663251e+01   4.5091701e+01   9.1780349e+00   2.2172637e+00   3.9403200e+00   1.8119380e+00   9.4829055e+00   5.0036264e-01   1.9141420e-02   1.5122572e-01   6.3832795e-02   9.0731403e+01   8.0819027e+00   6.3158037e+01   5.3854365e+01   2.9610644e+01   6.1148599e+01   4.8814953e+01   3.6748096e+01   4.6274310e+01   3.6075726e+01   1.1645024e+01
   1.8822320e-01   5.1628992e+03   7.2021057e+02   7.7494904e+00   1.9554728e+01   3.1999892e+01   2.8007391e+03   6.5245568e+01   1.2189933e+02   9.3546330e-02   8.3508596e+01   5.0508745e+01   2.7659367e+03   1.7691336e+01   4.9543624e+01   2.9963500e+03   1.7925429e+01   6.2309956e+01   5.5957006e+00   2.7253705e+02   1.0186593e+02   4.5549670e+01   2.9337009e+01   2.7608135e+01   1.8342327e+01   1.2466953e+01   3.9933496e+00   1.2988366e+00   2.7697453e+01   4.4987103e+01   9.1569940e+00   2.1442240e+00   3.9616867e+00   1.7954878e+00   9.3713664e+00   5.5562742e-01   1.9141420e-02   1.5122572e-01   6.3832795e-02   9.0731403e+01   8.0819027e+00   6.3156367e+01   5.3855081e+01   2.9111064e+01   6.1354948e+01   4.7895166e+01   3.6718932e+01   4.6234450e+01   3.6321594e+01   1.2774736e+01
   1.9241469e-01   5.1820191e+03   7.1730425e+02   7.8367049e+00   1.9994101e+01   3.2017440e+01   2.7996895e+03   6.4901854e+01   1.2188743e+02   9.5255873e-02   8.3490874e+01   4.9245725e+01   2.7634728e+03   1.7733225e+01   5.0617448e+01   2.9971772e+03   1.7980289e+01   6.2352413e+01   6.1836664e+00   2.7445778e+02   1.0187984e+02   4.5540511e+01   2.9431561e+01   2.7568049e+01   1.8020997e+01   1.2540042e+01   3.9654843e+00   1.2912559e+00   2.7607688e+01   4.5012549e+01   9.1136869e+00   2.1511628e+00   4.2340611e+00   1.8775746e+00   9.4026298e+00   3.9837561e-01   3.6781380e-02   1.6044270e-01   7.3174456e-02   9.0277276e+01   7.6308742e+00   6.3106704e+01   5.3900014e+01   2.9292598e+01   6.1228831e+01   4.7432156e+01   3.6755604e+01   4.6243500e+01   3.6199453e+01   1.2925288e+01
   1.9170650e-01   5.1690316e+03   7.4510707e+02   7.8548424e+00   2.0067526e+01   3.2339083e+01   2.7994707e+03   6.4673894e+01   1.2188139e+02   9.4173423e-02   8.3483523e+01   4.9175695e+01   2.7649273e+03   1.7500842e+01   4.9950174e+01   2.9956076e+03   1.7983407e+01   6.2339767e+01   4.3095524e+00   2.7286084e+02   1.0185670e+02   4.5548237e+01   2.9745406e+01   2.7563765e+01   1.7967683e+01   1.2622289e+01   4.1840848e+00   1.2853719e+00   2.7651799e+01   4.5029485e+01   8.9474543e+00   2.1324586e+00   4.2395250e+00   1.8007634e+00   9.3671079e+00   5.0167051e-01   3.6781380e-02   1.6044270e-01   7.3174456e-02   9.0277276e+01   7.6308742e+00   6.3064059e+01   5.3993063e+01   2.8895382e+01   6.1511095e+01   4.6947066e+01   3.6712139e+01   4.6278578e+01   3.6079718e+01   9.5763243e+00
   1.8909853e-01   5.1774300e+03   7.3405354e+02   7.7574173e+00   1.9611863e+01   3.1936082e+01   2.7993460e+03   6.5147383e+01   1.2192105e+02   9.1091742e-02   8.3454246e+01   5.0660933e+01   2.7636533e+03   1.7603926e+01   5.0781762e+01   2.9962306e+03   1.8141229e+01   6.2329205e+01   6.9069709e+00   2.7370983e+02   1.0187240e+02   4.5554401e+01   2.9455176e+01   2.7827920e+01   1.7719240e+01   1.2681509e+01   3.8340349e+00   1.3197272e+00   2.7455814e+01   4.5013038e+01   9.5253352e+00   2.2755264e+00   3.8731677e+00   1.8068817e+00   9.3709240e+00   3.9689100e-01   2.6054353e-02   1.6110460e-01   8.2116916e-02   9.0637432e+01   7.7689039e+00   6.3009534e+01   5.4006498e+01   2.9997295e+01   6.1190340e+01   4.7007387e+01   3.6712841e+01   4.6267716e+01   3.6106667e+01   1.2252692e+01
   1.8612979e-01   5.1706306e+03   7.0651767e+02   7.8599041e+00   2.0195966e+01   3.2299718e+01   2.7980400e+03   6.5090272e+01   1.2186275e+02   8.5218175e-02   8.3426367e+01   5.1191097e+01   2.7611714e+03   1.7555475e+01   5.1531009e+01   2.9969577e+03   1.8171753e+01   6.2337275e+01   2.5331987e+00   2.7684637e+02   1.0189216e+02   4.5583847e+01   2.8960355e+01   2.7711403e+01   1.7824284e+01   1.2610645e+01   3.8361908e+00   1.2673034e+00   2.8128645e+01   4.5066103e+01   9.1616552e+00   2.1457509e+00   4.2495402e+00   1.8341437e+00   9.2988402e+00   4.0289359e-01   2.6054353e-02   1.6110460e-01   8.2116916e-02   9.0637432e+01   7.7689039e+00   6.2966199e+01   5.4056185e+01   2.9594396e+01   6.1377288e+01   4.7063130e+01   3.6745420e+01   4.6275254e+01   3.6183277e+01   9.0968557e+00
   1.8858500e-01   5.1746085e+03   7.1691867e+02   7.8433791e+00   1.9846053e+01   3.1894206e+01   2.7991439e+03   6.4995428e+01   1.2188406e+02   8.4639962e-02   8.3457631e+01   4.9533315e+01   2.7635124e+03   1.7715606e+01   5.0558832e+01   2.9963655e+03   1.8100784e+01   6.2304135e+01   6.0830197e+00   2.7411190e+02   1.0190313e+02   4.5549557e+01   2.9218705e+01   2.7590761e+01   1.7996746e+01   1.2725861e+01   3.7926294e+00   1.2548402e+00   2.7904629e+01   4.4906950e+01   9.1270804e+00   2.2991070e+00   3.9770703e+00   1.7755271e+00   9.3298475e+00   4.9166280e-01   2.6054353e-02   1.6110460e-01   8.2116916e-02   9.0637432e+01   7.7689039e+00   6.2941771e+01   5.4098812e+01   2.9600325e+01   6.1289649e+01   4.7532146e+01   3.6753316e+01   4.6287485e+01   3.6262967e+01   1.1809543e+01
   1.8921717e-01   5.1604638e+03   7.1645484e+02   7.7622098e+00   1.9376016e+01   3.2384574e+01   2.7999608e+03   6.5302766e+01   1.2189426e+02   8.5128576e-02   8.3471328e+01   5.0357105e+01   2.7658974e+03   1.7484770e+01   4.9705609e+01   2.9975773e+03   1.7950332e+01   6.2313218e+01   6.1348868e+00   2.7284103e+02   1.0191380e+02   4.5532304e+01   2.8956633e+01   2.7713469e+01   1.7625988e+01   1.2515086e+01   4.0767482e+00   1.2467521e+00   2.7455085e+01   4.4992198e+01   9.2730494e+00   2.1503422e+00   3.8201318e+00   1.8603540e+00   9.4380429e+00   4.6500324e-01   4.3561754e-02   1.6226039e-01   7.7902752e-02   9.0615505e+01   8.0928071e+00   6.2921864e+01   5.4083434e+01   2.9164225e+01   6.1412958e+01   4.8392469e+01   3.6711097e+01   4.6270779e+01   3.6103430e+01   9.6971471e+00
   1.8954557e-01   5.1887941e+03   7.0160219e+02   7.7247847e+00   1.9376404e+01   3.2096990e+01   2.8016277e+03   6.4711134e+01   1.2190130e+02   8.7595794e-02   8.3457891e+01   5.0536629e+01   2.7667080e+03   1.7915125e+01   4.9162135e+01   2.9981465e+03   1.7942106e+01   6.2311380e+01   5.5344175e+00   2.7259747e+02   1.0185217e+02   4.5536113e+01   2.9510988e+01   2.7565151e+01   1.8117289e+01   1.2696370e+01   3.7598507e+00   1.3023162e+00   2.7970112e+01   4.4967720e+01   9.1643722e+00   2.2862560e+00   4.4224038e+00   1.8011796e+00   9.4400308e+00   5.2389954e-01   4.3561754e-02   1.6226039e-01   7.7902752e-02   9.0615505e+01   8.0928071e+00   6.2937942e+01   5.4073144e+01   2.8934952e+01   6.1492800e+01   4.9130570e+01   3.6749582e+01   4.6265331e+01   3.6220169e+01   1.3538264e+01
   1.9079373e-01   5.1701534e+03   7.6087301e+02   7.9013225e+00   1.9536370e+01   3.2468203e+01   2.8008596e+03   6.4515668e+01   1.2189552e+02   9.6337089e-02   8.3424746e+01   4.9709067e+01   2.7655876e+03   1.7582885e+01   4.9392972e+01   2.9978857e+03   1.7925927e+01   6.2299065e+01   4.6893655e+00   2.7363877e+02   1.0191646e+02   4.5565427e+01   2.9610012e+01   2.7821947e+01   1.8075681e+01   1.2681099e+01   4.1124325e+00   1.2617020e+00   2.7585258e+01   4.5063059e+01   9.2958564e+00   2.1776564e+00   3.6500998e+00   1.8023991e+00   9.3612557e+00   5.0405945e-01   3.7379585e-02   1.8560741e-01   6.5418933e-02   9.0446647e+01   8.3579517e+00   6.2933271e+01   5.4080309e+01   2.9080307e+01   6.1248056e+01   4.9911063e+01   3.6773332e+01   4.6285515e+01   3.6078720e+01   1.2224772e+01
   1.9002922e-01   5.1640933e+03   7.1887912e+02   7.8942661e+00   1.9629914e+01   3.2158156e+01   2.8005140e+03   6.4287663e+01   1.2188779e+02   9.7043911e-02   8.3445869e+01   4.9247065e+01   2.7645443e+03   1.7577102e+01   5.2019695e+01   2.9983884e+03   1.8119766e+01   6.2312350e+01   4.2680823e+00   2.7490377e+02   1.0188988e+02   4.5535884e+01   2.9446354e+01   2.7790502e+01   1.8256916e+01   1.2573818e+01   3.7370511e+00   1.3342080e+00   2.7967983e+01   4.4987826e+01   9.2362232e+00   2.3312872e+00   4.1679486e+00   1.8185745e+00   9.3953797e+00   4.1649619e-01   3.7379585e-02   1.8560741e-01   6.5418933e-02   9.0446647e+01   8.3579517e+00   6.2954217e+01   5.4043586e+01   2.8892904e+01   6.1348866e+01   5.0355871e+01   3.6716560e+01   4.6284049e+01   3.6063277e+01   1.3139456e+01
   1.9342475e-01   5.1809375e+03   7.4287132e+02   7.7892172e+00   1.9456273e+01   3.2378355e+01   2.7994473e+03   6.5076104e+01   1.2190011e+02   9.3465612e-02   8.3393761e+01   5.0211691e+01   2.7632805e+03   1.7525034e+01   4.9863344e+01   2.9975211e+03   1.8053414e+01   6.2316350e+01   4.6481933e+00   2.7470375e+02   1.0190513e+02   4.5562475e+01   2.9749062e+01   2.7762571e+01   1.8002070e+01   1.2696022e+01   3.9231124e+00   1.3454896e+00   2.7784730e+01   4.5026787e+01   9.4854482e+00   2.1901844e+00   4.0956106e+00   1.8235794e+00   9.3931274e+00   5.0945899e-01   3.7379585e-02   1.8560741e-01   6.5418933e-02   9.0446647e+01   8.3579517e+00   6.2971394e+01   5.4035590e+01   2.8483005e+01   6.1555746e+01   5.0188463e+01   3.6771447e+01   4.6311357e+01   3.6097310e+01   8.9430641e+00
   1.9046566e-01   5.1415025e+03   6.9790477e+02   7.7811291e+00   1.9509523e+01   3.2211604e+01   2.7986639e+03   6.4957352e+01   1.2189917e+02   9.3841653e-02   8.3426081e+01   5.0237550e+01   2.7644686e+03   1.7488258e+01   5.0552529e+01   2.9961253e+03   1.7958616e+01   6.2312736e+01   2.2887155e+00   2.7344295e+02   1.0186127e+02   4.5555384e+01   2.9116562e+01   2.7632279e+01   1.8444196e+01   1.2723536e+01   3.9238100e+00   1.3326764e+00   2.7917061e+01   4.5099963e+01   9.2652582e+00   2.2188120e+00   3.7388849e+00   1.7978762e+00   9.4062817e+00   5.4117344e-01   2.7947319e-02   1.9233896e-01   6.5443916e-02   9.0279438e+01   8.4354425e+00   6.2937421e+01   5.4013322e+01   2.8421303e+01   6.1448104e+01   5.0317038e+01   3.6724326e+01   4.6266406e+01   3.5997083e+01   9.8337406e+00
   1.9455454e-01   5.1370638e+03   7.2824619e+02   7.9313514e+00   1.9506350e+01   3.2233415e+01   2.7996929e+03   6.4982080e+01   1.2188625e+02   9.0363241e-02   8.3514952e+01   4.9627208e+01   2.7652218e+03   1.7404752e+01   5.1976151e+01   2.9964396e+03   1.7962543e+01   6.2332870e+01   3.4315103e+00   2.7283380e+02   1.0190595e+02   4.5509358e+01   2.9154579e+01   2.7629367e+01   1.8011304e+01   1.2592866e+01   3.8180610e+00   1.2588951e+00   2.7416821e+01   4.4984695e+01   9.0742917e+00   2.2306809e+00   4.0840610e+00   1.8449354e+00   9.3626596e+00   6.1372576e-01   2.7947319e-02   1.9233896e-01   6.5443916e-02   9.0279438e+01   8.4354425e+00   6.2936676e+01   5.4053355e+01   2.8367458e+01   6.1463020e+01   5.0409972e+01   3.6709924e+01   4.6253680e+01   3.6062552e+01   8.8102859e+00
   1.9488365e-01   5.1802372e+03   6.8986441e+02   7.9101954e+00   1.9233316e+01   3.2199326e+01   2.7992460e+03   6.5896147e+01   1.2190491e+02   8.3907855e-02   8.3447755e+01   4.8487780e+01   2.7638735e+03   1.7553623e+01   5.0437666e+01   2.9961957e+03   1.8106052e+01   6.2321999e+01   6.3375853e+00   2.7295650e+02   1.0186651e+02   4.5532445e+01   2.9651648e+01   2.7926947e+01   1.7636884e+01   1.2630026e+01   3.4795520e+00   1.3006743e+00   2.8217458e+01   4.4944721e+01   9.0752805e+00   2.2578535e+00   3.7292399e+00   1.8223284e+00   9.5435915e+00   4.5294485e-01   8.5186055e-03   1.5685298e-01   5.6535303e-02   8.8932923e+01   9.4824425e+00   6.2925542e+01   5.4079344e+01   2.9056253e+01   6.1220899e+01   5.0433229e+01   3.6751204e+01   4.6261902e+01   3.6139970e+01   1.3803212e+01
   1.8848208e-01   5.2174849e+03   7.1027054e+02   7.8354332e+00   1.9658521e+01   3.2395023e+01   2.7980974e+03   6.4372313e+01   1.2191766e+02   8.5517042e-02   8.3412295e+01   4.8581468e+01   2.7621946e+03   1.7650163e+01   5.0734252e+01   2.9969167e+03   1.7954867e+01   6.2311652e+01   4.8198591e+00   2.7564530e+02   1.0185222e+02   4.5534918e+01   2.9070256e+01   2.7807180e+01   1.8015464e+01   1.2654527e+01   3.6605903e+00   1.3129418e+00   2.7605109e+01   4.4862496e+01   9.7584284e+00   2.2697509e+00   3.7288380e+00   1.7753665e+00   9.5314497e+00   5.7041500e-01   8.5186055e-03   1.5685298e-01   5.6535303e-02   8.8932923e+01   9.4824425e+00   6.2985306e+01   5.4008533e+01   2.9052004e+01   6.1392892e+01   5.0268769e+01   3.6752958e+01   4.6280818e+01   3.6138393e+01   1.1521951e+01
   1.9155722e-01   5.1811145e+03   6.9570028e+02   7.9097165e+00   1.9288502e+01   3.2187545e+01   2.7994263e+03   6.4820022e+01   1.2189470e+02   8.0378511e-02   8.3479736e+01   4.9260074e+01   2.7646724e+03   1.7449661e+01   4.8977914e+01   2.9954590e+03   1.7936300e+01   6.2289466e+01   4.9679716e+00   2.7250010e+02   1.0185421e+02   4.5550503e+01   2.9109420e+01   2.7757120e+01   1.8353772e+01   1.2737129e+01   4.1216852e+00   1.2501940e+00   2.7617815e+01   4.5086856e+01   9.1893117e+00   2.3149602e+00   4.0004844e+00   1.8417060e+00   9.4375887e+00   4.3333083e-01   8.5186055e-03   1.5685298e-01   5.6535303e-02   8.8932923e+01   9.4824425e+00   6.2999490e+01   5.3968118e+01   2.9459266e+01   6.1233033e+01   4.9821866e+01   3.6699769e+01   4.6227814e+01   3.6059781e+01   1.5522868e+01
   1.9792790e-01   5.1817953e+03   6.5638436e+02   7.8382739e+00   1.9908230e+01   3.2403156e+01   2.7988315e+03   6.4779552e+01   1.2189016e+02   8.2218280e-02   8.3461157e+01   5.1299341e+01   2.7636582e+03   1.7389889e+01   5.1335978e+01   2.9950456e+03   1.7987850e+01   6.2347597e+01   6.5995075e+00   2.7247773e+02   1.0184176e+02   4.5527220e+01   2.9146353e+01   2.7847467e+01   1.7851450e+01   1.2378988e+01   4.3434098e+00   1.3113497e+00   2.7454605e+01   4.4993439e+01   8.4675263e+00   2.1272489e+00   3.9664170e+00   1.8256383e+00   9.4316277e+00   5.3611723e-01   3.4385745e-02   1.7261760e-01   7.2664775e-02   9.0205502e+01   8.9328395e+00   6.2977703e+01   5.4055734e+01   2.9777321e+01   6.1286345e+01   4.9249493e+01   3.6733639e+01   4.6266552e+01   3.6165066e+01   1.0391366e+01
   1.9687571e-01   5.1956783e+03   6.8256250e+02   7.8127441e+00   1.9672375e+01   3.2193673e+01   2.7981870e+03   6.4975264e+01   1.2187248e+02   7.2635345e-02   8.3445757e+01   4.8757302e+01   2.7629416e+03   1.7470754e+01   4.9645820e+01   2.9955833e+03   1.8153875e+01   6.2327817e+01   4.4040553e+00   2.7361330e+02   1.0182373e+02   4.5542246e+01   2.9510025e+01   2.7644578e+01   1.7855416e+01   1.2558691e+01   3.8334601e+00   1.2745639e+00   2.7808887e+01   4.4915499e+01   9.0737711e+00   2.2655223e+00   4.0315546e+00   1.8449657e+00   9.3749866e+00   4.9839713e-01   3.4385745e-02   1.7261760e-01   7.2664775e-02   9.0205502e+01   8.9328395e+00   6.2893315e+01   5.4115211e+01   3.0219299e+01   6.1294118e+01   4.8460690e+01   3.6731744e+01   4.6238232e+01   3.6050718e+01   1.2848070e+01
   1.9199629e-01   5.2107475e+03   7.2450166e+02   7.8402078e+00   1.9579271e+01   3.2339219e+01   2.7994327e+03   6.5266662e+01   1.2190732e+02   7.2006732e-02   8.3493440e+01   4.9600752e+01   2.7646605e+03   1.7623537e+01   5.0539431e+01   2.9967347e+03   1.8146418e+01   6.2321801e+01   4.6578370e+00   2.7290983e+02   1.0183811e+02   4.5516202e+01   2.9350317e+01   2.7675039e+01   1.8047669e+01   1.2625594e+01   3.7374157e+00   1.2964693e+00   2.8305757e+01   4.5021487e+01   9.7551185e+00   2.2736999e+00   3.9637958e+00   1.8415125e+00   9.3686885e+00   4.7545659e-01   8.8808591e-03   1.6577917e-01   8.2987126e-02   8.9595665e+01   7.3759339e+00   6.2858061e+01   5.4148869e+01   2.8963143e+01   6.1477372e+01   4.8440511e+01   3.6737297e+01   4.6245043e+01   3.6119826e+01   1.0060683e+01
   1.9377754e-01   5.1692810e+03   7.0349405e+02   7.7768359e+00   1.9853433e+01   3.2346096e+01   2.7990544e+03   6.5715574e+01   1.2187873e+02   7.2335598e-02   8.3384330e+01   4.9157890e+01   2.7635238e+03   1.7452826e+01   5.1562025e+01   2.9968642e+03   1.8070098e+01   6.2303645e+01   4.1190707e+00   2.7442977e+02   1.0183912e+02   4.5576033e+01   2.8942084e+01   2.7882679e+01   1.8071917e+01   1.2777114e+01   3.8347803e+00   1.2607636e+00   2.7675319e+01   4.5026843e+01   9.3674166e+00   2.0461180e+00   4.3613018e+00   1.8441711e+00   9.3193619e+00   4.7558660e-01   8.8808591e-03   1.6577917e-01   8.2987126e-02   8.9595665e+01   7.3759339e+00   6.2875777e+01   5.4136838e+01   2.8832581e+01   6.1403895e+01   4.8929926e+01   3.6740355e+01   4.6259196e+01   3.6148320e+01   9.7450611e+00
   1.9823679e-01   5.1928890e+03   6.8596197e+02   7.8404419e+00   1.9526864e+01   3.1977118e+01   2.8005374e+03   6.4539647e+01   1.2188683e+02   7.5395154e-02   8.3444358e+01   5.0368873e+01   2.7650811e+03   1.7481466e+01   5.0808595e+01   2.9967829e+03   1.7928172e+01   6.2306527e+01   3.9827862e+00   2.7257183e+02   1.0186102e+02   4.5543023e+01   2.9202522e+01   2.7411033e+01   1.7884321e+01   1.2681281e+01   4.0864225e+00   1.3166693e+00   2.8091259e+01   4.4827871e+01   9.0340006e+00   2.2905840e+00   3.7718090e+00   1.7947800e+00   9.4950094e+00   4.7351944e-01   8.8808591e-03   1.6577917e-01   8.2987126e-02   8.9595665e+01   7.3759339e+00   6.2862614e+01   5.4119187e+01   2.9439374e+01   6.1261507e+01   4.9489179e+01   3.6719594e+01   4.6264182e+01   3.6035414e+01   1.3011804e+01
   1.9491889e-01   5.1414141e+03   7.2645923e+02   7.8284709e+00   1.9499258e+01   3.2211862e+01   2.8020205e+03   6.5535542e+01   1.2189294e+02   7.5411428e-02   8.3476998e+01   5.0454906e+01   2.7670483e+03   1.7462810e+01   4.9677932e+01   2.9971640e+03   1.7995876e+01   6.2314175e+01   4.8662414e+00   2.7246097e+02   1.0184997e+02   4.5526047e+01   2.9910409e+01   2.7813428e+01   1.8042670e+01   1.2537215e+01   4.0235504e+00   1.2695555e+00   2.7971911e+01   4.4932964e+01   9.6633581e+00   2.1493772e+00   3.9698434e+00   1.8024722e+00   9.3104633e+00   5.4327745e-01   2.5958306e-02   1.6354782e-01   5.5487431e-02   9.0022745e+01   8.4139886e+00   6.2871005e+01   5.4111563e+01   2.9769340e+01   6.1141773e+01   4.8915826e+01   3.6721890e+01   4.6256343e+01   3.6137973e+01   1.5550160e+01
   1.9321571e-01   5.1936647e+03   6.9771056e+02   7.8740707e+00   1.9392382e+01   3.2167461e+01   2.8000514e+03   6.5280310e+01   1.2189384e+02   7.9286366e-02   8.3438339e+01   5.0350807e+01   2.7648968e+03   1.7588905e+01   4.9566752e+01   2.9985778e+03   1.8047409e+01   6.2313761e+01   4.8340284e+00   2.7549972e+02   1.0185622e+02   4.5547406e+01   2.9535284e+01   2.7842470e+01   1.8227458e+01   1.2597847e+01   3.8271755e+00   1.2790462e+00   2.7642733e+01   4.5095010e+01   9.4959328e+00   2.1713628e+00   4.1987608e+00   1.8034444e+00   9.4574344e+00   5.8888977e-01   2.5958306e-02   1.6354782e-01   5.5487431e-02   9.0022745e+01   8.4139886e+00   6.2872948e+01   5.4113501e+01   3.0338806e+01   6.1208996e+01   4.8703607e+01   3.6749261e+01   4.6255269e+01   3.6043574e+01   1.2555358e+01
   1.9639467e-01   5.1818285e+03   7.1225430e+02   7.8288559e+00   1.9609837e+01   3.2104855e+01   2.8004303e+03   6.4879004e+01   1.2190813e+02   8.1562253e-02   8.3347737e+01   4.9905801e+01   2.7655411e+03   1.7617080e+01   5.0576423e+01   2.9969283e+03   1.8022577e+01   6.2327275e+01   7.0692247e+00   2.7307309e+02   1.0186697e+02   4.5574341e+01   2.9053814e+01   2.7645620e+01   1.7737736e+01   1.2796271e+01   3.9976278e+00   1.2875969e+00   2.7725944e+01   4.5077741e+01   9.4040249e+00   2.1576391e+00   4.1629319e+00   1.8372632e+00   9.3488541e+00   5.1419116e-01   2.6481383e-02   1.7380596e-01   6.9856377e-02   8.8946906e+01   7.8291294e+00   6.2879065e+01   5.4114585e+01   3.0436679e+01   6.1223305e+01   4.8098399e+01   3.6744490e+01   4.6260235e+01   3.6216864e+01   1.0644128e+01
   1.9416022e-01   5.1838708e+03   6.5779560e+02   7.8417429e+00   1.9319719e+01   3.2145469e+01   2.8019158e+03   6.5223259e+01   1.2190626e+02   8.1461633e-02   8.3425935e+01   5.2071184e+01   2.7659032e+03   1.7762363e+01   5.1083461e+01   2.9974543e+03   1.8062081e+01   6.2277968e+01   4.3111225e+00   2.7289278e+02   1.0188345e+02   4.5560188e+01   2.9289904e+01   2.7681003e+01   1.7977097e+01   1.2445708e+01   3.6971737e+00   1.3052865e+00   2.7488937e+01   4.5078568e+01   9.5618592e+00   2.1714683e+00   3.6674119e+00   1.8506633e+00   9.3969182e+00   4.6441602e-01   2.6481383e-02   1.7380596e-01   6.9856377e-02   8.8946906e+01   7.8291294e+00   6.2908015e+01   5.4076825e+01   3.1161232e+01   6.1157360e+01   4.7971665e+01   3.6711202e+01   4.6262854e+01   3.6157578e+01   1.0115056e+01
   1.9290006e-01   5.1525774e+03   7.0171326e+02   7.8509154e+00   1.9864284e+01   3.2138700e+01   2.8005131e+03   6.4736813e+01   1.2191014e+02   8.5714347e-02   8.3447587e+01   5.0686647e+01   2.7658923e+03   1.7532578e+01   5.0967004e+01   2.9976046e+03   1.7986439e+01   6.2312336e+01   6.1242220e+00   2.7366234e+02   1.0183019e+02   4.5539203e+01   2.9705795e+01   2.7913956e+01   1.8085144e+01   1.2741762e+01   3.4952402e+00   1.2858370e+00   2.7932022e+01   4.5069450e+01   9.2471662e+00   2.0648576e+00   4.2274019e+00   1.7777374e+00   9.3238729e+00   5.0602734e-01   2.6481383e-02   1.7380596e-01   6.9856377e-02   8.8946906e+01   7.8291294e+00   6.2925093e+01   5.4055159e+01   3.0637866e+01   6.1392359e+01   4.7882091e+01   3.6722556e+01   4.6267008e+01   3.6119807e+01   1.2886648e+01
   1.9295170e-01   5.1997501e+03   7.0581854e+02   7.8819518e+00   2.0116703e+01   3.2055515e+01   2.7998667e+03   6.5320287e+01   1.2189752e+02   9.0413439e-02   8.3405803e+01   5.0446586e+01   2.7644036e+03   1.7344585e+01   5.1648236e+01   2.9973313e+03   1.7825969e+01   6.2294231e+01   4.2571715e+00   2.7416415e+02   1.0183068e+02   4.5568047e+01   2.9164455e+01   2.7800669e+01   1.8147572e+01   1.2539275e+01   3.8217764e+00   1.2940617e+00   2.7959619e+01   4.5158590e+01   9.3028763e+00   2.1644677e+00   4.4575666e+00   1.8005287e+00   9.4408884e+00   5.0685823e-01   4.3187880e-02   1.6261239e-01   6.9437440e-02   8.9998256e+01   7.8486532e+00   6.2973333e+01   5.4039156e+01   3.0601507e+01   6.1257229e+01   4.8063229e+01   3.6730613e+01   4.6277360e+01   3.6219545e+01   9.5935271e+00
   1.9899374e-01   5.2004401e+03   7.0316460e+02   7.8571669e+00   1.9681933e+01   3.1853009e+01   2.8000457e+03   6.4254016e+01   1.2188606e+02   8.3699628e-02   8.3469408e+01   5.0300060e+01   2.7642864e+03   1.7379505e+01   4.9735689e+01   2.9971056e+03   1.7956420e+01   6.2323082e+01   2.3889211e+00   2.7352835e+02   1.0186166e+02   4.5532937e+01   2.9675702e+01   2.7636304e+01   1.8194321e+01   1.2632633e+01   4.2157897e+00   1.2850322e+00   2.7921135e+01   4.5177363e+01   9.1083801e+00   2.2371524e+00   4.2549512e+00   1.8254954e+00   9.4124986e+00   4.7029782e-01   4.3187880e-02   1.6261239e-01   6.9437440e-02   8.9998256e+01   7.8486532e+00   6.2981958e+01   5.4018828e+01   3.0598337e+01   6.1329042e+01   4.8087606e+01   3.6740963e+01   4.6256930e+01   3.6027329e+01   1.3689527e+01
   1.9628803e-01   5.1903567e+03   6.7773737e+02   7.8905874e+00   1.9728875e+01   3.1976129e+01   2.7992001e+03   6.5301911e+01   1.2188641e+02   8.4409363e-02   8.3493167e+01   5.1210155e+01   2.7644258e+03   1.7587077e+01   5.1245815e+01   2.9953467e+03   1.8268164e+01   6.2344043e+01   6.1828838e+00   2.7345675e+02   1.0186015e+02   4.5532875e+01   2.9660002e+01   2.7929523e+01   1.7925047e+01   1.2534105e+01   3.5999055e+00   1.2793699e+00   2.7609498e+01   4.5110968e+01   9.2081324e+00   2.0755185e+00   3.4220802e+00   1.8336952e+00   9.4019798e+00   5.9683605e-01   2.2301357e-02   1.6787708e-01   6.7492357e-02   8.9568152e+01   8.5267889e+00   6.2989965e+01   5.3999261e+01   3.0272606e+01   6.1334348e+01   4.8124970e+01   3.6714616e+01   4.6228159e+01   3.6087299e+01   1.3004920e+01
   1.9414726e-01   5.1836770e+03   7.1560474e+02   7.8852056e+00   1.9480702e+01   3.1943037e+01   2.7999516e+03   6.4854211e+01   1.2190896e+02   8.3447125e-02   8.3483259e+01   4.9843308e+01   2.7646336e+03   1.7717796e+01   4.9387752e+01   2.9955855e+03   1.7840657e+01   6.2342583e+01   6.4641961e+00   2.7241817e+02   1.0183588e+02   4.5545320e+01   2.9159253e+01   2.7644730e+01   1.8077639e+01   1.2755482e+01   3.8756952e+00   1.3020186e+00   2.7836153e+01   4.5221190e+01   9.0159257e+00   2.0944607e+00   3.6353149e+00   1.7930847e+00   9.4257712e+00   5.0646129e-01   2.2301357e-02   1.6787708e-01   6.7492357e-02   8.9568152e+01   8.5267889e+00   6.3021958e+01   5.3977160e+01   3.0337630e+01   6.1273151e+01   4.8352573e+01   3.6752645e+01   4.6237930e+01   3.6270774e+01   1.2186486e+01
   1.9555907e-01   5.1860864e+03   7.5002084e+02   7.8217927e+00   2.0238589e+01   3.2451923e+01   2.7997922e+03   6.6064139e+01   1.2188755e+02   8.1473069e-02   8.3462667e+01   4.9666544e+01   2.7638547e+03   1.7470826e+01   4.9647127e+01   2.9970501e+03   1.7969375e+01   6.2361199e+01   5.5765394e+00   2.7413595e+02   1.0187265e+02   4.5536136e+01   2.9388696e+01   2.7818503e+01   1.7953939e+01   1.2756029e+01   3.7302393e+00   1.2914785e+00   2.7553514e+01   4.5205930e+01   9.2264849e+00   2.2237063e+00   4.3509436e+00   1.8088910e+00   9.4697682e+00   5.2594505e-01   2.2301357e-02   1.6787708e-01   6.7492357e-02   8.9568152e+01   8.5267889e+00   6.3050690e+01   5.3964020e+01   3.0025642e+01   6.1165469e+01   4.8081581e+01   3.6781061e+01   4.6259993e+01   3.6127901e+01   1.3481131e+01
   1.9563727e-01   5.1692784e+03   6.9189372e+02   7.8497358e+00   1.9467598e+01   3.2361419e+01   2.8005228e+03   6.4929251e+01   1.2190090e+02   7.7814415e-02   8.3509748e+01   4.9869015e+01   2.7650575e+03   1.7840580e+01   5.1159044e+01   2.9968517e+03   1.8134336e+01   6.2341576e+01   4.7222739e+00   2.7292373e+02   1.0186524e+02   4.5537728e+01   2.9130796e+01   2.7906606e+01   1.8409443e+01   1.2838017e+01   3.9298664e+00   1.2983278e+00   2.7605539e+01   4.5010863e+01   9.5163081e+00   1.9876794e+00   4.0472134e+00   1.8452463e+00   9.4586722e+00   4.2422443e-01   4.4303702e-02   1.7026413e-01   5.9973644e-02   9.0088502e+01   7.6113699e+00   6.3058010e+01   5.3931644e+01   3.0258024e+01   6.1195381e+01   4.7518929e+01   3.6739469e+01   4.6263678e+01   3.6201497e+01   1.3122682e+01
   2.0148208e-01   5.1837776e+03   7.0854543e+02   7.8306552e+00   1.9344778e+01   3.2032587e+01   2.7982653e+03   6.4551690e+01   1.2190334e+02   7.7637355e-02   8.3351556e+01   4.9467729e+01   2.7627136e+03   1.7451961e+01   5.2166184e+01   2.9958350e+03   1.7954473e+01   6.2348161e+01   4.9171044e+00   2.7488646e+02   1.0182979e+02   4.5592734e+01   2.9572177e+01   2.7861960e+01   1.8372600e+01   1.2567676e+01   4.6767676e+00   1.3042559e+00   2.7817145e+01   4.4972801e+01   9.1146334e+00   1.9771750e+00   4.0728291e+00   1.8636010e+00   9.3531604e+00   4.8464296e-01   4.4303702e-02   1.7026413e-01   5.9973644e-02   9.0088502e+01   7.6113699e+00   6.3066367e+01   5.3942182e+01   3.0072113e+01   6.1155712e+01   4.6722762e+01   3.6785158e+01   4.6299336e+01   3.6163537e+01   1.3399640e+01
   2.0270887e-01   5.2381904e+03   7.3237812e+02   7.8158736e+00   1.9419214e+01   3.2125288e+01   2.8004763e+03   6.4295531e+01   1.2188683e+02   7.8118120e-02   8.3499835e+01   5.0055862e+01   2.7651242e+03   1.7893408e+01   5.2740046e+01   2.9967275e+03   1.8204131e+01   6.2355400e+01   5.7355089e+00   2.7266177e+02   1.0190301e+02   4.5547993e+01   2.9361514e+01   2.7920568e+01   1.7723422e+01   1.2500606e+01   4.2662070e+00   1.3055611e+00   2.7333920e+01   4.5225066e+01   9.0614877e+00   2.2197016e+00   4.0807328e+00   1.8079693e+00   9.4349215e+00   4.5946376e-01   2.7317295e-02   1.5493841e-01   6.3458552e-02   9.0014355e+01   8.5952459e+00   6.3081703e+01   5.3923397e+01   2.9653579e+01   6.1279479e+01   4.6003911e+01   3.6741176e+01   4.6278091e+01   3.6192684e+01   1.0187167e+01
   1.9862288e-01   5.1913011e+03   6.7658844e+02   7.8273840e+00   1.9873342e+01   3.1959774e+01   2.8006045e+03   6.5295413e+01   1.2189317e+02   8.2188403e-02   8.3534232e+01   5.1179579e+01   2.7658858e+03   1.7561376e+01   5.0132225e+01   2.9976929e+03   1.8049814e+01   6.2359516e+01   5.0459227e+00   2.7254757e+02   1.0185540e+02   4.5553279e+01   2.9508170e+01   2.7723123e+01   1.7917322e+01   1.2749125e+01   3.9189471e+00   1.2688682e+00   2.8054516e+01   4.5066872e+01   9.4612551e+00   2.1591760e+00   3.6146989e+00   1.7956570e+00   9.3951392e+00   5.5720162e-01   2.7317295e-02   1.5493841e-01   6.3458552e-02   9.0014355e+01   8.5952459e+00   6.3066771e+01   5.3954191e+01   2.9728009e+01   6.1220785e+01   4.5485994e+01   3.6758479e+01   4.6289712e+01   3.6157292e+01   1.2314429e+01
   1.9513794e-01   5.1714764e+03   7.4871645e+02   7.8157903e+00   1.9761762e+01   3.2342938e+01   2.8021391e+03   6.5216343e+01   1.2188758e+02   8.5640270e-02   8.3500720e+01   5.0330911e+01   2.7663801e+03   1.7618960e+01   5.1848130e+01   2.9975408e+03   1.7986081e+01   6.2366306e+01   5.0209849e+00   2.7330103e+02   1.0186519e+02   4.5544648e+01   2.9459424e+01   2.7754023e+01   1.7223359e+01   1.2641349e+01   3.7376005e+00   1.2744169e+00   2.7795133e+01   4.5304943e+01   9.1411481e+00   2.2033302e+00   3.9125794e+00   1.8151972e+00   9.4157731e+00   6.1649531e-01   2.7317295e-02   1.5493841e-01   6.3458552e-02   9.0014355e+01   8.5952459e+00   6.3040739e+01   5.3950593e+01   2.9931075e+01   6.1267379e+01   4.5428478e+01   3.6770275e+01   4.6273834e+01   3.6281234e+01   1.2957208e+01
   1.8734916e-01   5.1965041e+03   6.8870916e+02   7.9831446e+00   1.9798813e+01   3.1866630e+01   2.8029459e+03   6.5366637e+01   1.2189010e+02   9.2422330e-02   8.3530955e+01   5.0927012e+01   2.7670225e+03   1.7608080e+01   5.1580538e+01   2.9987002e+03   1.8075495e+01   6.2371755e+01   5.0626090e+00   2.7278257e+02   1.0186376e+02   4.5551999e+01   2.9455344e+01   2.7757289e+01   1.8015565e+01   1.2723017e+01   4.1537869e+00   1.2800499e+00   2.7883561e+01   4.5055788e+01   9.5606420e+00   2.2495009e+00   3.9636400e+00   1.7919119e+00   9.4556546e+00   4.9602421e-01   3.0798071e-02   1.6451293e-01   5.4771070e-02   9.0308014e+01   7.6206944e+00   6.3014097e+01   5.3958330e+01   3.0251078e+01   6.1286076e+01   4.5388383e+01   3.6781174e+01   4.6281717e+01   3.6366607e+01   1.1339049e+01
   1.9071267e-01   5.1784344e+03   6.9137838e+02   7.8096770e+00   1.9552608e+01   3.2107253e+01   2.8020736e+03   6.5117204e+01   1.2190026e+02   1.0061288e-01   8.3495362e+01   4.9493375e+01   2.7672614e+03   1.7564439e+01   5.0371145e+01   2.9976949e+03   1.8016621e+01   6.2367132e+01   4.9481933e+00   2.7195552e+02   1.0186341e+02   4.5579465e+01   2.9618122e+01   2.7839095e+01   1.7637696e+01   1.2768795e+01   3.7054510e+00   1.3380721e+00   2.7470450e+01   4.5072202e+01   9.2973709e+00   2.2945772e+00   4.1849368e+00   1.8246722e+00   9.4270149e+00   4.6787945e-01   3.0798071e-02   1.6451293e-01   5.4771070e-02   9.0308014e+01   7.6206944e+00   6.3018121e+01   5.3957769e+01   3.0021891e+01   6.1187956e+01   4.5582376e+01   3.6758346e+01   4.6293034e+01   3.6074741e+01   1.2601292e+01
   1.8786154e-01   5.1617026e+03   7.3766923e+02   7.8718562e+00   1.9901098e+01   3.2259307e+01   2.8020316e+03   6.6088714e+01   1.2190501e+02   1.0115662e-01   8.3505806e+01   5.0113336e+01   2.7665664e+03   1.7703502e+01   5.2417536e+01   2.9977745e+03   1.8180252e+01   6.2346650e+01   4.3246764e+00   2.7232711e+02   1.0188867e+02   4.5572477e+01   2.9642908e+01   2.7893067e+01   1.8343747e+01   1.2442916e+01   3.7346410e+00   1.2372815e+00   2.7720446e+01   4.5165646e+01   9.5305224e+00   2.1207855e+00   3.9879697e+00   1.8500436e+00   9.4265022e+00   5.1949255e-01   3.9975500e-02   1.5344117e-01   7.6780505e-02   8.9469108e+01   8.3618290e+00   6.3028304e+01   5.3951331e+01   2.9695051e+01   6.1403630e+01   4.5945703e+01   3.6757006e+01   4.6284178e+01   3.6155341e+01   1.5369651e+01
   1.9519530e-01   5.1993343e+03   6.6086715e+02   7.7602296e+00   1.9820296e+01   3.1749910e+01   2.8014155e+03   6.4505101e+01   1.2189744e+02   9.9534989e-02   8.3491721e+01   4.9474288e+01   2.7660056e+03   1.7227646e+01   5.2783912e+01   2.9964139e+03   1.7908447e+01   6.2334145e+01   5.5005118e+00   2.7252750e+02   1.0188272e+02   4.5575835e+01   2.9276294e+01   2.7653194e+01   1.7619099e+01   1.2720999e+01   3.8004907e+00   1.2660406e+00   2.7399825e+01   4.5057955e+01   9.1678338e+00   2.1311153e+00   3.7378022e+00   1.8139372e+00   9.3732713e+00   5.6222878e-01   3.9975500e-02   1.5344117e-01   7.6780505e-02   8.9469108e+01   8.3618290e+00   6.3084037e+01   5.3861163e+01   2.9432780e+01   6.1338241e+01   4.6461434e+01   3.6825222e+01   4.6265285e+01   3.6104077e+01   8.9688817e+00
   1.9011207e-01   5.1843552e+03   6.9676552e+02   7.8592321e+00   1.9339451e+01   3.2101115e+01   2.7989849e+03   6.4996715e+01   1.2189224e+02   1.0300443e-01   8.3441288e+01   5.1395093e+01   2.7633260e+03   1.7474297e+01   5.0065301e+01   2.9967716e+03   1.8188774e+01   6.2322851e+01   6.2489748e+00   2.7474573e+02   1.0187616e+02   4.5607620e+01   2.9524374e+01   2.7662927e+01   1.8305932e+01   1.2685101e+01   3.9393514e+00   1.2846767e+00   2.7306286e+01   4.5009767e+01   9.0178354e+00   2.2034516e+00   4.0250310e+00   1.8269120e+00   9.4057566e+00   5.9255245e-01   3.9975500e-02   1.5344117e-01   7.6780505e-02   8.9469108e+01   8.3618290e+00   6.3112917e+01   5.3839354e+01   2.9366681e+01   6.1284367e+01   4.7421112e+01   3.6768295e+01   4.6259661e+01   3.6265540e+01   1.0222448e+01
   1.9358615e-01   5.1631978e+03   6.9559661e+02   7.8148277e+00   1.9367913e+01   3.2128700e+01   2.7997952e+03   6.5450593e+01   1.2190902e+02   9.7943308e-02   8.3512231e+01   4.9481262e+01   2.7640492e+03   1.7467346e+01   5.2168564e+01   2.9954370e+03   1.8053347e+01   6.2379981e+01   6.6893546e+00   2.7311415e+02   1.0186299e+02   4.5538448e+01   2.9227402e+01   2.7816840e+01   1.7837046e+01   1.2870424e+01   3.9160507e+00   1.3034999e+00   2.7915803e+01   4.5150320e+01   9.4087905e+00   2.1145366e+00   3.8715531e+00   1.8448536e+00   9.4396302e+00   5.1562455e-01   1.2539519e-02   1.5835580e-01   6.3431935e-02   8.9451524e+01   8.9270129e+00   6.3130592e+01   5.3856151e+01   2.9300593e+01   6.1393459e+01   4.7680148e+01   3.6758753e+01   4.6286577e+01   3.6312765e+01   1.1893059e+01
   1.9441499e-01   5.1607948e+03   7.2641876e+02   7.8755497e+00   1.9645956e+01   3.2108427e+01   2.7989784e+03   6.5308567e+01   1.2189425e+02   9.2465153e-02   8.3548529e+01   4.9769897e+01   2.7639901e+03   1.7608481e+01   5.0275931e+01   2.9949938e+03   1.8206213e+01   6.2371160e+01   5.9561787e+00   2.7231581e+02   1.0183897e+02   4.5565828e+01   2.9283402e+01   2.7796282e+01   1.7833845e+01   1.2826509e+01   4.1057182e+00   1.2854748e+00   2.7687125e+01   4.5158434e+01   9.3042922e+00   2.1650705e+00   3.9725535e+00   1.8562333e+00   9.4427854e+00   5.0130362e-01   1.2539519e-02   1.5835580e-01   6.3431935e-02   8.9451524e+01   8.9270129e+00   6.3129697e+01   5.3851593e+01   2.9336803e+01   6.1262187e+01   4.7764704e+01   3.6776178e+01   4.6239350e+01   3.6210325e+01   1.0272133e+01
   1.9452512e-01   5.1411276e+03   6.4482470e+02   7.7868207e+00   1.9854403e+01   3.2013417e+01   2.7986313e+03   6.5670381e+01   1.2189808e+02   8.7497763e-02   8.3519638e+01   4.8322312e+01   2.7626529e+03   1.7577629e+01   5.1142389e+01   2.9946741e+03   1.8129873e+01   6.2369275e+01   4.8810988e+00   2.7356980e+02   1.0185291e+02   4.5537096e+01   2.9305055e+01   2.7535615e+01   1.7889927e+01   1.2650817e+01   3.9291377e+00   1.2824146e+00   2.7692393e+01   4.4978304e+01   9.0473307e+00   2.0551615e+00   4.2908943e+00   1.8224061e+00   9.3662711e+00   4.7099271e-01   3.5495785e-02   1.5777614e-01   7.4848962e-02   8.9760717e+01   7.5486725e+00   6.3131066e+01   5.3838207e+01   2.9957742e+01   6.1139541e+01   4.7899553e+01   3.6781116e+01   4.6243998e+01   3.6247946e+01   9.9222647e+00
   1.9402224e-01   5.1888251e+03   6.7664592e+02   7.7914299e+00   1.9561349e+01   3.2443417e+01   2.7987245e+03   6.4711917e+01   1.2189091e+02   8.3330889e-02   8.3510435e+01   5.0571850e+01   2.7629430e+03   1.7372254e+01   5.1266947e+01   2.9950436e+03   1.7915041e+01   6.2368707e+01   3.7745444e+00   2.7337862e+02   1.0184139e+02   4.5540473e+01   2.9088363e+01   2.7860387e+01   1.7656709e+01   1.2796787e+01   3.6278900e+00   1.3294874e+00   2.7888440e+01   4.5170776e+01   9.2764216e+00   2.2624254e+00   3.7064811e+00   1.8622069e+00   9.4176480e+00   5.2558322e-01   3.5495785e-02   1.5777614e-01   7.4848962e-02   8.9760717e+01   7.5486725e+00   6.3046145e+01   5.3943273e+01   2.9070812e+01   6.1523943e+01   4.7840401e+01   3.6784152e+01   4.6284996e+01   3.6258999e+01   1.3019686e+01
   1.9255628e-01   5.1686771e+03   6.5640302e+02   7.9075096e+00   1.9258822e+01   3.2548996e+01   2.7988660e+03   6.4905707e+01   1.2189925e+02   8.1634416e-02   8.3521952e+01   5.0456844e+01   2.7641291e+03   1.8045779e+01   4.9607107e+01   2.9964070e+03   1.8176871e+01   6.2377788e+01   7.0631472e+00   2.7325061e+02   1.0185239e+02   4.5542735e+01   2.9084032e+01   2.7821092e+01   1.7608816e+01   1.2726836e+01   3.8090337e+00   1.2265812e+00   2.7298609e+01   4.5201469e+01   9.1209007e+00   2.2007565e+00   3.9700898e+00   1.8707090e+00   9.4083763e+00   4.5142667e-01   3.5495785e-02   1.5777614e-01   7.4848962e-02   8.9760717e+01   7.5486725e+00   6.3002404e+01   5.4015912e+01   2.9488162e+01   6.1110177e+01   4.8046623e+01   3.6776712e+01   4.6288692e+01   3.6096113e+01   1.3176521e+01
   1.9133564e-01   5.1853922e+03   6.9092898e+02   7.8183630e+00   1.9465450e+01   3.2223970e+01   2.7999358e+03   6.5430544e+01   1.2191684e+02   8.1899408e-02   8.3555200e+01   4.9123832e+01   2.7654634e+03   1.7532372e+01   5.0866515e+01   2.9969769e+03   1.8019190e+01   6.2375848e+01   5.7786608e+00   2.7285625e+02   1.0183691e+02   4.5535881e+01   2.9175082e+01   2.7620198e+01   1.8373221e+01   1.2656022e+01   4.0788001e+00   1.3417903e+00   2.7900308e+01   4.5149713e+01   9.1140624e+00   2.3075108e+00   4.4402258e+00   1.8516666e+00   9.4789633e+00   4.6491738e-01   1.7691465e-02   1.6203431e-01   5.6033714e-02   8.9674815e+01   8.2255811e+00   6.2967994e+01   5.3994031e+01   2.9720906e+01   6.1216297e+01   4.7941502e+01   3.6793224e+01   4.6244911e+01   3.6175659e+01   9.3148239e+00
   1.9818128e-01   5.1838274e+03   6.6885362e+02   7.7587029e+00   2.0039894e+01   3.2072928e+01   2.8003898e+03   6.5121896e+01   1.2189005e+02   8.1369624e-02   8.3532592e+01   4.8206242e+01   2.7650860e+03   1.7474382e+01   5.0549045e+01   2.9964581e+03   1.8184344e+01   6.2357423e+01   5.9629664e+00   2.7281401e+02   1.0187508e+02   4.5541974e+01   2.9612813e+01   2.7750853e+01   1.8236655e+01   1.2681102e+01   3.9003119e+00   1.2806640e+00   2.7815105e+01   4.5087098e+01   9.7545776e+00   2.3734734e+00   4.1356177e+00   1.8051664e+00   9.4792570e+00   4.7393072e-01   1.7691465e-02   1.6203431e-01   5.6033714e-02   8.9674815e+01   8.2255811e+00   6.2977923e+01   5.4024044e+01   2.9622731e+01   6.1262684e+01   4.7929896e+01   3.6801984e+01   4.6317685e+01   3.6246729e+01   1.0706541e+01
   1.9934445e-01   5.1846989e+03   6.8496675e+02   7.8731175e+00   2.0027655e+01   3.1947979e+01   2.7992075e+03   6.4132868e+01   1.2192164e+02   8.0534954e-02   8.3478646e+01   5.0419673e+01   2.7639202e+03   1.7610401e+01   5.0645982e+01   2.9958072e+03   1.7787343e+01   6.2374072e+01   5.5914445e+00   2.7239141e+02   1.0182803e+02   4.5561529e+01   2.9386006e+01   2.7645377e+01   1.8004322e+01   1.2736268e+01   3.8840306e+00   1.2749098e+00   2.7606491e+01   4.5182847e+01   9.6390386e+00   2.3587975e+00   3.7238560e+00   1.8277511e+00   9.3676282e+00   4.9897583e-01   2.1804976e-02   1.5357719e-01   7.8734757e-02   8.9947101e+01   8.5684188e+00   6.2981816e+01   5.4009378e+01   2.9141345e+01   6.1365396e+01   4.8361365e+01   3.6768654e+01   4.6293734e+01   3.6236040e+01   1.2950822e+01
   1.9810680e-01   5.1967377e+03   6.5776290e+02   7.7692850e+00   1.9528314e+01   3.2716730e+01   2.7995697e+03   6.5133457e+01   1.2190511e+02   8.1329275e-02   8.3514283e+01   4.9622530e+01   2.7636102e+03   1.7460838e+01   5.2791753e+01   2.9967887e+03   1.7945390e+01   6.2375014e+01   6.2378788e+00   2.7372274e+02   1.0183447e+02   4.5570529e+01   2.9810157e+01   2.7618832e+01   1.8647828e+01   1.2632423e+01   4.0212681e+00   1.2581556e+00   2.8032071e+01   4.5091602e+01   9.5509983e+00   2.1811920e+00   3.8440751e+00   1.8283326e+00   9.5618584e+00   5.2195423e-01   2.1804976e-02   1.5357719e-01   7.8734757e-02   8.9947101e+01   8.5684188e+00   6.3054335e+01   5.3885611e+01   2.9256291e+01   6.1422460e+01   4.8780169e+01   3.6776950e+01   4.6265540e+01   3.6141008e+01   9.8331559e+00
   2.0098073e-01   5.1905110e+03   7.1630836e+02   7.7478773e+00   2.0789645e+01   3.2348380e+01   2.7991702e+03   6.5013473e+01   1.2190592e+02   8.2303978e-02   8.3533943e+01   5.0522463e+01   2.7640922e+03   1.7545229e+01   5.0037773e+01   2.9959778e+03   1.8047962e+01   6.2397942e+01   5.6950072e+00   2.7370942e+02   1.0185711e+02   4.5558974e+01   2.9433928e+01   2.7494528e+01   1.7955233e+01   1.2706621e+01   3.6099688e+00   1.3285976e+00   2.7854165e+01   4.5059037e+01   9.1865873e+00   2.2067436e+00   4.0343032e+00   1.8587476e+00   9.4694166e+00   5.1113414e-01   2.1804976e-02   1.5357719e-01   7.8734757e-02   8.9947101e+01   8.5684188e+00   6.3115664e+01   5.3825764e+01   2.9027790e+01   6.1373036e+01   4.9137006e+01   3.6778436e+01   4.6297346e+01   3.6183778e+01   1.1293949e+01
   1.9920103e-01   5.1764578e+03   6.8030866e+02   7.8472435e+00   1.9658546e+01   3.2393621e+01   2.7999498e+03   6.4684643e+01   1.2192721e+02   7.9852858e-02   8.3549656e+01   4.9920920e+01   2.7638675e+03   1.7455109e+01   5.0525610e+01   2.9962163e+03   1.7965677e+01   6.2404606e+01   3.6888007e+00   2.7240910e+02   1.0183966e+02   4.5551332e+01   2.9434202e+01   2.7635899e+01   1.8066758e+01   1.2520940e+01   3.9864567e+00   1.2913425e+00   2.7763777e+01   4.5058413e+01   9.0129421e+00   2.0248526e+00   4.0937232e+00   1.8316206e+00   9.3672360e+00   4.0989716e-01   3.2679090e-02   1.4973152e-01   6.7226114e-02   9.0509610e+01   7.9832553e+00   6.3108505e+01   5.3857345e+01   2.8697156e+01   6.1348549e+01   4.9279570e+01   3.6744051e+01   4.6282816e+01   3.6108584e+01   1.2215688e+01
   1.9864951e-01   5.2017215e+03   7.4940612e+02   7.8475188e+00   1.9930882e+01   3.2227057e+01   2.7991663e+03   6.4585318e+01   1.2189209e+02   7.6506562e-02   8.3492256e+01   4.9894528e+01   2.7642403e+03   1.7416079e+01   4.9390680e+01   2.9962576e+03   1.8101299e+01   6.2399601e+01   5.6507903e+00   2.7412167e+02   1.0185686e+02   4.5563511e+01   2.9361401e+01   2.7702553e+01   1.7876805e+01   1.2568900e+01   3.9345594e+00   1.3157968e+00   2.8002568e+01   4.5122616e+01   9.2765253e+00   1.9701234e+00   3.8510785e+00   1.8075480e+00   9.5284752e+00   4.8059651e-01   3.2679090e-02   1.4973152e-01   6.7226114e-02   9.0509610e+01   7.9832553e+00   6.3046284e+01   5.3913653e+01   2.9369104e+01   6.1112835e+01   4.8991382e+01   3.6754213e+01   4.6277834e+01   3.6104344e+01   1.0254789e+01
   1.9493819e-01   5.1680315e+03   6.7450804e+02   7.8183223e+00   1.9559387e+01   3.2565758e+01   2.8000284e+03   6.5357260e+01   1.2187772e+02   8.2167903e-02   8.3483007e+01   5.0984389e+01   2.7636614e+03   1.7393535e+01   5.0317804e+01   2.9981983e+03   1.8142558e+01   6.2377568e+01   2.9842537e+00   2.7594816e+02   1.0184988e+02   4.5552835e+01   2.9795313e+01   2.7829861e+01   1.7709016e+01   1.2723050e+01   4.0497954e+00   1.3362944e+00   2.7911811e+01   4.5059771e+01   9.1617788e+00   2.1959798e+00   4.1651272e+00   1.7826187e+00   9.4498721e+00   5.8686473e-01   2.9950139e-02   1.6525548e-01   7.2934071e-02   9.0269311e+01   8.0407722e+00   6.3033099e+01   5.3911860e+01   2.9322691e+01   6.1331881e+01   4.8509865e+01   3.6738513e+01   4.6272973e+01   3.6260865e+01   1.3667769e+01
   1.9169447e-01   5.1685444e+03   7.0245862e+02   7.7621851e+00   1.9756824e+01   3.2433262e+01   2.8014936e+03   6.5255235e+01   1.2190625e+02   8.5975586e-02   8.3519986e+01   5.1269307e+01   2.7662046e+03   1.7464974e+01   5.1419637e+01   2.9984123e+03   1.8065384e+01   6.2379309e+01   7.9179730e+00   2.7291578e+02   1.0187315e+02   4.5571870e+01   2.9529197e+01   2.7962094e+01   1.7396805e+01   1.2647834e+01   4.0024736e+00   1.2778629e+00   2.7304046e+01   4.5156444e+01   9.0115923e+00   2.0882347e+00   3.8464107e+00   1.8114790e+00   9.4682730e+00   5.9708052e-01   2.9950139e-02   1.6525548e-01   7.2934071e-02   9.0269311e+01   8.0407722e+00   6.3025664e+01   5.3932299e+01   2.8998990e+01   6.1420250e+01   4.8399928e+01   3.6739327e+01   4.6297280e+01   3.6138038e+01   1.0030224e+01
   1.8656120e-01   5.1849446e+03   7.6946496e+02   7.8875477e+00   1.9751540e+01   3.2406437e+01   2.8029531e+03   6.5735080e+01   1.2188968e+02   9.1907002e-02   8.3531235e+01   4.8554200e+01   2.7673660e+03   1.7627576e+01   5.0661046e+01   2.9986687e+03   1.8000983e+01   6.2363848e+01   5.4874369e+00   2.7198456e+02   1.0186502e+02   4.5546615e+01   2.9690732e+01   2.7763884e+01   1.7759539e+01   1.2551881e+01   4.0239277e+00   1.2859130e+00   2.7485074e+01   4.4964284e+01   9.0128618e+00   2.3046155e+00   3.6609642e+00   1.8467592e+00   9.3705651e+00   5.2283030e-01   2.9950139e-02   1.6525548e-01   7.2934071e-02   9.0269311e+01   8.0407722e+00   6.3014875e+01   5.3930752e+01   2.9607396e+01   6.1166241e+01   4.8536686e+01   3.6733162e+01   4.6279467e+01   3.6152642e+01   1.0795634e+01
   1.8706423e-01   5.1481732e+03   6.9629667e+02   7.9106079e+00   2.0084104e+01   3.2425176e+01   2.8022753e+03   6.5673192e+01   1.2191201e+02   9.7807858e-02   8.3465244e+01   5.0703504e+01   2.7671812e+03   1.7635068e+01   5.0719739e+01   2.9984711e+03   1.8050850e+01   6.2332316e+01   5.9857257e+00   2.7244366e+02   1.0187692e+02   4.5569822e+01   2.9619939e+01   2.7718252e+01   1.7805861e+01   1.2561816e+01   3.9739674e+00   1.2771880e+00   2.7979124e+01   4.5094507e+01   9.2607920e+00   2.2235001e+00   3.9151124e+00   1.7900654e+00   9.3753039e+00   5.9834920e-01   4.2873977e-02   1.5238449e-01   8.3395609e-02   8.9699815e+01   8.5835453e+00   6.3014090e+01   5.3950083e+01   2.9241065e+01   6.1358345e+01   4.8518139e+01   3.6733683e+01   4.6312020e+01   3.6186628e+01   1.0456858e+01
   1.8822721e-01   5.1844154e+03   7.0247921e+02   7.8407118e+00   2.0247250e+01   3.1804288e+01   2.8012610e+03   6.4621738e+01   1.2189892e+02   1.0360310e-01   8.3493691e+01   5.1416344e+01   2.7655649e+03   1.7386318e+01   4.8832181e+01   2.9977586e+03   1.8075030e+01   6.2342329e+01   6.3459700e+00   2.7296529e+02   1.0187697e+02   4.5546886e+01   2.9948776e+01   2.7556432e+01   1.7978187e+01   1.2655537e+01   4.0067666e+00   1.2742292e+00   2.7516281e+01   4.5043167e+01   9.4822924e+00   2.1326388e+00   3.7418648e+00   1.8288602e+00   9.4953328e+00   5.8184983e-01   4.2873977e-02   1.5238449e-01   8.3395609e-02   8.9699815e+01   8.5835453e+00   6.3010169e+01   5.3942995e+01   3.0107284e+01   6.1242311e+01   4.8626235e+01   3.6721467e+01   4.6300244e+01   3.6061841e+01   1.4688426e+01
   1.8782832e-01   5.1794723e+03   7.3189546e+02   7.9230632e+00   1.9698709e+01   3.2152858e+01   2.8007602e+03   6.4613887e+01   1.2189703e+02   9.9617870e-02   8.3513059e+01   5.0518039e+01   2.7652791e+03   1.7409757e+01   5.0203229e+01   2.9967945e+03   1.7878445e+01   6.2348782e+01   2.2477733e+00   2.7246531e+02   1.0187423e+02   4.5548467e+01   2.9484253e+01   2.7843840e+01   1.7778421e+01   1.2662211e+01   3.7526411e+00   1.3316747e+00   2.7409492e+01   4.5104172e+01   9.0497440e+00   2.1907439e+00   3.8361459e+00   1.7928235e+00   9.3748277e+00   4.6502334e-01   3.4944020e-02   1.6802598e-01   8.2670763e-02   9.0018162e+01   8.7478607e+00   6.3005422e+01   5.3902630e+01   2.9287941e+01   6.1420720e+01   4.8822442e+01   3.6728221e+01   4.6299739e+01   3.6145017e+01   1.2699527e+01
