   2.7103287e-01   3.6497394e+03   4.4513208e+03   9.2231424e+00   3.2392900e+01   4.7559754e+01   2.7989758e+03   6.4995825e+01   1.2289880e+02   1.9782646e-01   9.1993267e+01   4.9970860e+01   2.7035211e+03   2.5257559e+01   4.9681867e+01   3.3308103e+03   2.2886207e+01   6.6628303e+01   0.0000000e+00   2.7278218e+02   1.0248003e+02   9.2262531e+01   3.2149652e+01   1.4878492e+01   1.8851695e+01   5.9987578e+00   1.6668670e+01   4.0543784e+00   3.2629676e+01   2.1703562e+01   1.3297501e+01   8.9583558e-01   1.6137401e+01   5.3961314e+00   6.6753611e+00   3.2645311e+00   1.0714871e-02   5.7471747e-01   1.8613586e-01   5.3763098e+01   4.3985723e+01   6.2806984e+01   5.3286709e+01   2.6662173e+01   6.0482854e+01   2.4229301e+01   3.7208198e+01   4.6430526e+01   3.5865322e+01   1.2930642e+01
   2.7120352e-01   3.6623675e+03   4.4194048e+03   9.2085182e+00   3.2566379e+01   4.7469791e+01   2.8003855e+03   6.4968002e+01   1.2290763e+02   1.9779071e-01   9.2016519e+01   5.0037655e+01   2.7046640e+03   2.5184873e+01   5.0696945e+01   3.3317196e+03   2.2865790e+01   6.6613811e+01   3.5265019e-02   2.7305013e+02   1.0248171e+02   9.2600323e+01   3.2149652e+01   1.4878492e+01   1.8851695e+01   5.9987578e+00   1.6668670e+01   4.0543784e+00   3.2629676e+01   2.1703562e+01   1.3297501e+01   8.9583558e-01   1.6137401e+01   5.3961314e+00   6.6753611e+00   3.2645311e+00   1.0714871e-02   5.7471747e-01   1.8613586e-01   5.3763098e+01   4.3985723e+01   6.2831130e+01   5.3234379e+01   2.6682176e+01   6.0453847e+01   2.3987977e+01   3.7225335e+01   4.6445082e+01   3.6008469e+01   1.4713693e+01
   2.6905668e-01   3.6405205e+03   4.4911052e+03   9.2455458e+00   3.2329761e+01   4.7250409e+01   2.7994776e+03   6.5180005e+01   1.2290799e+02   1.9878512e-01   9.1975557e+01   4.9745175e+01   2.7043386e+03   2.5614830e+01   4.9994477e+01   3.3323741e+03   2.2799727e+01   6.6595303e+01  -3.4143002e-01   2.7305647e+02   1.0246876e+02   9.2397681e+01   3.2064643e+01   1.4900412e+01   1.9052002e+01   6.2207399e+00   1.6792863e+01   4.0341283e+00   3.2872597e+01   2.1549201e+01   1.3617299e+01   9.3821445e-01   1.6087562e+01   5.3980089e+00   6.7126367e+00   3.2380992e+00   1.0714871e-02   5.7471747e-01   1.8613586e-01   5.3763098e+01   4.3985723e+01   6.2836008e+01   5.3221696e+01   2.6699082e+01   6.0545750e+01   2.4117455e+01   3.7196669e+01   4.6441358e+01   3.6068457e+01   1.2009380e+01
   2.7545401e-01   3.6320785e+03   4.4593183e+03   9.2295171e+00   3.2601497e+01   4.7377928e+01   2.8010252e+03   6.5377764e+01   1.2290969e+02   1.9994800e-01   9.1999152e+01   5.0400206e+01   2.7053620e+03   2.5433120e+01   4.9227382e+01   3.3324333e+03   2.2785235e+01   6.6620138e+01   1.6377552e+00   2.7307751e+02   1.0245665e+02   9.2324909e+01   3.2100766e+01   1.5058146e+01   1.8849496e+01   6.2597035e+00   1.6937484e+01   4.0697736e+00   3.2819540e+01   2.1838510e+01   1.3363005e+01   9.1351423e-01   1.6556376e+01   5.4076337e+00   6.6856350e+00   3.2648045e+00  -2.0178654e-03   5.7825409e-01   1.7192285e-01   5.3910948e+01   4.4429613e+01   6.2844212e+01   5.3229912e+01   2.7019583e+01   6.0544386e+01   2.4580571e+01   3.7245205e+01   4.6426664e+01   3.6001574e+01   1.3215677e+01
   2.7270724e-01   3.6205329e+03   4.4604691e+03   9.3375676e+00   3.2481706e+01   4.8048077e+01   2.8007178e+03   6.5900972e+01   1.2290029e+02   2.0423321e-01   9.1960188e+01   4.9141369e+01   2.7048670e+03   2.5273894e+01   5.2443203e+01   3.3329009e+03   2.3058408e+01   6.6611285e+01   8.3803053e-01   2.7303147e+02   1.0247544e+02   9.2267444e+01   3.1860076e+01   1.4815958e+01   1.8706901e+01   6.0126284e+00   1.6437908e+01   4.0834113e+00   3.2545315e+01   2.1839205e+01   1.3229191e+01   8.4901883e-01   1.5753295e+01   5.4055500e+00   6.5769624e+00   3.2127333e+00  -2.0178654e-03   5.7825409e-01   1.7192285e-01   5.3910948e+01   4.4429613e+01   6.2835294e+01   5.3258421e+01   2.6955042e+01   6.0574357e+01   2.4936412e+01   3.7253558e+01   4.6456635e+01   3.6006859e+01   1.5595365e+01
   2.7378184e-01   3.6785810e+03   4.4455635e+03   9.3163993e+00   3.1941174e+01   4.7601483e+01   2.8020230e+03   6.5147950e+01   1.2288245e+02   2.0922481e-01   9.2065092e+01   4.9724126e+01   2.7063127e+03   2.5270838e+01   4.9631570e+01   3.3341366e+03   2.2717353e+01   6.6614107e+01   1.4209342e+00   2.7337131e+02   1.0245220e+02   9.2453167e+01   3.2329803e+01   1.4867265e+01   1.8970844e+01   5.9667418e+00   1.6603953e+01   4.0648446e+00   3.2614447e+01   2.1747430e+01   1.3578100e+01   9.3798092e-01   1.5677548e+01   5.3838045e+00   6.6020714e+00   3.2345045e+00   3.8066235e-03   5.9860886e-01   1.7155848e-01   5.4175624e+01   4.4162747e+01   6.2835477e+01   5.3225157e+01   2.6937769e+01   6.0642022e+01   2.5544583e+01   3.7238265e+01   4.6439761e+01   3.5849000e+01   1.3937825e+01
   2.7343710e-01   3.6786470e+03   4.4330579e+03   9.2050819e+00   3.2503068e+01   4.7378278e+01   2.8009863e+03   6.5314935e+01   1.2290291e+02   2.1174498e-01   9.1933659e+01   5.0214175e+01   2.7048242e+03   2.5326295e+01   4.9740247e+01   3.3330221e+03   2.2865937e+01   6.6641045e+01  -5.6530765e-02   2.7280694e+02   1.0247480e+02   9.2118931e+01   3.2451008e+01   1.4895579e+01   1.8597329e+01   6.0034792e+00   1.7079547e+01   4.0549634e+00   3.2749988e+01   2.1724074e+01   1.3504315e+01   8.0487487e-01   1.6345420e+01   5.3682774e+00   6.7457214e+00   3.2283730e+00   3.8066235e-03   5.9860886e-01   1.7155848e-01   5.4175624e+01   4.4162747e+01   6.2814396e+01   5.3276923e+01   2.6921670e+01   6.0476962e+01   2.6184439e+01   3.7241868e+01   4.6434816e+01   3.5927843e+01   1.0330223e+01
   2.6520985e-01   3.6493617e+03   4.4436152e+03   9.2138995e+00   3.2467958e+01   4.7232670e+01   2.8006242e+03   6.5157588e+01   1.2291060e+02   2.1292311e-01   9.1964026e+01   4.9723927e+01   2.7048051e+03   2.5049833e+01   5.0476191e+01   3.3329740e+03   2.2747600e+01   6.6571363e+01  -6.5715750e-01   2.7316860e+02   1.0248596e+02   9.2556526e+01   3.2089047e+01   1.4794620e+01   1.8869353e+01   5.9534599e+00   1.6809653e+01   4.0737193e+00   3.2455616e+01   2.1649855e+01   1.3332549e+01   9.7666525e-01   1.6547295e+01   5.4479103e+00   6.7233001e+00   3.2088569e+00   3.8066235e-03   5.9860886e-01   1.7155848e-01   5.4175624e+01   4.4162747e+01   6.2801279e+01   5.3286911e+01   2.6381075e+01   6.0554124e+01   2.6038828e+01   3.7241997e+01   4.6436250e+01   3.5889118e+01   1.1779079e+01
   2.6940787e-01   3.6555861e+03   4.4352661e+03   9.2566441e+00   3.2477568e+01   4.7795442e+01   2.8007115e+03   6.4470720e+01   1.2290335e+02   2.1314512e-01   9.2027170e+01   5.1072722e+01   2.7053055e+03   2.4977521e+01   5.0234321e+01   3.3324231e+03   2.3127062e+01   6.6601272e+01   2.4065704e+00   2.7301881e+02   1.0248213e+02   9.2451282e+01   3.2270535e+01   1.4694091e+01   1.9012364e+01   6.0859915e+00   1.6786753e+01   4.0683695e+00   3.2914752e+01   2.1714556e+01   1.2986475e+01   1.0490803e+00   1.6164262e+01   5.4287270e+00   6.5905792e+00   3.3133018e+00   1.5137769e-02   5.7579666e-01   2.0571512e-01   5.4532626e+01   4.4663674e+01   6.2761843e+01   5.3321511e+01   2.6641186e+01   6.0536316e+01   2.6317307e+01   3.7238554e+01   4.6439114e+01   3.5878195e+01   1.3631223e+01
   2.7436808e-01   3.6502785e+03   4.4409565e+03   9.2877777e+00   3.2576247e+01   4.7791666e+01   2.8000390e+03   6.4448034e+01   1.2287253e+02   2.1664252e-01   9.1990403e+01   5.0310041e+01   2.7041523e+03   2.5242898e+01   5.0591655e+01   3.3323008e+03   2.2903261e+01   6.6605017e+01  -2.9292007e-01   2.7282823e+02   1.0248825e+02   9.2349613e+01   3.2210755e+01   1.4882618e+01   1.8800886e+01   5.9770223e+00   1.6280647e+01   4.0321345e+00   3.2846044e+01   2.1738662e+01   1.3269737e+01   1.0510575e+00   1.5937558e+01   5.4429166e+00   6.6632727e+00   3.2576772e+00   1.5137769e-02   5.7579666e-01   2.0571512e-01   5.4532626e+01   4.4663674e+01   6.2730082e+01   5.3370479e+01   2.6845691e+01   6.0445924e+01   2.6374422e+01   3.7231312e+01   4.6424581e+01   3.5738364e+01   1.3143989e+01
   2.7224403e-01   3.6447429e+03   4.4517379e+03   9.2155306e+00   3.2231627e+01   4.7187817e+01   2.8007142e+03   6.4287655e+01   1.2290947e+02   2.1440781e-01   9.2068819e+01   4.9921082e+01   2.7056784e+03   2.5427955e+01   5.0023058e+01   3.3331302e+03   2.2842112e+01   6.6603784e+01  -5.6688607e-01   2.7294756e+02   1.0249824e+02   9.2528470e+01   3.1986551e+01   1.4964583e+01   1.9253982e+01   6.0533389e+00   1.6903118e+01   4.0881873e+00   3.2580358e+01   2.1782446e+01   1.3164482e+01   1.0155871e+00   1.6008707e+01   5.3940610e+00   6.7358530e+00   3.3008323e+00   1.1922394e-02   5.7622462e-01   1.9698283e-01   5.3112423e+01   4.4314094e+01   6.2709128e+01   5.3400441e+01   2.6748861e+01   6.0547601e+01   2.6420175e+01   3.7254365e+01   4.6415741e+01   3.5997197e+01   1.3095175e+01
   2.7938060e-01   3.6260931e+03   4.4677182e+03   9.1976285e+00   3.2294258e+01   4.7309662e+01   2.8000432e+03   6.5464238e+01   1.2291879e+02   2.1727981e-01   9.2028938e+01   5.1439302e+01   2.7042770e+03   2.5299031e+01   5.0787051e+01   3.3320015e+03   2.2873869e+01   6.6611302e+01  -1.3680932e+00   2.7349277e+02   1.0250522e+02   9.2636629e+01   3.1893716e+01   1.5095769e+01   1.8750840e+01   5.9555894e+00   1.6528816e+01   4.0616869e+00   3.2267270e+01   2.1526103e+01   1.3400978e+01   9.5259926e-01   1.5951130e+01   5.3936162e+00   6.6820101e+00   3.1979423e+00   1.1922394e-02   5.7622462e-01   1.9698283e-01   5.3112423e+01   4.4314094e+01   6.2807301e+01   5.3239873e+01   2.7413193e+01   6.0368978e+01   2.6467424e+01   3.7249325e+01   4.6400118e+01   3.5868549e+01   1.1278915e+01
   2.7897717e-01   3.6529344e+03   4.4318795e+03   9.3068987e+00   3.2572617e+01   4.7948366e+01   2.8004223e+03   6.5224320e+01   1.2290818e+02   2.1721021e-01   9.2016252e+01   5.1305093e+01   2.7050005e+03   2.5157836e+01   4.8881615e+01   3.3315778e+03   2.2776295e+01   6.6648591e+01  -4.2406485e-01   2.7287928e+02   1.0248273e+02   9.2415563e+01   3.2268997e+01   1.4763405e+01   1.8947360e+01   5.8828747e+00   1.6729353e+01   4.0094739e+00   3.2586908e+01   2.1661908e+01   1.3236236e+01   8.7240112e-01   1.5774931e+01   5.3823824e+00   6.6500764e+00   3.3054335e+00   1.1922394e-02   5.7622462e-01   1.9698283e-01   5.3112423e+01   4.4314094e+01   6.2879073e+01   5.3173743e+01   2.7300351e+01   6.0579236e+01   2.6550405e+01   3.7218751e+01   4.6437457e+01   3.5895397e+01   1.4447208e+01
   2.7656758e-01   3.6716856e+03   4.4622987e+03   9.2861633e+00   3.2402407e+01   4.7595434e+01   2.8000947e+03   6.5619767e+01   1.2290234e+02   2.1369119e-01   9.2095255e+01   5.1977162e+01   2.7042180e+03   2.5312292e+01   5.1425955e+01   3.3322157e+03   2.2979888e+01   6.6655089e+01   9.5590148e-01   2.7310267e+02   1.0243757e+02   9.2389517e+01   3.1987148e+01   1.4871295e+01   1.8703909e+01   6.1296944e+00   1.6961690e+01   4.0268589e+00   3.2727273e+01   2.1768688e+01   1.3474259e+01   8.9819747e-01   1.6122604e+01   5.4191602e+00   6.6790829e+00   3.2695173e+00   6.0346896e-03   5.5930827e-01   1.7522236e-01   5.3965003e+01   4.3814525e+01   6.2892880e+01   5.3182061e+01   2.7220746e+01   6.0434706e+01   2.6413971e+01   3.7233878e+01   4.6440969e+01   3.6176522e+01   1.4364318e+01
   2.7787047e-01   3.6550073e+03   4.4752204e+03   9.1859069e+00   3.2391913e+01   4.7767577e+01   2.7994558e+03   6.4175133e+01   1.2289532e+02   2.1065209e-01   9.2035879e+01   5.0465008e+01   2.7035604e+03   2.5458426e+01   4.9786384e+01   3.3309423e+03   2.2799501e+01   6.6629659e+01   3.6122881e-03   2.7305064e+02   1.0245619e+02   9.2501274e+01   3.2293079e+01   1.4887851e+01   1.8624283e+01   5.8425569e+00   1.6501244e+01   4.0670231e+00   3.3050645e+01   2.1740725e+01   1.3414695e+01   9.4268432e-01   1.5983397e+01   5.4125445e+00   6.6861498e+00   3.3065820e+00   6.0346896e-03   5.5930827e-01   1.7522236e-01   5.3965003e+01   4.3814525e+01   6.2854139e+01   5.3228488e+01   2.7087713e+01   6.0603556e+01   2.5777832e+01   3.7230633e+01   4.6446552e+01   3.5906634e+01   1.0997497e+01
   2.7251859e-01   3.6454338e+03   4.4532502e+03   9.2800046e+00   3.2477744e+01   4.7643933e+01   2.7988469e+03   6.5490014e+01   1.2288691e+02   2.1099407e-01   9.1970381e+01   5.0751362e+01   2.7042602e+03   2.5217790e+01   4.9173927e+01   3.3310361e+03   2.3015618e+01   6.6637928e+01   7.5159770e-01   2.7318460e+02   1.0247093e+02   9.2361535e+01   3.1969339e+01   1.4757279e+01   1.8490416e+01   5.9682539e+00   1.7079421e+01   4.1139329e+00   3.2491196e+01   2.1836547e+01   1.3439433e+01   9.4618899e-01   1.5890479e+01   5.3596940e+00   6.7090505e+00   3.2273929e+00   8.6985800e-03   5.7517051e-01   1.8132481e-01   5.4073770e+01   4.3726110e+01   6.2818055e+01   5.3241626e+01   2.6692155e+01   6.0540256e+01   2.5567342e+01   3.7215483e+01   4.6408479e+01   3.6120708e+01   1.0137436e+01
   2.7000694e-01   3.6393503e+03   4.4356684e+03   9.2963542e+00   3.2367183e+01   4.7747045e+01   2.8000261e+03   6.5546779e+01   1.2290289e+02   2.0822273e-01   9.2036574e+01   5.1753730e+01   2.7043992e+03   2.5293820e+01   4.9492126e+01   3.3326631e+03   2.2760900e+01   6.6633206e+01  -1.0754719e+00   2.7285226e+02   1.0246132e+02   9.2375368e+01   3.1955497e+01   1.4731507e+01   1.8850475e+01   5.9744529e+00   1.6987354e+01   4.0712515e+00   3.2823807e+01   2.1615021e+01   1.2952231e+01   9.1184573e-01   1.5614263e+01   5.4173482e+00   6.6180540e+00   3.2680662e+00   8.6985800e-03   5.7517051e-01   1.8132481e-01   5.4073770e+01   4.3726110e+01   6.2813034e+01   5.3272645e+01   2.6526990e+01   6.0665507e+01   2.5491865e+01   3.7249160e+01   4.6414622e+01   3.5855141e+01   1.4621018e+01
   2.7400331e-01   3.6602111e+03   4.4256868e+03   9.3078585e+00   3.2431851e+01   4.7914446e+01   2.8017081e+03   6.5413911e+01   1.2291864e+02   2.1026232e-01   9.2118431e+01   5.0727421e+01   2.7060411e+03   2.5214034e+01   4.9385792e+01   3.3338791e+03   2.2811426e+01   6.6592194e+01  -7.1855672e-01   2.7332412e+02   1.0244263e+02   9.2539592e+01   3.2164752e+01   1.4833566e+01   1.8712936e+01   6.1827976e+00   1.6456622e+01   4.0673478e+00   3.2670474e+01   2.1724165e+01   1.3045598e+01   9.5298059e-01   1.6381392e+01   5.3794039e+00   6.7074179e+00   3.2130764e+00   8.6985800e-03   5.7517051e-01   1.8132481e-01   5.4073770e+01   4.3726110e+01   6.2822870e+01   5.3274090e+01   2.6875837e+01   6.0612016e+01   2.5729788e+01   3.7249816e+01   4.6445415e+01   3.5919592e+01   1.4218980e+01
   2.7275626e-01   3.6353172e+03   4.4816244e+03   9.2496133e+00   3.2396088e+01   4.7551743e+01   2.8009045e+03   6.5337758e+01   1.2289128e+02   2.1466834e-01   9.1979937e+01   5.0929884e+01   2.7052953e+03   2.5249881e+01   4.9347891e+01   3.3322145e+03   2.2829803e+01   6.6626709e+01   1.2241625e+00   2.7302505e+02   1.0246290e+02   9.2377055e+01   3.2505261e+01   1.5151200e+01   1.8964330e+01   6.1625181e+00   1.6427876e+01   4.0550587e+00   3.3023701e+01   2.1787627e+01   1.3056482e+01   8.4271748e-01   1.6244607e+01   5.3763643e+00   6.7838555e+00   3.3369479e+00   2.5485563e-03   5.7415087e-01   1.9149225e-01   5.3913406e+01   4.4482538e+01   6.2803626e+01   5.3286215e+01   2.6770980e+01   6.0551390e+01   2.6212491e+01   3.7194639e+01   4.6429553e+01   3.5795374e+01   1.4479217e+01
   2.7168581e-01   3.6225002e+03   4.4119487e+03   9.2357297e+00   3.2647412e+01   4.7284865e+01   2.8006545e+03   6.5264942e+01   1.2290186e+02   2.1390388e-01   9.2095489e+01   5.0279793e+01   2.7050167e+03   2.5219871e+01   4.9490641e+01   3.3326681e+03   2.3044014e+01   6.6643962e+01   4.5732175e-01   2.7337595e+02   1.0246472e+02   9.2544426e+01   3.2290291e+01   1.4853564e+01   1.8828142e+01   6.0877639e+00   1.6560962e+01   4.0609239e+00   3.2669996e+01   2.1663972e+01   1.3428337e+01   7.2142396e-01   1.6368446e+01   5.4041707e+00   6.6712232e+00   3.3562245e+00   2.5485563e-03   5.7415087e-01   1.9149225e-01   5.3913406e+01   4.4482538e+01   6.2783201e+01   5.3252729e+01   2.6769738e+01   6.0515220e+01   2.6198085e+01   3.7233249e+01   4.6442264e+01   3.5974335e+01   1.5198608e+01
   2.7052909e-01   3.6508320e+03   4.4618535e+03   9.2382001e+00   3.2149330e+01   4.6956373e+01   2.7990932e+03   6.4461231e+01   1.2288882e+02   2.1124685e-01   9.1955211e+01   4.9605865e+01   2.7032918e+03   2.5416660e+01   4.9462145e+01   3.3309112e+03   2.2769723e+01   6.6646026e+01  -5.3015875e-01   2.7311036e+02   1.0247425e+02   9.2413770e+01   3.2343300e+01   1.5053641e+01   1.9147868e+01   6.0225723e+00   1.6125455e+01   4.0951980e+00   3.2939690e+01   2.1754731e+01   1.3132229e+01   1.0988456e+00   1.6059527e+01   5.4313451e+00   6.6816101e+00   3.2687672e+00   9.8550887e-03   5.8943939e-01   1.8649234e-01   5.3884180e+01   4.4564456e+01   6.2780135e+01   5.3257829e+01   2.6758025e+01   6.0498635e+01   2.6059205e+01   3.7243184e+01   4.6438250e+01   3.5897023e+01   1.0815345e+01
   2.7543155e-01   3.6192017e+03   4.4449762e+03   9.2618118e+00   3.2299628e+01   4.7792022e+01   2.7990726e+03   6.4239907e+01   1.2292076e+02   2.0673770e-01   9.2026399e+01   5.1487744e+01   2.7036288e+03   2.5401960e+01   5.0826749e+01   3.3313317e+03   2.3139128e+01   6.6656700e+01  -8.2576986e-01   2.7325266e+02   1.0246827e+02   9.2449228e+01   3.2118853e+01   1.4805786e+01   1.8730507e+01   6.0095153e+00   1.6369711e+01   4.0366590e+00   3.2162815e+01   2.1672862e+01   1.3219223e+01   7.5395977e-01   1.6229009e+01   5.3907805e+00   6.6544378e+00   3.2571758e+00   9.8550887e-03   5.8943939e-01   1.8649234e-01   5.3884180e+01   4.4564456e+01   6.2809467e+01   5.3260189e+01   2.7093477e+01   6.0374332e+01   2.5781518e+01   3.7253843e+01   4.6435811e+01   3.6038546e+01   1.4906960e+01
   2.7427869e-01   3.6608427e+03   4.4595036e+03   9.1906507e+00   3.2155564e+01   4.7743544e+01   2.7999346e+03   6.4505361e+01   1.2291601e+02   2.1117454e-01   9.2031596e+01   4.8786102e+01   2.7038888e+03   2.5551166e+01   4.8782513e+01   3.3314948e+03   2.2827430e+01   6.6679295e+01   1.0461167e+00   2.7299761e+02   1.0247486e+02   9.2299333e+01   3.2356007e+01   1.4813939e+01   1.8707673e+01   5.9139101e+00   1.6189852e+01   4.0616478e+00   3.2763320e+01   2.1722503e+01   1.3126029e+01   1.0494599e+00   1.6230793e+01   5.3788919e+00   6.6639180e+00   3.2204001e+00   9.8550887e-03   5.8943939e-01   1.8649234e-01   5.3884180e+01   4.4564456e+01   6.2800362e+01   5.3264194e+01   2.6965477e+01   6.0573691e+01   2.5603608e+01   3.7247172e+01   4.6440546e+01   3.5977503e+01   1.4869126e+01
   2.7152393e-01   3.6516902e+03   4.4584852e+03   9.1225654e+00   3.2628856e+01   4.7661048e+01   2.8002789e+03   6.5025378e+01   1.2290455e+02   2.0916542e-01   9.2026342e+01   4.9646409e+01   2.7042381e+03   2.5160809e+01   4.8074603e+01   3.3316524e+03   2.3015569e+01   6.6683752e+01  -5.7036515e-01   2.7333475e+02   1.0246579e+02   9.2354907e+01   3.2256942e+01   1.4794884e+01   1.8970713e+01   5.9874231e+00   1.6331201e+01   4.0505728e+00   3.2965530e+01   2.1635636e+01   1.3081751e+01   9.7136442e-01   1.5885210e+01   5.3723658e+00   6.7156708e+00   3.2265251e+00   1.9664394e-02   5.7211274e-01   1.8224216e-01   5.4757559e+01   4.4002592e+01   6.2757658e+01   5.3327597e+01   2.6685946e+01   6.0473665e+01   2.5550848e+01   3.7213970e+01   4.6426966e+01   3.5907061e+01   1.3744762e+01
   2.7188745e-01   3.6485120e+03   4.4746815e+03   9.2104479e+00   3.2969599e+01   4.7683701e+01   2.7999985e+03   6.5790203e+01   1.2287887e+02   2.0825395e-01   9.2010142e+01   5.1484946e+01   2.7035367e+03   2.5351564e+01   4.9133750e+01   3.3311966e+03   2.2827405e+01   6.6683641e+01  -5.1058522e-01   2.7296950e+02   1.0247302e+02   9.2281612e+01   3.2277051e+01   1.4742950e+01   1.8651659e+01   5.9121902e+00   1.6492845e+01   4.0205164e+00   3.2799392e+01   2.1728923e+01   1.2974034e+01   7.2839703e-01   1.5855262e+01   5.3820820e+00   6.6493537e+00   3.2244024e+00   1.9664394e-02   5.7211274e-01   1.8224216e-01   5.4757559e+01   4.4002592e+01   6.2676706e+01   5.3419877e+01   2.6910127e+01   6.0481341e+01   2.5531867e+01   3.7239363e+01   4.6462819e+01   3.5736206e+01   1.1467981e+01
   2.7271203e-01   3.6122504e+03   4.4628204e+03   9.3593360e+00   3.2336466e+01   4.7559614e+01   2.8009491e+03   6.4287702e+01   1.2290409e+02   2.1122170e-01   9.2115884e+01   4.8624431e+01   2.7061944e+03   2.5506161e+01   5.0001520e+01   3.3333957e+03   2.2819991e+01   6.6693056e+01   1.0356377e-01   2.7297188e+02   1.0246754e+02   9.2428993e+01   3.1693805e+01   1.4895387e+01   1.8446388e+01   6.0401940e+00   1.6788875e+01   4.0631359e+00   3.2371956e+01   2.1782410e+01   1.3144951e+01   8.1430605e-01   1.5966886e+01   5.4260196e+00   6.7050978e+00   3.3540793e+00   9.2728290e-03   5.7594534e-01   1.8594665e-01   5.4229885e+01   4.3502778e+01   6.2606673e+01   5.3449319e+01   2.6632376e+01   6.0569833e+01   2.5869692e+01   3.7223583e+01   4.6440536e+01   3.5904636e+01   1.3652057e+01
   2.6828321e-01   3.6475837e+03   4.4479400e+03   9.2547680e+00   3.2413457e+01   4.7696267e+01   2.8009101e+03   6.5739345e+01   1.2289662e+02   2.1402131e-01   9.1957401e+01   5.1482369e+01   2.7047043e+03   2.5509172e+01   4.9378060e+01   3.3328110e+03   2.2711856e+01   6.6625518e+01  -2.1531245e+00   2.7311190e+02   1.0249509e+02   9.2518574e+01   3.2110720e+01   1.4905425e+01   1.8911148e+01   5.9822898e+00   1.7237580e+01   4.0494010e+00   3.2930861e+01   2.1689693e+01   1.2746593e+01   8.7678515e-01   1.6441019e+01   5.3942713e+00   6.6613328e+00   3.3617837e+00   9.2728290e-03   5.7594534e-01   1.8594665e-01   5.4229885e+01   4.3502778e+01   6.2658639e+01   5.3408167e+01   2.6627841e+01   6.0716436e+01   2.6236062e+01   3.7226792e+01   4.6437577e+01   3.5875268e+01   9.7038757e+00
   2.7324429e-01   3.6123298e+03   4.4895645e+03   9.1928147e+00   3.2232209e+01   4.7542722e+01   2.8013483e+03   6.4943520e+01   1.2291066e+02   2.2046177e-01   9.2064145e+01   5.0787211e+01   2.7060249e+03   2.5095408e+01   4.7863643e+01   3.3335776e+03   2.2938404e+01   6.6646023e+01  -4.1361659e-01   2.7359649e+02   1.0248453e+02   9.2490353e+01   3.2058816e+01   1.5088167e+01   1.8380761e+01   5.7226636e+00   1.6377365e+01   4.0707689e+00   3.3095226e+01   2.1527699e+01   1.3033616e+01   1.0953521e+00   1.6122283e+01   5.4033031e+00   6.7609041e+00   3.2339170e+00   9.2728290e-03   5.7594534e-01   1.8594665e-01   5.4229885e+01   4.3502778e+01   6.2669123e+01   5.3387210e+01   2.6896451e+01   6.0512245e+01   2.6981073e+01   3.7189042e+01   4.6408232e+01   3.5956639e+01   1.2232056e+01
   2.6897729e-01   3.6341247e+03   4.4741417e+03   9.2691963e+00   3.2276830e+01   4.7714816e+01   2.8004609e+03   6.5782794e+01   1.2290615e+02   2.2642676e-01   9.2011946e+01   5.0640679e+01   2.7059898e+03   2.5208183e+01   4.9558612e+01   3.3334784e+03   2.3097435e+01   6.6649700e+01   1.0997629e-01   2.7293537e+02   1.0247357e+02   9.2418449e+01   3.2115307e+01   1.4957511e+01   1.8606718e+01   5.8047283e+00   1.6690086e+01   4.0549099e+00   3.2454727e+01   2.1931866e+01   1.2921848e+01   9.0559676e-01   1.6496203e+01   5.4260478e+00   6.7614927e+00   3.2207065e+00   4.2671135e-02   5.6882532e-01   1.8192801e-01   5.2729151e+01   4.4472774e+01   6.2757116e+01   5.3265130e+01   2.6437595e+01   6.0693182e+01   2.7669269e+01   3.7212627e+01   4.6425880e+01   3.5944574e+01   1.2822843e+01
   2.6865039e-01   3.6708551e+03   4.4251814e+03   9.2199037e+00   3.2672074e+01   4.7286514e+01   2.8008574e+03   6.4848224e+01   1.2291766e+02   2.2994745e-01   9.2048015e+01   5.2292339e+01   2.7051981e+03   2.5279316e+01   4.9753724e+01   3.3322206e+03   2.2769493e+01   6.6611219e+01   1.0619519e-01   2.7347604e+02   1.0245728e+02   9.2444433e+01   3.2534783e+01   1.4932242e+01   1.9334179e+01   5.8704361e+00   1.6556822e+01   4.0484871e+00   3.2668345e+01   2.1725649e+01   1.3282995e+01   8.9517144e-01   1.6051320e+01   5.3713265e+00   6.6250328e+00   3.2570655e+00   4.2671135e-02   5.6882532e-01   1.8192801e-01   5.2729151e+01   4.4472774e+01   6.2880583e+01   5.3123318e+01   2.6389535e+01   6.0583834e+01   2.8065747e+01   3.7217104e+01   4.6386376e+01   3.5974852e+01   1.4050867e+01
   2.7388593e-01   3.6581083e+03   4.4619150e+03   9.1420432e+00   3.2747017e+01   4.7619482e+01   2.7990204e+03   6.4835179e+01   1.2290408e+02   2.2422457e-01   9.2063881e+01   4.9159978e+01   2.7036215e+03   2.5175766e+01   4.9258955e+01   3.3312934e+03   2.3078856e+01   6.6669686e+01   9.4961217e-01   2.7341051e+02   1.0246657e+02   9.2473673e+01   3.2184413e+01   1.4761328e+01   1.8729539e+01   5.9830622e+00   1.6375077e+01   4.0235638e+00   3.3257990e+01   2.1761583e+01   1.3110996e+01   9.3812093e-01   1.6413454e+01   5.4238408e+00   6.6335010e+00   3.2408873e+00   1.6021942e-02   5.7978176e-01   1.9492096e-01   5.4224877e+01   4.3306669e+01   6.2939607e+01   5.3067407e+01   2.6943290e+01   6.0341913e+01   2.7716120e+01   3.7243257e+01   4.6420800e+01   3.5957972e+01   1.2242332e+01
   2.7166524e-01   3.6340550e+03   4.4165000e+03   9.2391697e+00   3.2575315e+01   4.7496560e+01   2.7974133e+03   6.4979914e+01   1.2289719e+02   2.1963241e-01   9.1947204e+01   4.8959840e+01   2.7016981e+03   2.5109373e+01   4.8162974e+01   3.3290332e+03   2.2868869e+01   6.6645969e+01   3.0997693e-01   2.7349074e+02   1.0249801e+02   9.2387394e+01   3.1971914e+01   1.4900277e+01   1.8842325e+01   5.9274560e+00   1.6518189e+01   4.0568210e+00   3.3249467e+01   2.2010843e+01   1.3531643e+01   8.6866481e-01   1.6149289e+01   5.4430087e+00   6.6021939e+00   3.3111688e+00   1.6021942e-02   5.7978176e-01   1.9492096e-01   5.4224877e+01   4.3306669e+01   6.2834202e+01   5.3218068e+01   2.6793992e+01   6.0585334e+01   2.6564591e+01   3.7206663e+01   4.6411359e+01   3.6017280e+01   1.3644156e+01
   2.7621073e-01   3.6527484e+03   4.4311910e+03   9.2424888e+00   3.2864688e+01   4.7381097e+01   2.7984547e+03   6.5098534e+01   1.2291614e+02   2.1237870e-01   9.2034589e+01   4.8808479e+01   2.7030781e+03   2.5321290e+01   5.0870317e+01   3.3305956e+03   2.2819669e+01   6.6667986e+01  -3.8289663e-01   2.7355857e+02   1.0248880e+02   9.2285879e+01   3.2338186e+01   1.4827779e+01   1.8586440e+01   5.9982680e+00   1.6651464e+01   4.0589553e+00   3.2377029e+01   2.1868447e+01   1.3183946e+01   6.3394928e-01   1.5873133e+01   5.4140120e+00   6.6888317e+00   3.2101107e+00   1.6021942e-02   5.7978176e-01   1.9492096e-01   5.4224877e+01   4.3306669e+01   6.2781253e+01   5.3313744e+01   2.7009367e+01   6.0542310e+01   2.5894190e+01   3.7219806e+01   4.6450611e+01   3.5967954e+01   1.2551127e+01
   2.6890934e-01   3.6501515e+03   4.4603546e+03   9.2781282e+00   3.2531338e+01   4.7585763e+01   2.7989590e+03   6.4225751e+01   1.2290186e+02   2.1032133e-01   9.1971023e+01   5.0727798e+01   2.7034431e+03   2.5168507e+01   5.0762319e+01   3.3309135e+03   2.2870594e+01   6.6663419e+01   1.6360543e+00   2.7322118e+02   1.0246701e+02   9.2320943e+01   3.2362646e+01   1.4917595e+01   1.8640939e+01   6.1504205e+00   1.6704482e+01   4.0602387e+00   3.2585304e+01   2.1711859e+01   1.3133087e+01   9.1020050e-01   1.6286098e+01   5.4539557e+00   6.6599847e+00   3.2944566e+00   1.2846725e-02   5.9856797e-01   1.8897387e-01   5.3484840e+01   4.3994079e+01   6.2784871e+01   5.3290752e+01   2.6551006e+01   6.0564331e+01   2.5464014e+01   3.7203436e+01   4.6404974e+01   3.5895317e+01   1.2415244e+01
   2.6669347e-01   3.6070147e+03   4.4292182e+03   9.2430325e+00   3.2742933e+01   4.7676095e+01   2.8005881e+03   6.4634848e+01   1.2290384e+02   2.0542981e-01   9.2148906e+01   5.0406498e+01   2.7049347e+03   2.5108248e+01   5.1533031e+01   3.3326602e+03   2.2769430e+01   6.6679688e+01  -8.5651549e-01   2.7351712e+02   1.0246120e+02   9.2383809e+01   3.2641858e+01   1.4869394e+01   1.8302807e+01   6.1559443e+00   1.6783907e+01   4.0641948e+00   3.2920671e+01   2.1608606e+01   1.3650057e+01   1.0082535e+00   1.6250145e+01   5.3887852e+00   6.7207566e+00   3.2780031e+00   1.2846725e-02   5.9856797e-01   1.8897387e-01   5.3484840e+01   4.3994079e+01   6.2823872e+01   5.3232745e+01   2.6321362e+01   6.0551723e+01   2.5258286e+01   3.7220444e+01   4.6411188e+01   3.5979861e+01   1.4193705e+01
   2.5901100e-01   3.6287765e+03   4.4358905e+03   9.2244820e+00   3.2431909e+01   4.7416684e+01   2.8006286e+03   6.4897265e+01   1.2290974e+02   2.0350171e-01   9.2064840e+01   5.0080976e+01   2.7042096e+03   2.5212988e+01   4.8069087e+01   3.3315557e+03   2.2701883e+01   6.6673647e+01   1.8101023e+00   2.7334141e+02   1.0245882e+02   9.2538121e+01   3.2110646e+01   1.4904474e+01   1.8857468e+01   5.8256315e+00   1.6774047e+01   4.0531324e+00   3.2260324e+01   2.1578446e+01   1.3508547e+01   1.0350471e+00   1.6075735e+01   5.3835474e+00   6.6987989e+00   3.3843806e+00   1.8525454e-02   5.7249512e-01   1.8144207e-01   5.4233243e+01   4.3864636e+01   6.2840446e+01   5.3197429e+01   2.5552078e+01   6.0729733e+01   2.5283851e+01   3.7218992e+01   4.6418371e+01   3.5956405e+01   1.2451556e+01
   2.6691191e-01   3.6520073e+03   4.4564068e+03   9.2148933e+00   3.2476833e+01   4.7729029e+01   2.8001310e+03   6.6108567e+01   1.2287816e+02   2.0694226e-01   9.2024739e+01   4.8980086e+01   2.7041914e+03   2.5547086e+01   5.3016809e+01   3.3314614e+03   2.2886653e+01   6.6665153e+01  -1.6874923e+00   2.7355629e+02   1.0246917e+02   9.2411275e+01   3.2345674e+01   1.4926294e+01   1.8906007e+01   6.0423785e+00   1.6827832e+01   4.0563751e+00   3.2583540e+01   2.1798056e+01   1.3255669e+01   9.5917883e-01   1.6224863e+01   5.4174782e+00   6.7483067e+00   3.2373522e+00   1.8525454e-02   5.7249512e-01   1.8144207e-01   5.4233243e+01   4.3864636e+01   6.2786547e+01   5.3282733e+01   2.6113144e+01   6.0538864e+01   2.5346906e+01   3.7216701e+01   4.6418760e+01   3.6053985e+01   1.2056430e+01
   2.6677482e-01   3.6382989e+03   4.4424549e+03   9.2642429e+00   3.2512286e+01   4.7405574e+01   2.7997767e+03   6.5361491e+01   1.2289713e+02   2.0861441e-01   9.2014537e+01   5.1506398e+01   2.7036768e+03   2.5457227e+01   5.1184506e+01   3.3310176e+03   2.2910540e+01   6.6668643e+01   2.4332547e+00   2.7331966e+02   1.0248258e+02   9.2180764e+01   3.2045244e+01   1.4894902e+01   1.8997094e+01   6.0255363e+00   1.6802120e+01   4.0351379e+00   3.2769082e+01   2.1842118e+01   1.3194683e+01   1.0599712e+00   1.6246993e+01   5.4091081e+00   6.6788357e+00   3.2248691e+00   1.8525454e-02   5.7249512e-01   1.8144207e-01   5.4233243e+01   4.3864636e+01   6.2722503e+01   5.3350660e+01   2.6318607e+01   6.0448406e+01   2.5274311e+01   3.7191241e+01   4.6400689e+01   3.6032287e+01   1.4863363e+01
   2.7198941e-01   3.6456908e+03   4.4701919e+03   9.1683489e+00   3.2509762e+01   4.7823213e+01   2.7999487e+03   6.4283887e+01   1.2289008e+02   2.0631294e-01   9.2084290e+01   4.9195883e+01   2.7044643e+03   2.5286340e+01   5.0468782e+01   3.3326058e+03   2.3126002e+01   6.6717158e+01  -3.6870613e-01   2.7356208e+02   1.0246891e+02   9.2483793e+01   3.2552425e+01   1.4798119e+01   1.8498851e+01   5.9055286e+00   1.6730074e+01   4.0462344e+00   3.2632954e+01   2.1639141e+01   1.3490135e+01   9.7219085e-01   1.6325281e+01   5.3914315e+00   6.7342636e+00   3.2474606e+00   3.3262422e-03   5.7670635e-01   1.7364140e-01   5.4285375e+01   4.4790352e+01   6.2707884e+01   5.3377315e+01   2.6765331e+01   6.0440193e+01   2.5309156e+01   3.7230369e+01   4.6419004e+01   3.5772913e+01   1.2834327e+01
   2.6521779e-01   3.6266624e+03   4.4383772e+03   9.2997947e+00   3.2505735e+01   4.7763549e+01   2.7999946e+03   6.5180995e+01   1.2289711e+02   2.0984790e-01   9.2014770e+01   5.0285232e+01   2.7043319e+03   2.5237580e+01   4.9040213e+01   3.3323099e+03   2.2683044e+01   6.6677377e+01  -1.0189298e+00   2.7329439e+02   1.0248605e+02   9.2377809e+01   3.1962882e+01   1.4929056e+01   1.8908677e+01   6.0252045e+00   1.6690577e+01   4.0727672e+00   3.2353275e+01   2.1565028e+01   1.3288892e+01   8.5787677e-01   1.5712009e+01   5.3531201e+00   6.5933126e+00   3.2032038e+00   3.3262422e-03   5.7670635e-01   1.7364140e-01   5.4285375e+01   4.4790352e+01   6.2683958e+01   5.3387455e+01   2.6055923e+01   6.0576384e+01   2.5315655e+01   3.7195332e+01   4.6416477e+01   3.5926120e+01   1.1972708e+01
   2.7072595e-01   3.6552483e+03   4.4747317e+03   9.1981217e+00   3.2224933e+01   4.7835373e+01   2.8005563e+03   6.4483247e+01   1.2290008e+02   2.1442861e-01   9.2036965e+01   4.8721039e+01   2.7052369e+03   2.5374590e+01   5.0219779e+01   3.3328353e+03   2.2918649e+01   6.6673030e+01   2.4105774e-01   2.7327342e+02   1.0248359e+02   9.2372867e+01   3.1766205e+01   1.4880618e+01   1.8587932e+01   6.1029697e+00   1.6643264e+01   4.0893672e+00   3.2943369e+01   2.1642572e+01   1.3127134e+01   8.8433079e-01   1.6267522e+01   5.4343402e+00   6.6426768e+00   3.2971243e+00   1.7645665e-02   5.5424003e-01   1.9517137e-01   5.5147893e+01   4.3577863e+01   6.2666367e+01   5.3394557e+01   2.6559427e+01   6.0559245e+01   2.5717211e+01   3.7228585e+01   4.6438090e+01   3.5909123e+01   1.3850482e+01
   2.7004889e-01   3.6575607e+03   4.4564428e+03   9.3224095e+00   3.2464630e+01   4.8035629e+01   2.8008577e+03   6.4400999e+01   1.2287871e+02   2.1328539e-01   9.2009794e+01   5.0594635e+01   2.7054316e+03   2.5340564e+01   5.0385445e+01   3.3330752e+03   2.2824989e+01   6.6633921e+01  -1.5002722e+00   2.7377724e+02   1.0249206e+02   9.2411397e+01   3.2409828e+01   1.4945370e+01   1.8593591e+01   5.8892221e+00   1.6929374e+01   4.0752107e+00   3.2482386e+01   2.1673255e+01   1.3497172e+01   6.9319459e-01   1.5992123e+01   5.3662064e+00   6.6898791e+00   3.3391411e+00   1.7645665e-02   5.5424003e-01   1.9517137e-01   5.5147893e+01   4.3577863e+01   6.2545405e+01   5.3506712e+01   2.6590873e+01   6.0640823e+01   2.6074914e+01   3.7247868e+01   4.6395567e+01   3.5864878e+01   1.2389521e+01
   2.6314912e-01   3.6033004e+03   4.4459147e+03   9.2734515e+00   3.2528214e+01   4.7629193e+01   2.8020316e+03   6.5985657e+01   1.2288656e+02   2.2266077e-01   9.2006692e+01   4.9725728e+01   2.7062133e+03   2.5240546e+01   5.0911343e+01   3.3338280e+03   2.3027096e+01   6.6646245e+01   1.7424669e+00   2.7347268e+02   1.0249145e+02   9.2273614e+01   3.2415539e+01   1.4924738e+01   1.8396240e+01   5.8055062e+00   1.6624975e+01   4.0498366e+00   3.2827064e+01   2.1772098e+01   1.3220389e+01   8.0974955e-01   1.6347873e+01   5.3857707e+00   6.6578852e+00   3.3590090e+00   1.7645665e-02   5.5424003e-01   1.9517137e-01   5.5147893e+01   4.3577863e+01   6.2498687e+01   5.3561194e+01   2.6159941e+01   6.0644971e+01   2.7035691e+01   3.7217313e+01   4.6424193e+01   3.5872649e+01   1.1175674e+01
   2.6073315e-01   3.6668711e+03   4.4815581e+03   9.2011154e+00   3.2503170e+01   4.7679914e+01   2.8016692e+03   6.4197692e+01   1.2287688e+02   2.2896778e-01   9.2002962e+01   4.9976732e+01   2.7063645e+03   2.5081502e+01   5.0652321e+01   3.3345572e+03   2.2833291e+01   6.6625397e+01  -1.0613695e+00   2.7298443e+02   1.0247312e+02   9.2136116e+01   3.1847921e+01   1.4813954e+01   1.8503190e+01   6.0590670e+00   1.6801625e+01   3.9974575e+00   3.2909599e+01   2.1652529e+01   1.3330942e+01   8.9087676e-01   1.6279232e+01   5.3544715e+00   6.7227966e+00   3.2655033e+00   2.8976927e-03   5.8134680e-01   1.8984216e-01   5.3193311e+01   4.3989581e+01   6.2569886e+01   5.3429351e+01   2.5639250e+01   6.0655605e+01   2.7970310e+01   3.7161725e+01   4.6416524e+01   3.5773122e+01   1.1274077e+01
   2.6185368e-01   3.6752240e+03   4.4673737e+03   9.3336033e+00   3.2589046e+01   4.7259964e+01   2.8027966e+03   6.4534961e+01   1.2289989e+02   2.3468464e-01   9.2182174e+01   5.0686864e+01   2.7074055e+03   2.5398297e+01   4.9913802e+01   3.3354496e+03   2.2932549e+01   6.6642366e+01   9.0862013e-01   2.7345496e+02   1.0245832e+02   9.2590893e+01   3.1888563e+01   1.4807884e+01   1.8410677e+01   5.9681854e+00   1.6719170e+01   4.0471788e+00   3.3453087e+01   2.1739411e+01   1.3390696e+01   1.0875837e+00   1.6080758e+01   5.4056448e+00   6.7162851e+00   3.3215909e+00   2.8976927e-03   5.8134680e-01   1.8984216e-01   5.3193311e+01   4.3989581e+01   6.2686520e+01   5.3289823e+01   2.5841778e+01   6.0685019e+01   2.8853978e+01   3.7179270e+01   4.6399726e+01   3.5982721e+01   1.3385977e+01
   2.6211644e-01   3.6758100e+03   4.4604105e+03   9.2804729e+00   3.2221458e+01   4.7601682e+01   2.8019653e+03   6.6427516e+01   1.2291921e+02   2.4113149e-01   9.2101267e+01   5.0080782e+01   2.7061539e+03   2.5334675e+01   4.9635728e+01   3.3341660e+03   2.2747677e+01   6.6654970e+01  -6.2076558e-01   2.7360520e+02   1.0247194e+02   9.2493960e+01   3.1935269e+01   1.4862304e+01   1.8373959e+01   5.9158224e+00   1.6629650e+01   4.0308671e+00   3.3072831e+01   2.1636947e+01   1.2908805e+01   8.6494117e-01   1.6015050e+01   5.3799944e+00   6.7191861e+00   3.2151941e+00   3.8646583e-03   5.8215116e-01   1.6921827e-01   5.3152208e+01   4.3344330e+01   6.2753369e+01   5.3241389e+01   2.5792443e+01   6.0791125e+01   2.9619187e+01   3.7224021e+01   4.6410374e+01   3.6057605e+01   1.0479589e+01
   2.6133896e-01   3.6128143e+03   4.4643545e+03   9.2850515e+00   3.2389519e+01   4.7326281e+01   2.7997825e+03   6.5093148e+01   1.2289144e+02   2.4833849e-01   9.1992712e+01   4.9759498e+01   2.7049875e+03   2.5125102e+01   5.1376924e+01   3.3327087e+03   2.2844763e+01   6.6656915e+01   1.8409383e+00   2.7293320e+02   1.0247815e+02   9.2204492e+01   3.1995044e+01   1.4685545e+01   1.8627743e+01   6.0462215e+00   1.6357799e+01   4.0298949e+00   3.3127457e+01   2.1633440e+01   1.3197724e+01   8.0263391e-01   1.6191751e+01   5.3967581e+00   6.5679436e+00   3.2192878e+00   3.8646583e-03   5.8215116e-01   1.6921827e-01   5.3152208e+01   4.3344330e+01   6.2803326e+01   5.3198312e+01   2.5664367e+01   6.0769380e+01   2.9992041e+01   3.7197552e+01   4.6422230e+01   3.5904543e+01   1.4159300e+01
   2.6096218e-01   3.6422612e+03   4.4183340e+03   9.2638788e+00   3.2418635e+01   4.7469829e+01   2.8005533e+03   6.4905573e+01   1.2291822e+02   2.4612148e-01   9.2138601e+01   4.9845913e+01   2.7042166e+03   2.5490433e+01   5.0870304e+01   3.3327347e+03   2.2847636e+01   6.6684172e+01  -7.8251062e-01   2.7315644e+02   1.0245669e+02   9.2338685e+01   3.2226535e+01   1.4815014e+01   1.8761134e+01   5.8550697e+00   1.6451714e+01   4.0639547e+00   3.2772128e+01   2.1720949e+01   1.3165954e+01   7.5228795e-01   1.5845453e+01   5.4526709e+00   6.6618378e+00   3.3296239e+00   3.8646583e-03   5.8215116e-01   1.6921827e-01   5.3152208e+01   4.3344330e+01   6.2849237e+01   5.3163550e+01   2.5843716e+01   6.0696131e+01   2.9990271e+01   3.7179237e+01   4.6434493e+01   3.6010554e+01   1.3802393e+01
   2.6384434e-01   3.6654435e+03   4.4243308e+03   9.2250257e+00   3.2800567e+01   4.7693250e+01   2.7983330e+03   6.4166634e+01   1.2292847e+02   2.4095921e-01   9.1987638e+01   4.9069440e+01   2.7020209e+03   2.5312477e+01   4.8890874e+01   3.3297239e+03   2.2739712e+01   6.6666904e+01   2.1416257e+00   2.7311739e+02   1.0248846e+02   9.2300039e+01   3.2832718e+01   1.4832384e+01   1.8930873e+01   6.0808403e+00   1.6528553e+01   4.0563107e+00   3.2742143e+01   2.1660254e+01   1.3566424e+01   8.4452228e-01   1.5995541e+01   5.3980068e+00   6.6600255e+00   3.2081186e+00   7.0914398e-03   5.7661403e-01   1.8617311e-01   5.4132704e+01   4.3539012e+01   6.2803730e+01   5.3225400e+01   2.5925889e+01   6.0590332e+01   2.9320228e+01   3.7153956e+01   4.6387289e+01   3.5776406e+01   1.2380635e+01
   2.6231747e-01   3.6370844e+03   4.4655360e+03   9.3098995e+00   3.2366622e+01   4.7449270e+01   2.7979906e+03   6.3926706e+01   1.2289541e+02   2.2961289e-01   9.2083187e+01   5.1524664e+01   2.7025618e+03   2.5379985e+01   5.2867773e+01   3.3292703e+03   2.2814905e+01   6.6721834e+01   7.0958684e-01   2.7301237e+02   1.0249134e+02   9.2440331e+01   3.2441033e+01   1.4801018e+01   1.8986191e+01   5.9772825e+00   1.6214872e+01   4.0637930e+00   3.2904322e+01   2.1623777e+01   1.3375982e+01   7.1475648e-01   1.5749567e+01   5.3795419e+00   6.6403610e+00   3.2830981e+00   7.0914398e-03   5.7661403e-01   1.8617311e-01   5.4132704e+01   4.3539012e+01   6.2739421e+01   5.3316624e+01   2.5748621e+01   6.0505634e+01   2.8368924e+01   3.7206868e+01   4.6415105e+01   3.5929980e+01   1.2869621e+01
   2.6371279e-01   3.6705196e+03   4.4662817e+03   9.2173263e+00   3.2548033e+01   4.7854174e+01   2.7970569e+03   6.5155528e+01   1.2291789e+02   2.2221505e-01   9.2124156e+01   5.0738577e+01   2.7023037e+03   2.5387285e+01   5.1950186e+01   3.3296997e+03   2.2969000e+01   6.6719381e+01  -1.3803465e+00   2.7294271e+02   1.0248574e+02   9.2426170e+01   3.2421830e+01   1.4917605e+01   1.8953063e+01   5.9364473e+00   1.6441072e+01   3.9946186e+00   3.3020381e+01   2.1552067e+01   1.3123405e+01   8.3912611e-01   1.6410057e+01   5.4291027e+00   6.6932005e+00   3.3582595e+00   1.5194239e-02   5.7661043e-01   1.9139036e-01   5.3823187e+01   4.4488684e+01   6.2715885e+01   5.3345086e+01   2.5962162e+01   6.0511229e+01   2.7145041e+01   3.7199507e+01   4.6403394e+01   3.5814936e+01   1.3822972e+01
   2.6355318e-01   3.6518084e+03   4.4370065e+03   9.2197379e+00   3.2679709e+01   4.7568469e+01   2.7968710e+03   6.4263897e+01   1.2290958e+02   2.1323831e-01   9.2058086e+01   4.9676508e+01   2.7017675e+03   2.5038409e+01   5.0397900e+01   3.3290121e+03   2.2804906e+01   6.6720240e+01   1.3951877e+00   2.7304255e+02   1.0249694e+02   9.2417884e+01   3.2265806e+01   1.4728386e+01   1.8975339e+01   5.9916259e+00   1.6638627e+01   4.0380113e+00   3.3073894e+01   2.1529743e+01   1.3493336e+01   9.7059174e-01   1.5905248e+01   5.3806657e+00   6.6275499e+00   3.3245245e+00   1.5194239e-02   5.7661043e-01   1.9139036e-01   5.3823187e+01   4.4488684e+01   6.2715094e+01   5.3333775e+01   2.6055804e+01   6.0509618e+01   2.6006083e+01   3.7194874e+01   4.6411686e+01   3.5823308e+01   1.1010849e+01
   2.6680603e-01   3.6454877e+03   4.4851499e+03   9.2389010e+00   3.2439520e+01   4.7937596e+01   2.7987235e+03   6.4494690e+01   1.2288876e+02   2.0499965e-01   9.2117643e+01   4.9696396e+01   2.7023569e+03   2.5344060e+01   5.2376183e+01   3.3302306e+03   2.2875194e+01   6.6732623e+01   9.2260068e-01   2.7338947e+02   1.0247604e+02   9.2525802e+01   3.2536870e+01   1.4681074e+01   1.9008505e+01   5.9082460e+00   1.6417157e+01   4.0343298e+00   3.2902651e+01   2.1416491e+01   1.3539950e+01   8.6670534e-01   1.6214384e+01   5.3698432e+00   6.6182044e+00   3.3469526e+00   1.5194239e-02   5.7661043e-01   1.9139036e-01   5.3823187e+01   4.4488684e+01   6.2723339e+01   5.3323265e+01   2.6249322e+01   6.0525146e+01   2.5233023e+01   3.7151741e+01   4.6406248e+01   3.5932496e+01   1.5155091e+01
   2.6398499e-01   3.6392450e+03   4.4218521e+03   9.1908300e+00   3.2485114e+01   4.7691358e+01   2.7983147e+03   6.5169537e+01   1.2291568e+02   2.0552992e-01   9.2090642e+01   4.9224767e+01   2.7032666e+03   2.5058766e+01   5.0699599e+01   3.3302321e+03   2.3075835e+01   6.6726250e+01  -6.1330329e-01   2.7318147e+02   1.0248388e+02   9.2516486e+01   3.2101042e+01   1.4982677e+01   1.8747502e+01   5.9381668e+00   1.6614896e+01   4.0841137e+00   3.3127619e+01   2.1625590e+01   1.2832216e+01   9.1195014e-01   1.6229328e+01   5.3540249e+00   6.7863665e+00   3.2974430e+00   1.5974150e-02   5.7375876e-01   1.8110079e-01   5.2980398e+01   4.3132894e+01   6.2793434e+01   5.3235342e+01   2.6214489e+01   6.0504972e+01   2.4641837e+01   3.7190211e+01   4.6436294e+01   3.5762324e+01   1.3280453e+01
   2.6423843e-01   3.6422100e+03   4.4675404e+03   9.2200425e+00   3.2774747e+01   4.7475087e+01   2.7988414e+03   6.5497662e+01   1.2291416e+02   1.9868652e-01   9.2033810e+01   5.1186354e+01   2.7023828e+03   2.5346132e+01   5.0720137e+01   3.3301569e+03   2.2733244e+01   6.6713964e+01   2.9807992e-01   2.7310518e+02   1.0248082e+02   9.2368965e+01   3.1693177e+01   1.4890670e+01   1.8385225e+01   5.9232126e+00   1.6594654e+01   4.0315071e+00   3.2444581e+01   2.1670533e+01   1.3444201e+01   7.7763704e-01   1.6171091e+01   5.3851814e+00   6.7111000e+00   3.2331481e+00   1.5974150e-02   5.7375876e-01   1.8110079e-01   5.2980398e+01   4.3132894e+01   6.2860840e+01   5.3167347e+01   2.6191973e+01   6.0559027e+01   2.4162894e+01   3.7162189e+01   4.6395341e+01   3.5906421e+01   1.2961117e+01
   2.6397540e-01   3.6476310e+03   4.4445824e+03   9.2467620e+00   3.2498962e+01   4.7644127e+01   2.7998917e+03   6.5091775e+01   1.2287971e+02   1.9956615e-01   9.2064686e+01   5.0259390e+01   2.7040125e+03   2.5200330e+01   5.0510218e+01   3.3319452e+03   2.3020640e+01   6.6696504e+01   1.4188099e-01   2.7301936e+02   1.0245084e+02   9.2312011e+01   3.2603484e+01   1.4846814e+01   1.8555518e+01   6.0335963e+00   1.6505502e+01   4.0865279e+00   3.2676527e+01   2.1613139e+01   1.3186091e+01   9.5471293e-01   1.5963401e+01   5.3788453e+00   6.7474627e+00   3.2459366e+00   5.0934335e-04   5.6051614e-01   1.9613964e-01   5.3264264e+01   4.4202505e+01   6.2923759e+01   5.3133576e+01   2.6031027e+01   6.0789102e+01   2.4120284e+01   3.7194169e+01   4.6424471e+01   3.6092924e+01   1.0754576e+01
   2.5839591e-01   3.6551303e+03   4.3994106e+03   9.3236226e+00   3.2758339e+01   4.7533938e+01   2.7998769e+03   6.5122163e+01   1.2288917e+02   2.0216034e-01   9.2012339e+01   4.8763406e+01   2.7046002e+03   2.5102764e+01   4.9041630e+01   3.3315544e+03   2.2734509e+01   6.6653926e+01   3.0372287e-02   2.7370881e+02   1.0246602e+02   9.2472663e+01   3.1963654e+01   1.4748380e+01   1.8871807e+01   5.9106914e+00   1.6618659e+01   4.0418912e+00   3.2716537e+01   2.1624706e+01   1.3247876e+01   9.2575211e-01   1.6174741e+01   5.3732679e+00   6.6862199e+00   3.3753494e+00   5.0934335e-04   5.6051614e-01   1.9613964e-01   5.3264264e+01   4.4202505e+01   6.2903284e+01   5.3139853e+01   2.5482905e+01   6.0676183e+01   2.4294426e+01   3.7192621e+01   4.6421336e+01   3.6012321e+01   1.2400602e+01
   2.6790798e-01   3.6379972e+03   4.4443189e+03   9.3009434e+00   3.2438113e+01   4.7728276e+01   2.8005293e+03   6.3912602e+01   1.2291101e+02   1.9898176e-01   9.2126362e+01   4.6713030e+01   2.7050807e+03   2.5322260e+01   4.9098277e+01   3.3326546e+03   2.2967300e+01   6.6663807e+01  -1.1417170e+00   2.7351850e+02   1.0243771e+02   9.2477200e+01   3.2405372e+01   1.4892318e+01   1.8484598e+01   6.1333051e+00   1.6436910e+01   4.0318055e+00   3.2641351e+01   2.1494276e+01   1.2870806e+01   1.0852041e+00   1.6267585e+01   5.3970284e+00   6.6417221e+00   3.2444035e+00   5.0934335e-04   5.6051614e-01   1.9613964e-01   5.3264264e+01   4.4202505e+01   6.2891854e+01   5.3137083e+01   2.5978652e+01   6.0579549e+01   2.4488507e+01   3.7183693e+01   4.6406317e+01   3.6056755e+01   1.0716486e+01
   2.6028029e-01   3.6854593e+03   4.4488678e+03   9.2590333e+00   3.2470784e+01   4.7678774e+01   2.8000766e+03   6.4175943e+01   1.2288639e+02   2.0503138e-01   9.2047478e+01   4.9478596e+01   2.7046643e+03   2.5291577e+01   5.1272223e+01   3.3325665e+03   2.2984065e+01   6.6666101e+01   3.0395769e-01   2.7332434e+02   1.0243564e+02   9.2488485e+01   3.1891486e+01   1.4935044e+01   1.8789472e+01   6.0557607e+00   1.6523624e+01   4.0237991e+00   3.2714631e+01   2.1646781e+01   1.2957946e+01   8.6341898e-01   1.5966656e+01   5.4188960e+00   6.6918228e+00   3.2230222e+00   1.0090762e-02   5.7478403e-01   1.7722960e-01   5.2477439e+01   4.4456249e+01   6.2950909e+01   5.3065409e+01   2.5476240e+01   6.0692872e+01   2.4757476e+01   3.7191760e+01   4.6411629e+01   3.5946994e+01   1.1897200e+01
   2.6392287e-01   3.6430272e+03   4.4318589e+03   9.2201845e+00   3.2535474e+01   4.7654823e+01   2.7998710e+03   6.4385238e+01   1.2288092e+02   2.0327416e-01   9.2004140e+01   4.8828463e+01   2.7044225e+03   2.5041361e+01   4.9288726e+01   3.3323374e+03   2.3061912e+01   6.6659829e+01  -1.7873209e+00   2.7380191e+02   1.0244134e+02   9.2461306e+01   3.2357937e+01   1.4797255e+01   1.8607298e+01   5.9949694e+00   1.6696039e+01   4.0515601e+00   3.2987522e+01   2.1579309e+01   1.3304977e+01   7.6166399e-01   1.6178240e+01   5.4023473e+00   6.7037087e+00   3.3493389e+00   1.0090762e-02   5.7478403e-01   1.7722960e-01   5.2477439e+01   4.4456249e+01   6.3017979e+01   5.2971437e+01   2.5902608e+01   6.0607449e+01   2.4978662e+01   3.7166679e+01   4.6391563e+01   3.5990977e+01   1.6105546e+01
   2.5720267e-01   3.6567252e+03   4.4655912e+03   9.2604458e+00   3.2120613e+01   4.7829158e+01   2.8008770e+03   6.4239789e+01   1.2290747e+02   2.0542349e-01   9.2052112e+01   5.0311448e+01   2.7043735e+03   2.5408004e+01   5.0489286e+01   3.3326006e+03   2.2943687e+01   6.6658574e+01  -1.1807331e+00   2.7359827e+02   1.0240468e+02   9.2447549e+01   3.2053666e+01   1.4743476e+01   1.8934736e+01   6.1535230e+00   1.6347893e+01   4.0555646e+00   3.2830051e+01   2.1717055e+01   1.3591570e+01   6.9369697e-01   1.6151641e+01   5.3736311e+00   6.6440340e+00   3.2789283e+00   1.4321746e-02   5.7129658e-01   1.8596084e-01   5.3342846e+01   4.4003287e+01   6.3077744e+01   5.2948356e+01   2.5598674e+01   6.0681376e+01   2.5155894e+01   3.7221143e+01   4.6414287e+01   3.6022326e+01   1.5764366e+01
   2.6473930e-01   3.6738267e+03   4.4415367e+03   9.1864915e+00   3.2235336e+01   4.7672388e+01   2.7993003e+03   6.5704125e+01   1.2290800e+02   2.0609062e-01   9.1974084e+01   4.9429504e+01   2.7031593e+03   2.5386388e+01   5.1387498e+01   3.3305578e+03   2.2763323e+01   6.6656319e+01   4.5774665e-02   2.7362083e+02   1.0246330e+02   9.2528713e+01   3.2001675e+01   1.4791677e+01   1.9028961e+01   5.8507173e+00   1.6382171e+01   4.0525823e+00   3.2727983e+01   2.1613463e+01   1.3523683e+01   6.9640308e-01   1.6286292e+01   5.3895030e+00   6.6530799e+00   3.3525034e+00   1.4321746e-02   5.7129658e-01   1.8596084e-01   5.3342846e+01   4.4003287e+01   6.3009183e+01   5.3017247e+01   2.6015979e+01   6.0569837e+01   2.5032386e+01   3.7178158e+01   4.6407903e+01   3.5974496e+01   1.1970378e+01
   2.6740129e-01   3.6573109e+03   4.4459468e+03   9.2780486e+00   3.2231947e+01   4.7456559e+01   2.7996272e+03   6.4886149e+01   1.2287379e+02   2.0385267e-01   9.2014863e+01   4.8667912e+01   2.7042655e+03   2.5081471e+01   5.0865884e+01   3.3314920e+03   2.3031249e+01   6.6681026e+01   1.7117810e+00   2.7345880e+02   1.0241866e+02   9.2250681e+01   3.2307463e+01   1.4943793e+01   1.8844355e+01   6.0848168e+00   1.6921036e+01   4.0398043e+00   3.3011176e+01   2.1642004e+01   1.3105320e+01   8.6193465e-01   1.6307316e+01   5.3993236e+00   6.6784892e+00   3.3419958e+00   1.4321746e-02   5.7129658e-01   1.8596084e-01   5.3342846e+01   4.4003287e+01   6.2988012e+01   5.3068221e+01   2.6420795e+01   6.0546166e+01   2.4985001e+01   3.7184911e+01   4.6397798e+01   3.5990630e+01   1.1873133e+01
   2.6738702e-01   3.6691110e+03   4.4208293e+03   9.2782111e+00   3.2156478e+01   4.7889524e+01   2.8004419e+03   6.4260155e+01   1.2288822e+02   2.0379205e-01   9.2089495e+01   4.9114520e+01   2.7046518e+03   2.5418845e+01   4.9631942e+01   3.3330551e+03   2.2805590e+01   6.6688314e+01   2.1460736e-01   2.7347684e+02   1.0244655e+02   9.2293253e+01   3.2080793e+01   1.4952924e+01   1.9300503e+01   5.9733644e+00   1.6379812e+01   4.0215593e+00   3.2480370e+01   2.1781878e+01   1.3298501e+01   9.6763879e-01   1.5979884e+01   5.4031442e+00   6.7343319e+00   3.2929837e+00  -4.8199560e-03   5.8186431e-01   1.9381117e-01   5.3786351e+01   4.3208251e+01   6.2943527e+01   5.3109475e+01   2.6233625e+01   6.0543318e+01   2.4904031e+01   3.7206345e+01   4.6407623e+01   3.5899525e+01   1.1735059e+01
   2.7305592e-01   3.6160506e+03   4.4475323e+03   9.3326563e+00   3.2587142e+01   4.7771515e+01   2.7991738e+03   6.5105513e+01   1.2291201e+02   2.0286890e-01   9.1964992e+01   5.1866194e+01   2.7034212e+03   2.5129556e+01   4.8175188e+01   3.3309708e+03   2.2946970e+01   6.6683981e+01  -3.5584918e-01   2.7341319e+02   1.0246862e+02   9.2550737e+01   3.2029442e+01   1.4828123e+01   1.8723526e+01   6.0227717e+00   1.6831851e+01   4.0039061e+00   3.2960278e+01   2.1629020e+01   1.3350512e+01   8.4639613e-01   1.5973945e+01   5.4602203e+00   6.6883919e+00   3.3026875e+00  -4.8199560e-03   5.8186431e-01   1.9381117e-01   5.3786351e+01   4.3208251e+01   6.2899629e+01   5.3153467e+01   2.6854517e+01   6.0417976e+01   2.4794903e+01   3.7231110e+01   4.6421120e+01   3.5840339e+01   1.4727994e+01
   2.6963035e-01   3.6797276e+03   4.4723766e+03   9.2717113e+00   3.2244153e+01   4.7738423e+01   2.8005923e+03   6.5423041e+01   1.2288710e+02   2.0822381e-01   9.2041775e+01   4.8655237e+01   2.7054738e+03   2.5185136e+01   4.9882464e+01   3.3326595e+03   2.3007979e+01   6.6717706e+01   2.8385149e+00   2.7345298e+02   1.0247607e+02   9.2330587e+01   3.1854920e+01   1.4678303e+01   1.8244099e+01   5.9742198e+00   1.6973410e+01   4.0565828e+00   3.3188676e+01   2.1896305e+01   1.3165660e+01   9.2802077e-01   1.6064283e+01   5.3759728e+00   6.6860623e+00   3.3041954e+00   2.2469892e-02   5.4940451e-01   1.7231573e-01   5.3948614e+01   4.4125328e+01   6.2887947e+01   5.3193283e+01   2.6579485e+01   6.0627975e+01   2.5189606e+01   3.7218138e+01   4.6452975e+01   3.5887139e+01   1.1890103e+01
   2.6108304e-01   3.6296973e+03   4.4134306e+03   9.3110035e+00   3.2343427e+01   4.7415709e+01   2.8015734e+03   6.4395532e+01   1.2290242e+02   2.0728810e-01   9.2055166e+01   5.0148333e+01   2.7062068e+03   2.5094876e+01   5.1045713e+01   3.3338664e+03   2.2914500e+01   6.6641223e+01   1.5064638e+00   2.7370123e+02   1.0246607e+02   9.2655643e+01   3.2074178e+01   1.4907884e+01   1.8664496e+01   6.0621944e+00   1.6795167e+01   4.0790131e+00   3.2901375e+01   2.1601964e+01   1.3277658e+01   1.0642327e+00   1.5863174e+01   5.3907317e+00   6.6077483e+00   3.2164327e+00   2.2469892e-02   5.4940451e-01   1.7231573e-01   5.3948614e+01   4.4125328e+01   6.2845688e+01   5.3197099e+01   2.5954080e+01   6.0798561e+01   2.5640783e+01   3.7189053e+01   4.6397106e+01   3.6180147e+01   1.2441537e+01
   2.6336725e-01   3.6426528e+03   4.4567022e+03   9.3384403e+00   3.2463867e+01   4.7799871e+01   2.8026694e+03   6.5314314e+01   1.2290698e+02   2.1791683e-01   9.2067063e+01   4.9391352e+01   2.7071747e+03   2.4932617e+01   5.1329319e+01   3.3343518e+03   2.2938139e+01   6.6679843e+01   6.1306170e-01   2.7388938e+02   1.0244452e+02   9.2650980e+01   3.2522764e+01   1.4771718e+01   1.8523212e+01   6.1123317e+00   1.6679367e+01   4.0744355e+00   3.2826747e+01   2.1415937e+01   1.3406663e+01   9.5949171e-01   1.5747929e+01   5.3591642e+00   6.7128583e+00   3.3500668e+00   2.2469892e-02   5.4940451e-01   1.7231573e-01   5.3948614e+01   4.4125328e+01   6.2850035e+01   5.3231755e+01   2.5950847e+01   6.0733217e+01   2.6838286e+01   3.7217175e+01   4.6454703e+01   3.5996321e+01   1.2769346e+01
   2.5916629e-01   3.6291355e+03   4.4360106e+03   9.2007470e+00   3.2297240e+01   4.7574226e+01   2.8024745e+03   6.5189125e+01   1.2288778e+02   2.2489687e-01   9.2115601e+01   5.0736531e+01   2.7066347e+03   2.5298991e+01   5.1006828e+01   3.3345093e+03   2.2846424e+01   6.6668503e+01   5.0115523e-01   2.7385731e+02   1.0247351e+02   9.2932080e+01   3.2409446e+01   1.4827687e+01   1.8709366e+01   6.0470192e+00   1.6346877e+01   4.0728134e+00   3.3117031e+01   2.1557482e+01   1.3142816e+01   9.3669694e-01   1.6033537e+01   5.3978749e+00   6.7748144e+00   3.2606579e+00   2.0682170e-02   5.8134112e-01   1.7982810e-01   5.3786265e+01   4.3305650e+01   6.2850100e+01   5.3196255e+01   2.5446195e+01   6.0675116e+01   2.7595310e+01   3.7205394e+01   4.6452678e+01   3.5803877e+01   1.3978989e+01
   2.5779297e-01   3.6512093e+03   4.4515798e+03   9.2878017e+00   3.2728784e+01   4.7612522e+01   2.8002841e+03   6.4962527e+01   1.2288099e+02   2.2874531e-01   9.1907442e+01   4.8849065e+01   2.7044264e+03   2.5136325e+01   5.0702844e+01   3.3322282e+03   2.3019483e+01   6.6651187e+01   8.7191246e-01   2.7347750e+02   1.0247526e+02   9.2713176e+01   3.2224366e+01   1.4834505e+01   1.9029220e+01   6.0109177e+00   1.6688053e+01   4.0631779e+00   3.2745869e+01   2.1752166e+01   1.3567005e+01   9.8368606e-01   1.5730592e+01   5.3783122e+00   6.6434894e+00   3.2263941e+00   2.0682170e-02   5.8134112e-01   1.7982810e-01   5.3786265e+01   4.3305650e+01   6.2834958e+01   5.3191977e+01   2.5426820e+01   6.0599951e+01   2.8064354e+01   3.7190389e+01   4.6434663e+01   3.5901672e+01   1.2699069e+01
   2.6254576e-01   3.6529439e+03   4.4671127e+03   9.2443417e+00   3.2843951e+01   4.7564542e+01   2.7999904e+03   6.4936923e+01   1.2288801e+02   2.3220860e-01   9.1982422e+01   5.1132757e+01   2.7039394e+03   2.5198785e+01   5.2026433e+01   3.3316633e+03   2.2984823e+01   6.6698299e+01  -4.3811675e-01   2.7342333e+02   1.0249444e+02   9.2236407e+01   3.2010682e+01   1.4749954e+01   1.9335701e+01   6.0101430e+00   1.6622152e+01   4.0209054e+00   3.2938807e+01   2.1617921e+01   1.3259773e+01   1.0231249e+00   1.6037230e+01   5.3930047e+00   6.7207325e+00   3.3911442e+00   1.7917379e-02   5.6067419e-01   1.9038688e-01   5.4650144e+01   4.4840953e+01   6.2828951e+01   5.3180163e+01   2.5925475e+01   6.0478655e+01   2.8541214e+01   3.7173297e+01   4.6428111e+01   3.5803307e+01   9.7436337e+00
   2.6928731e-01   3.6635481e+03   4.4367073e+03   9.2233649e+00   3.2365122e+01   4.7469886e+01   2.7988209e+03   6.4587048e+01   1.2288986e+02   2.2950697e-01   9.1969001e+01   4.8232141e+01   2.7034537e+03   2.5317610e+01   4.8762264e+01   3.3298585e+03   2.2749039e+01   6.6729930e+01   8.3308649e-01   2.7321119e+02   1.0251890e+02   9.2358414e+01   3.2445743e+01   1.4854053e+01   1.8885160e+01   6.0298609e+00   1.6681898e+01   4.0248636e+00   3.3076338e+01   2.1701762e+01   1.3238498e+01   7.6226492e-01   1.5473426e+01   5.3589357e+00   6.7098818e+00   3.2048997e+00   1.7917379e-02   5.6067419e-01   1.9038688e-01   5.4650144e+01   4.4840953e+01   6.2756100e+01   5.3313613e+01   2.6744840e+01   6.0415454e+01   2.8076879e+01   3.7194572e+01   4.6400256e+01   3.5779953e+01   1.1516553e+01
   2.6867391e-01   3.6159079e+03   4.4549144e+03   9.1470077e+00   3.2520302e+01   4.7802083e+01   2.7992337e+03   6.5150172e+01   1.2290138e+02   2.2310308e-01   9.2072871e+01   4.9911035e+01   2.7034646e+03   2.5272121e+01   4.9879194e+01   3.3316797e+03   2.2807677e+01   6.6723709e+01  -2.0963415e-01   2.7323318e+02   1.0250609e+02   9.2269645e+01   3.2688951e+01   1.4727411e+01   1.8960701e+01   5.8519224e+00   1.6806545e+01   4.0405176e+00   3.3093903e+01   2.1748780e+01   1.3142701e+01   7.6327598e-01   1.5987706e+01   5.3637654e+00   6.6902069e+00   3.2558574e+00   1.7917379e-02   5.6067419e-01   1.9038688e-01   5.4650144e+01   4.4840953e+01   6.2709790e+01   5.3372832e+01   2.6401387e+01   6.0577807e+01   2.7658360e+01   3.7190979e+01   4.6464548e+01   3.5753047e+01   1.2302473e+01
   2.6383889e-01   3.6133364e+03   4.4415769e+03   9.2784076e+00   3.2233050e+01   4.7594218e+01   2.7988590e+03   6.5086638e+01   1.2289691e+02   2.2669914e-01   9.2050217e+01   4.9159101e+01   2.7035483e+03   2.5263810e+01   4.9449424e+01   3.3313384e+03   2.2777142e+01   6.6726345e+01  -1.3247968e+00   2.7330491e+02   1.0250333e+02   9.2397544e+01   3.2490442e+01   1.4872840e+01   1.9358542e+01   5.7621170e+00   1.6478342e+01   4.0453092e+00   3.3045041e+01   2.1815733e+01   1.3068330e+01   7.2253858e-01   1.5649039e+01   5.3778914e+00   6.6788405e+00   3.3252313e+00  -1.0828648e-02   5.7923034e-01   1.8043046e-01   5.4020807e+01   4.3873709e+01   6.2702915e+01   5.3358187e+01   2.6122538e+01   6.0513503e+01   2.7354848e+01   3.7198059e+01   4.6483400e+01   3.5861811e+01   1.1673641e+01
   2.6931637e-01   3.6424357e+03   4.4435105e+03   9.1777785e+00   3.2282320e+01   4.7405286e+01   2.7988466e+03   6.5302724e+01   1.2289700e+02   2.2161672e-01   9.2096040e+01   4.9750219e+01   2.7036745e+03   2.5332070e+01   4.9918161e+01   3.3303439e+03   2.3119635e+01   6.6762997e+01  -9.5438061e-02   2.7326966e+02   1.0245381e+02   9.2363897e+01   3.2138895e+01   1.4883695e+01   1.9095080e+01   5.9375947e+00   1.6698172e+01   4.0430066e+00   3.3024821e+01   2.1633272e+01   1.2530798e+01   7.4362885e-01   1.5925002e+01   5.3836617e+00   6.6769018e+00   3.3058028e+00  -1.0828648e-02   5.7923034e-01   1.8043046e-01   5.4020807e+01   4.3873709e+01   6.2721866e+01   5.3286924e+01   2.6574419e+01   6.0392859e+01   2.7176535e+01   3.7128113e+01   4.6457366e+01   3.5993216e+01   1.3588090e+01
   2.7393330e-01   3.6381933e+03   4.4485805e+03   9.2447046e+00   3.2439973e+01   4.7811182e+01   2.7994713e+03   6.4877845e+01   1.2290543e+02   2.2061915e-01   9.2203053e+01   4.9300175e+01   2.7040633e+03   2.5066175e+01   4.9021907e+01   3.3318323e+03   2.3021932e+01   6.6752314e+01  -5.5643578e-01   2.7351664e+02   1.0247787e+02   9.2489098e+01   3.2560202e+01   1.4945261e+01   1.8946347e+01   5.9449438e+00   1.6195692e+01   4.0188488e+00   3.2691541e+01   2.1711686e+01   1.3203378e+01   7.4801490e-01   1.6384659e+01   5.3939515e+00   6.6502081e+00   3.2599279e+00   2.2122092e-02   5.7567493e-01   1.8457392e-01   5.3917651e+01   4.3963650e+01   6.2720101e+01   5.3274527e+01   2.6805240e+01   6.0457134e+01   2.6556370e+01   3.7153973e+01   4.6434625e+01   3.6037545e+01   1.2911541e+01
   2.6942560e-01   3.6645872e+03   4.4597029e+03   9.2201002e+00   3.2105050e+01   4.7358569e+01   2.8001871e+03   6.4829866e+01   1.2291785e+02   2.1548542e-01   9.2243101e+01   5.1852445e+01   2.7045831e+03   2.5475577e+01   5.0056503e+01   3.3321805e+03   2.2819571e+01   6.6745679e+01  -1.3764773e-01   2.7345089e+02   1.0248171e+02   9.2630234e+01   3.2909996e+01   1.4892227e+01   1.8967181e+01   5.7876088e+00   1.6423634e+01   4.0309066e+00   3.3014388e+01   2.1586084e+01   1.2954944e+01   9.7737628e-01   1.6246475e+01   5.3915142e+00   6.6423448e+00   3.2753069e+00   2.2122092e-02   5.7567493e-01   1.8457392e-01   5.3917651e+01   4.3963650e+01   6.2756968e+01   5.3271492e+01   2.6478049e+01   6.0443796e+01   2.6046326e+01   3.7156252e+01   4.6450044e+01   3.5977832e+01   1.3993553e+01
   2.6446499e-01   3.6397530e+03   4.4628472e+03   9.2284465e+00   3.3005107e+01   4.7703273e+01   2.7981916e+03   6.5866930e+01   1.2290108e+02   2.0795401e-01   9.2091710e+01   4.7784447e+01   2.7032267e+03   2.5011397e+01   5.0317353e+01   3.3297793e+03   2.3013537e+01   6.6722719e+01  -2.5881928e-01   2.7380437e+02   1.0249302e+02   9.2705184e+01   3.2466274e+01   1.4747010e+01   1.9060936e+01   6.1026486e+00   1.6528445e+01   4.0274942e+00   3.3157253e+01   2.1693903e+01   1.3337787e+01   8.3995863e-01   1.5984792e+01   5.4156795e+00   6.6744643e+00   3.2780519e+00   2.2122092e-02   5.7567493e-01   1.8457392e-01   5.3917651e+01   4.3963650e+01   6.2768571e+01   5.3272895e+01   2.6079990e+01   6.0383977e+01   2.5455555e+01   3.7176813e+01   4.6445582e+01   3.5808727e+01   1.2199927e+01
   2.6755535e-01   3.6465299e+03   4.4547511e+03   9.2477334e+00   3.2505068e+01   4.7549834e+01   2.7982183e+03   6.6168966e+01   1.2289652e+02   1.9975383e-01   9.2057680e+01   5.1090480e+01   2.7027502e+03   2.4980063e+01   4.8988576e+01   3.3296711e+03   2.2814162e+01   6.6744145e+01  -4.3697797e-01   2.7314441e+02   1.0249170e+02   9.2348490e+01   3.2817111e+01   1.4734293e+01   1.9134136e+01   5.8922431e+00   1.6405057e+01   4.0015689e+00   3.2572555e+01   2.1767146e+01   1.3520527e+01   1.0095557e+00   1.6199985e+01   5.4353550e+00   6.6849230e+00   3.2623085e+00   1.8884584e-02   5.7434595e-01   1.8492290e-01   5.3632547e+01   4.4250728e+01   6.2787502e+01   5.3240998e+01   2.6263355e+01   6.0404360e+01   2.4840009e+01   3.7137778e+01   4.6426767e+01   3.5932300e+01   1.1738072e+01
   2.6458734e-01   3.6422488e+03   4.4405018e+03   9.2433772e+00   3.2251946e+01   4.7635977e+01   2.7976322e+03   6.5337963e+01   1.2291648e+02   1.9225525e-01   9.2055952e+01   5.1174638e+01   2.7024895e+03   2.5255742e+01   5.1480076e+01   3.3293073e+03   2.2920500e+01   6.6728679e+01  -9.4424380e-01   2.7295073e+02   1.0246984e+02   9.2193643e+01   3.2436764e+01   1.4759129e+01   1.8905415e+01   5.9647458e+00   1.6372494e+01   4.0459443e+00   3.2933230e+01   2.1607097e+01   1.3587543e+01   1.0475879e+00   1.6230242e+01   5.4022534e+00   6.6780481e+00   3.3220401e+00   1.8884584e-02   5.7434595e-01   1.8492290e-01   5.3632547e+01   4.4250728e+01   6.2808863e+01   5.3221061e+01   2.6218670e+01   6.0347412e+01   2.3974791e+01   3.7174097e+01   4.6410795e+01   3.5925150e+01   1.3632638e+01
   2.6422235e-01   3.6345768e+03   4.4564994e+03   9.1723202e+00   3.2444926e+01   4.7475409e+01   2.7985147e+03   6.5383211e+01   1.2291073e+02   1.8727530e-01   9.2177985e+01   5.0721173e+01   2.7035638e+03   2.5399919e+01   4.8028212e+01   3.3311269e+03   2.2970429e+01   6.6722199e+01  -1.4326152e+00   2.7287853e+02   1.0244985e+02   9.2125786e+01   3.1724970e+01   1.4708972e+01   1.9031764e+01   5.8725288e+00   1.6504944e+01   4.0344065e+00   3.2738541e+01   2.1587431e+01   1.3397703e+01   8.3937575e-01   1.6378416e+01   5.4443113e+00   6.6428483e+00   3.3700365e+00  -3.2660146e-03   5.5635195e-01   1.7972736e-01   5.4150340e+01   4.3828315e+01   6.2832628e+01   5.3221856e+01   2.6184591e+01   6.0444784e+01   2.3336356e+01   3.7180717e+01   4.6445988e+01   3.6144896e+01   1.2663521e+01
   2.7213020e-01   3.6421347e+03   4.4323977e+03   9.1983608e+00   3.2506928e+01   4.7553644e+01   2.7988828e+03   6.4820019e+01   1.2289739e+02   1.8378486e-01   9.2065797e+01   4.9195980e+01   2.7035226e+03   2.5219404e+01   4.9494149e+01   3.3309362e+03   2.2872051e+01   6.6693136e+01   8.2844671e-02   2.7315698e+02   1.0248230e+02   9.2301078e+01   3.2284700e+01   1.4970130e+01   1.8999810e+01   5.8585222e+00   1.6840517e+01   4.0182127e+00   3.2480982e+01   2.1716344e+01   1.3353859e+01   9.6073550e-01   1.5950283e+01   5.3753429e+00   6.7311122e+00   3.2491548e+00  -3.2660146e-03   5.5635195e-01   1.7972736e-01   5.4150340e+01   4.3828315e+01   6.2779924e+01   5.3282143e+01   2.6827530e+01   6.0471743e+01   2.2777952e+01   3.7167086e+01   4.6424012e+01   3.5949050e+01   1.0081803e+01
   2.7128971e-01   3.6568417e+03   4.4501065e+03   9.2067693e+00   3.2414156e+01   4.7699334e+01   2.8002306e+03   6.4995023e+01   1.2289919e+02   1.8625580e-01   9.2128857e+01   4.9789960e+01   2.7053987e+03   2.5222787e+01   4.8217355e+01   3.3324933e+03   2.2821691e+01   6.6683761e+01   1.4921839e+00   2.7326801e+02   1.0248620e+02   9.2515336e+01   3.1848363e+01   1.4730944e+01   1.8710412e+01   5.8878986e+00   1.6905031e+01   4.0602532e+00   3.2748698e+01   2.1871513e+01   1.3514585e+01   7.8294390e-01   1.5781997e+01   5.4075056e+00   6.8198927e+00   3.3596444e+00  -3.2660146e-03   5.5635195e-01   1.7972736e-01   5.4150340e+01   4.3828315e+01   6.2758939e+01   5.3306308e+01   2.6787127e+01   6.0533375e+01   2.2704008e+01   3.7164740e+01   4.6428594e+01   3.6059587e+01   1.3447487e+01
   2.7240961e-01   3.6275286e+03   4.4790006e+03   9.2973078e+00   3.2040813e+01   4.7425687e+01   2.8002966e+03   6.5610096e+01   1.2290226e+02   1.9120033e-01   9.1976116e+01   4.9281327e+01   2.7052869e+03   2.5288793e+01   4.9816786e+01   3.3328815e+03   2.2757712e+01   6.6656576e+01  -8.0092661e-03   2.7324904e+02   1.0247923e+02   9.2307190e+01   3.2128944e+01   1.5084191e+01   1.9044915e+01   5.8004048e+00   1.6417926e+01   4.0334070e+00   3.2687627e+01   2.1810911e+01   1.3214871e+01   6.7446191e-01   1.6222128e+01   5.4101598e+00   6.7319146e+00   3.4131645e+00   7.3310882e-03   5.6375420e-01   1.9213782e-01   5.4606192e+01   4.4079096e+01   6.2720242e+01   5.3339568e+01   2.6739815e+01   6.0611171e+01   2.3301209e+01   3.7187719e+01   4.6429936e+01   3.5971894e+01   1.2497683e+01
   2.7437327e-01   3.6415699e+03   4.4622071e+03   9.1345131e+00   3.2510296e+01   4.7625781e+01   2.8019735e+03   6.5810143e+01   1.2290198e+02   1.9826491e-01   9.2098711e+01   4.8513198e+01   2.7066620e+03   2.5540329e+01   4.8681211e+01   3.3342762e+03   2.2774574e+01   6.6646714e+01   8.8312019e-02   2.7354314e+02   1.0245228e+02   9.2465818e+01   3.1894667e+01   1.4881021e+01   1.8481814e+01   5.9722003e+00   1.7017286e+01   4.0660508e+00   3.2547792e+01   2.1619011e+01   1.3364780e+01   1.0557837e+00   1.6376220e+01   5.4144862e+00   6.6845030e+00   3.2468634e+00   7.3310882e-03   5.6375420e-01   1.9213782e-01   5.4606192e+01   4.4079096e+01   6.2665876e+01   5.3412281e+01   2.6936098e+01   6.0450678e+01   2.3984869e+01   3.7165441e+01   4.6424722e+01   3.5962627e+01   1.1010297e+01
   2.7269741e-01   3.6167041e+03   4.4757000e+03   9.3272006e+00   3.2172814e+01   4.7416291e+01   2.8025912e+03   6.4498786e+01   1.2291439e+02   2.0449436e-01   9.1968054e+01   5.1187803e+01   2.7065077e+03   2.5100209e+01   4.9235154e+01   3.3342445e+03   2.2858953e+01   6.6620136e+01  -1.1932807e+00   2.7306409e+02   1.0249557e+02   9.2508981e+01   3.1867397e+01   1.4799648e+01   1.8769787e+01   5.9184632e+00   1.6439585e+01   4.1166315e+00   3.3081235e+01   2.1680777e+01   1.3335876e+01   1.1187452e+00   1.6184004e+01   5.4302054e+00   6.6276536e+00   3.1812999e+00   5.2832917e-03   5.7073841e-01   1.8335828e-01   5.3286764e+01   4.3209634e+01   6.2644728e+01   5.3450390e+01   2.6545058e+01   6.0674481e+01   2.5003058e+01   3.7174720e+01   4.6401657e+01   3.5943718e+01   1.1902361e+01
   2.7148158e-01   3.6393828e+03   4.4430148e+03   9.2347630e+00   3.2468259e+01   4.7780970e+01   2.8025481e+03   6.5031564e+01   1.2290191e+02   2.1564976e-01   9.1997228e+01   5.0532150e+01   2.7071272e+03   2.5152792e+01   4.8545982e+01   3.3347403e+03   2.2875438e+01   6.6591003e+01  -3.8611418e-01   2.7349189e+02   1.0243935e+02   9.2355183e+01   3.2101939e+01   1.4999420e+01   1.8984439e+01   5.9519834e+00   1.6249619e+01   4.0550014e+00   3.2893060e+01   2.1745693e+01   1.3242754e+01   8.6316236e-01   1.6685826e+01   5.3415712e+00   6.6473632e+00   3.2438425e+00   5.2832917e-03   5.7073841e-01   1.8335828e-01   5.3286764e+01   4.3209634e+01   6.2771411e+01   5.3271934e+01   2.6696264e+01   6.0583452e+01   2.6425578e+01   3.7189134e+01   4.6406056e+01   3.6039199e+01   1.3147202e+01
   2.7531206e-01   3.6373908e+03   4.4275798e+03   9.1918437e+00   3.2555194e+01   4.7725762e+01   2.8021327e+03   6.4021254e+01   1.2289998e+02   2.2618139e-01   9.2081601e+01   4.9935382e+01   2.7074924e+03   2.5318844e+01   4.8933267e+01   3.3350338e+03   2.2906036e+01   6.6639032e+01  -3.8770357e-01   2.7338209e+02   1.0245056e+02   9.2331532e+01   3.2346003e+01   1.4945295e+01   1.8435328e+01   5.8321661e+00   1.6434139e+01   4.0530063e+00   3.2990348e+01   2.1769658e+01   1.3359343e+01   7.7991719e-01   1.6160108e+01   5.4043967e+00   6.6691190e+00   3.2527781e+00   5.2832917e-03   5.7073841e-01   1.8335828e-01   5.3286764e+01   4.3209634e+01   6.2834977e+01   5.3201780e+01   2.6892841e+01   6.0517390e+01   2.7443142e+01   3.7228756e+01   4.6394833e+01   3.5997311e+01   1.0273270e+01
   2.6764663e-01   3.6251735e+03   4.4361189e+03   9.2356878e+00   3.2769226e+01   4.7755290e+01   2.8018890e+03   6.4427999e+01   1.2291212e+02   2.3009480e-01   9.2015213e+01   5.1592719e+01   2.7056482e+03   2.5339436e+01   4.9845353e+01   3.3336228e+03   2.2835389e+01   6.6654197e+01   7.6354885e-01   2.7339381e+02   1.0245748e+02   9.2470519e+01   3.2138029e+01   1.4805270e+01   1.8644728e+01   5.9279999e+00   1.6622522e+01   4.0709871e+00   3.2985675e+01   2.1685931e+01   1.3131471e+01   8.6255445e-01   1.6066096e+01   5.4139310e+00   6.6719683e+00   3.3087159e+00   1.0686765e-02   5.6662265e-01   1.7395425e-01   5.3769898e+01   4.5215861e+01   6.2848361e+01   5.3199350e+01   2.6170904e+01   6.0640482e+01   2.8013431e+01   3.7209277e+01   4.6407465e+01   3.6008902e+01   1.3715981e+01
   2.6657207e-01   3.6273305e+03   4.4341257e+03   9.2142807e+00   3.2762217e+01   4.7819720e+01   2.8005039e+03   6.5814613e+01   1.2288778e+02   2.3272594e-01   9.2023012e+01   5.0255047e+01   2.7058006e+03   2.5264904e+01   5.0228904e+01   3.3336579e+03   2.2848577e+01   6.6662939e+01  -1.0637882e-01   2.7302277e+02   1.0245544e+02   9.2177307e+01   3.2017715e+01   1.4894645e+01   1.8597841e+01   5.9855611e+00   1.7240322e+01   4.0727276e+00   3.3046082e+01   2.1715066e+01   1.3327555e+01   8.3717257e-01   1.5783520e+01   5.3906253e+00   6.7450106e+00   3.2951539e+00   1.0686765e-02   5.6662265e-01   1.7395425e-01   5.3769898e+01   4.5215861e+01   6.2827678e+01   5.3230697e+01   2.6138243e+01   6.0652138e+01   2.8504011e+01   3.7208770e+01   4.6410916e+01   3.5853505e+01   1.5735339e+01
   2.6592989e-01   3.6172037e+03   4.4312328e+03   9.2377971e+00   3.2385572e+01   4.7361608e+01   2.8003520e+03   6.4679994e+01   1.2291132e+02   2.3651393e-01   9.1971792e+01   4.9934091e+01   2.7044652e+03   2.5262098e+01   4.8614297e+01   3.3324608e+03   2.2733155e+01   6.6647670e+01   8.3115951e-01   2.7336313e+02   1.0248157e+02   9.2225671e+01   3.2128944e+01   1.4992488e+01   1.8824891e+01   5.9266595e+00   1.6207069e+01   4.0665865e+00   3.2737060e+01   2.1770288e+01   1.3546629e+01   8.1495368e-01   1.5876526e+01   5.4060634e+00   6.5726631e+00   3.2919115e+00  -4.8489943e-03   5.7032889e-01   1.7941453e-01   5.4028640e+01   4.4648219e+01   6.2833668e+01   5.3246522e+01   2.6138474e+01   6.0662923e+01   2.8518258e+01   3.7205122e+01   4.6407810e+01   3.5780850e+01   9.5629799e+00
   2.6860150e-01   3.6517393e+03   4.4427058e+03   9.1636682e+00   3.2246510e+01   4.7737893e+01   2.7997278e+03   6.5463545e+01   1.2288129e+02   2.2466492e-01   9.2027364e+01   4.9382960e+01   2.7041349e+03   2.5297702e+01   5.0261888e+01   3.3314921e+03   2.2942348e+01   6.6602869e+01   6.6836998e-01   2.7343848e+02   1.0247291e+02   9.2819830e+01   3.2457855e+01   1.4829007e+01   1.8844846e+01   5.9144667e+00   1.6612882e+01   4.0850380e+00   3.2978310e+01   2.1842890e+01   1.3596824e+01   7.4630969e-01   1.6084205e+01   5.4000851e+00   6.6731424e+00   3.3166151e+00  -4.8489943e-03   5.7032889e-01   1.7941453e-01   5.4028640e+01   4.4648219e+01   6.2813763e+01   5.3300883e+01   2.6330346e+01   6.0568480e+01   2.7939546e+01   3.7224199e+01   4.6431900e+01   3.5767194e+01   1.2384062e+01
   2.6495596e-01   3.6366001e+03   4.4686868e+03   9.2622600e+00   3.2325482e+01   4.7543499e+01   2.7986605e+03   6.4553686e+01   1.2290401e+02   2.2781899e-01   9.1954339e+01   5.1519965e+01   2.7027709e+03   2.5299113e+01   5.0703001e+01   3.3300932e+03   2.2913177e+01   6.6640416e+01   3.0683470e-01   2.7359049e+02   1.0250645e+02   9.2574569e+01   3.2426674e+01   1.4910530e+01   1.8891207e+01   5.9261841e+00   1.6390383e+01   4.0162175e+00   3.2880469e+01   2.1779841e+01   1.3335097e+01   8.9795419e-01   1.6121345e+01   5.3712804e+00   6.6701493e+00   3.3145487e+00  -4.8489943e-03   5.7032889e-01   1.7941453e-01   5.4028640e+01   4.4648219e+01   6.2768869e+01   5.3306544e+01   2.6232538e+01   6.0507559e+01   2.7542167e+01   3.7212788e+01   4.6410172e+01   3.5938616e+01   1.5113677e+01
   2.6879046e-01   3.6313664e+03   4.4534888e+03   9.1491402e+00   3.2489590e+01   4.7655847e+01   2.7986146e+03   6.4234412e+01   1.2288930e+02   2.1997554e-01   9.2034291e+01   5.0407368e+01   2.7029451e+03   2.5294645e+01   5.0093249e+01   3.3303718e+03   2.2890606e+01   6.6673403e+01   9.4253805e-01   2.7332914e+02   1.0246881e+02   9.2171168e+01   3.2759637e+01   1.4937424e+01   1.8601513e+01   6.0870214e+00   1.6766232e+01   4.0413599e+00   3.3034162e+01   2.1661506e+01   1.3337104e+01   9.2270957e-01   1.5962974e+01   5.4170303e+00   6.6748852e+00   3.2209332e+00   3.6925565e-03   5.6893024e-01   1.8821974e-01   5.3649996e+01   4.4780439e+01   6.2788240e+01   5.3266393e+01   2.6240299e+01   6.0494326e+01   2.7098866e+01   3.7221564e+01   4.6416440e+01   3.5880803e+01   1.1444550e+01
   2.5995770e-01   3.6331783e+03   4.4625187e+03   9.2514594e+00   3.2549126e+01   4.7387919e+01   2.7988023e+03   6.4770495e+01   1.2290548e+02   2.1719153e-01   9.2099919e+01   5.0030613e+01   2.7037113e+03   2.5298147e+01   4.9492006e+01   3.3312799e+03   2.2897814e+01   6.6708370e+01   4.9857947e-01   2.7315689e+02   1.0246644e+02   9.2391470e+01   3.2296277e+01   1.4779002e+01   1.8909592e+01   5.9413579e+00   1.6516279e+01   4.0499033e+00   3.2894918e+01   2.1691802e+01   1.3383867e+01   8.3875327e-01   1.6347889e+01   5.4066394e+00   6.6847318e+00   3.2622955e+00   3.6925565e-03   5.6893024e-01   1.8821974e-01   5.3649996e+01   4.4780439e+01   6.2798325e+01   5.3262482e+01   2.5646039e+01   6.0591266e+01   2.6586357e+01   3.7209633e+01   4.6432956e+01   3.5933600e+01   1.0212387e+01
   2.6188221e-01   3.6649732e+03   4.4335973e+03   9.2347128e+00   3.2417636e+01   4.7699782e+01   2.7983768e+03   6.5055466e+01   1.2289389e+02   2.1347845e-01   9.2080416e+01   4.8979556e+01   2.7029214e+03   2.5068754e+01   5.0679352e+01   3.3302385e+03   2.2839051e+01   6.6710094e+01   1.3324072e+00   2.7355552e+02   1.0247135e+02   9.2377492e+01   3.2401134e+01   1.4916767e+01   1.8968726e+01   6.0665689e+00   1.6735946e+01   4.0258701e+00   3.3016090e+01   2.1603487e+01   1.2841377e+01   8.6812063e-01   1.6272954e+01   5.3665458e+00   6.6991250e+00   3.3058935e+00   1.7705789e-02   5.7143985e-01   1.9951378e-01   5.3785364e+01   4.3902390e+01   6.2791037e+01   5.3268424e+01   2.5972234e+01   6.0486594e+01   2.6001409e+01   3.7207600e+01   4.6399647e+01   3.5879158e+01   1.2431733e+01
   2.6587888e-01   3.6466523e+03   4.4323128e+03   9.2048104e+00   3.2232599e+01   4.7260089e+01   2.7989730e+03   6.3898410e+01   1.2289208e+02   2.0570590e-01   9.2100593e+01   5.0011377e+01   2.7033833e+03   2.5323473e+01   4.9504211e+01   3.3301385e+03   2.2822414e+01   6.6699887e+01  -4.5459272e-01   2.7330426e+02   1.0247142e+02   9.2489086e+01   3.2324826e+01   1.4735139e+01   1.9132239e+01   5.8493101e+00   1.6632931e+01   4.0338939e+00   3.2611273e+01   2.1486136e+01   1.3235331e+01   9.7886917e-01   1.6021703e+01   5.4234335e+00   6.7565380e+00   3.3493040e+00   1.7705789e-02   5.7143985e-01   1.9951378e-01   5.3785364e+01   4.3902390e+01   6.2815553e+01   5.3268318e+01   2.6167986e+01   6.0505222e+01   2.5122380e+01   3.7206093e+01   4.6441274e+01   3.5958414e+01   1.1492608e+01
   2.6930949e-01   3.6576879e+03   4.4453053e+03   9.1644629e+00   3.2289219e+01   4.7459975e+01   2.7985283e+03   6.4963069e+01   1.2289386e+02   2.0110286e-01   9.2073649e+01   4.7618018e+01   2.7028898e+03   2.5093190e+01   5.1282789e+01   3.3301062e+03   2.2786225e+01   6.6711234e+01  -1.4653265e+00   2.7316265e+02   1.0247679e+02   9.2379299e+01   3.2475731e+01   1.4914646e+01   1.8705762e+01   6.0986393e+00   1.6979695e+01   4.0678610e+00   3.2824100e+01   2.1786551e+01   1.3008888e+01   8.0635153e-01   1.5612126e+01   5.4249346e+00   6.6604150e+00   3.3165358e+00   1.7705789e-02   5.7143985e-01   1.9951378e-01   5.3785364e+01   4.3902390e+01   6.2806384e+01   5.3249541e+01   2.6517090e+01   6.0448865e+01   2.4554850e+01   3.7161691e+01   4.6422795e+01   3.5996172e+01   1.3111906e+01
   2.6622856e-01   3.6817935e+03   4.4183406e+03   9.2848731e+00   3.2288327e+01   4.7508668e+01   2.7993650e+03   6.4702961e+01   1.2290210e+02   1.9438975e-01   9.2142789e+01   5.1024419e+01   2.7036088e+03   2.5418975e+01   4.8402010e+01   3.3306914e+03   2.2794821e+01   6.6652342e+01  -6.2514820e-01   2.7346820e+02   1.0247150e+02   9.2658046e+01   3.2274813e+01   1.4940925e+01   1.9257707e+01   6.1610478e+00   1.6686647e+01   3.9784738e+00   3.2582754e+01   2.1688759e+01   1.3186335e+01   7.5442630e-01   1.5646017e+01   5.3871006e+00   6.6690002e+00   3.2737104e+00   2.4823754e-02   5.5579725e-01   1.6860114e-01   5.3850289e+01   4.3619459e+01   6.2778986e+01   5.3263429e+01   2.6108757e+01   6.0530413e+01   2.3824765e+01   3.7185816e+01   4.6416431e+01   3.5973017e+01   1.5165451e+01
   2.6984362e-01   3.6553403e+03   4.4572387e+03   9.3010743e+00   3.2302942e+01   4.7583297e+01   2.7981241e+03   6.5056165e+01   1.2288911e+02   1.9033603e-01   9.1983366e+01   4.8803724e+01   2.7028783e+03   2.5216733e+01   4.8586217e+01   3.3303185e+03   2.2918454e+01   6.6686428e+01   2.1344576e-01   2.7340244e+02   1.0249373e+02   9.2314736e+01   3.2174881e+01   1.5055427e+01   1.9376725e+01   6.0063975e+00   1.6299925e+01   4.0293485e+00   3.3225317e+01   2.1749466e+01   1.3222239e+01   9.3100691e-01   1.6263759e+01   5.3975119e+00   6.6962327e+00   3.2281099e+00   2.4823754e-02   5.5579725e-01   1.6860114e-01   5.3850289e+01   4.3619459e+01   6.2770331e+01   5.3279232e+01   2.6685931e+01   6.0403611e+01   2.3548210e+01   3.7213091e+01   4.6408795e+01   3.5857641e+01   1.2205979e+01
   2.7963965e-01   3.6372746e+03   4.4538833e+03   9.1723779e+00   3.2547065e+01   4.7658557e+01   2.7990878e+03   6.5112726e+01   1.2288518e+02   1.8827111e-01   9.2081401e+01   4.9225155e+01   2.7033531e+03   2.5344159e+01   5.1538813e+01   3.3305669e+03   2.2995818e+01   6.6723065e+01   2.3048447e+00   2.7291825e+02   1.0248050e+02   9.2336228e+01   3.2508094e+01   1.4870948e+01   1.8474271e+01   6.0588477e+00   1.6457292e+01   3.9933127e+00   3.2724865e+01   2.1641100e+01   1.3229825e+01   8.7808418e-01   1.5885562e+01   5.3911472e+00   6.6168615e+00   3.2256970e+00   6.7675044e-03   5.7443692e-01   1.8020310e-01   5.3515720e+01   4.3650250e+01   6.2766524e+01   5.3287261e+01   2.7259612e+01   6.0295540e+01   2.3166815e+01   3.7192678e+01   4.6426115e+01   3.5951247e+01   1.3207569e+01
   2.6733433e-01   3.6413372e+03   4.4637717e+03   9.2214745e+00   3.2707060e+01   4.7641940e+01   2.7995359e+03   6.5496929e+01   1.2292014e+02   1.8423655e-01   9.2020892e+01   5.0428294e+01   2.7042596e+03   2.5188053e+01   4.9272688e+01   3.3313865e+03   2.2976966e+01   6.6666654e+01  -2.5147906e-01   2.7291292e+02   1.0246406e+02   9.2297799e+01   3.1987571e+01   1.4884488e+01   1.8943942e+01   6.2454793e+00   1.6377679e+01   4.0648549e+00   3.3035215e+01   2.1885088e+01   1.3467151e+01   1.0701024e+00   1.5888513e+01   5.4158993e+00   6.7361956e+00   3.2821416e+00   6.7675044e-03   5.7443692e-01   1.8020310e-01   5.3515720e+01   4.3650250e+01   6.2810338e+01   5.3248005e+01   2.6283174e+01   6.0577834e+01   2.2890216e+01   3.7188032e+01   4.6466179e+01   3.5925895e+01   1.2728737e+01
   2.7392089e-01   3.6700527e+03   4.4421553e+03   9.2127097e+00   3.2623399e+01   4.7321259e+01   2.7997111e+03   6.5068144e+01   1.2289720e+02   1.8971289e-01   9.2003567e+01   4.8909430e+01   2.7049719e+03   2.5160957e+01   4.9917848e+01   3.3320705e+03   2.2936031e+01   6.6658965e+01   2.7588799e-01   2.7344824e+02   1.0247790e+02   9.2357048e+01   3.2180337e+01   1.4801107e+01   1.8325837e+01   6.0047236e+00   1.6674618e+01   4.0401347e+00   3.2962035e+01   2.1715274e+01   1.2570491e+01   8.2452925e-01   1.5925888e+01   5.3987049e+00   6.6406013e+00   3.2090702e+00   6.7675044e-03   5.7443692e-01   1.8020310e-01   5.3515720e+01   4.3650250e+01   6.2832006e+01   5.3239039e+01   2.6664874e+01   6.0529153e+01   2.3144533e+01   3.7229235e+01   4.6476686e+01   3.5968263e+01   1.2578832e+01
   2.6257142e-01   3.6602500e+03   4.4080579e+03   9.3430167e+00   3.2249449e+01   4.6967650e+01   2.8014947e+03   6.4888353e+01   1.2291560e+02   1.9385423e-01   9.2000339e+01   5.0535603e+01   2.7057094e+03   2.5075006e+01   4.9090258e+01   3.3335653e+03   2.2919372e+01   6.6638823e+01  -2.2562363e+00   2.7302015e+02   1.0246213e+02   9.2323133e+01   3.2407040e+01   1.5117793e+01   1.8802054e+01   5.9057101e+00   1.6625428e+01   4.0875410e+00   3.3174359e+01   2.1618734e+01   1.3329544e+01   8.9009578e-01   1.6165831e+01   5.4072526e+00   6.7076817e+00   3.2215173e+00   5.2795359e-03   5.7369787e-01   1.8453811e-01   5.4518425e+01   4.3499551e+01   6.2787655e+01   5.3308368e+01   2.5978439e+01   6.0652091e+01   2.3594691e+01   3.7206517e+01   4.6414581e+01   3.6045167e+01   1.2396329e+01
   2.6512041e-01   3.6647039e+03   4.4588913e+03   9.2252525e+00   3.2443998e+01   4.7741701e+01   2.8016223e+03   6.6408431e+01   1.2289576e+02   1.9767663e-01   9.1975662e+01   5.1692726e+01   2.7055513e+03   2.5362135e+01   4.9527412e+01   3.3336469e+03   2.2833874e+01   6.6656809e+01  -9.3782987e-01   2.7310170e+02   1.0247463e+02   9.2250953e+01   3.2233029e+01   1.4988418e+01   1.8690150e+01   5.9744023e+00   1.6942418e+01   4.0433101e+00   3.2708215e+01   2.1670551e+01   1.2986602e+01   7.9655117e-01   1.6234527e+01   5.4082024e+00   6.6691617e+00   3.2980946e+00   5.2795359e-03   5.7369787e-01   1.8453811e-01   5.4518425e+01   4.3499551e+01   6.2731571e+01   5.3390098e+01   2.5992559e+01   6.0538197e+01   2.4181414e+01   3.7207932e+01   4.6416087e+01   3.5885424e+01   1.0283442e+01
   2.6170666e-01   3.6813116e+03   4.4606556e+03   9.2522346e+00   3.2545526e+01   4.7279615e+01   2.8014098e+03   6.5625017e+01   1.2290535e+02   2.0250941e-01   9.1989136e+01   5.2040666e+01   2.7063331e+03   2.5285787e+01   4.9786529e+01   3.3336771e+03   2.2979147e+01   6.6604508e+01   7.2281866e-01   2.7304232e+02   1.0248014e+02   9.2376780e+01   3.2360827e+01   1.4911826e+01   1.8930575e+01   6.1463421e+00   1.6825509e+01   4.0455581e+00   3.2626963e+01   2.1582456e+01   1.3350897e+01   1.0267851e+00   1.6255641e+01   5.4185645e+00   6.6893061e+00   3.2766873e+00   1.7831416e-02   5.6194220e-01   1.9020541e-01   5.2947253e+01   4.3951103e+01   6.2701483e+01   5.3422826e+01   2.5976835e+01   6.0590691e+01   2.4607955e+01   3.7245692e+01   4.6449685e+01   3.5922172e+01   1.1338532e+01
   2.6586219e-01   3.6557028e+03   4.4560803e+03   9.2501289e+00   3.2357844e+01   4.7780028e+01   2.8011249e+03   6.4828739e+01   1.2290654e+02   2.0736620e-01   9.2000013e+01   4.9895713e+01   2.7055670e+03   2.5336224e+01   5.0515582e+01   3.3337784e+03   2.3079149e+01   6.6628937e+01  -8.1981769e-01   2.7302228e+02   1.0248204e+02   9.2210416e+01   3.2354315e+01   1.4781965e+01   1.8192157e+01   6.0969276e+00   1.6869517e+01   4.0630569e+00   3.2284187e+01   2.1519620e+01   1.3069240e+01   8.2432847e-01   1.6310508e+01   5.4157832e+00   6.5412691e+00   3.2039451e+00   1.7831416e-02   5.6194220e-01   1.9020541e-01   5.2947253e+01   4.3951103e+01   6.2819154e+01   5.3235061e+01   2.6150862e+01   6.0482987e+01   2.5355937e+01   3.7230553e+01   4.6430759e+01   3.5881539e+01   1.3891968e+01
   2.5718602e-01   3.6723293e+03   4.4053338e+03   9.1934395e+00   3.2628484e+01   4.7486320e+01   2.8016174e+03   6.4893522e+01   1.2290093e+02   2.1328567e-01   9.2029925e+01   5.1476775e+01   2.7058528e+03   2.5335943e+01   4.9388998e+01   3.3339522e+03   2.2918444e+01   6.6610947e+01  -1.6907304e+00   2.7330419e+02   1.0245471e+02   9.2285472e+01   3.2109744e+01   1.4928453e+01   1.8665512e+01   6.1330217e+00   1.7071147e+01   4.0543804e+00   3.2688606e+01   2.1680165e+01   1.2976521e+01   9.2999792e-01   1.6550824e+01   5.4100688e+00   6.6387447e+00   3.3329917e+00   1.7831416e-02   5.6194220e-01   1.9020541e-01   5.2947253e+01   4.3951103e+01   6.2891625e+01   5.3155211e+01   2.5337066e+01   6.0716118e+01   2.5908693e+01   3.7257972e+01   4.6415413e+01   3.6119279e+01   1.1849366e+01
   2.6127437e-01   3.6194745e+03   4.4133509e+03   9.2744319e+00   3.2601361e+01   4.7665239e+01   2.8000754e+03   6.5925469e+01   1.2289050e+02   2.1668365e-01   9.1914240e+01   5.1763270e+01   2.7046885e+03   2.5238525e+01   5.1141366e+01   3.3324331e+03   2.2870975e+01   6.6576404e+01  -9.3717359e-01   2.7293819e+02   1.0247040e+02   9.2383530e+01   3.1908118e+01   1.4871403e+01   1.8671998e+01   6.0012515e+00   1.6468689e+01   4.0417195e+00   3.2878401e+01   2.1714491e+01   1.3156493e+01   8.5645736e-01   1.6041905e+01   5.4206559e+00   6.6464005e+00   3.2588879e+00   2.5415312e-02   5.7377052e-01   1.9458202e-01   5.3888401e+01   4.3299509e+01   6.2880860e+01   5.3186095e+01   2.5596433e+01   6.0615911e+01   2.6187566e+01   3.7260754e+01   4.6425278e+01   3.6053341e+01   1.1816291e+01
   2.6093407e-01   3.6575035e+03   4.4408187e+03   9.3062460e+00   3.2236296e+01   4.7392189e+01   2.7998709e+03   6.5463106e+01   1.2289897e+02   2.1992244e-01   9.1976739e+01   5.0554427e+01   2.7054252e+03   2.5149671e+01   4.9353877e+01   3.3328259e+03   2.2990128e+01   6.6636543e+01   7.3915058e-01   2.7322974e+02   1.0245795e+02   9.2185838e+01   3.2252230e+01   1.4943142e+01   1.8658210e+01   5.8806127e+00   1.6367348e+01   4.0567326e+00   3.3155493e+01   2.1853204e+01   1.3388048e+01   8.6377537e-01   1.6429366e+01   5.4166202e+00   6.6789971e+00   3.2328287e+00   2.5415312e-02   5.7377052e-01   1.9458202e-01   5.3888401e+01   4.3299509e+01   6.2842342e+01   5.3220527e+01   2.5870354e+01   6.0590612e+01   2.6648951e+01   3.7218130e+01   4.6417448e+01   3.5933817e+01   1.2468366e+01
   2.6213093e-01   3.6329748e+03   4.3978838e+03   9.1869416e+00   3.2336624e+01   4.8069217e+01   2.7999397e+03   6.4705745e+01   1.2287740e+02   2.1776430e-01   9.1935740e+01   5.0062250e+01   2.7047293e+03   2.5434343e+01   5.0662972e+01   3.3317397e+03   2.2719714e+01   6.6604910e+01  -9.0746251e-01   2.7361433e+02   1.0247577e+02   9.2519802e+01   3.2044988e+01   1.4960916e+01   1.8685948e+01   6.0781741e+00   1.7107321e+01   4.0336269e+00   3.2531686e+01   2.1681428e+01   1.3180782e+01   6.6145286e-01   1.6078567e+01   5.3957980e+00   6.7092685e+00   3.2637753e+00   1.1602230e-02   5.7343569e-01   1.9924726e-01   5.3252570e+01   4.3086520e+01   6.2830755e+01   5.3258405e+01   2.5763879e+01   6.0606414e+01   2.6538779e+01   3.7226904e+01   4.6424249e+01   3.5947742e+01   1.2266120e+01
   2.6375214e-01   3.6327858e+03   4.4515642e+03   9.2878264e+00   3.2349454e+01   4.7842076e+01   2.8009347e+03   6.5737697e+01   1.2290422e+02   2.1899492e-01   9.2079898e+01   4.8648381e+01   2.7056480e+03   2.5346381e+01   5.2032668e+01   3.3335911e+03   2.3275075e+01   6.6650901e+01   2.0517934e-02   2.7282621e+02   1.0244256e+02   9.2216731e+01   3.2619707e+01   1.4799882e+01   1.8947437e+01   5.8888376e+00   1.6616605e+01   4.0428794e+00   3.2466111e+01   2.1575391e+01   1.3520462e+01   8.5633124e-01   1.6410331e+01   5.4054733e+00   6.6280266e+00   3.2932985e+00   1.1602230e-02   5.7343569e-01   1.9924726e-01   5.3252570e+01   4.3086520e+01   6.2875137e+01   5.3174934e+01   2.5865046e+01   6.0650356e+01   2.6790933e+01   3.7257340e+01   4.6406896e+01   3.5938104e+01   1.0222459e+01
   2.6181899e-01   3.6443070e+03   4.4599752e+03   9.2663887e+00   3.2646710e+01   4.7403491e+01   2.8002229e+03   6.5248289e+01   1.2291296e+02   2.1449386e-01   9.2080268e+01   5.2559764e+01   2.7047518e+03   2.5417555e+01   4.9374226e+01   3.3324897e+03   2.2980312e+01   6.6645320e+01   1.5376176e+00   2.7357072e+02   1.0246150e+02   9.2602359e+01   3.2158734e+01   1.4739593e+01   1.9012806e+01   5.8855016e+00   1.6831979e+01   4.0626575e+00   3.2992077e+01   2.1578084e+01   1.3421731e+01   7.4185891e-01   1.5705402e+01   5.4114845e+00   6.6852175e+00   3.3448783e+00   1.1602230e-02   5.7343569e-01   1.9924726e-01   5.3252570e+01   4.3086520e+01   6.2917393e+01   5.3172729e+01   2.5823933e+01   6.0506572e+01   2.6460372e+01   3.7263862e+01   4.6421438e+01   3.5947240e+01   1.2089048e+01
   2.6591533e-01   3.6655177e+03   4.3819194e+03   9.1417558e+00   3.2989361e+01   4.7378891e+01   2.7983290e+03   6.5266808e+01   1.2288813e+02   2.1301143e-01   9.1916636e+01   5.0078880e+01   2.7031111e+03   2.5346511e+01   4.7988973e+01   3.3299396e+03   2.2876778e+01   6.6631852e+01   6.3129408e-01   2.7311442e+02   1.0251345e+02   9.2356891e+01   3.2060337e+01   1.4743909e+01   1.8718332e+01   6.0289739e+00   1.6453006e+01   4.0346698e+00   3.2765548e+01   2.1581474e+01   1.3353911e+01   9.5588971e-01   1.6071802e+01   5.4751684e+00   6.7067900e+00   3.2077646e+00  -1.4698517e-03   5.8181902e-01   1.7003847e-01   5.2957557e+01   4.3659738e+01   6.2949622e+01   5.3120477e+01   2.6209711e+01   6.0517827e+01   2.6038482e+01   3.7240014e+01   4.6433700e+01   3.5779965e+01   1.0624706e+01
   2.6486220e-01   3.6439819e+03   4.4130550e+03   9.1914242e+00   3.2215858e+01   4.7668772e+01   2.7989501e+03   6.4835992e+01   1.2290918e+02   2.0818846e-01   9.1970890e+01   4.9943362e+01   2.7038413e+03   2.5232327e+01   4.8938627e+01   3.3308074e+03   2.2987246e+01   6.6632613e+01  -1.4364089e+00   2.7301726e+02   1.0245465e+02   9.2147436e+01   3.1896626e+01   1.4726707e+01   1.8954732e+01   5.9942945e+00   1.6719500e+01   4.0790541e+00   3.2657257e+01   2.1856928e+01   1.2863572e+01   9.5957766e-01   1.6135274e+01   5.4032416e+00   6.5940366e+00   3.2133947e+00  -1.4698517e-03   5.8181902e-01   1.7003847e-01   5.2957557e+01   4.3659738e+01   6.2989345e+01   5.3066736e+01   2.6154645e+01   6.0625355e+01   2.5564668e+01   3.7256188e+01   4.6451589e+01   3.6113762e+01   1.1556530e+01
   2.7007827e-01   3.6576762e+03   4.4359775e+03   9.2237113e+00   3.2444888e+01   4.8164478e+01   2.7991548e+03   6.5042523e+01   1.2291475e+02   2.0717821e-01   9.2092199e+01   4.9963522e+01   2.7044685e+03   2.5055839e+01   4.9936233e+01   3.3316131e+03   2.2921865e+01   6.6655024e+01   1.1696866e+00   2.7283937e+02   1.0242792e+02   9.2389984e+01   3.2200639e+01   1.4829064e+01   1.8453387e+01   5.9263795e+00   1.6558746e+01   4.0551259e+00   3.2739988e+01   2.1754987e+01   1.3186390e+01   9.5668770e-01   1.6267695e+01   5.4042696e+00   6.6545268e+00   3.2396970e+00  -1.2149599e-02   5.6850048e-01   1.7315565e-01   5.3608351e+01   4.4335706e+01   6.3024291e+01   5.3029118e+01   2.6527660e+01   6.0517718e+01   2.5169117e+01   3.7250757e+01   4.6444106e+01   3.5963157e+01   1.3689808e+01
   2.6543915e-01   3.6544261e+03   4.4394077e+03   9.2823855e+00   3.2278918e+01   4.7721286e+01   2.7999733e+03   6.4508129e+01   1.2289988e+02   2.0559284e-01   9.2062324e+01   4.9885680e+01   2.7051261e+03   2.5326054e+01   5.0463871e+01   3.3322841e+03   2.2812304e+01   6.6666980e+01   5.3332291e-01   2.7303708e+02   1.0241193e+02   9.2277336e+01   3.2654886e+01   1.4847503e+01   1.8502684e+01   6.0756335e+00   1.6704633e+01   4.0880299e+00   3.2250468e+01   2.1708352e+01   1.2951770e+01   8.8992063e-01   1.6421007e+01   5.3922489e+00   6.7231445e+00   3.3021378e+00  -1.2149599e-02   5.6850048e-01   1.7315565e-01   5.3608351e+01   4.4335706e+01   6.2972141e+01   5.3123793e+01   2.5927604e+01   6.0695706e+01   2.5248541e+01   3.7204934e+01   4.6449258e+01   3.5924287e+01   1.4266737e+01
   2.5665796e-01   3.6831319e+03   4.4684446e+03   9.2785326e+00   3.2817418e+01   4.7550223e+01   2.7996668e+03   6.4983567e+01   1.2289763e+02   2.0104064e-01   9.1971875e+01   5.1359897e+01   2.7043302e+03   2.5377514e+01   5.0783939e+01   3.3313657e+03   2.2893449e+01   6.6591046e+01  -2.5491516e-02   2.7331259e+02   1.0248590e+02   9.2625930e+01   3.2152051e+01   1.4686676e+01   1.8756507e+01   6.0913269e+00   1.6683103e+01   4.0755090e+00   3.2739196e+01   2.1570506e+01   1.3683847e+01   9.9472860e-01   1.6094943e+01   5.4057390e+00   6.7182269e+00   3.2970788e+00  -1.2149599e-02   5.6850048e-01   1.7315565e-01   5.3608351e+01   4.4335706e+01   6.2933127e+01   5.3137416e+01   2.5305041e+01   6.0667049e+01   2.4794277e+01   3.7248914e+01   4.6421775e+01   3.5866196e+01   1.3197417e+01
   2.6049866e-01   3.6474625e+03   4.4134795e+03   9.2304427e+00   3.2805804e+01   4.7343024e+01   2.8002906e+03   6.5084785e+01   1.2289168e+02   2.0498183e-01   9.1993019e+01   5.0866893e+01   2.7039561e+03   2.5136790e+01   4.8753584e+01   3.3318416e+03   2.2889270e+01   6.6668015e+01  -3.2158820e-01   2.7288659e+02   1.0244936e+02   9.2398182e+01   3.2512344e+01   1.4808222e+01   1.8705538e+01   5.9638330e+00   1.6360723e+01   4.0318912e+00   3.3078589e+01   2.1629935e+01   1.2584539e+01   8.6539838e-01   1.6275402e+01   5.4243431e+00   6.6633005e+00   3.2379380e+00   1.3273001e-02   5.6607832e-01   1.8752511e-01   5.4289633e+01   4.3405372e+01   6.2889320e+01   5.3227379e+01   2.5581957e+01   6.0646580e+01   2.5165168e+01   3.7232175e+01   4.6444690e+01   3.5966871e+01   1.2128292e+01
   2.5773392e-01   3.6480296e+03   4.4106790e+03   9.2051163e+00   3.2384636e+01   4.7794223e+01   2.7991133e+03   6.5251783e+01   1.2288281e+02   2.0212614e-01   9.1961976e+01   5.2335397e+01   2.7042530e+03   2.5198061e+01   5.0159958e+01   3.3323871e+03   2.3041741e+01   6.6623253e+01  -1.8453655e-01   2.7326088e+02   1.0247739e+02   9.2241830e+01   3.2151752e+01   1.4765265e+01   1.8965970e+01   5.7837588e+00   1.6478102e+01   4.0970164e+00   3.2486879e+01   2.1732541e+01   1.3255713e+01   9.1678079e-01   1.6063411e+01   5.4334293e+00   6.6694126e+00   3.2102897e+00   1.3273001e-02   5.6607832e-01   1.8752511e-01   5.4289633e+01   4.3405372e+01   6.2837695e+01   5.3280697e+01   2.5402031e+01   6.0613497e+01   2.5152174e+01   3.7209001e+01   4.6438283e+01   3.5968978e+01   1.1022019e+01
   2.6238411e-01   3.6680737e+03   4.4367791e+03   9.1763436e+00   3.2636335e+01   4.7673079e+01   2.8004963e+03   6.4713060e+01   1.2288458e+02   2.1098539e-01   9.2029822e+01   4.9613749e+01   2.7052978e+03   2.5099182e+01   5.0598836e+01   3.3328029e+03   2.3094605e+01   6.6641037e+01   1.2225895e+00   2.7289687e+02   1.0248084e+02   9.2361983e+01   3.2316693e+01   1.4926465e+01   1.9060458e+01   6.0443033e+00   1.6728444e+01   4.0779817e+00   3.2802127e+01   2.1706639e+01   1.2860311e+01   8.4071519e-01   1.6265330e+01   5.4328534e+00   6.7005667e+00   3.3096308e+00   8.0177627e-03   5.6764977e-01   1.8298900e-01   5.3329860e+01   4.4504819e+01   6.2788936e+01   5.3305717e+01   2.5856815e+01   6.0532973e+01   2.5375019e+01   3.7239438e+01   4.6437130e+01   3.5919474e+01   1.2660978e+01
   2.6666971e-01   3.6662192e+03   4.4830911e+03   9.2525144e+00   3.2015495e+01   4.7543158e+01   2.8010996e+03   6.5592587e+01   1.2290194e+02   2.1190176e-01   9.2024786e+01   4.9995415e+01   2.7051238e+03   2.5616669e+01   4.8787992e+01   3.3322810e+03   2.2998529e+01   6.6655880e+01   7.5963618e-01   2.7292064e+02   1.0246811e+02   9.2376661e+01   3.2180382e+01   1.4886783e+01   1.8876036e+01   5.9154959e+00   1.6757314e+01   4.0762827e+00   3.2674265e+01   2.1560898e+01   1.3118114e+01   9.4172532e-01   1.6227121e+01   5.3459929e+00   6.6542457e+00   3.3210256e+00   8.0177627e-03   5.6764977e-01   1.8298900e-01   5.3329860e+01   4.4504819e+01   6.2837794e+01   5.3185199e+01   2.6113624e+01   6.0499020e+01   2.5634415e+01   3.7247303e+01   4.6413252e+01   3.5918801e+01   1.0840550e+01
   2.6505902e-01   3.6679890e+03   4.3966056e+03   9.2812483e+00   3.2320217e+01   4.7715951e+01   2.8001992e+03   6.4239146e+01   1.2290097e+02   2.1076690e-01   9.2033491e+01   4.8943446e+01   2.7048161e+03   2.5212190e+01   5.3539430e+01   3.3322843e+03   2.3043368e+01   6.6662260e+01   6.7926701e-01   2.7314698e+02   1.0249065e+02   9.2329511e+01   3.1901028e+01   1.4928175e+01   1.8838778e+01   5.9837756e+00   1.6600894e+01   4.0388757e+00   3.2733738e+01   2.1657037e+01   1.3244233e+01   9.7628970e-01   1.5826164e+01   5.4315184e+00   6.5223837e+00   3.2136561e+00   8.0177627e-03   5.6764977e-01   1.8298900e-01   5.3329860e+01   4.4504819e+01   6.2901248e+01   5.3132046e+01   2.6150160e+01   6.0554910e+01   2.5845945e+01   3.7249029e+01   4.6437465e+01   3.5943999e+01   1.3501381e+01
   2.6877863e-01   3.6707992e+03   4.4127304e+03   9.2222423e+00   3.2709836e+01   4.7224414e+01   2.8000424e+03   6.4552179e+01   1.2291054e+02   2.0984187e-01   9.1949552e+01   5.0599906e+01   2.7044339e+03   2.5286337e+01   4.9372609e+01   3.3315737e+03   2.2804305e+01   6.6621988e+01   3.7110539e-01   2.7321770e+02   1.0247908e+02   9.2134196e+01   3.2254569e+01   1.4832646e+01   1.8767493e+01   5.9671638e+00   1.7023644e+01   4.0579008e+00   3.2734799e+01   2.1772250e+01   1.3387586e+01   9.6571688e-01   1.5593259e+01   5.3911756e+00   6.6752770e+00   3.2785925e+00   5.2903410e-03   5.7301538e-01   1.8106661e-01   5.3364336e+01   4.3813365e+01   6.2944113e+01   5.3110133e+01   2.6337636e+01   6.0565348e+01   2.5876217e+01   3.7234978e+01   4.6448494e+01   3.5865274e+01   1.1393272e+01
   2.6393501e-01   3.6259564e+03   4.4405631e+03   9.1598944e+00   3.2695780e+01   4.7695347e+01   2.7995058e+03   6.4460237e+01   1.2289519e+02   2.1147145e-01   9.2014296e+01   5.0901253e+01   2.7041199e+03   2.5065114e+01   5.1619691e+01   3.3323192e+03   2.2911482e+01   6.6666773e+01  -2.2728385e+00   2.7291118e+02   1.0247426e+02   9.2111769e+01   3.2118154e+01   1.4836401e+01   1.9227179e+01   5.9315271e+00   1.6770221e+01   4.0341512e+00   3.2688476e+01   2.1782972e+01   1.3083597e+01   9.6224595e-01   1.6102404e+01   5.4086887e+00   6.5864325e+00   3.2630514e+00   5.2903410e-03   5.7301538e-01   1.8106661e-01   5.3364336e+01   4.3813365e+01   6.2953727e+01   5.3082264e+01   2.6104770e+01   6.0521785e+01   2.5957783e+01   3.7216878e+01   4.6413508e+01   3.6027282e+01   1.2516157e+01
   2.7153959e-01   3.6506424e+03   4.4219536e+03   9.2173375e+00   3.1962122e+01   4.7773566e+01   2.7993484e+03   6.5082678e+01   1.2289487e+02   2.0729573e-01   9.2028109e+01   4.9414209e+01   2.7042472e+03   2.5387723e+01   5.0345877e+01   3.3315086e+03   2.2896041e+01   6.6636295e+01   1.2660457e+00   2.7299679e+02   1.0247035e+02   9.2227814e+01   3.2070253e+01   1.4811944e+01   1.8612292e+01   5.9858535e+00   1.6609906e+01   4.0480321e+00   3.2612093e+01   2.1763030e+01   1.3307266e+01   8.1035304e-01   1.6273976e+01   5.4048285e+00   6.6197791e+00   3.2902414e+00   1.3655165e-02   5.7825174e-01   1.8381335e-01   5.4356646e+01   4.4496937e+01   6.2960376e+01   5.3102892e+01   2.6652608e+01   6.0435689e+01   2.5599800e+01   3.7225503e+01   4.6442977e+01   3.6026979e+01   1.2448821e+01
   2.6829137e-01   3.6541476e+03   4.4544571e+03   9.3112168e+00   3.2431134e+01   4.7617238e+01   2.8005006e+03   6.5188163e+01   1.2290985e+02   2.0462711e-01   9.2018663e+01   5.0896973e+01   2.7042905e+03   2.5142509e+01   5.1137936e+01   3.3319327e+03   2.2878619e+01   6.6614642e+01   5.3998534e-01   2.7284170e+02   1.0247623e+02   9.2344738e+01   3.2237463e+01   1.5035760e+01   1.8961526e+01   5.9910236e+00   1.6520027e+01   4.0668347e+00   3.2881947e+01   2.1783712e+01   1.2941338e+01   8.0447979e-01   1.6246740e+01   5.4300245e+00   6.7373246e+00   3.2949595e+00   1.3655165e-02   5.7825174e-01   1.8381335e-01   5.4356646e+01   4.4496937e+01   6.2864932e+01   5.3235542e+01   2.6271515e+01   6.0635357e+01   2.5183582e+01   3.7212675e+01   4.6419954e+01   3.5911724e+01   8.8044913e+00
   2.6688389e-01   3.6532743e+03   4.4362185e+03   9.2264267e+00   3.2396882e+01   4.7449384e+01   2.8005768e+03   6.4801261e+01   1.2290542e+02   2.0687264e-01   9.1967862e+01   5.0823085e+01   2.7043165e+03   2.5160307e+01   4.8730543e+01   3.3320981e+03   2.2810650e+01   6.6612340e+01  -5.9669585e-01   2.7305226e+02   1.0247989e+02   9.2535373e+01   3.1989189e+01   1.4869766e+01   1.8645816e+01   6.0093618e+00   1.7079612e+01   4.0517031e+00   3.3057519e+01   2.1873111e+01   1.3684998e+01   7.2834930e-01   1.5792800e+01   5.4350635e+00   6.7773149e+00   3.3868921e+00   1.3655165e-02   5.7825174e-01   1.8381335e-01   5.4356646e+01   4.4496937e+01   6.2813164e+01   5.3281065e+01   2.6365864e+01   6.0508690e+01   2.5210797e+01   3.7222470e+01   4.6390949e+01   3.6042890e+01   1.3171924e+01
   2.6390691e-01   3.6415150e+03   4.4616645e+03   9.2661477e+00   3.2388683e+01   4.7561549e+01   2.8006239e+03   6.5137979e+01   1.2290202e+02   2.1639702e-01   9.1996361e+01   5.0114975e+01   2.7045829e+03   2.5286797e+01   5.0623596e+01   3.3330100e+03   2.3026764e+01   6.6666750e+01  -3.9079349e-01   2.7263325e+02   1.0245917e+02   9.2191078e+01   3.2265379e+01   1.4858997e+01   1.8991188e+01   6.0949169e+00   1.6879164e+01   4.1020397e+00   3.2868243e+01   2.1623544e+01   1.3509842e+01   8.2729533e-01   1.6147783e+01   5.3854892e+00   6.7058574e+00   3.3103195e+00  -2.3555627e-03   6.0399482e-01   1.8783333e-01   5.3338903e+01   4.3479251e+01   6.2848515e+01   5.3231959e+01   2.6225660e+01   6.0580231e+01   2.5987554e+01   3.7251662e+01   4.6418609e+01   3.5952272e+01   1.2843136e+01
   2.6833063e-01   3.6444607e+03   4.4234090e+03   9.1128884e+00   3.2623182e+01   4.7610387e+01   2.8012607e+03   6.4792086e+01   1.2291118e+02   2.1430533e-01   9.2105603e+01   5.0980243e+01   2.7059985e+03   2.5205102e+01   5.0330775e+01   3.3337785e+03   2.2630801e+01   6.6648334e+01  -4.8888513e-01   2.7279906e+02   1.0244703e+02   9.2290783e+01   3.1940348e+01   1.4992383e+01   1.8908481e+01   6.1004503e+00   1.6617313e+01   4.1029109e+00   3.3011106e+01   2.1848065e+01   1.3115120e+01   9.4148397e-01   1.5957909e+01   5.3977120e+00   6.7288118e+00   3.1851637e+00  -2.3555627e-03   6.0399482e-01   1.8783333e-01   5.3338903e+01   4.3479251e+01   6.2913009e+01   5.3134623e+01   2.6373695e+01   6.0487208e+01   2.6177483e+01   3.7220134e+01   4.6422432e+01   3.6038430e+01   1.5238711e+01
   2.6831075e-01   3.6253899e+03   4.4637411e+03   9.2602423e+00   3.2386181e+01   4.7213405e+01   2.8006571e+03   6.5027343e+01   1.2290542e+02   2.1506247e-01   9.2104330e+01   4.8982771e+01   2.7056153e+03   2.5199887e+01   5.1016340e+01   3.3335891e+03   2.2963982e+01   6.6648052e+01  -4.5109101e-01   2.7300001e+02   1.0243526e+02   9.2442099e+01   3.2276328e+01   1.4824029e+01   1.8801453e+01   6.0251466e+00   1.6764677e+01   4.1244646e+00   3.2739760e+01   2.1584040e+01   1.3522294e+01   1.0262730e+00   1.6299270e+01   5.4395962e+00   6.6923014e+00   3.2433213e+00   8.6018969e-03   5.8680451e-01   1.8106298e-01   5.4288789e+01   4.3691482e+01   6.2949073e+01   5.3108523e+01   2.6602798e+01   6.0539094e+01   2.6200712e+01   3.7237992e+01   4.6444457e+01   3.5983303e+01   1.6269622e+01
   2.6966224e-01   3.6494746e+03   4.3945730e+03   9.2285185e+00   3.2282445e+01   4.7447335e+01   2.7991923e+03   6.5493430e+01   1.2290051e+02   2.1158701e-01   9.1883382e+01   5.0998255e+01   2.7031510e+03   2.5334081e+01   5.1197937e+01   3.3312856e+03   2.2952280e+01   6.6621728e+01   3.1681345e+00   2.7268398e+02   1.0245341e+02   9.2078766e+01   3.2091293e+01   1.4714266e+01   1.8369716e+01   6.0425485e+00   1.6616298e+01   4.1155688e+00   3.3095177e+01   2.1580071e+01   1.2864077e+01   8.6318762e-01   1.6254769e+01   5.3925696e+00   6.6749585e+00   3.2884997e+00   8.6018969e-03   5.8680451e-01   1.8106298e-01   5.4288789e+01   4.3691482e+01   6.2865495e+01   5.3233768e+01   2.6381011e+01   6.0594078e+01   2.6102558e+01   3.7219919e+01   4.6453311e+01   3.5915493e+01   1.1147840e+01
   2.6270070e-01   3.6777764e+03   4.4431100e+03   9.3552169e+00   3.2323813e+01   4.7762423e+01   2.8002575e+03   6.4765045e+01   1.2289286e+02   2.1139351e-01   9.1996529e+01   5.0505372e+01   2.7052266e+03   2.5204138e+01   5.0640968e+01   3.3324189e+03   2.2997033e+01   6.6574752e+01  -8.5774369e-01   2.7301293e+02   1.0246322e+02   9.2396334e+01   3.1874302e+01   1.4834784e+01   1.8853002e+01   5.9307887e+00   1.6836014e+01   4.0739166e+00   3.2787374e+01   2.1680747e+01   1.3121841e+01   7.8766134e-01   1.6503350e+01   5.3645834e+00   6.6479886e+00   3.1709179e+00   8.6018969e-03   5.8680451e-01   1.8106298e-01   5.4288789e+01   4.3691482e+01   6.2841707e+01   5.3301097e+01   2.5849545e+01   6.0750178e+01   2.5998972e+01   3.7203830e+01   4.6444999e+01   3.5870626e+01   1.1004779e+01
   2.6598795e-01   3.6236610e+03   4.4679956e+03   9.2422919e+00   3.2423384e+01   4.7831487e+01   2.8011262e+03   6.5893657e+01   1.2290407e+02   2.1568154e-01   9.2039206e+01   4.9323130e+01   2.7057258e+03   2.5486841e+01   5.1814100e+01   3.3336195e+03   2.2856575e+01   6.6616928e+01   3.0045659e+00   2.7308282e+02   1.0246671e+02   9.2316889e+01   3.2079484e+01   1.5019034e+01   1.8373141e+01   5.8805957e+00   1.6959450e+01   4.0532778e+00   3.2488522e+01   2.1623209e+01   1.3282664e+01   1.1118745e+00   1.6104088e+01   5.4336494e+00   6.7436930e+00   3.2636298e+00   1.0371523e-02   5.6916505e-01   1.8408672e-01   5.3999048e+01   4.3805036e+01   6.2807136e+01   5.3283352e+01   2.6285234e+01   6.0590864e+01   2.6573214e+01   3.7231604e+01   4.6445846e+01   3.5899317e+01   1.5124123e+01
   2.6219846e-01   3.6467692e+03   4.4865204e+03   9.2438859e+00   3.2341562e+01   4.7657612e+01   2.8006096e+03   6.5172103e+01   1.2287965e+02   2.1965648e-01   9.1941054e+01   4.7493950e+01   2.7050324e+03   2.5417247e+01   5.0201995e+01   3.3329498e+03   2.2841178e+01   6.6576028e+01   4.0749008e-01   2.7293990e+02   1.0248093e+02   9.2296275e+01   3.2235289e+01   1.4695203e+01   1.8909564e+01   5.8538205e+00   1.7165211e+01   4.0688665e+00   3.2624773e+01   2.1738043e+01   1.2832752e+01   8.4526585e-01   1.5473688e+01   5.4274303e+00   6.7655568e+00   3.2355317e+00   1.0371523e-02   5.6916505e-01   1.8408672e-01   5.3999048e+01   4.3805036e+01   6.2791028e+01   5.3260987e+01   2.5787604e+01   6.0762177e+01   2.6836078e+01   3.7217795e+01   4.6401063e+01   3.5936121e+01   1.2917159e+01
   2.6556124e-01   3.6732833e+03   4.4441009e+03   9.2841249e+00   3.2147354e+01   4.7264267e+01   2.8007713e+03   6.4985218e+01   1.2286730e+02   2.2552172e-01   9.1996689e+01   5.1225879e+01   2.7051800e+03   2.5376644e+01   5.0605377e+01   3.3333446e+03   2.2996973e+01   6.6617595e+01  -4.3142100e-01   2.7274491e+02   1.0245164e+02   9.2174955e+01   3.2460218e+01   1.5019512e+01   1.8692767e+01   5.9276422e+00   1.7002766e+01   4.0791059e+00   3.2618266e+01   2.1834105e+01   1.2420776e+01   9.6304484e-01   1.5788940e+01   5.4070517e+00   6.7032122e+00   3.2547023e+00   1.8857598e-02   5.9315988e-01   1.8440995e-01   5.4517423e+01   4.4892814e+01   6.2785051e+01   5.3257483e+01   2.6049956e+01   6.0526221e+01   2.7614104e+01   3.7251530e+01   4.6441290e+01   3.5902780e+01   1.1646248e+01
   2.6264262e-01   3.6316800e+03   4.4275412e+03   9.2211597e+00   3.2216691e+01   4.7556386e+01   2.7996908e+03   6.5121824e+01   1.2290076e+02   2.2955654e-01   9.1916486e+01   4.8810460e+01   2.7047193e+03   2.5259898e+01   5.1294116e+01   3.3322545e+03   2.2932599e+01   6.6643783e+01   1.0777684e-01   2.7297344e+02   1.0250218e+02   9.2294365e+01   3.2295135e+01   1.4899217e+01   1.8634200e+01   5.9623183e+00   1.7144466e+01   4.0486644e+00   3.2880717e+01   2.1689645e+01   1.3294298e+01   1.0854712e+00   1.5760602e+01   5.4330709e+00   6.5799861e+00   3.2963955e+00   1.8857598e-02   5.9315988e-01   1.8440995e-01   5.4517423e+01   4.4892814e+01   6.2725421e+01   5.3309950e+01   2.5766840e+01   6.0572532e+01   2.7933807e+01   3.7214364e+01   4.6405212e+01   3.5792594e+01   1.0340251e+01
   2.6227877e-01   3.6089165e+03   4.4542173e+03   9.2618840e+00   3.2048523e+01   4.7107919e+01   2.8005202e+03   6.4722313e+01   1.2290715e+02   2.2870103e-01   9.2032301e+01   5.0702045e+01   2.7059329e+03   2.5304707e+01   5.2554963e+01   3.3328724e+03   2.2935337e+01   6.6611521e+01  -1.3984077e+00   2.7269477e+02   1.0249017e+02   9.2339253e+01   3.2049601e+01   1.4915385e+01   1.8862490e+01   6.0424874e+00   1.6649599e+01   4.0330338e+00   3.2500174e+01   2.1785109e+01   1.3201411e+01   8.9344616e-01   1.6168930e+01   5.4317001e+00   6.6552002e+00   3.3229452e+00   1.8857598e-02   5.9315988e-01   1.8440995e-01   5.4517423e+01   4.4892814e+01   6.2702802e+01   5.3354496e+01   2.5632010e+01   6.0603445e+01   2.7959203e+01   3.7219989e+01   4.6435214e+01   3.5765953e+01   1.3490262e+01
   2.6381014e-01   3.6294208e+03   4.4952362e+03   9.3365568e+00   3.2227491e+01   4.7374292e+01   2.8010008e+03   6.4840070e+01   1.2290640e+02   2.3290477e-01   9.2127086e+01   5.0222197e+01   2.7055268e+03   2.5407002e+01   4.8826974e+01   3.3331592e+03   2.2810526e+01   6.6665772e+01   1.9155747e+00   2.7301488e+02   1.0248911e+02   9.2259780e+01   3.2234557e+01   1.4794645e+01   1.8922237e+01   6.0693663e+00   1.6678873e+01   4.0638384e+00   3.2479463e+01   2.1827378e+01   1.3084075e+01   8.7624656e-01   1.6462684e+01   5.4550301e+00   6.6697442e+00   3.1481113e+00   8.0964291e-03   5.8199412e-01   1.9937103e-01   5.4143669e+01   4.3802962e+01   6.2715393e+01   5.3373732e+01   2.5990192e+01   6.0570360e+01   2.8204626e+01   3.7249322e+01   4.6464029e+01   3.5827285e+01   1.1573019e+01
   2.6465430e-01   3.6337002e+03   4.4789047e+03   9.2949383e+00   3.2823861e+01   4.7283130e+01   2.7998490e+03   6.5258151e+01   1.2290748e+02   2.2745139e-01   9.2105932e+01   5.1214767e+01   2.7052663e+03   2.5184772e+01   4.9606741e+01   3.3324849e+03   2.2869488e+01   6.6652453e+01   1.8063267e+00   2.7294751e+02   1.0249525e+02   9.2421038e+01   3.2099239e+01   1.4902680e+01   1.8518416e+01   5.8164923e+00   1.6729407e+01   4.1022183e+00   3.2306238e+01   2.1541444e+01   1.2783868e+01   8.3249403e-01   1.5866606e+01   5.3856935e+00   6.7092923e+00   3.2069917e+00   8.0964291e-03   5.8199412e-01   1.9937103e-01   5.4143669e+01   4.3802962e+01   6.2705309e+01   5.3322187e+01   2.6143956e+01   6.0490837e+01   2.8087539e+01   3.7204088e+01   4.6429608e+01   3.6112262e+01   1.2981915e+01
   2.6224669e-01   3.6350077e+03   4.4727451e+03   9.3276316e+00   3.2159863e+01   4.7580496e+01   2.7990486e+03   6.5039851e+01   1.2290689e+02   2.2838506e-01   9.1932448e+01   5.0965693e+01   2.7034829e+03   2.5305507e+01   5.0846498e+01   3.3309695e+03   2.2890091e+01   6.6612228e+01  -7.7375695e-04   2.7281567e+02   1.0249950e+02   9.2212738e+01   3.2064600e+01   1.4828036e+01   1.8416764e+01   6.0267513e+00   1.6710672e+01   4.0686725e+00   3.2409236e+01   2.1708714e+01   1.3297966e+01   9.1477948e-01   1.6473007e+01   5.4310952e+00   6.7473217e+00   3.1836358e+00   1.5024263e-02   5.7285623e-01   1.8047389e-01   5.2728986e+01   4.3829064e+01   6.2724697e+01   5.3319823e+01   2.5832885e+01   6.0667442e+01   2.7872623e+01   3.7207471e+01   4.6432928e+01   3.5809872e+01   1.3124307e+01
   2.6087662e-01   3.6816105e+03   4.4541708e+03   9.1954655e+00   3.2088479e+01   4.7302946e+01   2.8002579e+03   6.4505267e+01   1.2291615e+02   2.2780513e-01   9.2070937e+01   4.9016185e+01   2.7051313e+03   2.5271933e+01   5.1118288e+01   3.3323503e+03   2.2783548e+01   6.6618420e+01   8.7993490e-01   2.7312103e+02   1.0246083e+02   9.2333974e+01   3.2305615e+01   1.4940489e+01   1.8718408e+01   6.1619425e+00   1.7341126e+01   4.0673334e+00   3.2428093e+01   2.1588648e+01   1.3450538e+01   8.8029732e-01   1.6744059e+01   5.4063815e+00   6.7365848e+00   3.2058754e+00   1.5024263e-02   5.7285623e-01   1.8047389e-01   5.2728986e+01   4.3829064e+01   6.2872426e+01   5.3116747e+01   2.5538534e+01   6.0723104e+01   2.7738813e+01   3.7207912e+01   4.6429275e+01   3.5972168e+01   1.2374921e+01
   2.5739269e-01   3.6368679e+03   4.4198951e+03   9.1946584e+00   3.2347384e+01   4.7539270e+01   2.7996053e+03   6.5284708e+01   1.2290516e+02   2.2615553e-01   9.2039004e+01   5.0021603e+01   2.7036953e+03   2.5175694e+01   4.9695887e+01   3.3306547e+03   2.2965118e+01   6.6634153e+01  -3.1048673e-01   2.7255418e+02   1.0245236e+02   9.2394989e+01   3.2552354e+01   1.4740823e+01   1.8619214e+01   5.8504150e+00   1.6776520e+01   4.0846259e+00   3.2504173e+01   2.1677491e+01   1.3070849e+01   1.0624743e+00   1.6103534e+01   5.3844981e+00   6.7735350e+00   3.2113744e+00   1.5024263e-02   5.7285623e-01   1.8047389e-01   5.2728986e+01   4.3829064e+01   6.2952048e+01   5.3037170e+01   2.5550060e+01   6.0584880e+01   2.7673978e+01   3.7211467e+01   4.6448033e+01   3.6006065e+01   1.2493022e+01
   2.5661667e-01   3.6769221e+03   4.4028495e+03   9.2268984e+00   3.2347224e+01   4.7494873e+01   2.7982781e+03   6.5199245e+01   1.2291428e+02   2.1994159e-01   9.2036897e+01   5.0857731e+01   2.7023535e+03   2.5428490e+01   4.9633134e+01   3.3303491e+03   2.2804702e+01   6.6647006e+01   1.5736048e+00   2.7257599e+02   1.0244572e+02   9.2314514e+01   3.2090868e+01   1.4889708e+01   1.8807596e+01   5.8132281e+00   1.6916370e+01   4.0551836e+00   3.2762788e+01   2.1650833e+01   1.3259938e+01   8.6359334e-01   1.6686725e+01   5.3951087e+00   6.6041407e+00   3.3810285e+00  -4.1305501e-03   5.6525988e-01   1.8874575e-01   5.3518317e+01   4.4024833e+01   6.2960494e+01   5.3074119e+01   2.5238169e+01   6.0665615e+01   2.7108686e+01   3.7219309e+01   4.6451146e+01   3.6008705e+01   1.1563797e+01
   2.5945502e-01   3.6701697e+03   4.4711804e+03   9.1673425e+00   3.2174374e+01   4.7452693e+01   2.7985075e+03   6.5467631e+01   1.2289316e+02   2.1566743e-01   9.2008685e+01   5.0251209e+01   2.7023878e+03   2.5262707e+01   5.0892774e+01   3.3302337e+03   2.2835518e+01   6.6653232e+01  -1.3666288e+00   2.7308910e+02   1.0247440e+02   9.2469898e+01   3.1946114e+01   1.4872488e+01   1.8061098e+01   6.1224042e+00   1.6449735e+01   4.0485633e+00   3.2778778e+01   2.1789304e+01   1.3551267e+01   1.0265211e+00   1.6012479e+01   5.3878939e+00   6.6675676e+00   3.3069511e+00  -4.1305501e-03   5.6525988e-01   1.8874575e-01   5.3518317e+01   4.4024833e+01   6.2924616e+01   5.3094342e+01   2.5590142e+01   6.0603420e+01   2.6263127e+01   3.7172353e+01   4.6395983e+01   3.5984104e+01   1.3605904e+01
   2.5311409e-01   3.6546718e+03   4.4728399e+03   9.3817627e+00   3.2329842e+01   4.7321838e+01   2.7999162e+03   6.5701037e+01   1.2290125e+02   2.0900865e-01   9.2087920e+01   4.7886487e+01   2.7045192e+03   2.5170390e+01   4.9187162e+01   3.3320345e+03   2.2816677e+01   6.6607934e+01  -1.5362949e-01   2.7294942e+02   1.0246272e+02   9.2408430e+01   3.2444158e+01   1.4939672e+01   1.9136818e+01   6.0977874e+00   1.6745569e+01   4.0858914e+00   3.2615476e+01   2.1673910e+01   1.3280545e+01   9.8125335e-01   1.5906908e+01   5.3551656e+00   6.7172922e+00   3.1758311e+00   2.5668200e-03   5.7015818e-01   1.9516096e-01   5.3770648e+01   4.4244508e+01   6.2919621e+01   5.3109159e+01   2.4963384e+01   6.0881071e+01   2.5832697e+01   3.7186326e+01   4.6388542e+01   3.6085034e+01   1.4685418e+01
   2.6095120e-01   3.6976193e+03   4.4246627e+03   9.1593575e+00   3.2538042e+01   4.7494487e+01   2.7999073e+03   6.4137900e+01   1.2290858e+02   2.0796142e-01   9.2124595e+01   4.9660605e+01   2.7046656e+03   2.5323201e+01   4.9726159e+01   3.3314514e+03   2.2882591e+01   6.6661070e+01  -1.6533448e+00   2.7319338e+02   1.0247459e+02   9.2642077e+01   3.2521035e+01   1.4958325e+01   1.8714028e+01   5.8437754e+00   1.6549879e+01   4.0563395e+00   3.2562065e+01   2.1686425e+01   1.3484309e+01   1.1581533e+00   1.5879701e+01   5.3976733e+00   6.7232631e+00   3.3023398e+00   2.5668200e-03   5.7015818e-01   1.9516096e-01   5.3770648e+01   4.4244508e+01   6.2906974e+01   5.3171177e+01   2.5539864e+01   6.0470132e+01   2.5583124e+01   3.7247873e+01   4.6432777e+01   3.5847596e+01   1.2703602e+01
   2.5806855e-01   3.6552325e+03   4.4497917e+03   9.2216357e+00   3.2688548e+01   4.7685704e+01   2.7986624e+03   6.5239572e+01   1.2288379e+02   2.0612358e-01   9.1985267e+01   5.0183440e+01   2.7031872e+03   2.5238947e+01   5.0236497e+01   3.3302165e+03   2.2710179e+01   6.6650225e+01  -6.4318347e-01   2.7282052e+02   1.0248697e+02   9.2321253e+01   3.1723060e+01   1.4976520e+01   1.8706378e+01   6.1514720e+00   1.6390574e+01   4.0512756e+00   3.2589318e+01   2.1693431e+01   1.2932831e+01   8.0190169e-01   1.6230704e+01   5.3708463e+00   6.6995055e+00   3.2326542e+00   2.5668200e-03   5.7015818e-01   1.9516096e-01   5.3770648e+01   4.4244508e+01   6.2871891e+01   5.3187642e+01   2.5289178e+01   6.0570466e+01   2.5212822e+01   3.7194455e+01   4.6421485e+01   3.5904910e+01   1.0695520e+01
   2.6116176e-01   3.6354506e+03   4.4518448e+03   9.1386922e+00   3.2265110e+01   4.7426144e+01   2.7985870e+03   6.4915400e+01   1.2290260e+02   2.0255695e-01   9.1932390e+01   4.9815900e+01   2.7026855e+03   2.5210063e+01   5.0211807e+01   3.3304976e+03   2.2890108e+01   6.6614934e+01   1.0694263e+00   2.7231401e+02   1.0248315e+02   9.2108946e+01   3.2093889e+01   1.4978627e+01   1.8955319e+01   5.8892066e+00   1.6473355e+01   4.0559323e+00   3.2457153e+01   2.1783723e+01   1.2980601e+01   9.1132052e-01   1.5967840e+01   5.4207528e+00   6.6705336e+00   3.3202072e+00  -4.9996766e-03   5.7166854e-01   1.9555118e-01   5.2922103e+01   4.4026755e+01   6.2903218e+01   5.3123416e+01   2.5689772e+01   6.0649945e+01   2.4739625e+01   3.7204076e+01   4.6425792e+01   3.5881331e+01   1.2556896e+01
   2.6197513e-01   3.6654164e+03   4.4333409e+03   9.2031076e+00   3.2715823e+01   4.7521003e+01   2.7995353e+03   6.5811150e+01   1.2291726e+02   2.0117031e-01   9.2031730e+01   4.9830875e+01   2.7043339e+03   2.5458523e+01   4.9622238e+01   3.3325174e+03   2.2969893e+01   6.6611459e+01   2.7960460e+00   2.7313913e+02   1.0247591e+02   9.2310262e+01   3.2238651e+01   1.4911026e+01   1.9043586e+01   6.0592815e+00   1.6319947e+01   4.0737169e+00   3.3218187e+01   2.1695511e+01   1.3524920e+01   8.6784972e-01   1.5984223e+01   5.3699738e+00   6.7282316e+00   3.2283710e+00  -4.9996766e-03   5.7166854e-01   1.9555118e-01   5.2922103e+01   4.4026755e+01   6.2960742e+01   5.3052997e+01   2.5970244e+01   6.0540238e+01   2.4708496e+01   3.7195719e+01   4.6413159e+01   3.6200540e+01   1.3434238e+01
   2.6629903e-01   3.6713725e+03   4.4093019e+03   9.2096737e+00   3.2133795e+01   4.7604129e+01   2.7991770e+03   6.4870540e+01   1.2288920e+02   2.0006260e-01   9.1956160e+01   4.7943666e+01   2.7037507e+03   2.5314972e+01   4.9379153e+01   3.3315135e+03   2.2882852e+01   6.6615199e+01  -1.2530661e+00   2.7283435e+02   1.0245916e+02   9.2190744e+01   3.1643979e+01   1.4746793e+01   1.8625951e+01   6.0540300e+00   1.6610936e+01   4.0352709e+00   3.3081500e+01   2.1612117e+01   1.3593396e+01   7.5099641e-01   1.5833071e+01   5.4056203e+00   6.6064135e+00   3.2121737e+00   9.2159134e-03   5.7953766e-01   1.8720115e-01   5.3679453e+01   4.3123834e+01   6.3020512e+01   5.3015482e+01   2.6146856e+01   6.0513713e+01   2.4663500e+01   3.7181673e+01   4.6438982e+01   3.5971339e+01   1.4392892e+01
   2.6663455e-01   3.6827638e+03   4.3679339e+03   9.2836343e+00   3.2356389e+01   4.7289693e+01   2.8003909e+03   6.4738865e+01   1.2290171e+02   1.9720126e-01   9.2029884e+01   4.9612284e+01   2.7050779e+03   2.5216184e+01   4.8500917e+01   3.3324447e+03   2.2824203e+01   6.6587054e+01  -3.3474160e-01   2.7305358e+02   1.0244352e+02   9.2581764e+01   3.2315292e+01   1.4908201e+01   1.9293077e+01   5.9793235e+00   1.6734103e+01   4.0635220e+00   3.2702601e+01   2.1781758e+01   1.3496451e+01   9.7878645e-01   1.6082432e+01   5.4388256e+00   6.6538469e+00   3.3614793e+00   9.2159134e-03   5.7953766e-01   1.8720115e-01   5.3679453e+01   4.3123834e+01   6.2975935e+01   5.3075990e+01   2.6168107e+01   6.0785107e+01   2.4407039e+01   3.7228316e+01   4.6433718e+01   3.5953401e+01   1.1885096e+01
   2.6909649e-01   3.6281573e+03   4.4426864e+03   9.2002139e+00   3.2484747e+01   4.7375591e+01   2.7997361e+03   6.5726796e+01   1.2290895e+02   2.0407255e-01   9.1976556e+01   5.0736735e+01   2.7042984e+03   2.5300554e+01   5.0497132e+01   3.3319560e+03   2.2930621e+01   6.6627378e+01  -2.0859857e-01   2.7315413e+02   1.0245836e+02   9.2593651e+01   3.1742977e+01   1.4763700e+01   1.8876977e+01   5.9959435e+00   1.6651155e+01   4.0703213e+00   3.2599611e+01   2.1710662e+01   1.3954310e+01   1.0437002e+00   1.6175481e+01   5.4363683e+00   6.6543741e+00   3.1468277e+00   9.2159134e-03   5.7953766e-01   1.8720115e-01   5.3679453e+01   4.3123834e+01   6.2957913e+01   5.3118524e+01   2.6538522e+01   6.0473876e+01   2.4862415e+01   3.7201445e+01   4.6441479e+01   3.6085723e+01   1.3487094e+01
   2.7161284e-01   3.6898811e+03   4.4250747e+03   9.2046610e+00   3.2312063e+01   4.7603218e+01   2.7998593e+03   6.4745010e+01   1.2290583e+02   2.0227670e-01   9.1963611e+01   5.0270939e+01   2.7050510e+03   2.5403721e+01   4.9943888e+01   3.3321795e+03   2.2917237e+01   6.6615513e+01  -7.8603759e-01   2.7294781e+02   1.0247041e+02   9.2367228e+01   3.2208284e+01   1.4815649e+01   1.8568846e+01   5.9961772e+00   1.6465329e+01   4.0376560e+00   3.2986807e+01   2.1724152e+01   1.3344994e+01   8.1569451e-01   1.5959834e+01   5.4322110e+00   6.6596163e+00   3.2660776e+00   1.0027404e-02   5.8686797e-01   1.7465463e-01   5.4170146e+01   4.3983275e+01   6.2920128e+01   5.3164101e+01   2.6695581e+01   6.0605207e+01   2.4916657e+01   3.7215896e+01   4.6420849e+01   3.6057434e+01   1.1949554e+01
   2.6489832e-01   3.6347359e+03   4.4287041e+03   9.1474044e+00   3.2934092e+01   4.7724981e+01   2.8012694e+03   6.5484468e+01   1.2288154e+02   2.0930490e-01   9.1984866e+01   4.8611022e+01   2.7053034e+03   2.5185203e+01   5.0173097e+01   3.3337897e+03   2.2889793e+01   6.6621964e+01   2.0395961e+00   2.7262170e+02   1.0246042e+02   9.2113737e+01   3.1664095e+01   1.4946966e+01   1.8763093e+01   6.1635555e+00   1.6580789e+01   4.0966778e+00   3.2380765e+01   2.1794553e+01   1.3585407e+01   9.8732096e-01   1.6367238e+01   5.3860390e+00   6.6940277e+00   3.2275872e+00   1.0027404e-02   5.8686797e-01   1.7465463e-01   5.4170146e+01   4.3983275e+01   6.2876754e+01   5.3228378e+01   2.6107052e+01   6.0682262e+01   2.5482509e+01   3.7221552e+01   4.6457652e+01   3.6067675e+01   1.2534141e+01
   2.7017537e-01   3.6633151e+03   4.4506343e+03   9.2114459e+00   3.2236607e+01   4.7351236e+01   2.8010791e+03   6.5519953e+01   1.2288723e+02   2.1283766e-01   9.1901678e+01   5.0541995e+01   2.7053817e+03   2.5123042e+01   5.0658360e+01   3.3333552e+03   2.2904880e+01   6.6597069e+01   1.0426046e+00   2.7297645e+02   1.0247013e+02   9.2166234e+01   3.2006682e+01   1.4909042e+01   1.8888307e+01   6.0006591e+00   1.6621395e+01   3.9903966e+00   3.2441933e+01   2.1722394e+01   1.3363768e+01   9.3099202e-01   1.5839534e+01   5.4099910e+00   6.5878348e+00   3.1475867e+00   1.5414070e-02   5.6899433e-01   1.9002366e-01   5.3566201e+01   4.4045697e+01   6.2833771e+01   5.3236934e+01   2.6393058e+01   6.0677760e+01   2.6082308e+01   3.7224561e+01   4.6408410e+01   3.5895579e+01   1.4383249e+01
   2.6817426e-01   3.6568904e+03   4.4498168e+03   9.1928103e+00   3.2675564e+01   4.7356466e+01   2.8021329e+03   6.5361456e+01   1.2291696e+02   2.1748011e-01   9.2017282e+01   5.0698629e+01   2.7065736e+03   2.5164742e+01   5.0994190e+01   3.3342674e+03   2.2648675e+01   6.6609125e+01  -5.2832626e-01   2.7308586e+02   1.0245202e+02   9.2455709e+01   3.2250903e+01   1.4869550e+01   1.8450130e+01   5.8784583e+00   1.6968703e+01   4.0788783e+00   3.2778621e+01   2.1803442e+01   1.3584525e+01   9.3333039e-01   1.6304413e+01   5.4128764e+00   6.6972877e+00   3.2292493e+00   1.5414070e-02   5.6899433e-01   1.9002366e-01   5.3566201e+01   4.4045697e+01   6.2869471e+01   5.3184366e+01   2.6485831e+01   6.0569642e+01   2.6790101e+01   3.7197158e+01   4.6424642e+01   3.6016725e+01   1.4601542e+01
   2.6210287e-01   3.6713440e+03   4.4886866e+03   9.1741829e+00   3.2347215e+01   4.7493467e+01   2.8014986e+03   6.4616622e+01   1.2289718e+02   2.2529459e-01   9.2004223e+01   5.1438320e+01   2.7059955e+03   2.5302563e+01   4.8584117e+01   3.3338155e+03   2.2948673e+01   6.6585123e+01  -4.7291726e-01   2.7294803e+02   1.0245142e+02   9.2346606e+01   3.1902014e+01   1.4914175e+01   1.8858402e+01   5.9021664e+00   1.6624305e+01   4.0691222e+00   3.2254657e+01   2.1718982e+01   1.3474985e+01   8.2329997e-01   1.6021013e+01   5.4001615e+00   6.6456391e+00   3.2903714e+00   1.5414070e-02   5.6899433e-01   1.9002366e-01   5.3566201e+01   4.4045697e+01   6.2878853e+01   5.3170401e+01   2.5830242e+01   6.0690807e+01   2.7428303e+01   3.7212947e+01   4.6423652e+01   3.5971038e+01   1.4357938e+01
   2.6593778e-01   3.6746158e+03   4.4416528e+03   9.3003367e+00   3.2105702e+01   4.7973174e+01   2.8009837e+03   6.5079946e+01   1.2289764e+02   2.2839232e-01   9.2018923e+01   5.1279625e+01   2.7059662e+03   2.5433347e+01   4.9119317e+01   3.3332176e+03   2.2947625e+01   6.6591005e+01  -1.1359477e+00   2.7292915e+02   1.0247548e+02   9.2276328e+01   3.1842562e+01   1.4844048e+01   1.8999251e+01   6.0008728e+00   1.6474220e+01   3.9956872e+00   3.2638455e+01   2.1705236e+01   1.3388417e+01   1.0366157e+00   1.6117632e+01   5.4377990e+00   6.6545539e+00   3.1884391e+00   1.8808583e-03   5.9141409e-01   1.9825677e-01   5.3539353e+01   4.4076450e+01   6.2923879e+01   5.3130730e+01   2.6205682e+01   6.0595656e+01   2.7861263e+01   3.7233983e+01   4.6438880e+01   3.5930212e+01   1.1936809e+01
   2.7140245e-01   3.6382498e+03   4.4590880e+03   9.2377937e+00   3.2301994e+01   4.8049758e+01   2.8008589e+03   6.5296979e+01   1.2291495e+02   2.3060630e-01   9.2056081e+01   4.9335514e+01   2.7050155e+03   2.5263398e+01   4.9393663e+01   3.3332411e+03   2.2881343e+01   6.6631902e+01  -1.5725688e-01   2.7250295e+02   1.0247851e+02   9.2338977e+01   3.2551618e+01   1.5019996e+01   1.9225277e+01   5.9362089e+00   1.6869440e+01   4.0567320e+00   3.2554122e+01   2.1698979e+01   1.3365094e+01   7.2440507e-01   1.6031170e+01   5.4061729e+00   6.6381641e+00   3.3152013e+00   1.8808583e-03   5.9141409e-01   1.9825677e-01   5.3539353e+01   4.4076450e+01   6.2949286e+01   5.3118899e+01   2.6641364e+01   6.0567752e+01   2.8246717e+01   3.7227263e+01   4.6433785e+01   3.6050169e+01   1.3690636e+01
   2.7093886e-01   3.6506394e+03   4.4179195e+03   9.2588066e+00   3.2345514e+01   4.7426666e+01   2.7994651e+03   6.4068776e+01   1.2288959e+02   2.2647693e-01   9.2049131e+01   4.9941992e+01   2.7041069e+03   2.5332195e+01   4.8189278e+01   3.3307281e+03   2.2831918e+01   6.6676355e+01  -2.1208639e+00   2.7329960e+02   1.0247380e+02   9.2382481e+01   3.2061688e+01   1.5012942e+01   1.8922242e+01   6.0983867e+00   1.6731049e+01   4.0784577e+00   3.2726414e+01   2.1539222e+01   1.2976598e+01   9.0859418e-01   1.6524403e+01   5.3676418e+00   6.7035174e+00   3.2586829e+00   1.0386138e-04   5.7052762e-01   1.8744062e-01   5.3483971e+01   4.3293405e+01   6.2960318e+01   5.3106250e+01   2.6681904e+01   6.0424283e+01   2.7992990e+01   3.7234240e+01   4.6461154e+01   3.5973706e+01   1.2012450e+01
   2.7299318e-01   3.6654734e+03   4.4661174e+03   9.2051456e+00   3.2159845e+01   4.7485880e+01   2.7985308e+03   6.4669420e+01   1.2289193e+02   2.2011145e-01   9.2044236e+01   5.1047985e+01   2.7034855e+03   2.5432534e+01   5.1636919e+01   3.3305409e+03   2.3144290e+01   6.6644892e+01  -7.9709666e-01   2.7301897e+02   1.0246398e+02   9.2516741e+01   3.2316597e+01   1.4811938e+01   1.9183107e+01   6.0605752e+00   1.6282869e+01   4.0966506e+00   3.2290094e+01   2.1665319e+01   1.3420784e+01   6.4361497e-01   1.6329130e+01   5.3789610e+00   6.6555248e+00   3.2324606e+00   1.0386138e-04   5.7052762e-01   1.8744062e-01   5.3483971e+01   4.3293405e+01   6.2954978e+01   5.3107132e+01   2.6713505e+01   6.0549531e+01   2.7093843e+01   3.7220846e+01   4.6466141e+01   3.5882893e+01   8.1908866e+00
   2.7397164e-01   3.6737443e+03   4.4209373e+03   9.1530601e+00   3.2505819e+01   4.7437583e+01   2.7979479e+03   6.4724218e+01   1.2289047e+02   2.1666359e-01   9.2014931e+01   5.1631742e+01   2.7027543e+03   2.5285436e+01   5.2209621e+01   3.3297409e+03   2.2977908e+01   6.6674869e+01  -1.1090369e+00   2.7281232e+02   1.0246507e+02   9.2468387e+01   3.2365495e+01   1.4789510e+01   1.8668511e+01   6.1423971e+00   1.6543467e+01   4.0693729e+00   3.2751736e+01   2.1656709e+01   1.3125531e+01   8.5999642e-01   1.5931761e+01   5.3848641e+00   6.6920642e+00   3.2440285e+00   1.0386138e-04   5.7052762e-01   1.8744062e-01   5.3483971e+01   4.3293405e+01   6.2951824e+01   5.3105695e+01   2.6895549e+01   6.0483127e+01   2.6326000e+01   3.7208040e+01   4.6447619e+01   3.6037550e+01   1.1444858e+01
   2.7030279e-01   3.6644839e+03   4.4447598e+03   9.2285193e+00   3.2787209e+01   4.7676721e+01   2.7986928e+03   6.6015718e+01   1.2291054e+02   2.0902648e-01   9.2032857e+01   5.1082080e+01   2.7034879e+03   2.5327731e+01   5.0065997e+01   3.3306334e+03   2.2781617e+01   6.6645414e+01  -2.1439155e+00   2.7313951e+02   1.0246074e+02   9.2526433e+01   3.1744735e+01   1.5053269e+01   1.8689913e+01   6.1150313e+00   1.6377786e+01   4.0658059e+00   3.2772625e+01   2.1731179e+01   1.3470883e+01   7.2537604e-01   1.6352626e+01   5.4005285e+00   6.7075958e+00   3.3109752e+00   1.8042916e-02   5.7636853e-01   1.7649102e-01   5.4907705e+01   4.2987141e+01   6.2882837e+01   5.3211903e+01   2.6357389e+01   6.0619444e+01   2.5429162e+01   3.7214444e+01   4.6447287e+01   3.6024772e+01   1.3961810e+01
   2.7043540e-01   3.6039425e+03   4.4861427e+03   9.2049223e+00   3.2224907e+01   4.7589333e+01   2.7998650e+03   6.4989196e+01   1.2289780e+02   2.0624564e-01   9.2061738e+01   5.0318464e+01   2.7046067e+03   2.5390961e+01   5.0412864e+01   3.3314419e+03   2.2932523e+01   6.6651552e+01  -2.0145429e+00   2.7249310e+02   1.0246409e+02   9.2183140e+01   3.2315876e+01   1.4806803e+01   1.8844355e+01   5.7283497e+00   1.6555780e+01   4.0358203e+00   3.2488719e+01   2.1598431e+01   1.3430280e+01   7.4589786e-01   1.6090273e+01   5.3820462e+00   6.6880869e+00   3.3144772e+00   1.8042916e-02   5.7636853e-01   1.7649102e-01   5.4907705e+01   4.2987141e+01   6.2778972e+01   5.3338302e+01   2.6518000e+01   6.0677604e+01   2.5233796e+01   3.7223294e+01   4.6437266e+01   3.5988871e+01   1.1092590e+01
   2.6930175e-01   3.6553691e+03   4.4560565e+03   9.1944699e+00   3.2024085e+01   4.7326208e+01   2.8014449e+03   6.5328496e+01   1.2290025e+02   2.0819588e-01   9.2146083e+01   5.1691151e+01   2.7063559e+03   2.5448332e+01   5.1208128e+01   3.3335607e+03   2.2794724e+01   6.6668646e+01  -7.9417896e-01   2.7303656e+02   1.0245759e+02   9.2569176e+01   3.2219761e+01   1.5074652e+01   1.8685997e+01   5.9902241e+00   1.6594319e+01   4.0708927e+00   3.3019638e+01   2.1729827e+01   1.2903562e+01   9.1494417e-01   1.6033684e+01   5.4026008e+00   6.7082037e+00   3.1178926e+00   6.8423779e-03   5.6864379e-01   1.7923964e-01   5.4476729e+01   4.4291851e+01   6.2728182e+01   5.3425768e+01   2.6391057e+01   6.0598489e+01   2.5584734e+01   3.7212239e+01   4.6435333e+01   3.5943232e+01   1.4820041e+01
   2.6616763e-01   3.6320916e+03   4.4520856e+03   9.2607009e+00   3.2261230e+01   4.7760587e+01   2.8011183e+03   6.4989003e+01   1.2289965e+02   2.1444666e-01   9.2062917e+01   5.0424576e+01   2.7055142e+03   2.5117292e+01   5.0789711e+01   3.3337868e+03   2.2930382e+01   6.6654658e+01   6.5434351e-01   2.7336717e+02   1.0249309e+02   9.2542331e+01   3.2249874e+01   1.4862106e+01   1.8977648e+01   5.9462243e+00   1.7020024e+01   4.0457802e+00   3.2403804e+01   2.1829565e+01   1.3367029e+01   9.0386972e-01   1.6037853e+01   5.3800161e+00   6.6940119e+00   3.2986161e+00   6.8423779e-03   5.6864379e-01   1.7923964e-01   5.4476729e+01   4.4291851e+01   6.2724123e+01   5.3365237e+01   2.6205070e+01   6.0561318e+01   2.6239701e+01   3.7223643e+01   4.6427594e+01   3.5977239e+01   1.1079207e+01
   2.6639156e-01   3.6442080e+03   4.4875986e+03   9.2146122e+00   3.2361231e+01   4.7574056e+01   2.8011626e+03   6.5045201e+01   1.2291018e+02   2.2259162e-01   9.2098168e+01   5.0045307e+01   2.7059529e+03   2.5144759e+01   5.0096105e+01   3.3332632e+03   2.2776138e+01   6.6673261e+01  -4.0598780e-01   2.7317767e+02   1.0245400e+02   9.2277627e+01   3.2118496e+01   1.4802210e+01   1.8327238e+01   5.9652953e+00   1.7024173e+01   4.0661296e+00   3.2512658e+01   2.1530921e+01   1.3250711e+01   8.1707177e-01   1.6339589e+01   5.3975329e+00   6.7920648e+00   3.2741099e+00   6.8423779e-03   5.6864379e-01   1.7923964e-01   5.4476729e+01   4.4291851e+01   6.2698250e+01   5.3358677e+01   2.6418453e+01   6.0534743e+01   2.6794247e+01   3.7209447e+01   4.6426802e+01   3.5910919e+01   1.2653602e+01
   2.6432415e-01   3.6297866e+03   4.4566856e+03   9.2958405e+00   3.2798162e+01   4.7785534e+01   2.8011777e+03   6.5178184e+01   1.2290793e+02   2.2543713e-01   9.1988576e+01   5.0249910e+01   2.7057558e+03   2.5230536e+01   5.1239756e+01   3.3332956e+03   2.2963113e+01   6.6629622e+01  -2.2837429e+00   2.7298216e+02   1.0247447e+02   9.2223639e+01   3.1680234e+01   1.4813672e+01   1.8564947e+01   6.0054512e+00   1.7094399e+01   4.0689912e+00   3.2373328e+01   2.1647186e+01   1.3227271e+01   8.8285287e-01   1.6248619e+01   5.3776041e+00   6.6700078e+00   3.2648690e+00   4.1385327e-04   5.6294762e-01   1.8875027e-01   5.4151030e+01   4.4258206e+01   6.2713258e+01   5.3336833e+01   2.5842485e+01   6.0742890e+01   2.7291037e+01   3.7188106e+01   4.6449660e+01   3.5958081e+01   1.2217286e+01
   2.6629692e-01   3.6573754e+03   4.4302903e+03   9.2959380e+00   3.2477428e+01   4.7582312e+01   2.8022789e+03   6.5202225e+01   1.2289843e+02   2.2787793e-01   9.2017668e+01   5.0977799e+01   2.7058703e+03   2.5277975e+01   5.0203384e+01   3.3341300e+03   2.2891727e+01   6.6635226e+01   4.8522995e-01   2.7304731e+02   1.0247009e+02   9.2348557e+01   3.1874385e+01   1.4794532e+01   1.9231307e+01   5.7252912e+00   1.6412819e+01   4.0653249e+00   3.2960454e+01   2.1606086e+01   1.2732971e+01   9.4694544e-01   1.6345192e+01   5.3784638e+00   6.7065459e+00   3.2300721e+00   4.1385327e-04   5.6294762e-01   1.8875027e-01   5.4151030e+01   4.4258206e+01   6.2722838e+01   5.3297449e+01   2.6103590e+01   6.0775043e+01   2.8163085e+01   3.7170969e+01   4.6436673e+01   3.5853664e+01   1.2471952e+01
   2.7323027e-01   3.6687571e+03   4.4425835e+03   9.2118868e+00   3.2207566e+01   4.7651717e+01   2.8009233e+03   6.5894226e+01   1.2288229e+02   2.3290141e-01   9.2015606e+01   4.9529235e+01   2.7046640e+03   2.5223215e+01   4.8461022e+01   3.3326190e+03   2.2816689e+01   6.6627253e+01  -1.5689645e+00   2.7288426e+02   1.0249251e+02   9.2444316e+01   3.2181283e+01   1.4719470e+01   1.8661454e+01   6.0834649e+00   1.6660247e+01   4.0657303e+00   3.2821080e+01   2.1553600e+01   1.3450419e+01   8.5104257e-01   1.5905098e+01   5.4084178e+00   6.6567802e+00   3.3379065e+00   2.4826937e-02   5.6375734e-01   1.8241631e-01   5.4927033e+01   4.3711555e+01   6.2727988e+01   5.3275120e+01   2.6929924e+01   6.0494464e+01   2.8598834e+01   3.7170715e+01   4.6417360e+01   3.5815789e+01   1.1077608e+01
   2.6954616e-01   3.6370466e+03   4.4809613e+03   9.2765902e+00   3.2486935e+01   4.7573392e+01   2.8001492e+03   6.5373095e+01   1.2290378e+02   2.3738856e-01   9.1962848e+01   4.9932739e+01   2.7039462e+03   2.5464275e+01   5.0629233e+01   3.3323309e+03   2.2812084e+01   6.6645061e+01   8.4862503e-01   2.7316931e+02   1.0249909e+02   9.2347808e+01   3.2296439e+01   1.4691320e+01   1.8992477e+01   5.9003242e+00   1.6907373e+01   4.0470053e+00   3.2547224e+01   2.1711329e+01   1.3442151e+01   9.4958354e-01   1.6591808e+01   5.3893285e+00   6.7157180e+00   3.2394814e+00   2.4826937e-02   5.6375734e-01   1.8241631e-01   5.4927033e+01   4.3711555e+01   6.2649671e+01   5.3405452e+01   2.6525207e+01   6.0617172e+01   2.8726854e+01   3.7196577e+01   4.6403649e+01   3.5964802e+01   9.5164740e+00
   2.7058182e-01   3.6095206e+03   4.4730465e+03   9.2277992e+00   3.2560869e+01   4.7815769e+01   2.7999960e+03   6.5725406e+01   1.2290794e+02   2.3901543e-01   9.2040771e+01   4.8997792e+01   2.7053359e+03   2.5221578e+01   4.9686275e+01   3.3327730e+03   2.2862180e+01   6.6652138e+01  -2.1532698e+00   2.7304772e+02   1.0250888e+02   9.2262500e+01   3.1886544e+01   1.4651475e+01   1.8787900e+01   5.9764735e+00   1.6236285e+01   4.0353530e+00   3.2579501e+01   2.1874395e+01   1.3377338e+01   8.3004077e-01   1.6330269e+01   5.3888644e+00   6.6949336e+00   3.3176124e+00   2.4826937e-02   5.6375734e-01   1.8241631e-01   5.4927033e+01   4.3711555e+01   6.2607951e+01   5.3467149e+01   2.6608873e+01   6.0597219e+01   2.8868651e+01   3.7218681e+01   4.6430757e+01   3.5812544e+01   9.6838619e+00
   2.7286148e-01   3.6538660e+03   4.4417778e+03   9.2577326e+00   3.2255006e+01   4.7517312e+01   2.8004921e+03   6.4633413e+01   1.2292121e+02   2.3599288e-01   9.2082342e+01   4.9034625e+01   2.7055111e+03   2.5103613e+01   5.0420968e+01   3.3327362e+03   2.2951092e+01   6.6656099e+01  -1.6829032e+00   2.7332813e+02   1.0252226e+02   9.2531695e+01   3.2361385e+01   1.4855142e+01   1.8822167e+01   5.9090468e+00   1.6750702e+01   4.0309927e+00   3.2979799e+01   2.1615003e+01   1.2906289e+01   9.5251646e-01   1.6037615e+01   5.4182984e+00   6.6628879e+00   3.2166519e+00   2.7862570e-02   5.6288364e-01   1.7458676e-01   5.3124929e+01   4.3093632e+01   6.2663340e+01   5.3326589e+01   2.6706775e+01   6.0591374e+01   2.8657508e+01   3.7184807e+01   4.6410435e+01   3.5993388e+01   1.1151122e+01
   2.6978413e-01   3.6319720e+03   4.4257964e+03   9.1929045e+00   3.2380722e+01   4.7214653e+01   2.8000501e+03   6.5090030e+01   1.2290435e+02   2.3318975e-01   9.2038318e+01   5.0409255e+01   2.7044185e+03   2.5405572e+01   4.9783349e+01   3.3319605e+03   2.2841053e+01   6.6678262e+01  -1.8051122e+00   2.7288699e+02   1.0247074e+02   9.2444267e+01   3.1861751e+01   1.4825686e+01   1.9345482e+01   5.9449685e+00   1.6979339e+01   4.0885327e+00   3.2310797e+01   2.1601669e+01   1.3687121e+01   8.5403359e-01   1.5953521e+01   5.4004324e+00   6.7241996e+00   3.2266566e+00   2.7862570e-02   5.6288364e-01   1.7458676e-01   5.3124929e+01   4.3093632e+01   6.2770716e+01   5.3198098e+01   2.6489143e+01   6.0536810e+01   2.8783839e+01   3.7209993e+01   4.6425231e+01   3.5850301e+01   1.3052641e+01
   2.7627433e-01   3.6800964e+03   4.3662597e+03   9.1542915e+00   3.2723039e+01   4.7613376e+01   2.7983574e+03   6.5062098e+01   1.2290835e+02   2.3188625e-01   9.2044200e+01   4.7199127e+01   2.7027799e+03   2.5237198e+01   4.9534325e+01   3.3302345e+03   2.2786540e+01   6.6697319e+01  -4.1199152e-01   2.7295957e+02   1.0245824e+02   9.2356028e+01   3.2232623e+01   1.4598309e+01   1.8648627e+01   5.9853097e+00   1.6932714e+01   4.0234593e+00   3.3045399e+01   2.1533563e+01   1.3069838e+01   9.3892466e-01   1.5831989e+01   5.3616728e+00   6.6840374e+00   3.2834855e+00   1.3875358e-02   5.4891684e-01   1.8799528e-01   5.3595832e+01   4.4257118e+01   6.2859568e+01   5.3146035e+01   2.7367886e+01   6.0469393e+01   2.8335606e+01   3.7191936e+01   4.6446521e+01   3.5950502e+01   1.0072274e+01
   2.7280945e-01   3.6411945e+03   4.3960420e+03   9.2088064e+00   3.2349151e+01   4.7617153e+01   2.7985901e+03   6.5403269e+01   1.2292595e+02   2.2549543e-01   9.2168816e+01   5.1233207e+01   2.7038494e+03   2.5254304e+01   5.0129672e+01   3.3311686e+03   2.2729593e+01   6.6715335e+01   2.8826313e-01   2.7285027e+02   1.0244896e+02   9.2319426e+01   3.2106300e+01   1.4854306e+01   1.9112865e+01   5.8163758e+00   1.6496047e+01   4.0154325e+00   3.3088569e+01   2.1409987e+01   1.3407996e+01   9.1337731e-01   1.5753876e+01   5.4301727e+00   6.6667233e+00   3.2727035e+00   1.3875358e-02   5.4891684e-01   1.8799528e-01   5.3595832e+01   4.4257118e+01   6.2846924e+01   5.3147734e+01   2.6792593e+01   6.0603954e+01   2.7601953e+01   3.7159859e+01   4.6421570e+01   3.6099302e+01   1.3109910e+01
   2.7747958e-01   3.6522119e+03   4.4903078e+03   9.1955361e+00   3.2376816e+01   4.7429127e+01   2.7972282e+03   6.5754646e+01   1.2289827e+02   2.1792329e-01   9.2051350e+01   4.9388796e+01   2.7026085e+03   2.5177269e+01   5.0854791e+01   3.3294047e+03   2.2774937e+01   6.6718156e+01   1.0272665e+00   2.7345643e+02   1.0248122e+02   9.2269285e+01   3.2171575e+01   1.4896605e+01   1.9095844e+01   6.0217746e+00   1.6808228e+01   4.0581264e+00   3.2848855e+01   2.1515257e+01   1.3366401e+01   8.8801343e-01   1.6334822e+01   5.3754772e+00   6.6088466e+00   3.2610282e+00   1.3875358e-02   5.4891684e-01   1.8799528e-01   5.3595832e+01   4.4257118e+01   6.2847189e+01   5.3181036e+01   2.7134412e+01   6.0435746e+01   2.6341835e+01   3.7187236e+01   4.6434811e+01   3.5957142e+01   1.4063631e+01
   2.7780753e-01   3.6515720e+03   4.4133236e+03   9.2167463e+00   3.2193160e+01   4.8062534e+01   2.7975816e+03   6.4457885e+01   1.2289693e+02   2.0505587e-01   9.2059487e+01   4.9649379e+01   2.7019997e+03   2.5216823e+01   5.0374352e+01   3.3290362e+03   2.2842334e+01   6.6676810e+01   1.4194161e+00   2.7318770e+02   1.0247627e+02   9.2342658e+01   3.1711546e+01   1.4981792e+01   1.8643831e+01   5.9553548e+00   1.6523883e+01   4.0135287e+00   3.2409507e+01   2.1686362e+01   1.3480152e+01   8.1368824e-01   1.6330765e+01   5.3526054e+00   6.7359635e+00   3.3011236e+00  -5.9377127e-03   5.7630078e-01   1.9061910e-01   5.3120322e+01   4.3825977e+01   6.2879444e+01   5.3132536e+01   2.7285951e+01   6.0466647e+01   2.5043216e+01   3.7193570e+01   4.6426156e+01   3.5900854e+01   1.1316241e+01
   2.7254096e-01   3.6800818e+03   4.4245318e+03   9.2178356e+00   3.2288880e+01   4.7998938e+01   2.7990103e+03   6.5048494e+01   1.2290428e+02   1.9775718e-01   9.2068369e+01   5.0452532e+01   2.7037234e+03   2.5289671e+01   5.0006304e+01   3.3306688e+03   2.3104701e+01   6.6692857e+01  -3.6995023e-01   2.7342465e+02   1.0243733e+02   9.2448553e+01   3.1891707e+01   1.4784405e+01   1.8864662e+01   5.9873909e+00   1.6663616e+01   4.0323155e+00   3.2921711e+01   2.1643225e+01   1.3595476e+01   8.5734380e-01   1.6174899e+01   5.3664418e+00   6.7305444e+00   3.2890437e+00  -5.9377127e-03   5.7630078e-01   1.9061910e-01   5.3120322e+01   4.3825977e+01   6.2931803e+01   5.3107209e+01   2.7182510e+01   6.0702318e+01   2.4374172e+01   3.7191336e+01   4.6428503e+01   3.5910917e+01   1.3123256e+01
   2.7566208e-01   3.6520452e+03   4.4097378e+03   9.2728900e+00   3.2409149e+01   4.7711633e+01   2.7988360e+03   6.4263748e+01   1.2290393e+02   1.9643731e-01   9.2043696e+01   4.8174597e+01   2.7033812e+03   2.5569991e+01   5.0068017e+01   3.3308869e+03   2.2846942e+01   6.6680464e+01  -3.5255421e-01   2.7306295e+02   1.0243274e+02   9.2461400e+01   3.1793115e+01   1.4941611e+01   1.8779675e+01   5.8129422e+00   1.6324192e+01   4.0530160e+00   3.2264426e+01   2.1504594e+01   1.3358536e+01   1.0307851e+00   1.5623612e+01   5.3774905e+00   6.7623469e+00   3.2816864e+00   2.4949966e-02   5.6116415e-01   1.9470841e-01   5.4332167e+01   4.3900073e+01   6.2950254e+01   5.3088004e+01   2.7288886e+01   6.0587630e+01   2.4199848e+01   3.7214891e+01   4.6453244e+01   3.6081124e+01   1.3548390e+01
   2.7675524e-01   3.6671762e+03   4.4623540e+03   9.1996904e+00   3.1996684e+01   4.7646289e+01   2.7997784e+03   6.4429757e+01   1.2290743e+02   1.9875844e-01   9.2104778e+01   5.0263703e+01   2.7048833e+03   2.5320513e+01   5.0549079e+01   3.3324771e+03   2.2877119e+01   6.6711246e+01   4.8161460e-01   2.7349316e+02   1.0242892e+02   9.2273211e+01   3.2468149e+01   1.4773493e+01   1.8575957e+01   6.0097247e+00   1.6629481e+01   4.0037527e+00   3.2794846e+01   2.1662851e+01   1.3242491e+01   1.1021804e+00   1.6245972e+01   5.3803433e+00   6.7353429e+00   3.1968549e+00   2.4949966e-02   5.6116415e-01   1.9470841e-01   5.4332167e+01   4.3900073e+01   6.2848151e+01   5.3221791e+01   2.7328991e+01   6.0560337e+01   2.4389088e+01   3.7183234e+01   4.6416474e+01   3.5997781e+01   1.1259697e+01
   2.7090241e-01   3.6416758e+03   4.4641763e+03   9.2264445e+00   3.2641863e+01   4.7772487e+01   2.8003931e+03   6.4619493e+01   1.2289511e+02   1.9878592e-01   9.2065075e+01   4.9107720e+01   2.7053465e+03   2.5418663e+01   4.9206777e+01   3.3328548e+03   2.2899014e+01   6.6697043e+01  -1.0754100e+00   2.7340911e+02   1.0246014e+02   9.2523151e+01   3.2469941e+01   1.4771448e+01   1.8554980e+01   6.1510487e+00   1.6257449e+01   4.0719076e+00   3.3133611e+01   2.1483785e+01   1.3229721e+01   9.0857262e-01   1.5972628e+01   5.3442111e+00   6.6905576e+00   3.2910441e+00   2.4949966e-02   5.6116415e-01   1.9470841e-01   5.4332167e+01   4.3900073e+01   6.2806928e+01   5.3311580e+01   2.6644852e+01   6.0607747e+01   2.4690038e+01   3.7155526e+01   4.6439103e+01   3.5917518e+01   1.4115529e+01
   2.6594096e-01   3.6572826e+03   4.4435755e+03   9.2044840e+00   3.2129371e+01   4.7750309e+01   2.8008690e+03   6.4715531e+01   1.2289008e+02   2.0705607e-01   9.2024702e+01   5.1337542e+01   2.7057877e+03   2.5175893e+01   5.0051356e+01   3.3330591e+03   2.2907889e+01   6.6712097e+01   1.2987890e+00   2.7353379e+02   1.0247980e+02   9.2296372e+01   3.2133388e+01   1.4612802e+01   1.8510992e+01   5.9164019e+00   1.6976590e+01   4.0626430e+00   3.3150648e+01   2.1716175e+01   1.3079097e+01   1.1084103e+00   1.6011673e+01   5.3608292e+00   6.6608821e+00   3.3498137e+00   2.5019233e-04   5.7242609e-01   1.8275370e-01   5.3066501e+01   4.3700319e+01   6.2831239e+01   5.3239878e+01   2.6204649e+01   6.0656115e+01   2.5213950e+01   3.7190374e+01   4.6441087e+01   3.6002511e+01   1.3462572e+01
   2.6713663e-01   3.6429117e+03   4.4617388e+03   9.1859576e+00   3.2470046e+01   4.7495937e+01   2.8010052e+03   6.5465534e+01   1.2290047e+02   2.1490527e-01   9.2068988e+01   4.9712796e+01   2.7059262e+03   2.5246486e+01   4.8575921e+01   3.3334662e+03   2.2898349e+01   6.6684474e+01  -1.7330079e+00   2.7363683e+02   1.0245003e+02   9.2442915e+01   3.1760143e+01   1.4738884e+01   1.8744573e+01   5.9102483e+00   1.6538594e+01   4.0366119e+00   3.2632210e+01   2.1524333e+01   1.3636763e+01   8.4095013e-01   1.6472604e+01   5.4025857e+00   6.6126743e+00   3.2506653e+00   2.5019233e-04   5.7242609e-01   1.8275370e-01   5.3066501e+01   4.3700319e+01   6.2894429e+01   5.3104340e+01   2.6107234e+01   6.0674163e+01   2.5808253e+01   3.7183336e+01   4.6394128e+01   3.5975188e+01   1.2838395e+01
   2.6916001e-01   3.6406197e+03   4.4301081e+03   9.3005421e+00   3.2632288e+01   4.7793064e+01   2.8007530e+03   6.5339909e+01   1.2289805e+02   2.1145625e-01   9.1935021e+01   5.2311247e+01   2.7048153e+03   2.5275003e+01   4.7962470e+01   3.3326587e+03   2.2935211e+01   6.6620459e+01   2.3529037e-01   2.7377115e+02   1.0244402e+02   9.2605968e+01   3.2433695e+01   1.4787134e+01   1.9161550e+01   5.9832609e+00   1.6377708e+01   4.0790814e+00   3.2795527e+01   2.1628058e+01   1.3871479e+01   8.4766938e-01   1.6127765e+01   5.3528621e+00   6.7439529e+00   3.2944758e+00   2.3568650e-02   5.7309821e-01   1.7602148e-01   5.4133273e+01   4.3980786e+01   6.2942039e+01   5.3074839e+01   2.6583942e+01   6.0663909e+01   2.6092489e+01   3.7192031e+01   4.6400730e+01   3.5885675e+01   1.1588586e+01
   2.7362205e-01   3.6542774e+03   4.4398032e+03   9.1612368e+00   3.2376621e+01   4.7491784e+01   2.8003017e+03   6.4461802e+01   1.2288871e+02   2.1609724e-01   9.2090402e+01   5.0514094e+01   2.7055003e+03   2.5396023e+01   5.0840922e+01   3.3328255e+03   2.2775514e+01   6.6689645e+01   2.4461610e-01   2.7355947e+02   1.0244216e+02   9.2486200e+01   3.1965651e+01   1.4840006e+01   1.8795946e+01   5.9557350e+00   1.6070910e+01   4.0618067e+00   3.2931640e+01   2.1676952e+01   1.3862433e+01   9.3099263e-01   1.6083867e+01   5.3725060e+00   6.6423102e+00   3.2003789e+00   2.3568650e-02   5.7309821e-01   1.7602148e-01   5.4133273e+01   4.3980786e+01   6.2872524e+01   5.3196724e+01   2.6893084e+01   6.0405292e+01   2.6519565e+01   3.7200707e+01   4.6403295e+01   3.6072072e+01   1.2799082e+01
   2.7512296e-01   3.6604112e+03   4.4705191e+03   9.2219575e+00   3.2283765e+01   4.7621828e+01   2.7994847e+03   6.4609425e+01   1.2289733e+02   2.1825716e-01   9.2014672e+01   4.8144232e+01   2.7038009e+03   2.5142221e+01   4.9502735e+01   3.3317997e+03   2.2748727e+01   6.6696697e+01   4.7023388e-01   2.7357111e+02   1.0246914e+02   9.2447330e+01   3.2075417e+01   1.4960531e+01   1.8845034e+01   5.9204607e+00   1.6498757e+01   4.0646777e+00   3.2617902e+01   2.1673473e+01   1.3745527e+01   9.4433224e-01   1.6097884e+01   5.3551540e+00   6.6580264e+00   3.2073112e+00   2.3568650e-02   5.7309821e-01   1.7602148e-01   5.4133273e+01   4.3980786e+01   6.2836437e+01   5.3281273e+01   2.6975421e+01   6.0584663e+01   2.6419539e+01   3.7197778e+01   4.6447499e+01   3.5967959e+01   1.0308985e+01
   2.7492332e-01   3.6364478e+03   4.4729044e+03   9.2641011e+00   3.2458920e+01   4.7507965e+01   2.7995180e+03   6.4854894e+01   1.2290285e+02   2.1640520e-01   9.2016129e+01   5.0728337e+01   2.7042584e+03   2.5530988e+01   4.8622958e+01   3.3317075e+03   2.2590544e+01   6.6721061e+01  -2.0858035e+00   2.7354252e+02   1.0248600e+02   9.2553419e+01   3.2245614e+01   1.4607729e+01   1.8487804e+01   5.9597437e+00   1.6340550e+01   4.0507837e+00   3.3180132e+01   2.1728357e+01   1.3065296e+01   8.8491499e-01   1.6292895e+01   5.3799153e+00   6.5690215e+00   3.2482202e+00   4.7378389e-03   5.6922017e-01   1.7781204e-01   5.3708943e+01   4.4459077e+01   6.2816735e+01   5.3256966e+01   2.7012804e+01   6.0566550e+01   2.6540080e+01   3.7183641e+01   4.6412258e+01   3.5800712e+01   1.0258658e+01
   2.7073774e-01   3.6863933e+03   4.4246265e+03   9.3599052e+00   3.2381041e+01   4.7990933e+01   2.8008023e+03   6.5193121e+01   1.2291865e+02   2.1613292e-01   9.2086893e+01   5.0697187e+01   2.7056077e+03   2.5274833e+01   5.0319482e+01   3.3324329e+03   2.2779899e+01   6.6687459e+01  -3.2198979e+00   2.7361755e+02   1.0246535e+02   9.2667875e+01   3.2423386e+01   1.4920237e+01   1.8549639e+01   6.0382285e+00   1.6535807e+01   4.0066789e+00   3.2865574e+01   2.1806302e+01   1.3629771e+01   8.5553508e-01   1.5703588e+01   5.3816729e+00   6.6321394e+00   3.2839467e+00   4.7378389e-03   5.6922017e-01   1.7781204e-01   5.3708943e+01   4.4459077e+01   6.2827160e+01   5.3217105e+01   2.6483494e+01   6.0692306e+01   2.6496412e+01   3.7183013e+01   4.6422265e+01   3.5983575e+01   9.7501335e+00
   2.6592919e-01   3.6237861e+03   4.4441837e+03   9.2277014e+00   3.2351943e+01   4.7749396e+01   2.8000472e+03   6.5468171e+01   1.2291676e+02   2.2274566e-01   9.2050874e+01   4.9753337e+01   2.7053108e+03   2.5480340e+01   5.0708445e+01   3.3329445e+03   2.3005103e+01   6.6685814e+01  -3.4611619e-01   2.7379137e+02   1.0245131e+02   9.2467344e+01   3.2363276e+01   1.4714567e+01   1.9085040e+01   5.8363551e+00   1.6926874e+01   4.0570154e+00   3.2682422e+01   2.1540986e+01   1.3216743e+01   8.2945561e-01   1.5943669e+01   5.3863126e+00   6.6240162e+00   3.2906917e+00  -6.1973749e-03   5.8716910e-01   1.7563056e-01   5.3567947e+01   4.4125138e+01   6.2844754e+01   5.3187614e+01   2.6106095e+01   6.0647649e+01   2.6907008e+01   3.7204935e+01   4.6404755e+01   3.5878582e+01   1.2057298e+01
   2.6883244e-01   3.6604803e+03   4.4396337e+03   9.2756448e+00   3.2378925e+01   4.7664428e+01   2.7998241e+03   6.4525072e+01   1.2289463e+02   2.2318348e-01   9.2031523e+01   5.0393956e+01   2.7042678e+03   2.4933327e+01   5.1719667e+01   3.3315409e+03   2.2677947e+01   6.6733982e+01  -8.3731732e-01   2.7362231e+02   1.0245228e+02   9.2314228e+01   3.2185483e+01   1.4839568e+01   1.9310324e+01   5.8384397e+00   1.6336000e+01   4.0176246e+00   3.3271581e+01   2.1765361e+01   1.3427690e+01   9.9216297e-01   1.5982219e+01   5.3966883e+00   6.5525090e+00   3.2882074e+00  -6.1973749e-03   5.8716910e-01   1.7563056e-01   5.3567947e+01   4.4125138e+01   6.2873299e+01   5.3175687e+01   2.6565418e+01   6.0456470e+01   2.7156679e+01   3.7195361e+01   4.6421605e+01   3.5907356e+01   1.1359353e+01
   2.7824717e-01   3.6801542e+03   4.4554416e+03   9.3222994e+00   3.2489779e+01   4.7490444e+01   2.8001051e+03   6.4884661e+01   1.2292799e+02   2.1770569e-01   9.2197330e+01   4.9999285e+01   2.7047087e+03   2.5143145e+01   4.9232777e+01   3.3321018e+03   2.2763145e+01   6.6779262e+01   6.1356507e-01   2.7380584e+02   1.0244396e+02   9.2692378e+01   3.2584161e+01   1.4865631e+01   1.8899735e+01   6.0603548e+00   1.6418860e+01   4.0543524e+00   3.2743915e+01   2.1708194e+01   1.3493884e+01   9.4952484e-01   1.5775833e+01   5.3392125e+00   6.6878392e+00   3.1914783e+00  -6.1973749e-03   5.8716910e-01   1.7563056e-01   5.3567947e+01   4.4125138e+01   6.2895437e+01   5.3172351e+01   2.7236356e+01   6.0390356e+01   2.6932918e+01   3.7215899e+01   4.6434027e+01   3.5981412e+01   1.6326963e+01
   2.7375239e-01   3.6684114e+03   4.4189474e+03   9.2163468e+00   3.2834192e+01   4.7702057e+01   2.7987348e+03   6.4458197e+01   1.2290324e+02   2.1390177e-01   9.2092379e+01   5.0351735e+01   2.7032055e+03   2.5281663e+01   5.0569054e+01   3.3300908e+03   2.2966606e+01   6.6778486e+01  -3.6157519e-01   2.7389965e+02   1.0245144e+02   9.2693926e+01   3.2700817e+01   1.4726936e+01   1.9052607e+01   6.0192374e+00   1.6688926e+01   4.0563976e+00   3.2579341e+01   2.1626597e+01   1.3004813e+01   8.6193676e-01   1.6021589e+01   5.3699411e+00   6.7456241e+00   3.2454891e+00   2.3006370e-02   5.7481181e-01   1.8339475e-01   5.4141109e+01   4.4071418e+01   6.2875655e+01   5.3235544e+01   2.6865622e+01   6.0475930e+01   2.6239427e+01   3.7185138e+01   4.6462292e+01   3.6042463e+01   1.0957344e+01
   2.7447604e-01   3.6330063e+03   4.4162682e+03   9.2095018e+00   3.2142567e+01   4.7383969e+01   2.7983318e+03   6.5362825e+01   1.2289551e+02   2.0740186e-01   9.2079474e+01   5.1355582e+01   2.7024662e+03   2.5198318e+01   4.9569598e+01   3.3299259e+03   2.2944006e+01   6.6757894e+01  -4.2950269e-01   2.7344757e+02   1.0244885e+02   9.2412109e+01   3.2203880e+01   1.4811660e+01   1.8853318e+01   6.0243972e+00   1.6301892e+01   4.0485914e+00   3.2533686e+01   2.1608216e+01   1.3496810e+01   1.0265566e+00   1.5619089e+01   5.4036125e+00   6.7820268e+00   3.2780055e+00   2.3006370e-02   5.7481181e-01   1.8339475e-01   5.4141109e+01   4.4071418e+01   6.2825067e+01   5.3272007e+01   2.6763143e+01   6.0413998e+01   2.5436606e+01   3.7174719e+01   4.6445152e+01   3.5818141e+01   1.3639533e+01
   2.7168616e-01   3.6284208e+03   4.4894716e+03   9.2503440e+00   3.2346239e+01   4.7681011e+01   2.7983748e+03   6.4780881e+01   1.2290325e+02   2.0416619e-01   9.2029179e+01   5.0387401e+01   2.7030980e+03   2.5374332e+01   5.0063331e+01   3.3305308e+03   2.2950401e+01   6.6761335e+01  -2.3679353e+00   2.7345349e+02   1.0246417e+02   9.2491014e+01   3.2236249e+01   1.4651403e+01   1.8681679e+01   5.8308752e+00   1.6640508e+01   4.0845778e+00   3.2432403e+01   2.1549720e+01   1.3173979e+01   8.6347599e-01   1.5910565e+01   5.3770508e+00   6.7253864e+00   3.2837057e+00   1.4911970e-02   5.7331992e-01   1.8395310e-01   5.3822126e+01   4.4558223e+01   6.2818939e+01   5.3289655e+01   2.6808963e+01   6.0528523e+01   2.4834742e+01   3.7201082e+01   4.6450078e+01   3.5931245e+01   1.0958468e+01
   2.6828555e-01   3.6773614e+03   4.4361409e+03   9.1859680e+00   3.2455999e+01   4.7469391e+01   2.7999634e+03   6.5235397e+01   1.2289227e+02   2.0416738e-01   9.2106292e+01   4.9875415e+01   2.7038396e+03   2.5238150e+01   4.9861594e+01   3.3311881e+03   2.2909916e+01   6.6744665e+01   1.4819725e+00   2.7390566e+02   1.0246148e+02   9.2603084e+01   3.1816168e+01   1.4943827e+01   1.8539052e+01   6.0235512e+00   1.6204465e+01   4.0367684e+00   3.2754309e+01   2.1602135e+01   1.3248815e+01   9.0544359e-01   1.5711243e+01   5.3532215e+00   6.7464199e+00   3.2154626e+00   1.4911970e-02   5.7331992e-01   1.8395310e-01   5.3822126e+01   4.4558223e+01   6.2806871e+01   5.3250817e+01   2.6607654e+01   6.0577154e+01   2.4634002e+01   3.7198016e+01   4.6442927e+01   3.5998912e+01   8.8353830e+00
   2.7033765e-01   3.6633439e+03   4.4364457e+03   9.3433345e+00   3.2725518e+01   4.7493677e+01   2.8003751e+03   6.4561581e+01   1.2290105e+02   2.0344949e-01   9.2080887e+01   4.9034342e+01   2.7047975e+03   2.5253729e+01   5.0909428e+01   3.3324786e+03   2.2750048e+01   6.6702888e+01  -1.8712431e+00   2.7379856e+02   1.0245535e+02   9.2722725e+01   3.1932099e+01   1.4839204e+01   1.8876611e+01   6.0046556e+00   1.6794951e+01   4.0488206e+00   3.2820873e+01   2.1480497e+01   1.3232361e+01   8.8660042e-01   1.5837319e+01   5.3680064e+00   6.7225722e+00   3.2283076e+00   1.4911970e-02   5.7331992e-01   1.8395310e-01   5.3822126e+01   4.4558223e+01   6.2808032e+01   5.3212167e+01   2.6597365e+01   6.0672749e+01   2.4743446e+01   3.7155573e+01   4.6412842e+01   3.6039051e+01   1.5205196e+01
   2.7187712e-01   3.6425523e+03   4.4841886e+03   9.2550916e+00   3.2895107e+01   4.7745459e+01   2.8011137e+03   6.5002670e+01   1.2290920e+02   2.0653031e-01   9.2116482e+01   4.9755694e+01   2.7059184e+03   2.5082066e+01   5.0682393e+01   3.3332647e+03   2.2782827e+01   6.6728266e+01  -1.1804284e+00   2.7418732e+02   1.0242825e+02   9.2469564e+01   3.2402643e+01   1.4706447e+01   1.8881169e+01   5.9602160e+00   1.6683993e+01   4.0519971e+00   3.2832954e+01   2.1691263e+01   1.3403545e+01   8.9436269e-01   1.5882943e+01   5.3644818e+00   6.6083018e+00   3.3199257e+00   1.2620368e-03   5.6021441e-01   1.6527592e-01   5.3957757e+01   4.3225254e+01   6.2796738e+01   5.3208592e+01   2.6930276e+01   6.0581103e+01   2.5256052e+01   3.7161813e+01   4.6407992e+01   3.6033938e+01   9.1134601e+00
   2.7331246e-01   3.6685935e+03   4.4460222e+03   9.1455736e+00   3.2364051e+01   4.7628759e+01   2.8004360e+03   6.5031312e+01   1.2289591e+02   2.1097416e-01   9.2008065e+01   5.1260671e+01   2.7043452e+03   2.5413046e+01   5.0721109e+01   3.3322977e+03   2.2773897e+01   6.6719435e+01   1.5581938e+00   2.7383202e+02   1.0244875e+02   9.2472552e+01   3.2568169e+01   1.4816634e+01   1.8624206e+01   6.1141441e+00   1.6791343e+01   4.0160454e+00   3.3346909e+01   2.1721503e+01   1.3169836e+01   9.3097662e-01   1.6241680e+01   5.3878624e+00   6.7320518e+00   3.1977423e+00   1.2620368e-03   5.6021441e-01   1.6527592e-01   5.3957757e+01   4.3225254e+01   6.2776300e+01   5.3245494e+01   2.6798325e+01   6.0536414e+01   2.5748485e+01   3.7182779e+01   4.6388503e+01   3.5940953e+01   1.1650630e+01
   2.6649598e-01   3.6383783e+03   4.4788205e+03   9.1685730e+00   3.2390906e+01   4.7686548e+01   2.8002446e+03   6.4914468e+01   1.2289057e+02   2.1398274e-01   9.2018073e+01   4.9966064e+01   2.7043937e+03   2.5258510e+01   4.9184401e+01   3.3320334e+03   2.2810706e+01   6.6717736e+01   5.3149957e-01   2.7360080e+02   1.0248569e+02   9.2486651e+01   3.2039881e+01   1.4716643e+01   1.8913749e+01   6.0923353e+00   1.5929085e+01   4.0279162e+00   3.3403912e+01   2.1641439e+01   1.3707889e+01   8.0677265e-01   1.5602388e+01   5.3946086e+00   6.6485733e+00   3.2232806e+00   2.1201883e-02   5.7027233e-01   2.0988415e-01   5.3949477e+01   4.4296301e+01   6.2793243e+01   5.3243088e+01   2.6301049e+01   6.0605105e+01   2.6023159e+01   3.7179848e+01   4.6428984e+01   3.5998877e+01   1.0776287e+01
   2.7225373e-01   3.6184498e+03   4.4140066e+03   9.1501430e+00   3.2508433e+01   4.7621308e+01   2.7994293e+03   6.5855675e+01   1.2288458e+02   2.1875351e-01   9.1961904e+01   4.8135899e+01   2.7040675e+03   2.5243224e+01   4.9767840e+01   3.3317777e+03   2.2817356e+01   6.6715002e+01   7.5151613e-01   2.7353538e+02   1.0248930e+02   9.2256738e+01   3.2090120e+01   1.4710182e+01   1.8647036e+01   5.9030392e+00   1.6900717e+01   4.0374748e+00   3.3180234e+01   2.1612584e+01   1.3502817e+01   7.7684634e-01   1.5870931e+01   5.3739206e+00   6.7042223e+00   3.2551394e+00   2.1201883e-02   5.7027233e-01   2.0988415e-01   5.3949477e+01   4.4296301e+01   6.2793450e+01   5.3251600e+01   2.6712637e+01   6.0550611e+01   2.6427536e+01   3.7179918e+01   4.6447384e+01   3.5977051e+01   1.3896954e+01
   2.6942210e-01   3.6309503e+03   4.4008150e+03   9.2022209e+00   3.2345330e+01   4.7541550e+01   2.8014943e+03   6.4766016e+01   1.2290899e+02   2.1680778e-01   9.2196851e+01   4.9943575e+01   2.7058600e+03   2.5335692e+01   5.0768678e+01   3.3334935e+03   2.2859682e+01   6.6741255e+01  -1.0347695e+00   2.7385469e+02   1.0244551e+02   9.2789976e+01   3.2372846e+01   1.4924628e+01   1.9073008e+01   5.9931365e+00   1.6812850e+01   4.0080052e+00   3.2825198e+01   2.1665651e+01   1.3308294e+01   6.8087267e-01   1.6553343e+01   5.4120507e+00   6.7744606e+00   3.2753450e+00   2.1201883e-02   5.7027233e-01   2.0988415e-01   5.3949477e+01   4.4296301e+01   6.2820247e+01   5.3259910e+01   2.6602422e+01   6.0647036e+01   2.6633551e+01   3.7207027e+01   4.6435519e+01   3.6023050e+01   8.6674444e+00
   2.7257515e-01   3.6618541e+03   4.4366776e+03   9.2011254e+00   3.2542594e+01   4.7742148e+01   2.8002409e+03   6.4742303e+01   1.2287244e+02   2.2077291e-01   9.2080421e+01   4.9296350e+01   2.7043472e+03   2.5042701e+01   5.0287551e+01   3.3318443e+03   2.2705625e+01   6.6741078e+01   1.1457083e+00   2.7384911e+02   1.0248396e+02   9.2591968e+01   3.2051049e+01   1.4932163e+01   1.8734821e+01   6.0253765e+00   1.6816429e+01   4.0365525e+00   3.2683393e+01   2.1492517e+01   1.2992221e+01   8.9040086e-01   1.6147845e+01   5.3911258e+00   6.6792919e+00   3.2694619e+00   1.6887982e-02   5.6434197e-01   1.9592231e-01   5.3700652e+01   4.3812139e+01   6.2802235e+01   5.3206341e+01   2.6839150e+01   6.0422138e+01   2.6885692e+01   3.7184644e+01   4.6408237e+01   3.5935127e+01   1.0804353e+01
   2.7205440e-01   3.6439671e+03   4.4845034e+03   9.2578642e+00   3.2606777e+01   4.7229577e+01   2.8001047e+03   6.4544459e+01   1.2290454e+02   2.1949599e-01   9.2089025e+01   5.0431619e+01   2.7048317e+03   2.5266568e+01   5.0911581e+01   3.3323564e+03   2.2914731e+01   6.6732792e+01  -2.8953804e-01   2.7328835e+02   1.0247399e+02   9.2446673e+01   3.2638685e+01   1.4920466e+01   1.8939491e+01   5.9187721e+00   1.7106706e+01   4.0521655e+00   3.2966166e+01   2.1363463e+01   1.3483092e+01   1.0395205e+00   1.6052628e+01   5.3858114e+00   6.7731275e+00   3.3020134e+00   1.6887982e-02   5.6434197e-01   1.9592231e-01   5.3700652e+01   4.3812139e+01   6.2828871e+01   5.3220488e+01   2.6810202e+01   6.0637084e+01   2.6708451e+01   3.7194897e+01   4.6423157e+01   3.5961825e+01   1.2076511e+01
   2.7140552e-01   3.6702934e+03   4.4672140e+03   9.2388291e+00   3.3002023e+01   4.7412166e+01   2.8003094e+03   6.5352808e+01   1.2289716e+02   2.2034935e-01   9.2189126e+01   5.1038688e+01   2.7050068e+03   2.5167634e+01   4.9286239e+01   3.3321625e+03   2.2863365e+01   6.6784436e+01   2.0057820e+00   2.7384705e+02   1.0244298e+02   9.2681049e+01   3.2405572e+01   1.4766480e+01   1.8640751e+01   6.1174367e+00   1.6762970e+01   4.0215718e+00   3.3026634e+01   2.1823087e+01   1.3506972e+01   9.1977992e-01   1.5768900e+01   5.3846025e+00   6.6509996e+00   3.2163239e+00  -8.6386684e-03   5.6146724e-01   1.9079455e-01   5.3651098e+01   4.4126158e+01   6.2834505e+01   5.3209851e+01   2.6626448e+01   6.0429842e+01   2.6786970e+01   3.7166476e+01   4.6420968e+01   3.5848663e+01   1.4088322e+01
   2.6768828e-01   3.6276460e+03   4.4292721e+03   9.2487734e+00   3.2568160e+01   4.7483260e+01   2.7990769e+03   6.5260041e+01   1.2289028e+02   2.1670423e-01   9.2103998e+01   4.9055100e+01   2.7038985e+03   2.4823184e+01   4.9779155e+01   3.3314259e+03   2.2804757e+01   6.6735956e+01  -1.9401636e+00   2.7365386e+02   1.0246707e+02   9.2494907e+01   3.1962884e+01   1.4735265e+01   1.8917949e+01   5.9779891e+00   1.6327169e+01   4.0566801e+00   3.3068544e+01   2.1711170e+01   1.3218926e+01   1.0065407e+00   1.5871546e+01   5.4254566e+00   6.6742033e+00   3.2979973e+00  -8.6386684e-03   5.6146724e-01   1.9079455e-01   5.3651098e+01   4.4126158e+01   6.2858101e+01   5.3194219e+01   2.6309645e+01   6.0574652e+01   2.6453130e+01   3.7165844e+01   4.6440510e+01   3.5878677e+01   1.0231024e+01
   2.7044123e-01   3.6414806e+03   4.4452955e+03   9.1950948e+00   3.2549601e+01   4.7774522e+01   2.7991646e+03   6.5776001e+01   1.2290972e+02   2.1244338e-01   9.2117671e+01   5.0506506e+01   2.7040195e+03   2.5231364e+01   4.9979447e+01   3.3310491e+03   2.3072966e+01   6.6756020e+01   4.5481981e-01   2.7353797e+02   1.0243680e+02   9.2455021e+01   3.2201033e+01   1.4979994e+01   1.8983455e+01   5.9082720e+00   1.6541282e+01   4.0463412e+00   3.2977340e+01   2.1653580e+01   1.3221357e+01   9.2560303e-01   1.5998302e+01   5.3610950e+00   6.7832337e+00   3.1855391e+00  -8.6386684e-03   5.6146724e-01   1.9079455e-01   5.3651098e+01   4.4126158e+01   6.2863774e+01   5.3196534e+01   2.6769756e+01   6.0488477e+01   2.6153572e+01   3.7160040e+01   4.6448715e+01   3.5903059e+01   1.1268264e+01
   2.7418991e-01   3.6339088e+03   4.4533413e+03   9.1948204e+00   3.2503899e+01   4.7185676e+01   2.7983322e+03   6.4859796e+01   1.2290417e+02   2.0719030e-01   9.2045385e+01   5.0139360e+01   2.7030674e+03   2.5227474e+01   4.9700898e+01   3.3302539e+03   2.2772127e+01   6.6745832e+01   8.3047995e-01   2.7334990e+02   1.0248324e+02   9.2482464e+01   3.2601851e+01   1.4872834e+01   1.8715902e+01   5.9739195e+00   1.6454465e+01   4.0392554e+00   3.3212112e+01   2.1564253e+01   1.3497429e+01   9.9725545e-01   1.5546287e+01   5.3929323e+00   6.7347125e+00   3.3110605e+00   2.1171973e-02   5.6336652e-01   1.6048668e-01   5.4579718e+01   4.4731821e+01   6.2814844e+01   5.3256104e+01   2.6961561e+01   6.0506202e+01   2.5611852e+01   3.7171280e+01   4.6418717e+01   3.5824389e+01   1.0126709e+01
   2.6724382e-01   3.6369515e+03   4.4833930e+03   9.2349452e+00   3.2403924e+01   4.7554687e+01   2.8002395e+03   6.4844391e+01   1.2289451e+02   2.0676904e-01   9.2160132e+01   4.9143007e+01   2.7041828e+03   2.5075033e+01   4.9374726e+01   3.3318305e+03   2.2830145e+01   6.6774880e+01   6.1405726e-01   2.7394216e+02   1.0246833e+02   9.2564710e+01   3.2519110e+01   1.4844310e+01   1.8748664e+01   6.0085471e+00   1.6322474e+01   4.0506440e+00   3.2636080e+01   2.1472504e+01   1.3685510e+01   9.0791899e-01   1.6417099e+01   5.3994307e+00   6.7665166e+00   3.2710697e+00   2.1171973e-02   5.6336652e-01   1.6048668e-01   5.4579718e+01   4.4731821e+01   6.2761108e+01   5.3339981e+01   2.6463407e+01   6.0519783e+01   2.5355078e+01   3.7155723e+01   4.6420008e+01   3.5975237e+01   1.3848776e+01
   2.6773581e-01   3.6357584e+03   4.4885794e+03   9.2139792e+00   3.2649706e+01   4.7701364e+01   2.8001589e+03   6.5022931e+01   1.2289713e+02   2.0482992e-01   9.2064998e+01   4.9753383e+01   2.7042266e+03   2.5131537e+01   4.9636678e+01   3.3314847e+03   2.2846140e+01   6.6731328e+01  -1.8623031e-01   2.7407558e+02   1.0247289e+02   9.2436783e+01   3.2426276e+01   1.4806681e+01   1.8994433e+01   6.0176823e+00   1.6224926e+01   4.0666794e+00   3.2558540e+01   2.1600431e+01   1.3207569e+01   9.1017140e-01   1.6068819e+01   5.3816267e+00   6.7253082e+00   3.2439295e+00   4.6183357e-03   5.4816657e-01   1.6276415e-01   5.3135612e+01   4.3423234e+01   6.2684543e+01   5.3385881e+01   2.6264306e+01   6.0558194e+01   2.5159396e+01   3.7169739e+01   4.6410743e+01   3.5749850e+01   1.0660186e+01
   2.6874987e-01   3.6360349e+03   4.4351894e+03   9.1894737e+00   3.2546861e+01   4.7661530e+01   2.7989586e+03   6.4773290e+01   1.2289304e+02   2.0467508e-01   9.2027992e+01   4.9919133e+01   2.7034303e+03   2.5394902e+01   4.9932144e+01   3.3309242e+03   2.3101500e+01   6.6744800e+01   1.1753278e+00   2.7319422e+02   1.0250191e+02   9.2269837e+01   3.2726121e+01   1.4757151e+01   1.8850153e+01   5.8443431e+00   1.6279855e+01   4.0472048e+00   3.2661862e+01   2.1439096e+01   1.3421286e+01   8.1865550e-01   1.6029203e+01   5.4253394e+00   6.6968966e+00   3.2744270e+00   4.6183357e-03   5.4816657e-01   1.6276415e-01   5.3135612e+01   4.3423234e+01   6.2800814e+01   5.3208093e+01   2.6494088e+01   6.0420379e+01   2.5181915e+01   3.7201545e+01   4.6419415e+01   3.5808514e+01   1.0194752e+01
   2.6813681e-01   3.6498668e+03   4.4857897e+03   9.2306439e+00   3.2470793e+01   4.7862188e+01   2.7994406e+03   6.4938585e+01   1.2290739e+02   2.0355624e-01   9.2107119e+01   5.0458783e+01   2.7038455e+03   2.5340146e+01   5.1601477e+01   3.3310105e+03   2.2983995e+01   6.6780034e+01   1.5620599e+00   2.7414836e+02   1.0246520e+02   9.2460252e+01   3.1972998e+01   1.4796912e+01   1.9016466e+01   5.9190692e+00   1.6942311e+01   4.0559688e+00   3.2815399e+01   2.1509338e+01   1.2900144e+01   1.0145045e+00   1.5984426e+01   5.3821898e+00   6.6880561e+00   3.2426461e+00   4.6183357e-03   5.4816657e-01   1.6276415e-01   5.3135612e+01   4.3423234e+01   6.2870590e+01   5.3146871e+01   2.6237957e+01   6.0462937e+01   2.5016592e+01   3.7201241e+01   4.6416256e+01   3.6039955e+01   9.1583390e+00
   2.7013263e-01   3.6594435e+03   4.4390786e+03   9.2293525e+00   3.2578822e+01   4.7510004e+01   2.7992382e+03   6.4414551e+01   1.2291479e+02   2.0299248e-01   9.2119157e+01   4.9731932e+01   2.7041109e+03   2.5333798e+01   4.9363793e+01   3.3311551e+03   2.3089943e+01   6.6771366e+01  -1.7556878e+00   2.7332433e+02   1.0243833e+02   9.2405761e+01   3.2143731e+01   1.4850413e+01   1.9122267e+01   5.8641302e+00   1.6475232e+01   4.0645505e+00   3.3405817e+01   2.1661142e+01   1.3195764e+01   9.8087636e-01   1.6001875e+01   5.4060924e+00   6.7199836e+00   3.1850313e+00   3.3177535e-02   5.5717003e-01   1.8771686e-01   5.2869581e+01   4.2563722e+01   6.2940950e+01   5.3073004e+01   2.6813437e+01   6.0474597e+01   2.4758832e+01   3.7183600e+01   4.6441300e+01   3.5905520e+01   1.1617676e+01
   2.7411397e-01   3.6483994e+03   4.4317771e+03   9.1168895e+00   3.2354621e+01   4.7649958e+01   2.7983690e+03   6.4931531e+01   1.2290271e+02   1.9891657e-01   9.2062308e+01   4.9146607e+01   2.7030143e+03   2.5081642e+01   5.1241044e+01   3.3300118e+03   2.2669989e+01   6.6765241e+01  -6.0868022e-01   2.7349908e+02   1.0245567e+02   9.2419916e+01   3.2181635e+01   1.4902847e+01   1.8519856e+01   5.9749400e+00   1.6917914e+01   4.0159078e+00   3.2812161e+01   2.1581691e+01   1.3389667e+01   7.2725191e-01   1.5776347e+01   5.3437871e+00   6.6595447e+00   3.3110052e+00   3.3177535e-02   5.5717003e-01   1.8771686e-01   5.2869581e+01   4.2563722e+01   6.2986721e+01   5.3027279e+01   2.7162770e+01   6.0408437e+01   2.4237874e+01   3.7146936e+01   4.6421536e+01   3.6040529e+01   1.1204993e+01
   2.7260254e-01   3.6615495e+03   4.4497836e+03   9.2652445e+00   3.2601427e+01   4.7396884e+01   2.7981019e+03   6.5437566e+01   1.2290010e+02   1.9720128e-01   9.2040817e+01   5.0044633e+01   2.7040793e+03   2.5127522e+01   5.0081549e+01   3.3299823e+03   2.2997983e+01   6.6744528e+01   2.1344694e+00   2.7408444e+02   1.0246031e+02   9.2554354e+01   3.2339107e+01   1.4743870e+01   1.8672055e+01   6.0536015e+00   1.7046571e+01   4.0402512e+00   3.2863756e+01   2.1457328e+01   1.3128933e+01   9.2853831e-01   1.5726272e+01   5.4357153e+00   6.7554218e+00   3.2842972e+00   3.2779593e-02   5.7101945e-01   1.9210800e-01   5.3568789e+01   4.3303454e+01   6.3022332e+01   5.3012342e+01   2.6625597e+01   6.0658416e+01   2.3746006e+01   3.7171656e+01   4.6440365e+01   3.5963907e+01   1.0981294e+01
   2.6871892e-01   3.6353732e+03   4.4151897e+03   9.2779272e+00   3.2369367e+01   4.7470685e+01   2.8004140e+03   6.5963548e+01   1.2289816e+02   1.9565672e-01   9.2150878e+01   4.9389541e+01   2.7045920e+03   2.5145300e+01   4.9549471e+01   3.3323314e+03   2.2900193e+01   6.6727507e+01   3.7893560e-01   2.7376190e+02   1.0245493e+02   9.2531837e+01   3.2758654e+01   1.4784560e+01   1.8763715e+01   6.0758445e+00   1.6779786e+01   4.0076264e+00   3.2618144e+01   2.1664541e+01   1.3204365e+01   9.2501082e-01   1.6251941e+01   5.4139078e+00   6.7203593e+00   3.3535480e+00   3.2779593e-02   5.7101945e-01   1.9210800e-01   5.3568789e+01   4.3303454e+01   6.2961665e+01   5.3060899e+01   2.6373749e+01   6.0486947e+01   2.3758859e+01   3.7160199e+01   4.6397050e+01   3.5942883e+01   1.2856116e+01
   2.6655049e-01   3.6722349e+03   4.4435419e+03   9.1406063e+00   3.2105908e+01   4.7450695e+01   2.7995730e+03   6.4710657e+01   1.2290185e+02   1.9377480e-01   9.2107688e+01   5.0927741e+01   2.7035095e+03   2.5388765e+01   5.0567567e+01   3.3314668e+03   2.2910013e+01   6.6769707e+01   8.5690637e-01   2.7404068e+02   1.0243519e+02   9.2467880e+01   3.2602753e+01   1.4831919e+01   1.8575420e+01   6.0618247e+00   1.6244326e+01   4.0705617e+00   3.2843487e+01   2.1494516e+01   1.3619120e+01   1.0466007e+00   1.6032687e+01   5.4003637e+00   6.6641009e+00   3.2571567e+00   3.2779593e-02   5.7101945e-01   1.9210800e-01   5.3568789e+01   4.3303454e+01   6.2935271e+01   5.3095375e+01   2.6035295e+01   6.0502347e+01   2.3852431e+01   3.7151389e+01   4.6376430e+01   3.5891371e+01   8.6138216e+00
   2.6061394e-01   3.6227136e+03   4.4047303e+03   9.2530801e+00   3.2594566e+01   4.7711460e+01   2.7990386e+03   6.4243650e+01   1.2289622e+02   1.9580410e-01   9.2043699e+01   4.9808453e+01   2.7037363e+03   2.5130607e+01   5.0496279e+01   3.3310867e+03   2.2834687e+01   6.6719665e+01  -1.8981175e+00   2.7410782e+02   1.0245212e+02   9.2498149e+01   3.2269962e+01   1.4767882e+01   1.8559296e+01   6.0560460e+00   1.6676603e+01   4.0706812e+00   3.2772637e+01   2.1495004e+01   1.3331973e+01   7.8404089e-01   1.6359784e+01   5.3325711e+00   6.7156331e+00   3.2279385e+00   8.8513111e-03   5.6130366e-01   1.8424897e-01   5.3322667e+01   4.4044608e+01   6.2951808e+01   5.3102525e+01   2.5693460e+01   6.0613254e+01   2.3660487e+01   3.7193416e+01   4.6441118e+01   3.5949852e+01   1.0316778e+01
   2.6174725e-01   3.6527244e+03   4.4482422e+03   9.3178650e+00   3.2442454e+01   4.7713822e+01   2.8000933e+03   6.5164571e+01   1.2289985e+02   1.9334220e-01   9.2016055e+01   5.1407564e+01   2.7046002e+03   2.5124117e+01   4.8914831e+01   3.3318702e+03   2.3172300e+01   6.6696759e+01   4.0233081e-01   2.7407420e+02   1.0244826e+02   9.2459621e+01   3.2196083e+01   1.4922751e+01   1.8687291e+01   5.8991375e+00   1.6558827e+01   4.0225968e+00   3.2722897e+01   2.1831166e+01   1.3394742e+01   9.8969022e-01   1.5580821e+01   5.4143376e+00   6.6752491e+00   3.2474427e+00   8.8513111e-03   5.6130366e-01   1.8424897e-01   5.3322667e+01   4.4044608e+01   6.2964060e+01   5.3090563e+01   2.5669431e+01   6.0646882e+01   2.3866243e+01   3.7174506e+01   4.6412277e+01   3.5965014e+01   1.3787814e+01
   2.6251849e-01   3.6625582e+03   4.4344276e+03   9.2977747e+00   3.2583850e+01   4.7837315e+01   2.8018354e+03   6.5359900e+01   1.2290043e+02   1.9652981e-01   9.2150457e+01   5.0501043e+01   2.7064066e+03   2.5334243e+01   5.1253962e+01   3.3334698e+03   2.2834774e+01   6.6733311e+01   7.4672262e-01   2.7390343e+02   1.0244973e+02   9.2484562e+01   3.2762633e+01   1.4891077e+01   1.8861276e+01   5.8815027e+00   1.6480669e+01   4.0622658e+00   3.3324585e+01   2.1671764e+01   1.3555046e+01   8.2167182e-01   1.5830739e+01   5.3774203e+00   6.7019568e+00   3.3168677e+00   1.8089758e-02   5.7082142e-01   1.6921787e-01   5.4821314e+01   4.3247495e+01   6.2976995e+01   5.3063667e+01   2.5843226e+01   6.0589195e+01   2.4449157e+01   3.7199795e+01   4.6440746e+01   3.6102366e+01   1.1538018e+01
   2.6034246e-01   3.6564902e+03   4.4286682e+03   9.1734007e+00   3.2260735e+01   4.7768278e+01   2.8009093e+03   6.5613963e+01   1.2288647e+02   2.0549754e-01   9.2123862e+01   5.0135865e+01   2.7047377e+03   2.5253487e+01   4.9706844e+01   3.3327921e+03   2.2826199e+01   6.6749137e+01   2.0786790e+00   2.7376221e+02   1.0245651e+02   9.2426183e+01   3.2075271e+01   1.4730605e+01   1.8735472e+01   5.9678564e+00   1.7125375e+01   4.0246632e+00   3.2976570e+01   2.1514648e+01   1.3013299e+01   9.0972563e-01   1.5995761e+01   5.3694623e+00   6.7489847e+00   3.2958783e+00   1.8089758e-02   5.7082142e-01   1.6921787e-01   5.4821314e+01   4.3247495e+01   6.2836347e+01   5.3248023e+01   2.5729171e+01   6.0443389e+01   2.4984973e+01   3.7168958e+01   4.6397613e+01   3.5920825e+01   1.3159458e+01
   2.6504772e-01   3.6562928e+03   4.4800951e+03   9.1938922e+00   3.2568440e+01   4.7669871e+01   2.8006653e+03   6.4483194e+01   1.2290566e+02   2.0714702e-01   9.2031874e+01   4.8140539e+01   2.7049718e+03   2.5546409e+01   5.0444367e+01   3.3322627e+03   2.2919338e+01   6.6717060e+01   2.2619200e+00   2.7392418e+02   1.0247898e+02   9.2502172e+01   3.2090778e+01   1.4825069e+01   1.9056027e+01   6.1295429e+00   1.6687983e+01   4.0510180e+00   3.2705186e+01   2.1747660e+01   1.3062176e+01   9.9736412e-01   1.5571737e+01   5.4542425e+00   6.7019172e+00   3.2222591e+00   1.8089758e-02   5.7082142e-01   1.6921787e-01   5.4821314e+01   4.3247495e+01   6.2743328e+01   5.3373096e+01   2.5988967e+01   6.0604812e+01   2.5060639e+01   3.7214966e+01   4.6451954e+01   3.5964390e+01   1.1434489e+01
   2.6777905e-01   3.6678776e+03   4.4814861e+03   9.2395387e+00   3.2534291e+01   4.7571963e+01   2.8009188e+03   6.4970162e+01   1.2289671e+02   2.0692523e-01   9.2084547e+01   5.1455955e+01   2.7055040e+03   2.5297156e+01   4.9625740e+01   3.3327448e+03   2.2999151e+01   6.6727169e+01  -9.6771040e-01   2.7352938e+02   1.0247726e+02   9.2553675e+01   3.2455913e+01   1.4842846e+01   1.8590706e+01   6.1175693e+00   1.6238838e+01   4.1215320e+00   3.2806502e+01   2.1569260e+01   1.3074771e+01   7.7329424e-01   1.5644169e+01   5.4391740e+00   6.6717502e+00   3.2151156e+00   1.8326107e-02   5.7933037e-01   1.7121974e-01   5.3039847e+01   4.4513078e+01   6.2811874e+01   5.3262536e+01   2.6501288e+01   6.0446901e+01   2.5420257e+01   3.7199980e+01   4.6452161e+01   3.5852428e+01   1.0860917e+01
   2.6376891e-01   3.6469054e+03   4.4445207e+03   9.2629146e+00   3.2252250e+01   4.7918012e+01   2.8008046e+03   6.5755117e+01   1.2289478e+02   2.1348471e-01   9.2094773e+01   5.1061792e+01   2.7057716e+03   2.5262170e+01   4.8801365e+01   3.3332077e+03   2.2823300e+01   6.6698057e+01  -4.1879519e-01   2.7378458e+02   1.0246503e+02   9.2398163e+01   3.1813796e+01   1.4839253e+01   1.8551518e+01   5.8389352e+00   1.6766052e+01   4.0566028e+00   3.2794409e+01   2.1738959e+01   1.3211802e+01   9.6377766e-01   1.6143948e+01   5.4346511e+00   6.5799967e+00   3.2883017e+00   1.8326107e-02   5.7933037e-01   1.7121974e-01   5.3039847e+01   4.4513078e+01   6.2886717e+01   5.3108419e+01   2.5978018e+01   6.0563394e+01   2.5911012e+01   3.7193623e+01   4.6408865e+01   3.5936434e+01   1.2177098e+01
   2.6562306e-01   3.6506761e+03   4.4222754e+03   9.3356452e+00   3.2201597e+01   4.7800753e+01   2.8011395e+03   6.5273946e+01   1.2290115e+02   2.1852249e-01   9.2131598e+01   5.1380489e+01   2.7056786e+03   2.5099060e+01   4.9340949e+01   3.3339622e+03   2.2913543e+01   6.6724810e+01  -1.5785011e+00   2.7367796e+02   1.0245145e+02   9.2499317e+01   3.2538832e+01   1.5053110e+01   1.8773370e+01   5.9787607e+00   1.6978053e+01   4.0524009e+00   3.2743764e+01   2.1677364e+01   1.3239574e+01   8.8260260e-01   1.6266152e+01   5.4298406e+00   6.6515611e+00   3.2266820e+00   2.3979961e-02   5.6659847e-01   1.8911550e-01   5.3106363e+01   4.3560582e+01   6.2960208e+01   5.3047901e+01   2.6070895e+01   6.0701454e+01   2.6460128e+01   3.7207473e+01   4.6435600e+01   3.6091243e+01   1.2129258e+01
   2.6302199e-01   3.6413671e+03   4.4501183e+03   9.2926079e+00   3.2636785e+01   4.7575283e+01   2.7999541e+03   6.5147605e+01   1.2289826e+02   2.1729173e-01   9.2037652e+01   4.9734531e+01   2.7045959e+03   2.5186385e+01   4.8709371e+01   3.3325650e+03   2.3019586e+01   6.6720177e+01  -2.5696231e+00   2.7361284e+02   1.0245388e+02   9.2488085e+01   3.2263682e+01   1.4729404e+01   1.8562523e+01   6.0389456e+00   1.6437023e+01   4.0354020e+00   3.2801382e+01   2.1782176e+01   1.3143547e+01   8.9018978e-01   1.6391454e+01   5.4217414e+00   6.6164207e+00   3.2464877e+00   2.3979961e-02   5.6659847e-01   1.8911550e-01   5.3106363e+01   4.3560582e+01   6.3010986e+01   5.3037036e+01   2.5870783e+01   6.0577707e+01   2.6636138e+01   3.7199905e+01   4.6459073e+01   3.5995195e+01   1.0573252e+01
   2.6041578e-01   3.6449758e+03   4.4651137e+03   9.2824065e+00   3.2242348e+01   4.7438047e+01   2.7997493e+03   6.4300942e+01   1.2289783e+02   2.2048194e-01   9.2058947e+01   4.9502124e+01   2.7043434e+03   2.5259031e+01   4.9802615e+01   3.3313599e+03   2.2909650e+01   6.6698112e+01  -4.5569497e-01   2.7346972e+02   1.0247061e+02   9.2439317e+01   3.2655885e+01   1.4896631e+01   1.9023819e+01   5.8576248e+00   1.6775062e+01   4.0480120e+00   3.3019532e+01   2.1701127e+01   1.3298555e+01   8.6327573e-01   1.6057281e+01   5.3741407e+00   6.7218357e+00   3.3623667e+00   2.3979961e-02   5.6659847e-01   1.8911550e-01   5.3106363e+01   4.3560582e+01   6.3017009e+01   5.2993656e+01   2.5666121e+01   6.0619605e+01   2.6626949e+01   3.7190998e+01   4.6439897e+01   3.5970315e+01   1.2577872e+01
   2.6379376e-01   3.6664886e+03   4.4252624e+03   9.1878072e+00   3.2440461e+01   4.7888554e+01   2.7989311e+03   6.5125971e+01   1.2291935e+02   2.1781604e-01   9.2148536e+01   4.9430675e+01   2.7041097e+03   2.5135265e+01   4.9928096e+01   3.3309202e+03   2.2988932e+01   6.6726926e+01  -3.4972262e-02   2.7401689e+02   1.0243556e+02   9.2608963e+01   3.2465496e+01   1.4709013e+01   1.9091752e+01   6.0744492e+00   1.6446294e+01   4.0951725e+00   3.2547255e+01   2.1842326e+01   1.3183407e+01   9.3717227e-01   1.5771859e+01   5.4064438e+00   6.6035088e+00   3.3467777e+00   9.6144480e-03   5.6456051e-01   1.7939643e-01   5.3241136e+01   4.3418395e+01   6.2999977e+01   5.3004267e+01   2.5821330e+01   6.0452272e+01   2.6325804e+01   3.7192190e+01   4.6415737e+01   3.6037525e+01   1.3136268e+01
   2.6307029e-01   3.6780529e+03   4.3780018e+03   9.2150525e+00   3.2719726e+01   4.7480839e+01   2.7988573e+03   6.5216697e+01   1.2291298e+02   2.0709517e-01   9.2144562e+01   5.1332802e+01   2.7034001e+03   2.5033120e+01   4.9223178e+01   3.3301227e+03   2.2814047e+01   6.6741377e+01   1.6193587e+00   2.7360901e+02   1.0245939e+02   9.2571120e+01   3.2661926e+01   1.4992037e+01   1.8700259e+01   5.8778778e+00   1.6740474e+01   4.0693819e+00   3.2322888e+01   2.1609809e+01   1.2751481e+01   8.9803881e-01   1.5982934e+01   5.3823711e+00   6.6752763e+00   3.3352026e+00   9.6144480e-03   5.6456051e-01   1.7939643e-01   5.3241136e+01   4.3418395e+01   6.3007816e+01   5.3010039e+01   2.6122300e+01   6.0441520e+01   2.5614021e+01   3.7182845e+01   4.6443419e+01   3.5943986e+01   1.3111873e+01
   2.6186614e-01   3.6577915e+03   4.4134351e+03   9.2767243e+00   3.2365227e+01   4.7744107e+01   2.7986769e+03   6.4828461e+01   1.2288659e+02   2.0229857e-01   9.2143359e+01   4.8255776e+01   2.7032316e+03   2.5309818e+01   5.0811127e+01   3.3299407e+03   2.2945188e+01   6.6747033e+01   1.5282548e+00   2.7377384e+02   1.0247993e+02   9.2680320e+01   3.1916801e+01   1.4927880e+01   1.8621726e+01   6.0477194e+00   1.6359255e+01   4.0474573e+00   3.2934968e+01   2.1697981e+01   1.2928954e+01   8.4655957e-01   1.5861764e+01   5.3957470e+00   6.6439458e+00   3.2586237e+00   1.1386524e-02   5.6407142e-01   1.9193873e-01   5.3907785e+01   4.5853945e+01   6.3021135e+01   5.3001424e+01   2.5668553e+01   6.0514734e+01   2.4855994e+01   3.7172135e+01   4.6420627e+01   3.5964893e+01   1.2774934e+01
   2.6279947e-01   3.6757030e+03   4.4071370e+03   9.2254778e+00   3.2562965e+01   4.7785856e+01   2.7999155e+03   6.5173213e+01   1.2290992e+02   2.0218632e-01   9.2190846e+01   4.9965723e+01   2.7042990e+03   2.5181942e+01   5.1242356e+01   3.3314440e+03   2.2875362e+01   6.6725068e+01  -4.2374667e-01   2.7389626e+02   1.0245564e+02   9.2610897e+01   3.2071119e+01   1.4812523e+01   1.9142704e+01   5.9157888e+00   1.6808024e+01   4.0233482e+00   3.2676702e+01   2.1772542e+01   1.2952223e+01   9.0435534e-01   1.5738582e+01   5.3846778e+00   6.7145009e+00   3.3207917e+00   1.1386524e-02   5.6407142e-01   1.9193873e-01   5.3907785e+01   4.5853945e+01   6.2958012e+01   5.3077388e+01   2.5829751e+01   6.0675852e+01   2.4265910e+01   3.7212333e+01   4.6431667e+01   3.6035220e+01   1.2357138e+01
   2.6876470e-01   3.6676862e+03   4.4118177e+03   9.2120647e+00   3.2545017e+01   4.7417123e+01   2.7994639e+03   6.5323920e+01   1.2289671e+02   1.9738228e-01   9.2106846e+01   4.8795477e+01   2.7043905e+03   2.5225884e+01   5.1741497e+01   3.3314091e+03   2.2717706e+01   6.6729160e+01   1.7293740e+00   2.7363633e+02   1.0247636e+02   9.2643683e+01   3.2012489e+01   1.4682052e+01   1.9056362e+01   6.1847690e+00   1.6156005e+01   4.0197383e+00   3.3153782e+01   2.1793986e+01   1.3714483e+01   9.0245563e-01   1.5847445e+01   5.4342039e+00   6.6870848e+00   3.2737104e+00   1.1386524e-02   5.6407142e-01   1.9193873e-01   5.3907785e+01   4.5853945e+01   6.2935692e+01   5.3141243e+01   2.6447807e+01   6.0468337e+01   2.4067337e+01   3.7203942e+01   4.6420860e+01   3.5939376e+01   1.0101467e+01
   2.7378102e-01   3.6883604e+03   4.4536357e+03   9.3028995e+00   3.2486905e+01   4.7431813e+01   2.7987592e+03   6.4844616e+01   1.2290023e+02   1.9915773e-01   9.2000147e+01   5.0185225e+01   2.7032438e+03   2.5249205e+01   5.0578187e+01   3.3308281e+03   2.3105738e+01   6.6721273e+01  -2.1952579e+00   2.7345560e+02   1.0247730e+02   9.2364967e+01   3.2259550e+01   1.4781692e+01   1.8871995e+01   6.1521445e+00   1.6745873e+01   4.0610598e+00   3.2207398e+01   2.1752631e+01   1.2847432e+01   1.0924017e+00   1.5932922e+01   5.4500805e+00   6.6654346e+00   3.2356425e+00   3.0967725e-02   5.6576094e-01   1.8341481e-01   5.3283728e+01   4.3857529e+01   6.2947862e+01   5.3107978e+01   2.6765355e+01   6.0488105e+01   2.4200885e+01   3.7205813e+01   4.6432072e+01   3.6203838e+01   1.0898624e+01
   2.7120496e-01   3.6483711e+03   4.4078969e+03   9.1219092e+00   3.2458389e+01   4.7842556e+01   2.8010213e+03   6.5142774e+01   1.2291311e+02   2.0002658e-01   9.2148036e+01   4.8193967e+01   2.7052707e+03   2.5513309e+01   5.0630980e+01   3.3327323e+03   2.2982757e+01   6.6740996e+01  -6.8939208e-01   2.7371161e+02   1.0244792e+02   9.2646048e+01   3.2597684e+01   1.5004632e+01   1.9004936e+01   6.0066692e+00   1.6790471e+01   4.0658728e+00   3.2500445e+01   2.1801763e+01   1.3043095e+01   1.0435161e+00   1.5760666e+01   5.4541886e+00   6.7179587e+00   3.2248263e+00   3.0967725e-02   5.6576094e-01   1.8341481e-01   5.3283728e+01   4.3857529e+01   6.2985263e+01   5.3089348e+01   2.6570237e+01   6.0622566e+01   2.4387066e+01   3.7206992e+01   4.6453001e+01   3.6040033e+01   1.3210361e+01
   2.6713020e-01   3.6781346e+03   4.4329411e+03   9.2346904e+00   3.2295586e+01   4.7223165e+01   2.7997360e+03   6.4406346e+01   1.2290799e+02   2.0554099e-01   9.2049479e+01   4.8928697e+01   2.7039600e+03   2.5286680e+01   5.0210317e+01   3.3318971e+03   2.2994951e+01   6.6742584e+01  -1.5515743e+00   2.7296254e+02   1.0245022e+02   9.2343164e+01   3.2493193e+01   1.4721495e+01   1.8694672e+01   5.8858609e+00   1.6665180e+01   4.0767704e+00   3.2102760e+01   2.1771131e+01   1.3426216e+01   9.0485480e-01   1.6381462e+01   5.4238628e+00   6.6956995e+00   3.2723042e+00   2.0399538e-02   5.5782542e-01   1.9339034e-01   5.3445539e+01   4.3974842e+01   6.3010074e+01   5.3030659e+01   2.6386813e+01   6.0447495e+01   2.4729626e+01   3.7202211e+01   4.6460793e+01   3.5906253e+01   1.3102926e+01
   2.6126636e-01   3.6481342e+03   4.4358492e+03   9.2486240e+00   3.2280988e+01   4.7500844e+01   2.7999354e+03   6.4623599e+01   1.2289407e+02   1.9946417e-01   9.2066636e+01   4.9682797e+01   2.7045634e+03   2.5132175e+01   5.0101592e+01   3.3318853e+03   2.2983135e+01   6.6701219e+01   8.4470448e-01   2.7374387e+02   1.0244574e+02   9.2536751e+01   3.2423105e+01   1.4908622e+01   1.8736877e+01   5.8027665e+00   1.6619675e+01   4.0840091e+00   3.2628800e+01   2.1707527e+01   1.3048030e+01   8.3379216e-01   1.5662449e+01   5.3946959e+00   6.7015232e+00   3.2778643e+00   2.0399538e-02   5.5782542e-01   1.9339034e-01   5.3445539e+01   4.3974842e+01   6.3019751e+01   5.3037379e+01   2.5971312e+01   6.0497838e+01   2.4605612e+01   3.7174425e+01   4.6463382e+01   3.5887986e+01   9.0704096e+00
   2.6204993e-01   3.6864241e+03   4.3993448e+03   9.3192638e+00   3.2749761e+01   4.7825151e+01   2.8001749e+03   6.4636165e+01   1.2290387e+02   2.0412389e-01   9.2120189e+01   4.9826979e+01   2.7048070e+03   2.5277041e+01   4.9720790e+01   3.3322960e+03   2.2966261e+01   6.6730843e+01   4.1012578e-01   2.7383740e+02   1.0245470e+02   9.2555431e+01   3.2317591e+01   1.4939220e+01   1.8676028e+01   5.8112689e+00   1.6318128e+01   4.0643832e+00   3.3057720e+01   2.1773653e+01   1.3016004e+01   9.3703782e-01   1.6274818e+01   5.4058484e+00   6.6782317e+00   3.3038265e+00   2.0399538e-02   5.5782542e-01   1.9339034e-01   5.3445539e+01   4.3974842e+01   6.3000467e+01   5.3038614e+01   2.5822229e+01   6.0559921e+01   2.4702213e+01   3.7196860e+01   4.6459211e+01   3.6097884e+01   1.5711412e+01
   2.6116981e-01   3.6408966e+03   4.4622231e+03   9.2489359e+00   3.2164944e+01   4.7353262e+01   2.7997523e+03   6.4687518e+01   1.2289951e+02   2.0184701e-01   9.2067996e+01   5.0157953e+01   2.7043867e+03   2.5116029e+01   4.9760806e+01   3.3324442e+03   2.2909398e+01   6.6678284e+01  -6.8672320e-01   2.7365083e+02   1.0247658e+02   9.2644426e+01   3.2566549e+01   1.4852299e+01   1.9162249e+01   5.9770063e+00   1.6874981e+01   4.0586586e+00   3.2800073e+01   2.1726696e+01   1.3339884e+01   1.0333455e+00   1.6073374e+01   5.4312105e+00   6.6986400e+00   3.3163481e+00   1.6233704e-02   5.5094810e-01   2.0629638e-01   5.3950067e+01   4.4167358e+01   6.2976293e+01   5.3078394e+01   2.5725755e+01   6.0568110e+01   2.4466164e+01   3.7223308e+01   4.6442160e+01   3.6131772e+01   1.3206593e+01
   2.6747374e-01   3.6403247e+03   4.4320004e+03   9.2172037e+00   3.2410850e+01   4.7749969e+01   2.7997214e+03   6.5322588e+01   1.2289633e+02   1.9893121e-01   9.2045813e+01   4.9020204e+01   2.7041333e+03   2.5172864e+01   4.8403969e+01   3.3318319e+03   2.3063175e+01   6.6718760e+01  -7.0047350e-01   2.7331879e+02   1.0248031e+02   9.2414273e+01   3.2137394e+01   1.4810124e+01   1.8985719e+01   6.0205087e+00   1.6015435e+01   4.0682223e+00   3.3024631e+01   2.1763685e+01   1.3270514e+01   9.2452634e-01   1.5477689e+01   5.4300857e+00   6.7343663e+00   3.2412196e+00   1.6233704e-02   5.5094810e-01   2.0629638e-01   5.3950067e+01   4.4167358e+01   6.2937740e+01   5.3108123e+01   2.6060045e+01   6.0406514e+01   2.4588978e+01   3.7203743e+01   4.6429025e+01   3.5964218e+01   1.1009993e+01
   2.6810367e-01   3.6532384e+03   4.4368822e+03   9.2380100e+00   3.2199296e+01   4.7723294e+01   2.8000798e+03   6.6302143e+01   1.2290167e+02   2.0008796e-01   9.2107683e+01   4.7869163e+01   2.7049349e+03   2.4998716e+01   4.9765131e+01   3.3323256e+03   2.2905060e+01   6.6715968e+01   2.1391735e+00   2.7330517e+02   1.0245873e+02   9.2475154e+01   3.2731183e+01   1.4968398e+01   1.8476839e+01   6.0181982e+00   1.6747887e+01   4.0803274e+00   3.2915254e+01   2.1654813e+01   1.3172784e+01   9.2082213e-01   1.6255803e+01   5.4157469e+00   6.6543942e+00   3.1257142e+00   1.5259589e-02   5.6429358e-01   1.7716317e-01   5.3582950e+01   4.3423516e+01   6.2943762e+01   5.3142087e+01   2.6351681e+01   6.0469814e+01   2.4495808e+01   3.7212511e+01   4.6448715e+01   3.5929667e+01   1.0532084e+01
   2.6211906e-01   3.6654056e+03   4.4369551e+03   9.1715545e+00   3.2403940e+01   4.7905741e+01   2.8000374e+03   6.6081247e+01   1.2288601e+02   2.0248188e-01   9.2047720e+01   5.1943409e+01   2.7043000e+03   2.5070863e+01   5.1326369e+01   3.3315504e+03   2.2724628e+01   6.6694421e+01  -9.8834345e-02   2.7276800e+02   1.0245853e+02   9.2102400e+01   3.2341443e+01   1.5080236e+01   1.8774622e+01   5.8972666e+00   1.7286253e+01   4.1060368e+00   3.2935279e+01   2.1879792e+01   1.3198684e+01   8.6115746e-01   1.6530776e+01   5.3961243e+00   6.6982007e+00   3.2562297e+00   1.5259589e-02   5.6429358e-01   1.7716317e-01   5.3582950e+01   4.3423516e+01   6.2954896e+01   5.3101381e+01   2.5483660e+01   6.0574451e+01   2.4583809e+01   3.7194369e+01   4.6403460e+01   3.5754046e+01   1.3014404e+01
   2.5789087e-01   3.6596438e+03   4.4308191e+03   9.2277530e+00   3.2663542e+01   4.7669587e+01   2.8004106e+03   6.4572239e+01   1.2290564e+02   2.0032426e-01   9.2052829e+01   5.1978876e+01   2.7046655e+03   2.5360598e+01   4.9528971e+01   3.3319421e+03   2.2770414e+01   6.6670448e+01  -2.3400383e+00   2.7271375e+02   1.0246785e+02   9.2351891e+01   3.1747406e+01   1.4939690e+01   1.8460800e+01   5.9349165e+00   1.6541026e+01   4.1086255e+00   3.2675612e+01   2.1649709e+01   1.3266546e+01   8.6999660e-01   1.5316735e+01   5.3699471e+00   6.7203520e+00   3.2761031e+00   1.5259589e-02   5.6429358e-01   1.7716317e-01   5.3582950e+01   4.3423516e+01   6.2978963e+01   5.3070648e+01   2.5591471e+01   6.0515297e+01   2.4710211e+01   3.7192548e+01   4.6405126e+01   3.6029392e+01   1.3219047e+01
   2.6187873e-01   3.6644298e+03   4.4262570e+03   9.2098034e+00   3.2652506e+01   4.7614473e+01   2.8010671e+03   6.5018531e+01   1.2289882e+02   2.0588260e-01   9.2058703e+01   5.0326507e+01   2.7054976e+03   2.5378750e+01   5.0552095e+01   3.3329801e+03   2.2950084e+01   6.6666802e+01  -3.1945366e-01   2.7322850e+02   1.0245691e+02   9.2504559e+01   3.1839946e+01   1.4963579e+01   1.8762962e+01   5.9285794e+00   1.6464821e+01   4.0491668e+00   3.2932335e+01   2.1819112e+01   1.2972583e+01   9.8808427e-01   1.6399547e+01   5.4355680e+00   6.7221676e+00   3.2418969e+00   1.0151257e-02   5.8457840e-01   1.7917095e-01   5.3475469e+01   4.3324144e+01   6.2997192e+01   5.3061191e+01   2.5683733e+01   6.0701351e+01   2.4962557e+01   3.7193069e+01   4.6449259e+01   3.6155518e+01   9.0400610e+00
   2.6448212e-01   3.6203374e+03   4.4518641e+03   9.2246827e+00   3.2548339e+01   4.7934416e+01   2.8017332e+03   6.5396827e+01   1.2290773e+02   2.1079440e-01   9.2118517e+01   4.9445503e+01   2.7062388e+03   2.5356408e+01   5.1665566e+01   3.3336612e+03   2.2969076e+01   6.6650663e+01   2.6383988e-01   2.7385313e+02   1.0242985e+02   9.2538037e+01   3.2650926e+01   1.4946935e+01   1.8771119e+01   6.0140209e+00   1.6469904e+01   4.0745914e+00   3.3025634e+01   2.1600140e+01   1.3244790e+01   7.2542872e-01   1.5771485e+01   5.3994930e+00   6.6547371e+00   3.2719386e+00   1.0151257e-02   5.8457840e-01   1.7917095e-01   5.3475469e+01   4.3324144e+01   6.2999518e+01   5.3012658e+01   2.6031130e+01   6.0591583e+01   2.5643658e+01   3.7212464e+01   4.6439061e+01   3.6061176e+01   1.4629072e+01
   2.5931503e-01   3.6487527e+03   4.4300413e+03   9.3224925e+00   3.2386584e+01   4.7776746e+01   2.7999283e+03   6.5642628e+01   1.2289931e+02   2.1245556e-01   9.1966874e+01   5.0456105e+01   2.7042277e+03   2.5353713e+01   4.9061312e+01   3.3323835e+03   2.2774953e+01   6.6676400e+01   3.8901560e-01   2.7327393e+02   1.0246529e+02   9.2207822e+01   3.2498012e+01   1.4948933e+01   1.8518078e+01   6.0327240e+00   1.6474305e+01   4.0700102e+00   3.2963327e+01   2.1683131e+01   1.3349563e+01   9.7159188e-01   1.6313671e+01   5.3949604e+00   6.6281868e+00   3.2850420e+00  -1.6122689e-02   5.7125997e-01   1.6457034e-01   5.4230950e+01   4.3928002e+01   6.3007612e+01   5.3013242e+01   2.5661030e+01   6.0546322e+01   2.6083629e+01   3.7190434e+01   4.6443211e+01   3.5783079e+01   1.3621666e+01
   2.5752368e-01   3.6290584e+03   4.4173611e+03   9.2795132e+00   3.2246928e+01   4.7568586e+01   2.8002871e+03   6.6135488e+01   1.2290443e+02   2.1300991e-01   9.2070181e+01   5.1224403e+01   2.7050272e+03   2.5304893e+01   4.9190819e+01   3.3327521e+03   2.2718922e+01   6.6674417e+01  -3.9205404e-01   2.7342874e+02   1.0246940e+02   9.2433669e+01   3.2087011e+01   1.4849992e+01   1.8219344e+01   5.9443961e+00   1.6857109e+01   4.0910930e+00   3.3119677e+01   2.1641548e+01   1.3359437e+01   7.5066639e-01   1.6155858e+01   5.4352512e+00   6.7087457e+00   3.2957510e+00  -1.6122689e-02   5.7125997e-01   1.6457034e-01   5.4230950e+01   4.3928002e+01   6.2929924e+01   5.3131221e+01   2.5236338e+01   6.0548755e+01   2.6058521e+01   3.7205492e+01   4.6423843e+01   3.5914436e+01   1.1170551e+01
   2.5250063e-01   3.6624381e+03   4.4021726e+03   9.2657448e+00   3.2232352e+01   4.7770925e+01   2.8008174e+03   6.5238646e+01   1.2290464e+02   2.1752544e-01   9.2048247e+01   4.9890029e+01   2.7054979e+03   2.5152265e+01   5.0351306e+01   3.3336211e+03   2.3132732e+01   6.6657797e+01  -9.8507403e-01   2.7329718e+02   1.0246749e+02   9.2392382e+01   3.2595322e+01   1.5096482e+01   1.8708295e+01   5.9565020e+00   1.6370893e+01   4.0553753e+00   3.2695354e+01   2.1705001e+01   1.3112582e+01   7.7648531e-01   1.5487898e+01   5.3999848e+00   6.6449443e+00   3.2513501e+00  -1.6122689e-02   5.7125997e-01   1.6457034e-01   5.4230950e+01   4.3928002e+01   6.2900075e+01   5.3177853e+01   2.4861921e+01   6.0823205e+01   2.6385597e+01   3.7215949e+01   4.6423982e+01   3.6060223e+01   1.2703044e+01
   2.5189480e-01   3.6718410e+03   4.4943213e+03   9.3101226e+00   3.2059569e+01   4.7585673e+01   2.8015277e+03   6.4463135e+01   1.2289996e+02   2.2001635e-01   9.2165595e+01   5.2575518e+01   2.7066111e+03   2.5291587e+01   5.0983042e+01   3.3344450e+03   2.2952905e+01   6.6680120e+01  -6.1264964e-01   2.7310946e+02   1.0245443e+02   9.2345987e+01   3.1952683e+01   1.4966754e+01   1.8659463e+01   6.0585944e+00   1.6411401e+01   4.0914249e+00   3.2847538e+01   2.1746694e+01   1.3078653e+01   8.4334800e-01   1.6590025e+01   5.4076995e+00   6.7221562e+00   3.3702146e+00   2.1248265e-02   5.4908200e-01   1.9279260e-01   5.3361987e+01   4.4808917e+01   6.2920882e+01   5.3121607e+01   2.4853252e+01   6.0561665e+01   2.7027241e+01   3.7203194e+01   4.6403820e+01   3.6171588e+01   1.3931169e+01
   2.5638198e-01   3.6786729e+03   4.4562718e+03   9.2379985e+00   3.2498811e+01   4.7735537e+01   2.8002314e+03   6.4677839e+01   1.2290313e+02   2.2298622e-01   9.2043112e+01   5.0354466e+01   2.7054415e+03   2.5261659e+01   5.0880298e+01   3.3327460e+03   2.3101178e+01   6.6683079e+01  -9.3191110e-02   2.7324875e+02   1.0245814e+02   9.2370678e+01   3.2726670e+01   1.5127913e+01   1.9153141e+01   5.9498987e+00   1.6836246e+01   4.0414936e+00   3.2763221e+01   2.1687351e+01   1.3502143e+01   9.4037871e-01   1.5766073e+01   5.3876073e+00   6.6492701e+00   3.2223718e+00   2.1248265e-02   5.4908200e-01   1.9279260e-01   5.3361987e+01   4.4808917e+01   6.2976589e+01   5.3079458e+01   2.5215350e+01   6.0669744e+01   2.7396130e+01   3.7212528e+01   4.6447506e+01   3.5892777e+01   1.2949090e+01
   2.5909259e-01   3.6630759e+03   4.4264197e+03   9.2298353e+00   3.2294268e+01   4.7606001e+01   2.7995716e+03   6.5281161e+01   1.2290381e+02   2.2370182e-01   9.2078640e+01   4.9795565e+01   2.7033899e+03   2.5527590e+01   5.0898784e+01   3.3312029e+03   2.2864614e+01   6.6680131e+01   7.7679401e-01   2.7311272e+02   1.0247575e+02   9.2577811e+01   3.2460685e+01   1.5018068e+01   1.9271404e+01   6.0603087e+00   1.6680378e+01   4.0736259e+00   3.2709047e+01   2.1772011e+01   1.3070534e+01   8.3271559e-01   1.5880161e+01   5.4061811e+00   6.7574204e+00   3.2412773e+00  -2.0890929e-03   5.6919384e-01   1.7468391e-01   5.3034308e+01   4.3894760e+01   6.3018284e+01   5.3024018e+01   2.5463015e+01   6.0369738e+01   2.7229583e+01   3.7212544e+01   4.6429123e+01   3.5962537e+01   1.3445598e+01
   2.6087508e-01   3.6364621e+03   4.4321793e+03   9.3053878e+00   3.2303327e+01   4.7433268e+01   2.7983428e+03   6.5054628e+01   1.2289772e+02   2.1584505e-01   9.2075111e+01   4.8405907e+01   2.7018074e+03   2.5455351e+01   5.0092299e+01   3.3291863e+03   2.2911731e+01   6.6713072e+01  -1.7617611e-01   2.7301488e+02   1.0247925e+02   9.2372868e+01   3.2594960e+01   1.4763387e+01   1.8816289e+01   6.0138244e+00   1.6718413e+01   4.1118452e+00   3.2268899e+01   2.1774136e+01   1.3329734e+01   8.6217564e-01   1.6343928e+01   5.4235985e+00   6.6087963e+00   3.2760824e+00  -2.0890929e-03   5.6919384e-01   1.7468391e-01   5.3034308e+01   4.3894760e+01   6.3046507e+01   5.2941858e+01   2.5935689e+01   6.0373271e+01   2.6449464e+01   3.7193097e+01   4.6432382e+01   3.5957815e+01   1.1174372e+01
   2.6031270e-01   3.6465100e+03   4.4072195e+03   9.1929424e+00   3.2382916e+01   4.7588321e+01   2.7987012e+03   6.5217252e+01   1.2291430e+02   2.0657513e-01   9.2147462e+01   4.9589358e+01   2.7032480e+03   2.5510479e+01   4.8245040e+01   3.3297591e+03   2.2854122e+01   6.6702323e+01   2.3782336e+00   2.7252347e+02   1.0243645e+02   9.2460313e+01   3.2201603e+01   1.4863948e+01   1.8579099e+01   6.1689243e+00   1.6446156e+01   4.0869916e+00   3.3031411e+01   2.1823149e+01   1.2791976e+01   8.7922816e-01   1.6082936e+01   5.3674057e+00   6.7270442e+00   3.2800426e+00  -2.0890929e-03   5.6919384e-01   1.7468391e-01   5.3034308e+01   4.3894760e+01   6.3083946e+01   5.2936164e+01   2.5569810e+01   6.0505307e+01   2.5367826e+01   3.7187756e+01   4.6441793e+01   3.6114061e+01   1.0472820e+01
   2.5544955e-01   3.6601463e+03   4.4311994e+03   9.2152263e+00   3.2711869e+01   4.7417951e+01   2.7976342e+03   6.4755634e+01   1.2288321e+02   1.9893041e-01   9.2026772e+01   5.1581815e+01   2.7022913e+03   2.5129717e+01   4.9680248e+01   3.3302897e+03   2.2813875e+01   6.6678979e+01  -1.0164761e+00   2.7319281e+02   1.0245662e+02   9.2292749e+01   3.2439250e+01   1.4981170e+01   1.8839795e+01   6.0728812e+00   1.6802057e+01   4.0302388e+00   3.2465310e+01   2.1700977e+01   1.3098491e+01   7.3954203e-01   1.5819514e+01   5.4177482e+00   6.6751825e+00   3.3108692e+00  -4.3266039e-03   5.6434344e-01   1.9564911e-01   5.3789806e+01   4.3808921e+01   6.3055290e+01   5.2970605e+01   2.5335709e+01   6.0625514e+01   2.4485871e+01   3.7212311e+01   4.6437924e+01   3.5857287e+01   1.2057460e+01
   2.5753017e-01   3.6553536e+03   4.3659262e+03   9.2325241e+00   3.2443894e+01   4.7503533e+01   2.7990333e+03   6.5095284e+01   1.2290964e+02   1.9511685e-01   9.2103010e+01   5.0945299e+01   2.7032997e+03   2.5298332e+01   4.9143030e+01   3.3302242e+03   2.2763973e+01   6.6679175e+01  -1.6660887e+00   2.7261172e+02   1.0248709e+02   9.2384137e+01   3.2207034e+01   1.4977967e+01   1.8779125e+01   5.9411099e+00   1.6974149e+01   4.0505025e+00   3.2894048e+01   2.1638599e+01   1.2848740e+01   8.6893038e-01   1.6427076e+01   5.4081858e+00   6.7248994e+00   3.2154931e+00  -4.3266039e-03   5.6434344e-01   1.9564911e-01   5.3789806e+01   4.3808921e+01   6.3011700e+01   5.3029702e+01   2.5341985e+01   6.0509144e+01   2.3763577e+01   3.7209907e+01   4.6428863e+01   3.5802226e+01   1.3222053e+01
   2.5764243e-01   3.6514425e+03   4.3999359e+03   9.2706248e+00   3.2561724e+01   4.7145144e+01   2.8003439e+03   6.4603718e+01   1.2291417e+02   1.9446057e-01   9.2079337e+01   4.9184653e+01   2.7042024e+03   2.5241170e+01   5.0154870e+01   3.3320683e+03   2.3050796e+01   6.6716133e+01   5.0246595e-01   2.7302853e+02   1.0244238e+02   9.2243237e+01   3.2001565e+01   1.4823736e+01   1.8595354e+01   5.8752142e+00   1.6465393e+01   4.0864317e+00   3.3009560e+01   2.1818033e+01   1.2703012e+01   9.6760316e-01   1.6014387e+01   5.3999703e+00   6.6882737e+00   3.1216939e+00   8.0225599e-03   5.8926453e-01   1.7575547e-01   5.4108290e+01   4.4957918e+01   6.3016992e+01   5.3056609e+01   2.5420730e+01   6.0611701e+01   2.3819133e+01   3.7214842e+01   4.6447093e+01   3.5903889e+01   1.2499560e+01
   2.5814081e-01   3.6637313e+03   4.4302534e+03   9.2379440e+00   3.2128208e+01   4.7710132e+01   2.8011857e+03   6.5796460e+01   1.2291138e+02   1.9556274e-01   9.2134530e+01   5.1544806e+01   2.7060281e+03   2.5228166e+01   4.8068921e+01   3.3326338e+03   2.3074898e+01   6.6641222e+01  -2.8677604e-01   2.7283312e+02   1.0243436e+02   9.2764055e+01   3.1842163e+01   1.4901990e+01   1.8862853e+01   6.0862425e+00   1.6757289e+01   4.0647359e+00   3.2469073e+01   2.1791499e+01   1.3245162e+01   8.9518030e-01   1.6295696e+01   5.4440753e+00   6.6725410e+00   3.2873267e+00   8.0225599e-03   5.8926453e-01   1.7575547e-01   5.4108290e+01   4.4957918e+01   6.2977892e+01   5.3101737e+01   2.5375316e+01   6.0646685e+01   2.3734321e+01   3.7222152e+01   4.6440780e+01   3.5914865e+01   1.3854275e+01
   2.6374621e-01   3.6586691e+03   4.4212373e+03   9.2139523e+00   3.2800265e+01   4.7719094e+01   2.7998938e+03   6.4898377e+01   1.2289914e+02   1.9841884e-01   9.1966503e+01   5.0695050e+01   2.7046890e+03   2.5207842e+01   5.0462288e+01   3.3327344e+03   2.3049137e+01   6.6631522e+01  -5.3736797e-01   2.7335908e+02   1.0247689e+02   9.2412336e+01   3.1726874e+01   1.4889424e+01   1.8703060e+01   5.8686988e+00   1.6251170e+01   4.0617550e+00   3.2707286e+01   2.1693374e+01   1.3017201e+01   7.5184230e-01   1.6265358e+01   5.4152983e+00   6.6737123e+00   3.3461600e+00   8.0225599e-03   5.8926453e-01   1.7575547e-01   5.4108290e+01   4.4957918e+01   6.2950068e+01   5.3116063e+01   2.5795105e+01   6.0597206e+01   2.4305256e+01   3.7212168e+01   4.6432657e+01   3.5878877e+01   1.2372251e+01
   2.6398865e-01   3.6607370e+03   4.3948887e+03   9.2253323e+00   3.2458414e+01   4.7398886e+01   2.8013579e+03   6.4941966e+01   1.2288854e+02   2.0363608e-01   9.1967237e+01   5.0020412e+01   2.7061728e+03   2.5195883e+01   5.0653703e+01   3.3333940e+03   2.3144213e+01   6.6609982e+01  -1.7137146e+00   2.7304928e+02   1.0245835e+02   9.2169372e+01   3.2084801e+01   1.5047783e+01   1.8726974e+01   6.1850320e+00   1.6672324e+01   4.1024720e+00   3.2489846e+01   2.1725216e+01   1.2934749e+01   1.0102952e+00   1.6496960e+01   5.4350511e+00   6.7202787e+00   3.2388646e+00   7.8700682e-03   5.7725478e-01   1.8397954e-01   5.4553172e+01   4.3263819e+01   6.2896345e+01   5.3190324e+01   2.5939835e+01   6.0663507e+01   2.5046476e+01   3.7201788e+01   4.6432840e+01   3.5995030e+01   1.2418151e+01
   2.5958466e-01   3.6532900e+03   4.4443711e+03   9.2066376e+00   3.2312451e+01   4.7761745e+01   2.8023567e+03   6.4289436e+01   1.2289169e+02   2.1186880e-01   9.2046987e+01   4.9282958e+01   2.7065860e+03   2.5250988e+01   4.9674523e+01   3.3345782e+03   2.2900910e+01   6.6604551e+01   8.4298636e-01   2.7245926e+02   1.0244706e+02   9.2139559e+01   3.2282235e+01   1.4909922e+01   1.8986396e+01   5.8862491e+00   1.6991246e+01   4.0485416e+00   3.2644522e+01   2.1904130e+01   1.2937874e+01   9.0091407e-01   1.6104993e+01   5.4116203e+00   6.7447230e+00   3.2196534e+00   7.8700682e-03   5.7725478e-01   1.8397954e-01   5.4553172e+01   4.3263819e+01   6.2860419e+01   5.3243273e+01   2.5807966e+01   6.0589867e+01   2.6088757e+01   3.7190775e+01   4.6423725e+01   3.6074024e+01   1.3425843e+01
   2.6345053e-01   3.6514367e+03   4.4346073e+03   9.2251838e+00   3.2374205e+01   4.7778116e+01   2.8021392e+03   6.5368809e+01   1.2293044e+02   2.2108127e-01   9.2096888e+01   5.0370649e+01   2.7068888e+03   2.5150223e+01   4.9257411e+01   3.3350280e+03   2.2826875e+01   6.6618588e+01   1.7608639e+00   2.7304115e+02   1.0248274e+02   9.2466195e+01   3.2366358e+01   1.4888126e+01   1.8941874e+01   6.0343940e+00   1.6359355e+01   4.1075810e+00   3.2737773e+01   2.1697454e+01   1.2661910e+01   9.4865448e-01   1.5977932e+01   5.3895097e+00   6.7018458e+00   3.2618611e+00  -5.2377824e-03   5.6477617e-01   1.8932105e-01   5.3370921e+01   4.3432966e+01   6.2852711e+01   5.3259539e+01   2.5914022e+01   6.0560587e+01   2.6942789e+01   3.7213100e+01   4.6443687e+01   3.5934842e+01   1.4113738e+01
   2.6358986e-01   3.6527165e+03   4.4050403e+03   9.2015919e+00   3.2480534e+01   4.7616290e+01   2.8003421e+03   6.4985178e+01   1.2290442e+02   2.2537209e-01   9.1956216e+01   4.8220713e+01   2.7052206e+03   2.5179857e+01   5.0631918e+01   3.3328518e+03   2.2898068e+01   6.6636130e+01  -4.5687419e-01   2.7264824e+02   1.0249768e+02   9.1999009e+01   3.2609253e+01   1.4965904e+01   1.8588724e+01   5.9201862e+00   1.6416562e+01   4.0616394e+00   3.2582250e+01   2.1874577e+01   1.2981976e+01   9.2149450e-01   1.6046380e+01   5.3920511e+00   6.5877377e+00   3.2117730e+00  -5.2377824e-03   5.6477617e-01   1.8932105e-01   5.3370921e+01   4.3432966e+01   6.2938950e+01   5.3102223e+01   2.5863109e+01   6.0464827e+01   2.7492846e+01   3.7215265e+01   4.6415019e+01   3.5910109e+01   1.4573116e+01
   2.5706554e-01   3.6623904e+03   4.4155075e+03   9.2069153e+00   3.2239857e+01   4.7964696e+01   2.8000702e+03   6.5518096e+01   1.2290384e+02   2.2544235e-01   9.1948877e+01   5.2284205e+01   2.7042389e+03   2.5450700e+01   5.1226659e+01   3.3320532e+03   2.2908691e+01   6.6621137e+01  -1.1385963e+00   2.7266312e+02   1.0247397e+02   9.2100839e+01   3.2436996e+01   1.4835120e+01   1.8539620e+01   5.9544102e+00   1.7090639e+01   4.0758251e+00   3.2416047e+01   2.1639581e+01   1.3323251e+01   8.3418355e-01   1.6261903e+01   5.4166973e+00   6.6895039e+00   3.2339523e+00  -5.2377824e-03   5.6477617e-01   1.8932105e-01   5.3370921e+01   4.3432966e+01   6.3004479e+01   5.3065142e+01   2.5242922e+01   6.0623439e+01   2.7321389e+01   3.7250907e+01   4.6448626e+01   3.5816328e+01   1.3906698e+01
   2.5392834e-01   3.6543062e+03   4.4106487e+03   9.3093401e+00   3.2017564e+01   4.7746995e+01   2.8008294e+03   6.4062084e+01   1.2291119e+02   2.2695089e-01   9.2118048e+01   4.9718891e+01   2.7048930e+03   2.5182433e+01   4.9424742e+01   3.3333175e+03   2.2993951e+01   6.6636072e+01   1.4847817e+00   2.7258651e+02   1.0245013e+02   9.2124711e+01   3.1917995e+01   1.4863344e+01   1.8941371e+01   6.0227814e+00   1.6722195e+01   4.1114487e+00   3.2580157e+01   2.1629377e+01   1.3383554e+01   8.4977372e-01   1.6218189e+01   5.4154426e+00   6.5773893e+00   3.1956322e+00  -1.6737669e-03   5.7624678e-01   1.9017557e-01   5.3386913e+01   4.4307766e+01   6.3039436e+01   5.3012656e+01   2.4916673e+01   6.0631213e+01   2.7360572e+01   3.7226881e+01   4.6447134e+01   3.5936381e+01   1.4379461e+01
   2.5933286e-01   3.6620915e+03   4.3724541e+03   9.1574370e+00   3.2236800e+01   4.7689090e+01   2.7996611e+03   6.5242807e+01   1.2289239e+02   2.2251297e-01   9.2033942e+01   4.8579423e+01   2.7043780e+03   2.5063342e+01   4.8311584e+01   3.3321368e+03   2.3040106e+01   6.6606253e+01   2.4432146e-01   2.7267734e+02   1.0244865e+02   9.2152738e+01   3.1918232e+01   1.4919216e+01   1.8752908e+01   5.9697938e+00   1.6694016e+01   4.0403937e+00   3.2440913e+01   2.1851657e+01   1.2898003e+01   7.9530879e-01   1.5846986e+01   5.4062647e+00   6.6464407e+00   3.3081832e+00  -1.6737669e-03   5.7624678e-01   1.9017557e-01   5.3386913e+01   4.4307766e+01   6.3079298e+01   5.3012436e+01   2.5561899e+01   6.0622607e+01   2.7033787e+01   3.7238364e+01   4.6452378e+01   3.5814703e+01   1.2919219e+01
   2.6110069e-01   3.6738434e+03   4.4279554e+03   9.2610154e+00   3.2220435e+01   4.7658421e+01   2.7991089e+03   6.4385968e+01   1.2290710e+02   2.1607203e-01   9.1983498e+01   4.9531650e+01   2.7036864e+03   2.5279963e+01   5.0944357e+01   3.3316301e+03   2.2784059e+01   6.6592550e+01   1.1471487e+00   2.7295157e+02   1.0245485e+02   9.2568309e+01   3.2172268e+01   1.4952337e+01   1.9298277e+01   6.1094069e+00   1.6628061e+01   4.0834036e+00   3.2828620e+01   2.1621975e+01   1.3529719e+01   9.1953110e-01   1.5794694e+01   5.4106790e+00   6.7098486e+00   3.2092900e+00  -7.3216239e-03   5.7437963e-01   2.0893811e-01   5.4212435e+01   4.4256664e+01   6.3094799e+01   5.3019517e+01   2.5721230e+01   6.0623469e+01   2.6419074e+01   3.7242388e+01   4.6444816e+01   3.6026300e+01   1.4631444e+01
   2.6592664e-01   3.6573765e+03   4.4365051e+03   9.2550735e+00   3.2553201e+01   4.7747292e+01   2.7982941e+03   6.4231254e+01   1.2288908e+02   2.1155955e-01   9.2007732e+01   5.0735462e+01   2.7036181e+03   2.5334477e+01   4.9200186e+01   3.3302773e+03   2.2889427e+01   6.6611716e+01   1.9350336e+00   2.7277040e+02   1.0247167e+02   9.2400362e+01   3.2583000e+01   1.4985422e+01   1.8413396e+01   5.9963860e+00   1.6789018e+01   4.0391497e+00   3.2444725e+01   2.1788805e+01   1.3479717e+01   1.0774101e+00   1.6258095e+01   5.4172924e+00   6.6445632e+00   3.1882530e+00  -7.3216239e-03   5.7437963e-01   2.0893811e-01   5.4212435e+01   4.4256664e+01   6.3013820e+01   5.3118712e+01   2.6298783e+01   6.0466429e+01   2.5877388e+01   3.7219942e+01   4.6439892e+01   3.5992120e+01   1.1601458e+01
   2.5645417e-01   3.6523501e+03   4.4133602e+03   9.2120543e+00   3.2466636e+01   4.7697620e+01   2.7997779e+03   6.4895372e+01   1.2290882e+02   2.1154819e-01   9.2092921e+01   4.9748458e+01   2.7043239e+03   2.5322849e+01   4.9602520e+01   3.3319858e+03   2.3056732e+01   6.6625594e+01   4.1468747e-01   2.7256141e+02   1.0246192e+02   9.2276105e+01   3.2411166e+01   1.4910113e+01   1.8820263e+01   6.0531908e+00   1.6752145e+01   4.0290332e+00   3.2708515e+01   2.1608510e+01   1.2927758e+01   9.6381202e-01   1.6249039e+01   5.4505516e+00   6.6474194e+00   3.2965375e+00  -7.3216239e-03   5.7437963e-01   2.0893811e-01   5.4212435e+01   4.4256664e+01   6.2955666e+01   5.3153671e+01   2.5280583e+01   6.0655985e+01   2.5456187e+01   3.7230269e+01   4.6431095e+01   3.6051551e+01   1.3843558e+01
   2.5850039e-01   3.6525936e+03   4.4194989e+03   9.2027157e+00   3.2603729e+01   4.7572135e+01   2.8002479e+03   6.5815193e+01   1.2290136e+02   2.0712583e-01   9.2086310e+01   5.0825422e+01   2.7043291e+03   2.5126896e+01   4.8936774e+01   3.3315922e+03   2.2827112e+01   6.6623399e+01   2.9968693e-01   2.7290694e+02   1.0245568e+02   9.2322601e+01   3.1891308e+01   1.4838298e+01   1.8981297e+01   6.0492965e+00   1.6966101e+01   4.0892896e+00   3.2751290e+01   2.1879468e+01   1.3209887e+01   9.7231971e-01   1.6098122e+01   5.3914469e+00   6.6616098e+00   3.2739802e+00   2.4457367e-04   5.6043939e-01   1.9841652e-01   5.4683614e+01   4.3981764e+01   6.2898155e+01   5.3220630e+01   2.5298482e+01   6.0549937e+01   2.5229001e+01   3.7207596e+01   4.6468698e+01   3.5940037e+01   1.6045617e+01
   2.6266740e-01   3.6396335e+03   4.4822983e+03   9.1706346e+00   3.2772691e+01   4.7625361e+01   2.8002396e+03   6.4781423e+01   1.2291044e+02   2.0489672e-01   9.2069104e+01   4.9377930e+01   2.7045749e+03   2.5351521e+01   4.9527338e+01   3.3323969e+03   2.3178287e+01   6.6609751e+01   1.2678918e+00   2.7253735e+02   1.0247049e+02   9.2361216e+01   3.2522351e+01   1.4722333e+01   1.9014854e+01   6.0467554e+00   1.6563268e+01   4.0796692e+00   3.2653256e+01   2.1815530e+01   1.3545467e+01   1.0215286e+00   1.6021670e+01   5.4277563e+00   6.7569393e+00   3.3886149e+00   2.4457367e-04   5.6043939e-01   1.9841652e-01   5.4683614e+01   4.3981764e+01   6.2841084e+01   5.3273776e+01   2.5862098e+01   6.0555133e+01   2.5163135e+01   3.7208475e+01   4.6438107e+01   3.5970096e+01   1.1807426e+01
   2.6189472e-01   3.6381293e+03   4.4502010e+03   9.2658090e+00   3.2372719e+01   4.7783269e+01   2.8005218e+03   6.4861562e+01   1.2291226e+02   2.0587598e-01   9.2020820e+01   4.8927903e+01   2.7049503e+03   2.5471158e+01   4.9897528e+01   3.3322161e+03   2.2726834e+01   6.6578209e+01   7.2950444e-01   2.7292846e+02   1.0249514e+02   9.2617806e+01   3.2472086e+01   1.4757801e+01   1.8738710e+01   5.9613934e+00   1.6413500e+01   4.0831563e+00   3.2431068e+01   2.1631363e+01   1.3403193e+01   8.7938000e-01   1.6396527e+01   5.4237535e+00   6.7550923e+00   3.2747710e+00   1.0605650e-02   5.8441232e-01   1.9972891e-01   5.4087731e+01   4.4934379e+01   6.2802782e+01   5.3308672e+01   2.5787644e+01   6.0499411e+01   2.5001342e+01   3.7225377e+01   4.6413493e+01   3.6099831e+01   1.4720463e+01
   2.5945888e-01   3.6273874e+03   4.4747683e+03   9.1167479e+00   3.2315364e+01   4.7649105e+01   2.7999862e+03   6.4680282e+01   1.2289708e+02   2.0714716e-01   9.1914978e+01   5.0358429e+01   2.7042064e+03   2.5328670e+01   4.9752827e+01   3.3310181e+03   2.2654590e+01   6.6564479e+01  -1.7836256e+00   2.7248504e+02   1.0251899e+02   9.2151377e+01   3.2249545e+01   1.4864615e+01   1.8606790e+01   6.1176619e+00   1.7122912e+01   4.1006476e+00   3.2111819e+01   2.1976668e+01   1.3565928e+01   9.7676313e-01   1.5962136e+01   5.4126029e+00   6.6489564e+00   3.3012361e+00   1.0605650e-02   5.8441232e-01   1.9972891e-01   5.4087731e+01   4.4934379e+01   6.2833122e+01   5.3251869e+01   2.5452849e+01   6.0560205e+01   2.5333462e+01   3.7226686e+01   4.6417587e+01   3.5958049e+01   1.2096298e+01
   2.5425821e-01   3.6802163e+03   4.4373275e+03   9.2418310e+00   3.2593966e+01   4.7379424e+01   2.8010069e+03   6.5352616e+01   1.2291962e+02   2.0696378e-01   9.1973285e+01   5.2256864e+01   2.7051862e+03   2.5199567e+01   4.8787567e+01   3.3329989e+03   2.2877131e+01   6.6577023e+01  -1.6309557e-01   2.7248452e+02   1.0248804e+02   9.2281879e+01   3.2165736e+01   1.4913100e+01   1.8823459e+01   6.0748359e+00   1.6899295e+01   4.0562618e+00   3.2421148e+01   2.1694003e+01   1.3182202e+01   7.5107633e-01   1.6349486e+01   5.4275160e+00   6.6968783e+00   3.2421906e+00   1.0605650e-02   5.8441232e-01   1.9972891e-01   5.4087731e+01   4.4934379e+01   6.2854612e+01   5.3211205e+01   2.5252919e+01   6.0629910e+01   2.5491193e+01   3.7240862e+01   4.6427329e+01   3.5929787e+01   1.2560232e+01
   2.5864439e-01   3.6606756e+03   4.4718622e+03   9.2364193e+00   3.2466340e+01   4.7659570e+01   2.7999677e+03   6.4395185e+01   1.2289663e+02   2.1021538e-01   9.1859633e+01   5.0517541e+01   2.7042096e+03   2.5132812e+01   5.0439303e+01   3.3319001e+03   2.2709448e+01   6.6578055e+01   5.4087273e-01   2.7225359e+02   1.0248979e+02   9.2017907e+01   3.2022918e+01   1.4997468e+01   1.8595241e+01   5.9714468e+00   1.6282000e+01   4.0884796e+00   3.2821616e+01   2.1969522e+01   1.3390168e+01   1.1790077e+00   1.5985425e+01   5.4369970e+00   6.6151096e+00   3.2383739e+00   1.8771937e-02   5.7154196e-01   1.8136080e-01   5.4640235e+01   4.3728540e+01   6.2809904e+01   5.3242028e+01   2.5437965e+01   6.0509965e+01   2.5977742e+01   3.7242897e+01   4.6415755e+01   3.5890974e+01   1.0641149e+01
   2.5697811e-01   3.6492590e+03   4.4130756e+03   9.2969837e+00   3.2353718e+01   4.7739571e+01   2.8009280e+03   6.4803736e+01   1.2290364e+02   2.1446107e-01   9.1936649e+01   4.9060421e+01   2.7054640e+03   2.5156190e+01   4.8837189e+01   3.3330007e+03   2.2809564e+01   6.6570285e+01  -8.8008277e-03   2.7202529e+02   1.0250475e+02   9.2077094e+01   3.1908406e+01   1.4974486e+01   1.9188122e+01   5.8383575e+00   1.6556957e+01   4.1046302e+00   3.2733897e+01   2.1742136e+01   1.3912077e+01   1.0243122e+00   1.6237796e+01   5.4294608e+00   6.6817590e+00   3.2311327e+00   1.8771937e-02   5.7154196e-01   1.8136080e-01   5.4640235e+01   4.3728540e+01   6.2781472e+01   5.3317348e+01   2.5368442e+01   6.0680094e+01   2.6330036e+01   3.7247437e+01   4.6443199e+01   3.6052616e+01   1.1208735e+01
   2.6652137e-01   3.6416688e+03   4.4246322e+03   9.2201659e+00   3.2242750e+01   4.7524031e+01   2.8005947e+03   6.5188038e+01   1.2288832e+02   2.1609894e-01   9.1845168e+01   5.0753024e+01   2.7042813e+03   2.5347603e+01   4.9820698e+01   3.3315646e+03   2.2874036e+01   6.6546093e+01   1.2526701e-01   2.7229310e+02   1.0250314e+02   9.2086607e+01   3.2472468e+01   1.4807628e+01   1.8841302e+01   6.0753138e+00   1.6415753e+01   4.0560338e+00   3.2527038e+01   2.1761516e+01   1.3415497e+01   9.6535292e-01   1.5931728e+01   5.4572420e+00   6.6328655e+00   3.2704917e+00   2.9368673e-04   5.7246602e-01   1.7532430e-01   5.3532702e+01   4.3607896e+01   6.2756818e+01   5.3342769e+01   2.6138166e+01   6.0518887e+01   2.6491657e+01   3.7246557e+01   4.6447957e+01   3.5653529e+01   1.2633943e+01
   2.6348331e-01   3.6548858e+03   4.4612058e+03   9.2732202e+00   3.2651901e+01   4.7092698e+01   2.8005683e+03   6.5713909e+01   1.2289788e+02   2.1761257e-01   9.1927717e+01   4.9549597e+01   2.7051702e+03   2.5204948e+01   4.8360713e+01   3.3325658e+03   2.2980425e+01   6.6529645e+01   9.1223105e-02   2.7231829e+02   1.0248758e+02   9.2185808e+01   3.2374031e+01   1.4948843e+01   1.8827625e+01   5.9676916e+00   1.6783781e+01   4.0708698e+00   3.2506800e+01   2.1656340e+01   1.2899388e+01   9.0456182e-01   1.6290985e+01   5.3793195e+00   6.7125559e+00   3.2377990e+00   2.9368673e-04   5.7246602e-01   1.7532430e-01   5.3532702e+01   4.3607896e+01   6.2859479e+01   5.3209864e+01   2.5774944e+01   6.0559724e+01   2.6730992e+01   3.7244841e+01   4.6429335e+01   3.5790515e+01   1.0481640e+01
   2.6088765e-01   3.6646968e+03   4.4099244e+03   9.1764581e+00   3.2439038e+01   4.7626059e+01   2.8000213e+03   6.4635319e+01   1.2289102e+02   2.2050978e-01   9.2054985e+01   4.9275648e+01   2.7056193e+03   2.5422832e+01   5.0049250e+01   3.3333417e+03   2.2986945e+01   6.6563915e+01   2.2090256e+00   2.7219760e+02   1.0245801e+02   9.2076022e+01   3.1732808e+01   1.4917968e+01   1.9110324e+01   6.0338402e+00   1.6400172e+01   4.0824013e+00   3.2739485e+01   2.1711434e+01   1.3881601e+01   7.6696536e-01   1.5807096e+01   5.3857370e+00   6.6441915e+00   3.1613377e+00   2.9368673e-04   5.7246602e-01   1.7532430e-01   5.3532702e+01   4.3607896e+01   6.2908391e+01   5.3130669e+01   2.5628183e+01   6.0506348e+01   2.6800868e+01   3.7231144e+01   4.6427055e+01   3.5970597e+01   1.3491371e+01
   2.6739690e-01   3.6152080e+03   4.4191774e+03   9.1340750e+00   3.2433693e+01   4.7308480e+01   2.7994086e+03   6.5859450e+01   1.2290795e+02   2.1516931e-01   9.2021231e+01   4.8817529e+01   2.7042903e+03   2.5476198e+01   4.9117955e+01   3.3317956e+03   2.2851706e+01   6.6525070e+01   6.5309602e-01   2.7255964e+02   1.0246342e+02   9.2392094e+01   3.2050966e+01   1.4665713e+01   1.8774417e+01   5.8402225e+00   1.6753997e+01   4.0445500e+00   3.2940993e+01   2.1737160e+01   1.3561267e+01   9.3861256e-01   1.6610355e+01   5.3858052e+00   6.7398756e+00   3.3285106e+00   1.2692740e-02   5.7406883e-01   1.8438741e-01   5.2976292e+01   4.4779875e+01   6.2972170e+01   5.3063274e+01   2.6349175e+01   6.0514708e+01   2.6242262e+01   3.7241371e+01   4.6397734e+01   3.5949755e+01   1.2995265e+01
   2.6723775e-01   3.6619514e+03   4.4288423e+03   9.2103237e+00   3.2240224e+01   4.7731557e+01   2.8001509e+03   6.4689003e+01   1.2291804e+02   2.0811917e-01   9.2040283e+01   5.0375779e+01   2.7043484e+03   2.5300442e+01   4.9114191e+01   3.3320158e+03   2.2736631e+01   6.6561609e+01  -5.1775756e-01   2.7258182e+02   1.0245000e+02   9.2356253e+01   3.1934792e+01   1.5060834e+01   1.8776826e+01   6.0452129e+00   1.6915535e+01   4.0556588e+00   3.2592574e+01   2.1634064e+01   1.2934804e+01   8.2570205e-01   1.6565037e+01   5.3427722e+00   6.6335184e+00   3.3214024e+00   1.2692740e-02   5.7406883e-01   1.8438741e-01   5.2976292e+01   4.4779875e+01   6.3024961e+01   5.3030140e+01   2.6164239e+01   6.0573924e+01   2.5908928e+01   3.7263756e+01   4.6431659e+01   3.5922341e+01   1.0024045e+01
   2.6625784e-01   3.6838320e+03   4.3973454e+03   9.2200102e+00   3.2507073e+01   4.7734880e+01   2.7988516e+03   6.5659417e+01   1.2290357e+02   2.1039839e-01   9.1871257e+01   5.1127708e+01   2.7030546e+03   2.5322019e+01   5.0749442e+01   3.3300381e+03   2.2846328e+01   6.6582421e+01  -5.2274311e-01   2.7261550e+02   1.0247718e+02   9.2150385e+01   3.1358081e+01   1.4946487e+01   1.8402900e+01   6.0639975e+00   1.6692076e+01   4.0447826e+00   3.2146041e+01   2.1761610e+01   1.3229522e+01   9.7547737e-01   1.6030334e+01   5.4323268e+00   6.7167279e+00   3.2616627e+00   6.4678866e-03   5.7510879e-01   1.9508991e-01   5.3205389e+01   4.3158025e+01   6.3067973e+01   5.2996652e+01   2.6143946e+01   6.0674916e+01   2.5772311e+01   3.7260673e+01   4.6434345e+01   3.5846415e+01   1.1440794e+01
   2.6779580e-01   3.6522261e+03   4.4445755e+03   9.2806835e+00   3.2317271e+01   4.7281696e+01   2.7997812e+03   6.5095840e+01   1.2289736e+02   2.0970507e-01   9.1940298e+01   5.1041091e+01   2.7046899e+03   2.5040036e+01   4.9146757e+01   3.3317963e+03   2.2847482e+01   6.6544758e+01  -1.9595097e+00   2.7240634e+02   1.0242290e+02   9.2052533e+01   3.2209635e+01   1.4822950e+01   1.8668619e+01   5.9468870e+00   1.6808241e+01   4.0414728e+00   3.2481436e+01   2.1883659e+01   1.3051711e+01   8.1087919e-01   1.5851296e+01   5.4518083e+00   6.7368583e+00   3.2318118e+00   6.4678866e-03   5.7510879e-01   1.9508991e-01   5.3205389e+01   4.3158025e+01   6.3091837e+01   5.3001397e+01   2.6114743e+01   6.0810123e+01   2.5691435e+01   3.7239893e+01   4.6433011e+01   3.5875236e+01   1.2108954e+01
   2.6286330e-01   3.6724867e+03   4.4060184e+03   9.1696955e+00   3.2125686e+01   4.7587482e+01   2.8007808e+03   6.5096411e+01   1.2289212e+02   2.0897997e-01   9.2018553e+01   5.0172052e+01   2.7053427e+03   2.5076095e+01   4.9481467e+01   3.3326188e+03   2.2783681e+01   6.6544000e+01  -4.9693253e-01   2.7250806e+02   1.0243864e+02   9.2183579e+01   3.2635999e+01   1.5018735e+01   1.9290816e+01   6.0765582e+00   1.6435071e+01   4.0358230e+00   3.2039659e+01   2.1928578e+01   1.3105410e+01   9.0957345e-01   1.6440190e+01   5.4245027e+00   6.6223199e+00   3.2720430e+00   6.4678866e-03   5.7510879e-01   1.9508991e-01   5.3205389e+01   4.3158025e+01   6.3101691e+01   5.2993579e+01   2.5810521e+01   6.0610239e+01   2.5788540e+01   3.7263379e+01   4.6417199e+01   3.6154749e+01   1.0033835e+01
   2.6480818e-01   3.6735887e+03   4.4494201e+03   9.2119409e+00   3.2260145e+01   4.7748010e+01   2.7981878e+03   6.5434583e+01   1.2287107e+02   2.0538668e-01   9.1887785e+01   5.0192243e+01   2.7025750e+03   2.5419957e+01   4.9458672e+01   3.3298755e+03   2.2856003e+01   6.6560970e+01   1.4534080e+00   2.7252078e+02   1.0246271e+02   9.2292736e+01   3.2388641e+01   1.4795346e+01   1.8855476e+01   6.0426013e+00   1.6417869e+01   4.0520716e+00   3.2548099e+01   2.1669935e+01   1.3015916e+01   8.7259080e-01   1.6272829e+01   5.3912961e+00   6.6089169e+00   3.2338954e+00   4.5717128e-03   5.6576544e-01   1.9062920e-01   5.3785015e+01   4.3938401e+01   6.3089447e+01   5.3034575e+01   2.6102470e+01   6.0354604e+01   2.5397557e+01   3.7283208e+01   4.6443955e+01   3.6004143e+01   1.2378482e+01
   2.6467671e-01   3.6620360e+03   4.4186724e+03   9.2571548e+00   3.2327823e+01   4.7555026e+01   2.7984590e+03   6.5559908e+01   1.2288726e+02   2.0013019e-01   9.1940924e+01   5.0650077e+01   2.7031102e+03   2.5451915e+01   5.0153927e+01   3.3303150e+03   2.2685669e+01   6.6564648e+01  -6.4238064e-01   2.7251239e+02   1.0244457e+02   9.2130763e+01   3.1738670e+01   1.4771514e+01   1.9274759e+01   6.2356449e+00   1.6968028e+01   4.0725811e+00   3.2308440e+01   2.1573259e+01   1.3691647e+01   8.9709954e-01   1.5818191e+01   5.4196351e+00   6.6510091e+00   3.3140156e+00   4.5717128e-03   5.6576544e-01   1.9062920e-01   5.3785015e+01   4.3938401e+01   6.3041291e+01   5.3072928e+01   2.5918909e+01   6.0515001e+01   2.4529701e+01   3.7253164e+01   4.6418580e+01   3.5973841e+01   1.2315955e+01
   2.7144579e-01   3.6571195e+03   4.4902354e+03   9.2686620e+00   3.2096910e+01   4.7656482e+01   2.7991273e+03   6.4929325e+01   1.2289846e+02   1.9433518e-01   9.1943786e+01   4.9364394e+01   2.7028989e+03   2.5245402e+01   5.0304080e+01   3.3305434e+03   2.2879010e+01   6.6562336e+01  -8.1218750e-01   2.7233269e+02   1.0246965e+02   9.2207525e+01   3.1846872e+01   1.4884202e+01   1.8803059e+01   6.0241807e+00   1.6511580e+01   4.0700892e+00   3.2407754e+01   2.1919920e+01   1.3640810e+01   1.0288304e+00   1.5931411e+01   5.3956055e+00   6.6051996e+00   3.3325010e+00   2.6742766e-02   5.8022732e-01   2.0545839e-01   5.4510852e+01   4.4045862e+01   6.3028259e+01   5.3120622e+01   2.6808573e+01   6.0416017e+01   2.3770457e+01   3.7243560e+01   4.6447884e+01   3.6103538e+01   1.1503706e+01
   2.7143731e-01   3.6640541e+03   4.4180352e+03   9.2626176e+00   3.2186523e+01   4.7379089e+01   2.7984022e+03   6.5283182e+01   1.2288015e+02   1.9196430e-01   9.1850149e+01   5.2663541e+01   2.7036745e+03   2.5409055e+01   4.8201180e+01   3.3308107e+03   2.2950371e+01   6.6538580e+01   5.9129636e-01   2.7249432e+02   1.0248707e+02   9.2278607e+01   3.2023094e+01   1.4882187e+01   1.8879959e+01   6.2480373e+00   1.6751425e+01   4.0580900e+00   3.2592595e+01   2.1689876e+01   1.2997476e+01   9.8479262e-01   1.6626630e+01   5.3887675e+00   6.6397504e+00   3.2403548e+00   2.6742766e-02   5.8022732e-01   2.0545839e-01   5.4510852e+01   4.4045862e+01   6.2959456e+01   5.3239459e+01   2.6720911e+01   6.0619881e+01   2.3316846e+01   3.7233475e+01   4.6471196e+01   3.5862644e+01   1.2460420e+01
   2.7052477e-01   3.6648559e+03   4.4532559e+03   9.2103471e+00   3.1914206e+01   4.7088809e+01   2.8003069e+03   6.4841601e+01   1.2290783e+02   1.9460643e-01   9.1860104e+01   4.9431281e+01   2.7042877e+03   2.5461803e+01   4.9325496e+01   3.3320742e+03   2.2859408e+01   6.6531809e+01   1.1257877e+00   2.7273276e+02   1.0246553e+02   9.2206103e+01   3.1485511e+01   1.4809436e+01   1.8534627e+01   6.0625730e+00   1.6947447e+01   4.0442985e+00   3.2472255e+01   2.1671554e+01   1.3842917e+01   7.2592134e-01   1.6300740e+01   5.4386195e+00   6.7627800e+00   3.3096367e+00   2.6742766e-02   5.8022732e-01   2.0545839e-01   5.4510852e+01   4.4045862e+01   6.2895300e+01   5.3275727e+01   2.6652013e+01   6.0528899e+01   2.3524535e+01   3.7252614e+01   4.6427588e+01   3.5984334e+01   1.2957257e+01
   2.6940204e-01   3.6620396e+03   4.4594062e+03   9.2643568e+00   3.2087222e+01   4.7391101e+01   2.8012160e+03   6.4796401e+01   1.2287299e+02   1.9706804e-01   9.1852866e+01   5.1325346e+01   2.7056436e+03   2.5251143e+01   5.1908958e+01   3.3336496e+03   2.2989556e+01   6.6526942e+01  -1.5683571e+00   2.7229720e+02   1.0247114e+02   9.1939036e+01   3.2192562e+01   1.4722135e+01   1.8503264e+01   6.0355427e+00   1.7210292e+01   4.0769232e+00   3.2729565e+01   2.1845145e+01   1.3699772e+01   9.5383666e-01   1.6124176e+01   5.3920653e+00   6.6470496e+00   3.2928860e+00   2.7717223e-02   5.8097055e-01   1.8980013e-01   5.3898454e+01   4.3797352e+01   6.2891144e+01   5.3257220e+01   2.6613822e+01   6.0709341e+01   2.4384495e+01   3.7293400e+01   4.6457033e+01   3.5785827e+01   9.9530919e+00
   2.6360968e-01   3.6576589e+03   4.4369897e+03   9.2400986e+00   3.2446179e+01   4.7498541e+01   2.8031661e+03   6.4926500e+01   1.2289633e+02   2.0598806e-01   9.1952537e+01   5.0229268e+01   2.7070762e+03   2.5291168e+01   4.8758951e+01   3.3348609e+03   2.2966764e+01   6.6498208e+01   1.1842752e-01   2.7262578e+02   1.0245525e+02   9.2467566e+01   3.1987542e+01   1.4767763e+01   1.8825620e+01   5.9459353e+00   1.6658120e+01   4.0929847e+00   3.2900391e+01   2.1693352e+01   1.3419695e+01   1.0062043e+00   1.6144081e+01   5.4387998e+00   6.6717650e+00   3.3373362e+00   2.7717223e-02   5.8097055e-01   1.8980013e-01   5.3898454e+01   4.3797352e+01   6.2911758e+01   5.3220086e+01   2.6034345e+01   6.0690405e+01   2.5330621e+01   3.7275123e+01   4.6442719e+01   3.5982970e+01   1.3373302e+01
   2.6632070e-01   3.6740224e+03   4.4388871e+03   9.2585271e+00   3.2183122e+01   4.7692956e+01   2.8019858e+03   6.4192870e+01   1.2290138e+02   2.1776409e-01   9.1894113e+01   4.9243868e+01   2.7064778e+03   2.5206033e+01   5.0671482e+01   3.3348553e+03   2.2857653e+01   6.6521506e+01  -1.0529965e+00   2.7269055e+02   1.0244920e+02   9.2055725e+01   3.2183779e+01   1.4993270e+01   1.8956217e+01   5.9225312e+00   1.6917394e+01   4.0410241e+00   3.2344944e+01   2.1950930e+01   1.3145612e+01   1.0445572e+00   1.6117505e+01   5.3976742e+00   6.6161784e+00   3.2504449e+00   2.3350798e-02   5.7865147e-01   1.9136520e-01   5.4005844e+01   4.4808775e+01   6.2904746e+01   5.3195931e+01   2.6251066e+01   6.0572456e+01   2.6569485e+01   3.7283756e+01   4.6444827e+01   3.5814560e+01   1.2683355e+01
   2.6848177e-01   3.6484860e+03   4.4269732e+03   9.2234646e+00   3.2228697e+01   4.7668930e+01   2.8003364e+03   6.4784812e+01   1.2290518e+02   2.1978935e-01   9.1796851e+01   5.0342848e+01   2.7046085e+03   2.5257880e+01   5.0993405e+01   3.3322115e+03   2.2872035e+01   6.6467090e+01   9.5424556e-01   2.7225522e+02   1.0249854e+02   9.2145140e+01   3.2522283e+01   1.5095074e+01   1.8943071e+01   6.1894285e+00   1.6884851e+01   4.0827831e+00   3.2666062e+01   2.1710794e+01   1.3134456e+01   6.8752849e-01   1.6853096e+01   5.4145120e+00   6.6344082e+00   3.2512594e+00   2.3350798e-02   5.7865147e-01   1.9136520e-01   5.4005844e+01   4.4808775e+01   6.2907891e+01   5.3206185e+01   2.6402350e+01   6.0594843e+01   2.6885485e+01   3.7281638e+01   4.6452803e+01   3.5830144e+01   1.2918374e+01
   2.6828206e-01   3.6131435e+03   4.4835136e+03   9.1507897e+00   3.2698388e+01   4.7432563e+01   2.8005037e+03   6.4747054e+01   1.2290378e+02   2.2287101e-01   9.1905870e+01   5.0703618e+01   2.7049876e+03   2.5256353e+01   5.0308049e+01   3.3328598e+03   2.2745770e+01   6.6499903e+01  -1.3505770e+00   2.7248230e+02   1.0248317e+02   9.2243463e+01   3.1844236e+01   1.4881878e+01   1.9130051e+01   6.0459412e+00   1.7296714e+01   4.0856597e+00   3.2243796e+01   2.1780676e+01   1.3277560e+01   6.8664520e-01   1.6405793e+01   5.4328812e+00   6.6671146e+00   3.2176696e+00   2.3350798e-02   5.7865147e-01   1.9136520e-01   5.4005844e+01   4.4808775e+01   6.2906446e+01   5.3212404e+01   2.6238927e+01   6.0483832e+01   2.7010119e+01   3.7303745e+01   4.6435083e+01   3.5911617e+01   1.0523174e+01
   2.7284277e-01   3.6453567e+03   4.4861445e+03   9.2266552e+00   3.2248696e+01   4.7611903e+01   2.8005612e+03   6.5708034e+01   1.2290970e+02   2.1621393e-01   9.1998903e+01   4.9119356e+01   2.7044516e+03   2.5364704e+01   4.8863125e+01   3.3326130e+03   2.3104645e+01   6.6532862e+01   1.5879305e-01   2.7241292e+02   1.0248655e+02   9.2362560e+01   3.1937530e+01   1.4880263e+01   1.8644452e+01   5.9270054e+00   1.6224886e+01   4.0780317e+00   3.2793664e+01   2.1765133e+01   1.3025863e+01   9.3179140e-01   1.6047296e+01   5.4128668e+00   6.6567344e+00   3.1719421e+00  -1.5671410e-04   5.9055641e-01   1.9430933e-01   5.4338750e+01   4.4580396e+01   6.2901004e+01   5.3224469e+01   2.6865386e+01   6.0479080e+01   2.6874964e+01   3.7299032e+01   4.6460635e+01   3.5851579e+01   1.1446116e+01
   2.7169886e-01   3.6648174e+03   4.4495373e+03   9.2405197e+00   3.2284411e+01   4.7778224e+01   2.7995211e+03   6.4948182e+01   1.2288712e+02   2.1873355e-01   9.1867314e+01   4.9165694e+01   2.7045114e+03   2.5342838e+01   4.8523115e+01   3.3315655e+03   2.3106335e+01   6.6549052e+01   3.0006297e-01   2.7203201e+02   1.0249148e+02   9.2187635e+01   3.2034985e+01   1.4894772e+01   1.9243408e+01   6.0453750e+00   1.6541003e+01   4.0491513e+00   3.2391304e+01   2.1805048e+01   1.3522182e+01   9.8085782e-01   1.6173481e+01   5.3957239e+00   6.7152160e+00   3.3387432e+00  -1.5671410e-04   5.9055641e-01   1.9430933e-01   5.4338750e+01   4.4580396e+01   6.2865493e+01   5.3267229e+01   2.6601330e+01   6.0663674e+01   2.6939203e+01   3.7274257e+01   4.6473151e+01   3.5908805e+01   1.3612269e+01
   2.7506346e-01   3.6616618e+03   4.4856219e+03   9.2259696e+00   3.2574534e+01   4.7631243e+01   2.7988797e+03   6.4428216e+01   1.2291973e+02   2.1894353e-01   9.1863698e+01   5.0669495e+01   2.7030856e+03   2.5376278e+01   5.0333974e+01   3.3313135e+03   2.2798354e+01   6.6564378e+01  -1.7137282e+00   2.7218764e+02   1.0251572e+02   9.2084440e+01   3.1864413e+01   1.4974670e+01   1.8627756e+01   5.8142487e+00   1.6729458e+01   4.0210804e+00   3.2287223e+01   2.1791873e+01   1.3456374e+01   7.3308280e-01   1.6532506e+01   5.4125240e+00   6.6405002e+00   3.2042951e+00   1.2905636e-02   5.9409458e-01   1.8443623e-01   5.4248941e+01   4.4068480e+01   6.2843309e+01   5.3270047e+01   2.7123894e+01   6.0436762e+01   2.6792330e+01   3.7318096e+01   4.6460002e+01   3.5811305e+01   1.2005773e+01
   2.7159733e-01   3.6787792e+03   4.4203670e+03   9.2822609e+00   3.2359208e+01   4.7367723e+01   2.7998781e+03   6.5208105e+01   1.2290116e+02   2.1967952e-01   9.1953637e+01   5.0456895e+01   2.7048329e+03   2.5196249e+01   4.9520128e+01   3.3328923e+03   2.2875417e+01   6.6537276e+01   2.9028399e-01   2.7250468e+02   1.0247662e+02   9.2360472e+01   3.2147982e+01   1.4951286e+01   1.9082703e+01   6.1108434e+00   1.6329168e+01   4.0428241e+00   3.2674860e+01   2.1976207e+01   1.3042502e+01   9.0471318e-01   1.6051620e+01   5.4214883e+00   6.6394227e+00   3.3164551e+00   1.2905636e-02   5.9409458e-01   1.8443623e-01   5.4248941e+01   4.4068480e+01   6.2836856e+01   5.3240088e+01   2.6828357e+01   6.0587470e+01   2.6619049e+01   3.7299367e+01   4.6451780e+01   3.5994784e+01   1.3342405e+01
   2.7635773e-01   3.6312215e+03   4.4448628e+03   9.3305606e+00   3.2390634e+01   4.7349839e+01   2.8000810e+03   6.5242131e+01   1.2290234e+02   2.2055852e-01   9.1963785e+01   4.9556705e+01   2.7045469e+03   2.5275134e+01   5.0664043e+01   3.3324285e+03   2.2981636e+01   6.6581039e+01   8.6806789e-01   2.7188162e+02   1.0248153e+02   9.1935438e+01   3.1732260e+01   1.4869704e+01   1.8938331e+01   6.0556320e+00   1.6857208e+01   4.0400160e+00   3.2582491e+01   2.1791770e+01   1.2856769e+01   8.1069695e-01   1.6309142e+01   5.4134152e+00   6.6699514e+00   3.2382365e+00   1.2905636e-02   5.9409458e-01   1.8443623e-01   5.4248941e+01   4.4068480e+01   6.2835938e+01   5.3264647e+01   2.7031392e+01   6.0519820e+01   2.6847315e+01   3.7273836e+01   4.6433495e+01   3.5905325e+01   1.0029427e+01
   2.7738751e-01   3.6653129e+03   4.4413774e+03   9.2625152e+00   3.2010389e+01   4.7400704e+01   2.8006410e+03   6.5633171e+01   1.2289507e+02   2.1900701e-01   9.2028745e+01   5.0911529e+01   2.7049540e+03   2.5270622e+01   5.0993919e+01   3.3328187e+03   2.2894918e+01   6.6585041e+01   3.0644975e-01   2.7250354e+02   1.0245325e+02   9.2399897e+01   3.2167958e+01   1.5173366e+01   1.8536814e+01   5.8158428e+00   1.6708829e+01   4.0382943e+00   3.2276048e+01   2.1861420e+01   1.3060150e+01   8.2007128e-01   1.5908765e+01   5.4247871e+00   6.6998823e+00   3.3135431e+00   1.3763991e-02   5.8813888e-01   1.9848970e-01   5.3410213e+01   4.3888606e+01   6.2880649e+01   5.3204313e+01   2.7302149e+01   6.0586197e+01   2.6856533e+01   3.7270342e+01   4.6464364e+01   3.5890783e+01   1.2658583e+01
   2.6988470e-01   3.6303159e+03   4.4505546e+03   9.1832892e+00   3.2159626e+01   4.7749031e+01   2.8003622e+03   6.4857606e+01   1.2291779e+02   2.1918360e-01   9.1915845e+01   5.1402576e+01   2.7039319e+03   2.5214590e+01   4.9325513e+01   3.3321744e+03   2.2850814e+01   6.6573062e+01  -1.1888492e-01   2.7249326e+02   1.0244769e+02   9.2123075e+01   3.1649607e+01   1.5013462e+01   1.9187176e+01   6.0317656e+00   1.6775326e+01   4.0504595e+00   3.2753009e+01   2.1921747e+01   1.2855200e+01   8.2329876e-01   1.6059701e+01   5.4307362e+00   6.6622850e+00   3.3237148e+00   1.3763991e-02   5.8813888e-01   1.9848970e-01   5.3410213e+01   4.3888606e+01   6.2943915e+01   5.3130877e+01   2.6672500e+01   6.0635953e+01   2.6884429e+01   3.7251241e+01   4.6438908e+01   3.5968896e+01   1.1192112e+01
   2.7928391e-01   3.6669311e+03   4.4326766e+03   9.3019478e+00   3.2454667e+01   4.7680167e+01   2.7995419e+03   6.4169615e+01   1.2289862e+02   2.1616841e-01   9.1914980e+01   5.0133801e+01   2.7033859e+03   2.5173373e+01   4.8464333e+01   3.3313040e+03   2.2841143e+01   6.6543214e+01  -4.5431950e-01   2.7246140e+02   1.0248047e+02   9.2373628e+01   3.2152827e+01   1.5093413e+01   1.8981627e+01   5.8782919e+00   1.6864557e+01   4.0642760e+00   3.2590312e+01   2.1840249e+01   1.3273562e+01   9.7222214e-01   1.6711997e+01   5.3734116e+00   6.7121219e+00   3.3229095e+00   1.0159921e-03   5.9459774e-01   1.8008937e-01   5.3775194e+01   4.4274301e+01   6.2992130e+01   5.3123678e+01   2.7491253e+01   6.0454675e+01   2.6471626e+01   3.7270161e+01   4.6464892e+01   3.5941909e+01   9.2600732e+00
   2.7703572e-01   3.6893439e+03   4.4764960e+03   9.1776086e+00   3.2601085e+01   4.7161786e+01   2.7985778e+03   6.5358523e+01   1.2287931e+02   2.1276447e-01   9.1889189e+01   5.0404591e+01   2.7031639e+03   2.5155270e+01   5.1040379e+01   3.3300128e+03   2.3118931e+01   6.6579528e+01   8.6932638e-01   2.7215186e+02   1.0245770e+02   9.2182037e+01   3.2316067e+01   1.4769753e+01   1.8853904e+01   5.9118139e+00   1.6401980e+01   4.0497732e+00   3.2794347e+01   2.1822646e+01   1.2995491e+01   9.2876538e-01   1.5856903e+01   5.4022253e+00   6.6332357e+00   3.2243407e+00   1.0159921e-03   5.9459774e-01   1.8008937e-01   5.3775194e+01   4.4274301e+01   6.2962954e+01   5.3145331e+01   2.7391258e+01   6.0454717e+01   2.6081991e+01   3.7247718e+01   4.6425549e+01   3.5993891e+01   1.2165483e+01
   2.7607442e-01   3.6886441e+03   4.4238998e+03   9.1261637e+00   3.2546741e+01   4.7496081e+01   2.7984516e+03   6.5417687e+01   1.2290154e+02   2.0917924e-01   9.1964512e+01   4.9858229e+01   2.7034135e+03   2.5300870e+01   5.0141296e+01   3.3310075e+03   2.3031165e+01   6.6600573e+01   1.5373711e+00   2.7256482e+02   1.0245324e+02   9.2099766e+01   3.2039793e+01   1.4908408e+01   1.8660638e+01   5.9235527e+00   1.7042843e+01   4.1069903e+00   3.2781176e+01   2.1800889e+01   1.3141707e+01   8.5829653e-01   1.6146511e+01   5.3753211e+00   6.6068225e+00   3.2640239e+00   1.0159921e-03   5.9459774e-01   1.8008937e-01   5.3775194e+01   4.4274301e+01   6.2958129e+01   5.3158791e+01   2.7084411e+01   6.0494205e+01   2.5518757e+01   3.7269524e+01   4.6443433e+01   3.5965490e+01   1.2134437e+01
   2.7309943e-01   3.6517841e+03   4.4555786e+03   9.2657456e+00   3.2504543e+01   4.7577458e+01   2.8003985e+03   6.5026091e+01   1.2290157e+02   2.0197771e-01   9.2080371e+01   4.9528656e+01   2.7048688e+03   2.5342954e+01   5.1435210e+01   3.3325043e+03   2.3013309e+01   6.6591915e+01   9.4665567e-01   2.7250492e+02   1.0241546e+02   9.2174413e+01   3.1861077e+01   1.4923997e+01   1.8542614e+01   5.7559645e+00   1.6897969e+01   4.0649181e+00   3.2426134e+01   2.1770917e+01   1.3433054e+01   9.4052757e-01   1.6300509e+01   5.3912295e+00   6.7732103e+00   3.2117010e+00  -8.9556313e-03   5.5758129e-01   1.7335104e-01   5.4808855e+01   4.4152164e+01   6.2881361e+01   5.3246084e+01   2.6876946e+01   6.0562535e+01   2.5070410e+01   3.7277534e+01   4.6431227e+01   3.6092334e+01   1.4055920e+01
   2.7271674e-01   3.6687681e+03   4.4363121e+03   9.2625467e+00   3.2627562e+01   4.7735388e+01   2.7999135e+03   6.4611447e+01   1.2288979e+02   2.0523626e-01   9.1993984e+01   4.8827596e+01   2.7050768e+03   2.5300185e+01   5.0394769e+01   3.3323835e+03   2.2794877e+01   6.6576701e+01  -1.7641310e+00   2.7260738e+02   1.0245320e+02   9.2264644e+01   3.2215737e+01   1.5059569e+01   1.8586072e+01   6.0604790e+00   1.6603242e+01   4.0618615e+00   3.2446440e+01   2.1621218e+01   1.3027524e+01   7.3643729e-01   1.5809773e+01   5.3961784e+00   6.6585702e+00   3.2768195e+00  -8.9556313e-03   5.5758129e-01   1.7335104e-01   5.4808855e+01   4.4152164e+01   6.2784311e+01   5.3321168e+01   2.6745903e+01   6.0573307e+01   2.4921157e+01   3.7261217e+01   4.6399208e+01   3.6092070e+01   1.4194600e+01
   2.6925758e-01   3.6664539e+03   4.5067080e+03   9.2522958e+00   3.2499668e+01   4.7709391e+01   2.8009794e+03   6.3933583e+01   1.2289034e+02   2.0568697e-01   9.1924115e+01   4.9157049e+01   2.7052422e+03   2.4948886e+01   4.8993831e+01   3.3329360e+03   2.2923535e+01   6.6570642e+01   1.3224860e+00   2.7255772e+02   1.0247779e+02   9.2294907e+01   3.2257058e+01   1.4885936e+01   1.8804064e+01   6.0743363e+00   1.6683974e+01   4.0362626e+00   3.3019468e+01   2.1776755e+01   1.3084843e+01   9.6071104e-01   1.5863938e+01   5.4213317e+00   6.7031221e+00   3.2748289e+00   1.0925687e-02   5.8792653e-01   1.9527197e-01   5.2425766e+01   4.4089705e+01   6.2751315e+01   5.3399889e+01   2.6465250e+01   6.0624717e+01   2.5226421e+01   3.7287229e+01   4.6452566e+01   3.5897332e+01   1.2970805e+01
   2.6867575e-01   3.6271677e+03   4.4561909e+03   9.2894254e+00   3.2668495e+01   4.7192282e+01   2.8006030e+03   6.4542378e+01   1.2292550e+02   2.1159255e-01   9.1940254e+01   5.0517456e+01   2.7051650e+03   2.5502382e+01   4.8818073e+01   3.3326040e+03   2.2907440e+01   6.6573418e+01  -2.8113435e-01   2.7289773e+02   1.0246990e+02   9.2266738e+01   3.2333317e+01   1.5027742e+01   1.8760929e+01   6.1658652e+00   1.6960583e+01   4.0435008e+00   3.2666950e+01   2.1834768e+01   1.3086048e+01   8.9759763e-01   1.5850129e+01   5.4190040e+00   6.7511722e+00   3.3135857e+00   1.0925687e-02   5.8792653e-01   1.9527197e-01   5.2425766e+01   4.4089705e+01   6.2954413e+01   5.3093147e+01   2.6528637e+01   6.0508437e+01   2.5847745e+01   3.7276281e+01   4.6459295e+01   3.5914651e+01   1.1848528e+01
   2.6885805e-01   3.6707630e+03   4.4537470e+03   9.1576242e+00   3.2491060e+01   4.7580472e+01   2.8000324e+03   6.4938863e+01   1.2290121e+02   2.1172315e-01   9.2008020e+01   4.7324376e+01   2.7044830e+03   2.5382221e+01   4.8319051e+01   3.3326852e+03   2.2919718e+01   6.6577400e+01   1.6263170e+00   2.7289397e+02   1.0246043e+02   9.2383085e+01   3.2602802e+01   1.4836624e+01   1.8767086e+01   5.9874484e+00   1.6427079e+01   4.0833059e+00   3.2984404e+01   2.1788796e+01   1.3197512e+01   9.1755800e-01   1.5948724e+01   5.4254975e+00   6.7264160e+00   3.3231516e+00   1.0925687e-02   5.8792653e-01   1.9527197e-01   5.2425766e+01   4.4089705e+01   6.3065515e+01   5.2965488e+01   2.6458248e+01   6.0504195e+01   2.5948830e+01   3.7267420e+01   4.6442971e+01   3.6081835e+01   1.3663738e+01
   2.6537627e-01   3.6622573e+03   4.3891071e+03   9.2978382e+00   3.2259336e+01   4.7558106e+01   2.7992814e+03   6.5379829e+01   1.2290683e+02   2.0747102e-01   9.1980074e+01   5.0615113e+01   2.7033452e+03   2.5276845e+01   4.8973677e+01   3.3313165e+03   2.2628366e+01   6.6622930e+01   1.2408515e-01   2.7285066e+02   1.0243791e+02   9.2126976e+01   3.2009699e+01   1.5053036e+01   1.8605510e+01   5.8538879e+00   1.6912197e+01   4.0937298e+00   3.2709954e+01   2.1741340e+01   1.3378748e+01   7.3620151e-01   1.6249364e+01   5.4170577e+00   6.6341569e+00   3.2897702e+00   5.7070803e-03   5.8605079e-01   1.9387643e-01   5.3469787e+01   4.3509876e+01   6.3088896e+01   5.2963421e+01   2.6215274e+01   6.0599287e+01   2.5874632e+01   3.7264260e+01   4.6446256e+01   3.6066086e+01   1.4526611e+01
   2.6720777e-01   3.6901643e+03   4.4172644e+03   9.2708666e+00   3.2668015e+01   4.8009924e+01   2.7989101e+03   6.4551633e+01   1.2290325e+02   2.0609146e-01   9.2037805e+01   5.1184387e+01   2.7045234e+03   2.5269151e+01   5.0558075e+01   3.3313534e+03   2.2734131e+01   6.6618421e+01  -3.1486428e-01   2.7287928e+02   1.0243021e+02   9.2172308e+01   3.2248223e+01   1.4782866e+01   1.8490061e+01   6.0306489e+00   1.6060521e+01   4.0235170e+00   3.2765231e+01   2.1622177e+01   1.2976543e+01   1.1178367e+00   1.6621462e+01   5.4310876e+00   6.6861671e+00   3.3585266e+00   5.7070803e-03   5.8605079e-01   1.9387643e-01   5.3469787e+01   4.3509876e+01   6.3044810e+01   5.3042137e+01   2.6277597e+01   6.0635041e+01   2.5639399e+01   3.7246403e+01   4.6420597e+01   3.6112374e+01   1.3495012e+01
   2.6391314e-01   3.6602424e+03   4.4242305e+03   9.2475624e+00   3.2560572e+01   4.7367484e+01   2.7988759e+03   6.5549053e+01   1.2290448e+02   2.0252938e-01   9.1890881e+01   5.0989469e+01   2.7032307e+03   2.5355360e+01   4.9428083e+01   3.3305714e+03   2.2894539e+01   6.6560822e+01   3.8247079e-01   2.7277026e+02   1.0245969e+02   9.2253247e+01   3.2751237e+01   1.4809058e+01   1.8542107e+01   6.0013596e+00   1.6915229e+01   4.0756897e+00   3.2827007e+01   2.1867089e+01   1.3351844e+01   7.0070473e-01   1.6146086e+01   5.4217190e+00   6.7024815e+00   3.2663760e+00   2.5029794e-02   5.7861629e-01   1.9889699e-01   5.3118692e+01   4.3963157e+01   6.3026974e+01   5.3051405e+01   2.5989265e+01   6.0648286e+01   2.5035261e+01   3.7259650e+01   4.6427897e+01   3.6077233e+01   1.1225611e+01
   2.5874134e-01   3.6650520e+03   4.3883302e+03   9.2590006e+00   3.2239370e+01   4.7773379e+01   2.7999241e+03   6.5233595e+01   1.2290173e+02   2.0140148e-01   9.1956661e+01   5.0721585e+01   2.7044703e+03   2.5330119e+01   5.1533194e+01   3.3321545e+03   2.2911230e+01   6.6558311e+01   6.4588505e-01   2.7222782e+02   1.0244744e+02   9.2173444e+01   3.1938713e+01   1.5009448e+01   1.8646253e+01   5.9493773e+00   1.6615315e+01   4.0493590e+00   3.2282956e+01   2.1872405e+01   1.3123372e+01   8.4097576e-01   1.6382206e+01   5.4034085e+00   6.5936084e+00   3.2429645e+00   2.5029794e-02   5.7861629e-01   1.9889699e-01   5.3118692e+01   4.3963157e+01   6.3064307e+01   5.3025707e+01   2.5505017e+01   6.0650066e+01   2.4797814e+01   3.7273069e+01   4.6473557e+01   3.6005346e+01   1.1627832e+01
   2.6351133e-01   3.6881246e+03   4.4541667e+03   9.2397926e+00   3.2493953e+01   4.7553777e+01   2.7999888e+03   6.5558065e+01   1.2290261e+02   1.9979952e-01   9.1990166e+01   5.0259404e+01   2.7048746e+03   2.5301648e+01   5.1200316e+01   3.3321897e+03   2.2885237e+01   6.6576250e+01  -6.0950273e-01   2.7263507e+02   1.0244358e+02   9.2213529e+01   3.2477971e+01   1.4917562e+01   1.8746381e+01   6.0931128e+00   1.6390473e+01   4.0510173e+00   3.2166952e+01   2.1804841e+01   1.3384800e+01   9.3056028e-01   1.6566469e+01   5.4072534e+00   6.6406737e+00   3.2841371e+00   2.5029794e-02   5.7861629e-01   1.9889699e-01   5.3118692e+01   4.3963157e+01   6.3076989e+01   5.2996933e+01   2.5880195e+01   6.0639522e+01   2.4848200e+01   3.7265363e+01   4.6456147e+01   3.6000722e+01   1.5284195e+01
   2.6478291e-01   3.6593927e+03   4.4098997e+03   9.2864351e+00   3.2701781e+01   4.7319907e+01   2.7999848e+03   6.5304038e+01   1.2290624e+02   2.0381720e-01   9.1942863e+01   5.0460510e+01   2.7040840e+03   2.5273275e+01   4.9550737e+01   3.3312957e+03   2.2970157e+01   6.6623291e+01  -9.3919091e-01   2.7277353e+02   1.0243979e+02   9.2168897e+01   3.1881928e+01   1.4742665e+01   1.8657766e+01   5.8521326e+00   1.6601378e+01   4.0739683e+00   3.2137932e+01   2.1666919e+01   1.2969380e+01   8.6541626e-01   1.6170137e+01   5.4391446e+00   6.6795666e+00   3.3698537e+00   1.4770812e-02   5.5709771e-01   1.8904007e-01   5.4115070e+01   4.3834122e+01   6.3045022e+01   5.3065943e+01   2.5820608e+01   6.0548134e+01   2.4941480e+01   3.7268666e+01   4.6450188e+01   3.6124817e+01   9.3500108e+00
   2.6369833e-01   3.6235648e+03   4.4196707e+03   9.2592468e+00   3.2304828e+01   4.7548053e+01   2.8001399e+03   6.4410914e+01   1.2290042e+02   2.0314957e-01   9.1985598e+01   5.0703177e+01   2.7055482e+03   2.5341744e+01   5.0369851e+01   3.3317716e+03   2.2897131e+01   6.6584926e+01  -6.2907945e-01   2.7298849e+02   1.0245142e+02   9.2334246e+01   3.2572975e+01   1.4969284e+01   1.8639292e+01   6.0334998e+00   1.6389571e+01   4.0774937e+00   3.2535071e+01   2.1887304e+01   1.3196008e+01   9.7097378e-01   1.5727139e+01   5.3885888e+00   6.6608415e+00   3.2236198e+00   1.4770812e-02   5.5709771e-01   1.8904007e-01   5.4115070e+01   4.3834122e+01   6.2992707e+01   5.3132015e+01   2.6093823e+01   6.0616789e+01   2.4749073e+01   3.7269309e+01   4.6470418e+01   3.5908556e+01   1.2709599e+01
   2.6373795e-01   3.6971768e+03   4.4523218e+03   9.3000628e+00   3.2307978e+01   4.7514303e+01   2.7995790e+03   6.4137635e+01   1.2290017e+02   2.0427578e-01   9.1893202e+01   5.0067321e+01   2.7038877e+03   2.5235859e+01   5.0156764e+01   3.3312254e+03   2.2789808e+01   6.6576290e+01   7.5497071e-01   2.7262018e+02   1.0247876e+02   9.2150034e+01   3.2091330e+01   1.4930885e+01   1.8904522e+01   6.2320168e+00   1.6812465e+01   4.0555544e+00   3.2901666e+01   2.1698721e+01   1.3212152e+01   8.8680779e-01   1.6337506e+01   5.3901325e+00   6.6998525e+00   3.1971965e+00   9.5082438e-03   5.7105937e-01   1.9372883e-01   5.3081926e+01   4.3964073e+01   6.2945462e+01   5.3158671e+01   2.5707202e+01   6.0626086e+01   2.4988701e+01   3.7250858e+01   4.6463051e+01   3.5931604e+01   1.2338783e+01
   2.6552402e-01   3.6779266e+03   4.4064129e+03   9.1926122e+00   3.2189477e+01   4.7678537e+01   2.8008200e+03   6.5104497e+01   1.2290112e+02   2.0452753e-01   9.1942172e+01   4.8821226e+01   2.7043855e+03   2.5186422e+01   5.0361183e+01   3.3321186e+03   2.3070789e+01   6.6562896e+01   9.2597653e-01   2.7256719e+02   1.0245029e+02   9.2212411e+01   3.1864710e+01   1.4814374e+01   1.9071614e+01   6.0577662e+00   1.6710479e+01   4.0933784e+00   3.2646702e+01   2.1800897e+01   1.3533764e+01   9.0526939e-01   1.6052246e+01   5.3628162e+00   6.6710277e+00   3.2300577e+00   9.5082438e-03   5.7105937e-01   1.9372883e-01   5.3081926e+01   4.3964073e+01   6.3005446e+01   5.3052972e+01   2.6137522e+01   6.0475204e+01   2.5157098e+01   3.7248517e+01   4.6425574e+01   3.5904167e+01   1.2077492e+01
   2.7205808e-01   3.6608804e+03   4.4173713e+03   9.2456976e+00   3.1991895e+01   4.7593003e+01   2.8007919e+03   6.4623004e+01   1.2289547e+02   2.0695543e-01   9.1961793e+01   4.8510692e+01   2.7045835e+03   2.4964661e+01   5.0969087e+01   3.3317106e+03   2.2974594e+01   6.6588645e+01  -1.2868992e+00   2.7306555e+02   1.0247162e+02   9.2357939e+01   3.2039952e+01   1.4915975e+01   1.8823568e+01   5.9844061e+00   1.6651480e+01   4.0784049e+00   3.2550507e+01   2.1795370e+01   1.3071509e+01   9.4297522e-01   1.6295715e+01   5.4495204e+00   6.6494571e+00   3.2193819e+00   9.5082438e-03   5.7105937e-01   1.9372883e-01   5.3081926e+01   4.3964073e+01   6.3054738e+01   5.2989908e+01   2.6754744e+01   6.0490236e+01   2.5305666e+01   3.7276973e+01   4.6455025e+01   3.5947731e+01   1.4121570e+01
   2.7237395e-01   3.6547863e+03   4.4142647e+03   9.1986753e+00   3.2417130e+01   4.7466702e+01   2.7989178e+03   6.5142221e+01   1.2289949e+02   2.0551649e-01   9.1844803e+01   5.0076808e+01   2.7035447e+03   2.5338574e+01   4.8911313e+01   3.3311908e+03   2.2931551e+01   6.6553566e+01  -2.7976199e+00   2.7283969e+02   1.0247047e+02   9.2245886e+01   3.2597059e+01   1.4831913e+01   1.8540834e+01   6.0449383e+00   1.7012363e+01   4.0734820e+00   3.3082614e+01   2.1858629e+01   1.2985221e+01   7.5914979e-01   1.6250221e+01   5.4250396e+00   6.7027367e+00   3.3089145e+00  -1.0994507e-02   5.6930183e-01   1.8723702e-01   5.3069961e+01   4.2634583e+01   6.3103193e+01   5.2954132e+01   2.6714113e+01   6.0574108e+01   2.5146133e+01   3.7274176e+01   4.6485171e+01   3.6001407e+01   9.4574093e+00
   2.6274285e-01   3.6612725e+03   4.4380634e+03   9.1495609e+00   3.2368851e+01   4.7249738e+01   2.8013275e+03   6.5118293e+01   1.2290302e+02   2.0762011e-01   9.2093820e+01   4.9327207e+01   2.7054275e+03   2.5374984e+01   5.0768143e+01   3.3333958e+03   2.2882948e+01   6.6620109e+01   5.9497218e-01   2.7282553e+02   1.0243029e+02   9.2362958e+01   3.2400093e+01   1.4959907e+01   1.9049954e+01   5.9669975e+00   1.6886670e+01   4.0808853e+00   3.2574972e+01   2.1707015e+01   1.3692013e+01   8.2154495e-01   1.6133946e+01   5.4184431e+00   6.6757125e+00   3.2861492e+00  -1.0994507e-02   5.6930183e-01   1.8723702e-01   5.3069961e+01   4.2634583e+01   6.3120658e+01   5.2945265e+01   2.5957764e+01   6.0675058e+01   2.5532147e+01   3.7257282e+01   4.6463965e+01   3.6063467e+01   1.1984181e+01
   2.6727489e-01   3.6719020e+03   4.4622868e+03   9.1863227e+00   3.2121830e+01   4.7692179e+01   2.7995532e+03   6.4702261e+01   1.2289863e+02   2.1001743e-01   9.2032943e+01   4.9203540e+01   2.7038573e+03   2.5235418e+01   4.9250143e+01   3.3316988e+03   2.2969833e+01   6.6603819e+01   8.5482506e-01   2.7327942e+02   1.0245417e+02   9.2466680e+01   3.2011498e+01   1.4905421e+01   1.8633840e+01   5.8616714e+00   1.6972779e+01   4.0734582e+00   3.2376997e+01   2.1959696e+01   1.3288072e+01   9.4888073e-01   1.5901509e+01   5.4213488e+00   6.6740788e+00   3.2537778e+00   2.0170580e-02   5.8622061e-01   1.7984720e-01   5.3888446e+01   4.4225685e+01   6.3117120e+01   5.2934226e+01   2.6255513e+01   6.0409851e+01   2.5508431e+01   3.7214995e+01   4.6438311e+01   3.5896262e+01   1.3002561e+01
   2.6585501e-01   3.6346303e+03   4.4411512e+03   9.2103867e+00   3.2439784e+01   4.7563169e+01   2.7995014e+03   6.5768092e+01   1.2288940e+02   2.0464882e-01   9.1969272e+01   4.8923749e+01   2.7038567e+03   2.5139131e+01   5.0941027e+01   3.3316160e+03   2.2843225e+01   6.6620056e+01   1.1071099e+00   2.7265168e+02   1.0246887e+02   9.2069070e+01   3.2226321e+01   1.4824833e+01   1.9071732e+01   5.9132956e+00   1.7121057e+01   4.0389733e+00   3.2839489e+01   2.1808610e+01   1.2879957e+01   9.0271525e-01   1.6402070e+01   5.4018586e+00   6.6605680e+00   3.2558172e+00   2.0170580e-02   5.8622061e-01   1.7984720e-01   5.3888446e+01   4.4225685e+01   6.3057040e+01   5.3041497e+01   2.6202730e+01   6.0642740e+01   2.5124431e+01   3.7255613e+01   4.6458631e+01   3.5884066e+01   9.7189639e+00
   2.7053433e-01   3.6376877e+03   4.4564930e+03   9.2864185e+00   3.2366009e+01   4.7486912e+01   2.8007189e+03   6.5110892e+01   1.2290462e+02   2.0302147e-01   9.2101057e+01   4.9068089e+01   2.7051738e+03   2.5334997e+01   5.1867339e+01   3.3323889e+03   2.2838086e+01   6.6601911e+01  -1.4416976e+00   2.7278172e+02   1.0244841e+02   9.2368031e+01   3.1913126e+01   1.4838483e+01   1.8606878e+01   6.1731523e+00   1.6801465e+01   4.0209062e+00   3.2721022e+01   2.1799939e+01   1.3447257e+01   9.4399980e-01   1.5760171e+01   5.4022306e+00   6.8053518e+00   3.2458139e+00   2.0170580e-02   5.8622061e-01   1.7984720e-01   5.3888446e+01   4.4225685e+01   6.3025561e+01   5.3051442e+01   2.6557597e+01   6.0426062e+01   2.4825294e+01   3.7237218e+01   4.6445344e+01   3.6006639e+01   1.3598898e+01
   2.6681372e-01   3.6972527e+03   4.4378891e+03   9.2501242e+00   3.2272855e+01   4.7622696e+01   2.8005955e+03   6.4742046e+01   1.2288271e+02   1.9968824e-01   9.2013715e+01   4.9224725e+01   2.7047742e+03   2.5312101e+01   5.1032924e+01   3.3322496e+03   2.2705981e+01   6.6616611e+01   1.3289583e+00   2.7284323e+02   1.0243793e+02   9.2286550e+01   3.2140382e+01   1.4993018e+01   1.9129317e+01   6.0419386e+00   1.6497274e+01   4.0669544e+00   3.2484847e+01   2.1723651e+01   1.3425393e+01   8.7184866e-01   1.5626935e+01   5.3858364e+00   6.6809038e+00   3.2866726e+00  -1.3734445e-04   5.8137680e-01   1.9650018e-01   5.3267269e+01   4.3211642e+01   6.3028391e+01   5.3034363e+01   2.6421695e+01   6.0614522e+01   2.4875651e+01   3.7261685e+01   4.6451919e+01   3.6044168e+01   1.2369355e+01
   2.7359700e-01   3.6749570e+03   4.4235661e+03   9.1679927e+00   3.2590133e+01   4.7673531e+01   2.8001685e+03   6.4031432e+01   1.2288879e+02   2.0394493e-01   9.1999368e+01   5.0021149e+01   2.7047964e+03   2.5200040e+01   5.1629384e+01   3.3325320e+03   2.3010047e+01   6.6621262e+01  -1.1383412e-01   2.7286482e+02   1.0246170e+02   9.2328384e+01   3.2028832e+01   1.4921289e+01   1.8766638e+01   5.9586791e+00   1.7074960e+01   4.0658584e+00   3.2542111e+01   2.1825596e+01   1.3114558e+01   9.3657198e-01   1.6495653e+01   5.4214355e+00   6.6278614e+00   3.3021377e+00  -1.3734445e-04   5.8137680e-01   1.9650018e-01   5.3267269e+01   4.3211642e+01   6.3070717e+01   5.2981252e+01   2.6831575e+01   6.0465934e+01   2.5116008e+01   3.7242548e+01   4.6439774e+01   3.6022088e+01   1.5134692e+01
   2.7298448e-01   3.6671776e+03   4.4822898e+03   9.2587364e+00   3.2563541e+01   4.7716541e+01   2.7999206e+03   6.5399377e+01   1.2288595e+02   2.0922757e-01   9.1995147e+01   5.0343580e+01   2.7045105e+03   2.5393745e+01   4.9065639e+01   3.3325719e+03   2.2862195e+01   6.6620476e+01  -8.0792302e-01   2.7254517e+02   1.0244771e+02   9.2296980e+01   3.2405723e+01   1.4809852e+01   1.8778301e+01   5.9639823e+00   1.6478871e+01   4.0873860e+00   3.2226584e+01   2.1894099e+01   1.2857590e+01   8.5825835e-01   1.5899560e+01   5.4135018e+00   6.7123674e+00   3.2794040e+00  -8.8695210e-03   5.6669717e-01   2.0158115e-01   5.4004827e+01   4.4542258e+01   6.3098308e+01   5.2961898e+01   2.6722104e+01   6.0541526e+01   2.5319841e+01   3.7251824e+01   4.6456818e+01   3.5868841e+01   1.4851158e+01
   2.6711936e-01   3.6738404e+03   4.3953282e+03   9.2449625e+00   3.2217143e+01   4.8084250e+01   2.8011594e+03   6.5475646e+01   1.2291383e+02   2.0993963e-01   9.2055246e+01   4.8013166e+01   2.7054311e+03   2.5269080e+01   5.0249893e+01   3.3335441e+03   2.2832338e+01   6.6626261e+01  -2.3895654e+00   2.7282135e+02   1.0245255e+02   9.2336744e+01   3.2099618e+01   1.4772191e+01   1.7951846e+01   6.0383550e+00   1.6430287e+01   4.0615170e+00   3.2469349e+01   2.1765135e+01   1.3142210e+01   9.1598233e-01   1.6039035e+01   5.4458926e+00   6.6381336e+00   3.2169411e+00  -8.8695210e-03   5.6669717e-01   2.0158115e-01   5.4004827e+01   4.4542258e+01   6.3045224e+01   5.3065520e+01   2.6419841e+01   6.0522751e+01   2.5523828e+01   3.7264417e+01   4.6488717e+01   3.5932219e+01   1.1480151e+01
   2.5742484e-01   3.6894088e+03   4.4436699e+03   9.2619224e+00   3.2545226e+01   4.7601306e+01   2.8015253e+03   6.5735808e+01   1.2290912e+02   2.1023912e-01   9.2041392e+01   5.1923138e+01   2.7064376e+03   2.5398045e+01   5.1472307e+01   3.3336568e+03   2.2924352e+01   6.6593205e+01  -2.6624812e-01   2.7230728e+02   1.0244256e+02   9.2435612e+01   3.2492590e+01   1.5010864e+01   1.9029632e+01   6.1180910e+00   1.6460418e+01   4.1192085e+00   3.2655098e+01   2.1751030e+01   1.2902789e+01   9.6275783e-01   1.6159821e+01   5.4626485e+00   6.6093549e+00   3.2133520e+00  -8.8695210e-03   5.6669717e-01   2.0158115e-01   5.4004827e+01   4.4542258e+01   6.3009427e+01   5.3070624e+01   2.5414175e+01   6.0891529e+01   2.5921529e+01   3.7221132e+01   4.6442927e+01   3.6032847e+01   1.4743756e+01
   2.6061945e-01   3.6612545e+03   4.4402499e+03   9.3077858e+00   3.2321068e+01   4.7266321e+01   2.8003462e+03   6.4583675e+01   1.2288479e+02   2.1988589e-01   9.1960464e+01   4.9941670e+01   2.7051098e+03   2.5287649e+01   5.0864991e+01   3.3328013e+03   2.2897971e+01   6.6632242e+01   2.5976983e-01   2.7292635e+02   1.0247267e+02   9.2323014e+01   3.2455492e+01   1.5041224e+01   1.8667959e+01   6.0000738e+00   1.6238501e+01   4.0402220e+00   3.2571467e+01   2.1880717e+01   1.2940332e+01   8.7566800e-01   1.6240805e+01   5.4097403e+00   6.6955772e+00   3.2034153e+00   2.1697691e-02   5.8536725e-01   1.8734008e-01   5.3407447e+01   4.4096918e+01   6.3003152e+01   5.3057600e+01   2.5848269e+01   6.0508320e+01   2.6677584e+01   3.7242003e+01   4.6446882e+01   3.5941741e+01   1.0236785e+01
   2.6156028e-01   3.6299389e+03   4.4344324e+03   9.2032006e+00   3.2198260e+01   4.7631117e+01   2.7999611e+03   6.5332871e+01   1.2288716e+02   2.1949532e-01   9.1988338e+01   5.0090755e+01   2.7050091e+03   2.5513894e+01   5.0048878e+01   3.3326070e+03   2.2909793e+01   6.6621927e+01   1.6404643e+00   2.7281144e+02   1.0248271e+02   9.2327583e+01   3.1944504e+01   1.4921851e+01   1.8728775e+01   5.9225187e+00   1.6683140e+01   4.0742680e+00   3.2415725e+01   2.1894262e+01   1.2516637e+01   8.4993288e-01   1.6205252e+01   5.4303632e+00   6.7102891e+00   3.2257406e+00   2.1697691e-02   5.8536725e-01   1.8734008e-01   5.3407447e+01   4.4096918e+01   6.3041425e+01   5.3005233e+01   2.5672787e+01   6.0607696e+01   2.6906570e+01   3.7257280e+01   4.6457318e+01   3.5953109e+01   1.6514001e+01
   2.6396257e-01   3.6692518e+03   4.4567875e+03   9.3924078e+00   3.2308788e+01   4.7423254e+01   2.8008378e+03   6.5809096e+01   1.2289141e+02   2.1902481e-01   9.2026960e+01   4.9109442e+01   2.7053536e+03   2.5260886e+01   5.1288202e+01   3.3326598e+03   2.3068324e+01   6.6603589e+01   1.1233771e-01   2.7288857e+02   1.0247504e+02   9.2417402e+01   3.1938022e+01   1.4871694e+01   1.8805462e+01   5.9305606e+00   1.6242804e+01   4.1155355e+00   3.2567527e+01   2.1720408e+01   1.3449659e+01   8.6220139e-01   1.6250414e+01   5.4359917e+00   6.6774057e+00   3.2742392e+00   1.2453575e-02   5.6767329e-01   1.8751506e-01   5.3447825e+01   4.3577860e+01   6.3063384e+01   5.2993296e+01   2.5996093e+01   6.0595116e+01   2.6907588e+01   3.7235602e+01   4.6479766e+01   3.6101584e+01   9.7694837e+00
   2.6602505e-01   3.6822013e+03   4.3994761e+03   9.2545016e+00   3.2376983e+01   4.7672279e+01   2.8004404e+03   6.5600132e+01   1.2288925e+02   2.2058325e-01   9.2013701e+01   4.9158664e+01   2.7044638e+03   2.5415240e+01   5.1671066e+01   3.3325325e+03   2.2845388e+01   6.6646415e+01   1.3503263e-01   2.7293141e+02   1.0245440e+02   9.2275880e+01   3.2116888e+01   1.5125119e+01   1.8833953e+01   5.8277027e+00   1.6272473e+01   4.0712438e+00   3.2346912e+01   2.1737760e+01   1.2874549e+01   8.8934823e-01   1.6101756e+01   5.4009995e+00   6.6339810e+00   3.2700632e+00   1.2453575e-02   5.6767329e-01   1.8751506e-01   5.3447825e+01   4.3577860e+01   6.3087363e+01   5.2978221e+01   2.6268880e+01   6.0629802e+01   2.7094284e+01   3.7239009e+01   4.6460739e+01   3.5996097e+01   1.2972093e+01
   2.6960053e-01   3.6732458e+03   4.3899623e+03   9.2625862e+00   3.2687073e+01   4.7669341e+01   2.7998707e+03   6.4884887e+01   1.2290271e+02   2.1782243e-01   9.1996891e+01   4.9722204e+01   2.7040250e+03   2.5102398e+01   5.0067155e+01   3.3317180e+03   2.2913228e+01   6.6613497e+01  -1.1695378e-03   2.7250314e+02   1.0245207e+02   9.2344431e+01   3.1772117e+01   1.4767296e+01   1.8698059e+01   6.1934395e+00   1.7105679e+01   4.0334913e+00   3.2463029e+01   2.1985134e+01   1.3229822e+01   8.8574151e-01   1.6319293e+01   5.4249441e+00   6.6952912e+00   3.2969071e+00   1.2453575e-02   5.6767329e-01   1.8751506e-01   5.3447825e+01   4.3577860e+01   6.3070616e+01   5.2967919e+01   2.6339210e+01   6.0598054e+01   2.6872421e+01   3.7214157e+01   4.6440730e+01   3.5788705e+01   1.3407649e+01
   2.6710551e-01   3.6950096e+03   4.4217566e+03   9.2862284e+00   3.2176907e+01   4.7602325e+01   2.7997640e+03   6.5156200e+01   1.2291165e+02   2.2166495e-01   9.1963116e+01   5.0735824e+01   2.7047886e+03   2.5294585e+01   4.8852113e+01   3.3316684e+03   2.2588890e+01   6.6626802e+01  -1.2064809e+00   2.7252155e+02   1.0245967e+02   9.2182673e+01   3.2390873e+01   1.4993693e+01   1.8831793e+01   5.9908933e+00   1.6471388e+01   4.0683039e+00   3.2721063e+01   2.1769284e+01   1.3249963e+01   8.8975767e-01   1.5969196e+01   5.4126779e+00   6.6878401e+00   3.2668424e+00   2.8492591e-03   5.8835501e-01   2.0188543e-01   5.3367091e+01   4.4882644e+01   6.3098972e+01   5.2944324e+01   2.6474313e+01   6.0626026e+01   2.6932609e+01   3.7238242e+01   4.6447146e+01   3.5956380e+01   1.2699033e+01
   2.6829817e-01   3.6557858e+03   4.4287398e+03   9.2693016e+00   3.2180174e+01   4.7180095e+01   2.7993634e+03   6.4957105e+01   1.2288603e+02   2.2073704e-01   9.1976953e+01   5.1220879e+01   2.7034328e+03   2.5258711e+01   5.1133006e+01   3.3319749e+03   2.2902159e+01   6.6617304e+01  -1.9704885e+00   2.7266822e+02   1.0245429e+02   9.2025550e+01   3.2311984e+01   1.4870507e+01   1.8259181e+01   6.1365940e+00   1.6695260e+01   4.0595315e+00   3.2817541e+01   2.1721125e+01   1.3005768e+01   9.4605906e-01   1.6102091e+01   5.4239125e+00   6.7660788e+00   3.2888486e+00   2.8492591e-03   5.8835501e-01   2.0188543e-01   5.3367091e+01   4.4882644e+01   6.3107422e+01   5.2947801e+01   2.6278233e+01   6.0575095e+01   2.6802676e+01   3.7212716e+01   4.6456114e+01   3.5808320e+01   1.4457768e+01
   2.5912406e-01   3.6606350e+03   4.4382259e+03   9.2179494e+00   3.2678356e+01   4.7671387e+01   2.8007046e+03   6.4002238e+01   1.2289993e+02   2.2026031e-01   9.2046816e+01   5.0630746e+01   2.7051227e+03   2.5018224e+01   4.9853651e+01   3.3330590e+03   2.2869684e+01   6.6613014e+01   1.0855547e+00   2.7272749e+02   1.0243426e+02   9.2481293e+01   3.2391536e+01   1.4983223e+01   1.8501393e+01   5.9548245e+00   1.6954055e+01   4.0401378e+00   3.3042770e+01   2.1933595e+01   1.2868734e+01   8.6783491e-01   1.6525476e+01   5.3971755e+00   6.7398673e+00   3.2707623e+00   1.4008157e-02   5.8658293e-01   1.9670997e-01   5.2977588e+01   4.4475589e+01   6.3109850e+01   5.2945418e+01   2.5501975e+01   6.0799887e+01   2.6737619e+01   3.7251447e+01   4.6448663e+01   3.6078480e+01   1.0920235e+01
   2.5934430e-01   3.6737215e+03   4.4424904e+03   9.3256991e+00   3.2460105e+01   4.7588398e+01   2.8004892e+03   6.4847410e+01   1.2289225e+02   2.2066710e-01   9.2046659e+01   4.9465631e+01   2.7049942e+03   2.5344066e+01   4.9213240e+01   3.3327960e+03   2.3108699e+01   6.6594727e+01   5.1362116e-01   2.7322156e+02   1.0244720e+02   9.2559155e+01   3.2373805e+01   1.4844747e+01   1.8632458e+01   6.0605027e+00   1.6691819e+01   4.0525884e+00   3.2557114e+01   2.1652272e+01   1.3293041e+01   8.7882417e-01   1.5760285e+01   5.4373771e+00   6.6534588e+00   3.1797791e+00   1.4008157e-02   5.8658293e-01   1.9670997e-01   5.2977588e+01   4.4475589e+01   6.3171800e+01   5.2890355e+01   2.5276012e+01   6.0695024e+01   2.7017614e+01   3.7227756e+01   4.6471645e+01   3.6068088e+01   1.1010761e+01
   2.5764899e-01   3.7010230e+03   4.3926519e+03   9.3140642e+00   3.2503086e+01   4.7423731e+01   2.7990947e+03   6.5383364e+01   1.2287985e+02   2.2069948e-01   9.1953039e+01   5.0614130e+01   2.7039608e+03   2.5260195e+01   5.1771623e+01   3.3315667e+03   2.2630148e+01   6.6595527e+01   1.7073557e+00   2.7309586e+02   1.0245748e+02   9.2386266e+01   3.2125134e+01   1.4846210e+01   1.8599243e+01   6.0622908e+00   1.6801171e+01   4.0453680e+00   3.2028627e+01   2.1772195e+01   1.2818600e+01   8.9597295e-01   1.6220249e+01   5.3991946e+00   6.6187701e+00   3.2585111e+00   1.4008157e-02   5.8658293e-01   1.9670997e-01   5.2977588e+01   4.4475589e+01   6.3206383e+01   5.2846021e+01   2.5273200e+01   6.0649366e+01   2.7032102e+01   3.7230099e+01   4.6433546e+01   3.6004541e+01   1.4495308e+01
   2.5731067e-01   3.6548166e+03   4.4083232e+03   9.3027708e+00   3.2483182e+01   4.7582859e+01   2.7988914e+03   6.4316824e+01   1.2290022e+02   2.1483442e-01   9.1984763e+01   4.8121697e+01   2.7033093e+03   2.5332508e+01   5.1344997e+01   3.3315243e+03   2.2759537e+01   6.6598387e+01  -3.5894140e-01   2.7316539e+02   1.0245027e+02   9.2401048e+01   3.2469007e+01   1.5019906e+01   1.8995733e+01   5.9611652e+00   1.6579793e+01   4.0580171e+00   3.2218389e+01   2.1773331e+01   1.3398897e+01   8.9644042e-01   1.6438535e+01   5.3920722e+00   6.6912367e+00   3.2401340e+00  -7.9327238e-04   5.7774335e-01   1.8805571e-01   5.3597945e+01   4.3760263e+01   6.3181230e+01   5.2857080e+01   2.5383233e+01   6.0700746e+01   2.6637940e+01   3.7252176e+01   4.6437168e+01   3.5931589e+01   1.2068881e+01
   2.6134539e-01   3.6541463e+03   4.4420397e+03   9.2551548e+00   3.2700615e+01   4.7422898e+01   2.7980571e+03   6.5846921e+01   1.2289971e+02   2.1785396e-01   9.1956192e+01   5.0036727e+01   2.7028476e+03   2.5319452e+01   4.9514172e+01   3.3301607e+03   2.2971803e+01   6.6663463e+01  -4.0189383e-01   2.7255343e+02   1.0245476e+02   9.2029137e+01   3.2143999e+01   1.5064667e+01   1.8723842e+01   6.1694275e+00   1.6578343e+01   4.1023972e+00   3.3313009e+01   2.1744843e+01   1.3084788e+01   8.1735842e-01   1.5720604e+01   5.4241554e+00   6.7618641e+00   3.2626084e+00  -7.9327238e-04   5.7774335e-01   1.8805571e-01   5.3597945e+01   4.3760263e+01   6.3138562e+01   5.2885243e+01   2.5665015e+01   6.0483044e+01   2.6429401e+01   3.7239460e+01   4.6446655e+01   3.6042395e+01   9.5849051e+00
   2.6083081e-01   3.6631410e+03   4.3781841e+03   9.2960254e+00   3.2441574e+01   4.7367675e+01   2.7999898e+03   6.4901296e+01   1.2290523e+02   2.0974600e-01   9.2072823e+01   4.8648431e+01   2.7042956e+03   2.5400607e+01   4.8815068e+01   3.3320940e+03   2.2837308e+01   6.6654358e+01  -2.0905644e+00   2.7255956e+02   1.0244992e+02   9.2219347e+01   3.2303675e+01   1.4922950e+01   1.8413695e+01   6.1289107e+00   1.6183698e+01   4.0794247e+00   3.2682067e+01   2.1712596e+01   1.3187498e+01   8.8837856e-01   1.6257103e+01   5.3778423e+00   6.7092152e+00   3.2571522e+00   1.7352894e-02   5.6266926e-01   1.9066772e-01   5.4075365e+01   4.4063302e+01   6.3133173e+01   5.2920697e+01   2.5725709e+01   6.0644371e+01   2.5935221e+01   3.7222604e+01   4.6490962e+01   3.6107567e+01   1.4205897e+01
   2.5474104e-01   3.6905528e+03   4.4204798e+03   9.2939756e+00   3.2518934e+01   4.7594896e+01   2.7997271e+03   6.4616172e+01   1.2290161e+02   2.1149873e-01   9.2026741e+01   4.8938026e+01   2.7040875e+03   2.5053828e+01   5.0182112e+01   3.3323226e+03   2.2831366e+01   6.6647174e+01  -1.5201922e-01   2.7254071e+02   1.0245197e+02   9.2189024e+01   3.2565592e+01   1.5154413e+01   1.8375704e+01   5.8617208e+00   1.6590748e+01   4.0850662e+00   3.2436462e+01   2.1802204e+01   1.3211813e+01   9.9486891e-01   1.5760219e+01   5.4376974e+00   6.6900470e+00   3.2298868e+00   1.7352894e-02   5.6266926e-01   1.9066772e-01   5.4075365e+01   4.4063302e+01   6.3069380e+01   5.2971814e+01   2.5246975e+01   6.0668540e+01   2.5787429e+01   3.7218893e+01   4.6435284e+01   3.6076243e+01   1.0444978e+01
   2.5122966e-01   3.6460444e+03   4.4478917e+03   9.2234882e+00   3.2372762e+01   4.7422192e+01   2.8010710e+03   6.4711980e+01   1.2288289e+02   2.1034138e-01   9.2059203e+01   5.0133860e+01   2.7055983e+03   2.5266599e+01   4.8944919e+01   3.3323256e+03   2.2856704e+01   6.6608995e+01  -6.0327867e-01   2.7257921e+02   1.0244767e+02   9.2521492e+01   3.1851152e+01   1.4997816e+01   1.8709206e+01   6.0438514e+00   1.6829359e+01   4.0551156e+00   3.2324575e+01   2.1814824e+01   1.3364997e+01   9.5771742e-01   1.6191621e+01   5.3940751e+00   6.7774463e+00   3.2714157e+00   1.7352894e-02   5.6266926e-01   1.9066772e-01   5.4075365e+01   4.4063302e+01   6.3043577e+01   5.3036091e+01   2.4708464e+01   6.0731131e+01   2.5743545e+01   3.7233057e+01   4.6450146e+01   3.6107845e+01   1.2541388e+01
   2.5546934e-01   3.6756236e+03   4.3954386e+03   9.2379933e+00   3.2495107e+01   4.7605274e+01   2.8008136e+03   6.4573705e+01   1.2289735e+02   2.1313600e-01   9.1948588e+01   4.9373384e+01   2.7048404e+03   2.5082956e+01   4.9576731e+01   3.3320877e+03   2.3037695e+01   6.6601215e+01   5.2977272e-02   2.7278531e+02   1.0247988e+02   9.2406149e+01   3.1947366e+01   1.4963610e+01   1.8843271e+01   6.0148555e+00   1.6687816e+01   4.0741497e+00   3.2127466e+01   2.1948813e+01   1.3391571e+01   9.1784131e-01   1.6063270e+01   5.4096393e+00   6.5870214e+00   3.2835346e+00   1.3928304e-02   5.6752745e-01   1.8323795e-01   5.4509752e+01   4.3664962e+01   6.3018416e+01   5.3070410e+01   2.5279241e+01   6.0701435e+01   2.6152881e+01   3.7234156e+01   4.6449714e+01   3.5961424e+01   1.0846327e+01
   2.6197925e-01   3.6383403e+03   4.4748602e+03   9.1969481e+00   3.2252685e+01   4.7696703e+01   2.8004172e+03   6.6299469e+01   1.2289151e+02   2.1869580e-01   9.1971244e+01   5.0946374e+01   2.7049241e+03   2.5209448e+01   4.9985825e+01   3.3327597e+03   2.2640354e+01   6.6633413e+01  -3.1366076e-01   2.7258516e+02   1.0247581e+02   9.2149588e+01   3.2290686e+01   1.4996457e+01   1.8842212e+01   6.0352005e+00   1.6547024e+01   4.0287281e+00   3.2891211e+01   2.1727310e+01   1.3353113e+01   8.1297686e-01   1.6021152e+01   5.4167173e+00   6.6034807e+00   3.2755755e+00   1.3928304e-02   5.6752745e-01   1.8323795e-01   5.4509752e+01   4.3664962e+01   6.2957824e+01   5.3123308e+01   2.5693824e+01   6.0656835e+01   2.6740206e+01   3.7231892e+01   4.6462114e+01   3.5935060e+01   1.2545547e+01
   2.6051421e-01   3.6388492e+03   4.4195835e+03   9.1940971e+00   3.2220451e+01   4.7579458e+01   2.8008905e+03   6.4762363e+01   1.2287536e+02   2.2358404e-01   9.2020387e+01   4.9768239e+01   2.7047507e+03   2.5255848e+01   4.9669482e+01   3.3332024e+03   2.2823403e+01   6.6641869e+01   5.7964064e-01   2.7246808e+02   1.0247907e+02   9.2215063e+01   3.2090857e+01   1.4749655e+01   1.8749063e+01   6.0165478e+00   1.6502050e+01   4.0381393e+00   3.2654390e+01   2.1638938e+01   1.3602691e+01   1.0668304e+00   1.6150088e+01   5.4049910e+00   6.7180954e+00   3.2254834e+00   2.1733176e-02   5.7897319e-01   1.9932173e-01   5.3465375e+01   4.3981935e+01   6.2918997e+01   5.3144183e+01   2.5688164e+01   6.0651708e+01   2.7211014e+01   3.7226431e+01   4.6455379e+01   3.5832297e+01   1.1188353e+01
   2.6115895e-01   3.6572776e+03   4.4249259e+03   9.2531547e+00   3.2508561e+01   4.7687588e+01   2.8018674e+03   6.6037393e+01   1.2289902e+02   2.2753607e-01   9.2129597e+01   4.9015731e+01   2.7066097e+03   2.5204658e+01   5.1098965e+01   3.3346887e+03   2.2935169e+01   6.6657689e+01  -2.5001326e+00   2.7291199e+02   1.0246788e+02   9.2413047e+01   3.2293330e+01   1.5244862e+01   1.8911477e+01   6.1501895e+00   1.6729528e+01   4.0808015e+00   3.2718261e+01   2.1699363e+01   1.3214231e+01   8.2636180e-01   1.6055610e+01   5.4033063e+00   6.6839327e+00   3.1801279e+00   2.1733176e-02   5.7897319e-01   1.9932173e-01   5.3465375e+01   4.3981935e+01   6.3005051e+01   5.3036490e+01   2.5709227e+01   6.0691758e+01   2.7805644e+01   3.7205476e+01   4.6480761e+01   3.6004799e+01   1.2012885e+01
   2.6093454e-01   3.6308596e+03   4.3767307e+03   9.2549328e+00   3.2687259e+01   4.7434768e+01   2.8013064e+03   6.5015202e+01   1.2290734e+02   2.2586116e-01   9.2143747e+01   4.8527906e+01   2.7063519e+03   2.5298910e+01   5.0907769e+01   3.3335178e+03   2.2914835e+01   6.6637562e+01   1.4183647e+00   2.7307810e+02   1.0243507e+02   9.2511560e+01   3.2284065e+01   1.5050139e+01   1.8828609e+01   5.9321304e+00   1.6492062e+01   4.0113607e+00   3.2380799e+01   2.1720195e+01   1.3222686e+01   9.6095618e-01   1.6296572e+01   5.4249966e+00   6.7572379e+00   3.2694498e+00   2.1733176e-02   5.7897319e-01   1.9932173e-01   5.3465375e+01   4.3981935e+01   6.3037221e+01   5.2975676e+01   2.5773963e+01   6.0537047e+01   2.7985744e+01   3.7180801e+01   4.6453890e+01   3.5948843e+01   1.5134716e+01
   2.6279847e-01   3.6573816e+03   4.4035385e+03   9.1816560e+00   3.1937400e+01   4.7449879e+01   2.7995643e+03   6.3736903e+01   1.2289399e+02   2.2780847e-01   9.1996017e+01   4.8797857e+01   2.7039029e+03   2.5251683e+01   5.0309394e+01   3.3315701e+03   2.2772887e+01   6.6644212e+01  -8.1743793e-01   2.7283593e+02   1.0247928e+02   9.2369203e+01   3.1679513e+01   1.4723958e+01   1.8578558e+01   6.0482870e+00   1.6321781e+01   4.0766651e+00   3.2446730e+01   2.1799884e+01   1.3724204e+01   9.0946371e-01   1.5933616e+01   5.4157097e+00   6.6483442e+00   3.2476899e+00   1.9238981e-02   5.5672498e-01   2.0664164e-01   5.4012299e+01   4.4602085e+01   6.3029255e+01   5.2996845e+01   2.5726765e+01   6.0629032e+01   2.8058221e+01   3.7191945e+01   4.6466596e+01   3.5964948e+01   9.4838516e+00
   2.6045442e-01   3.6477220e+03   4.4301172e+03   9.3005366e+00   3.2056004e+01   4.7370786e+01   2.7997330e+03   6.5511715e+01   1.2289853e+02   2.2776615e-01   9.2019186e+01   4.9281315e+01   2.7049727e+03   2.5269927e+01   5.0267256e+01   3.3325178e+03   2.2796349e+01   6.6649508e+01  -1.1439223e+00   2.7240017e+02   1.0244666e+02   9.2233092e+01   3.2200593e+01   1.5021560e+01   1.8715547e+01   5.8415354e+00   1.6260325e+01   4.0778215e+00   3.2619128e+01   2.1920991e+01   1.3682465e+01   1.0415723e+00   1.6152080e+01   5.4125408e+00   6.6149884e+00   3.2347820e+00   1.9238981e-02   5.5672498e-01   2.0664164e-01   5.4012299e+01   4.4602085e+01   6.3001248e+01   5.3023710e+01   2.5819449e+01   6.0740895e+01   2.8077806e+01   3.7181840e+01   4.6442007e+01   3.5887509e+01   1.1148757e+01
   2.6036881e-01   3.6925141e+03   4.4207950e+03   9.2325200e+00   3.2370679e+01   4.7671162e+01   2.8000641e+03   6.4734780e+01   1.2290003e+02   2.2739634e-01   9.2112408e+01   4.8664971e+01   2.7051460e+03   2.5257000e+01   5.1276057e+01   3.3328801e+03   2.2912327e+01   6.6641676e+01   2.3902784e-01   2.7270576e+02   1.0246398e+02   9.2393240e+01   3.1435598e+01   1.4746639e+01   1.8875631e+01   6.0286637e+00   1.6742458e+01   4.0520531e+00   3.2867347e+01   2.1864102e+01   1.3545837e+01   8.4028588e-01   1.5663521e+01   5.3884175e+00   6.7675089e+00   3.2623945e+00   2.6416251e-02   5.6088427e-01   1.8832355e-01   5.4434828e+01   4.4073943e+01   6.2993629e+01   5.3068729e+01   2.5676795e+01   6.0663110e+01   2.8147114e+01   3.7186260e+01   4.6426360e+01   3.5916471e+01   1.1628077e+01
   2.6652434e-01   3.6486113e+03   4.4734884e+03   9.2784851e+00   3.2264749e+01   4.7408075e+01   2.8003524e+03   6.4923911e+01   1.2290424e+02   2.2949094e-01   9.1996294e+01   5.1931723e+01   2.7047593e+03   2.5075417e+01   5.0691353e+01   3.3323970e+03   2.2854711e+01   6.6619717e+01   3.1414602e-01   2.7306266e+02   1.0248245e+02   9.2598474e+01   3.2090789e+01   1.4954176e+01   1.8644393e+01   5.9968633e+00   1.6336223e+01   4.0974856e+00   3.2838091e+01   2.1753322e+01   1.3248623e+01   8.5682060e-01   1.5751322e+01   5.3365751e+00   6.7326367e+00   3.1647545e+00   2.6416251e-02   5.6088427e-01   1.8832355e-01   5.4434828e+01   4.4073943e+01   6.2969593e+01   5.3139249e+01   2.6358835e+01   6.0702043e+01   2.8140420e+01   3.7223028e+01   4.6462332e+01   3.6003988e+01   1.4810926e+01
   2.6322717e-01   3.6869546e+03   4.4591813e+03   9.2359072e+00   3.2558001e+01   4.7544702e+01   2.8002757e+03   6.4763365e+01   1.2290449e+02   2.3498128e-01   9.2011251e+01   4.9358562e+01   2.7044364e+03   2.5238546e+01   5.0485047e+01   3.3328663e+03   2.2784218e+01   6.6628525e+01  -1.3212906e+00   2.7236367e+02   1.0246934e+02   9.2360844e+01   3.2247844e+01   1.4926753e+01   1.9169724e+01   6.0545020e+00   1.6402804e+01   4.0470910e+00   3.2460492e+01   2.1865007e+01   1.3100240e+01   8.8989741e-01   1.5828997e+01   5.4282281e+00   6.7608514e+00   3.2593163e+00   2.6416251e-02   5.6088427e-01   1.8832355e-01   5.4434828e+01   4.4073943e+01   6.2931435e+01   5.3152096e+01   2.6011865e+01   6.0712042e+01   2.8584821e+01   3.7195986e+01   4.6448172e+01   3.5894513e+01   1.1363804e+01
   2.6526076e-01   3.6554844e+03   4.4449985e+03   9.2205038e+00   3.2249347e+01   4.7552263e+01   2.7995302e+03   6.5503900e+01   1.2289921e+02   2.3408170e-01   9.1995024e+01   5.0790418e+01   2.7040667e+03   2.5208079e+01   4.9211732e+01   3.3318358e+03   2.2966425e+01   6.6656473e+01  -1.2516243e+00   2.7245931e+02   1.0248840e+02   9.2104465e+01   3.2096037e+01   1.4875841e+01   1.8809004e+01   6.0579689e+00   1.7150895e+01   4.0049450e+00   3.2866022e+01   2.1680036e+01   1.3453191e+01   8.6270084e-01   1.5995002e+01   5.4068430e+00   6.7103578e+00   3.2422510e+00   1.1128710e-02   5.5923790e-01   1.8147383e-01   5.4227091e+01   4.4470563e+01   6.2908725e+01   5.3147966e+01   2.6335711e+01   6.0473227e+01   2.8722616e+01   3.7183203e+01   4.6404880e+01   3.6012134e+01   1.2154513e+01
   2.6580587e-01   3.6578147e+03   4.3972043e+03   9.2911432e+00   3.2555046e+01   4.7491843e+01   2.8004062e+03   6.5540407e+01   1.2289029e+02   2.3424648e-01   9.2144568e+01   4.7607757e+01   2.7054130e+03   2.5192807e+01   5.1479327e+01   3.3331026e+03   2.2725779e+01   6.6658169e+01   7.5050975e-01   2.7258514e+02   1.0244843e+02   9.2291789e+01   3.1719449e+01   1.4922689e+01   1.9578491e+01   5.9854248e+00   1.6427845e+01   4.0703420e+00   3.2866614e+01   2.1731463e+01   1.2728589e+01   7.5438841e-01   1.6204055e+01   5.3990537e+00   6.8122977e+00   3.2672181e+00   1.1128710e-02   5.5923790e-01   1.8147383e-01   5.4227091e+01   4.4470563e+01   6.2916052e+01   5.3151569e+01   2.6222318e+01   6.0632198e+01   2.8551280e+01   3.7187829e+01   4.6428717e+01   3.5882175e+01   1.2152236e+01
   2.7907312e-01   3.6325174e+03   4.4050383e+03   9.2167484e+00   3.2199684e+01   4.7662671e+01   2.7994052e+03   6.5637946e+01   1.2290668e+02   2.3151527e-01   9.2146446e+01   4.9105140e+01   2.7044841e+03   2.5246045e+01   5.1021339e+01   3.3314242e+03   2.2793069e+01   6.6674659e+01   1.3763087e+00   2.7259065e+02   1.0245092e+02   9.2557474e+01   3.1980872e+01   1.4838408e+01   1.8923830e+01   6.0153264e+00   1.6489486e+01   4.0561577e+00   3.2517020e+01   2.1700717e+01   1.3701448e+01   9.2799107e-01   1.6092420e+01   5.3960239e+00   6.6401243e+00   3.1967442e+00   9.3309338e-03   5.7876120e-01   1.8539157e-01   5.3152204e+01   4.4263998e+01   6.2912771e+01   5.3153501e+01   2.7387737e+01   6.0390900e+01   2.8159410e+01   3.7178256e+01   4.6414364e+01   3.5997758e+01   1.1704487e+01
   2.7762228e-01   3.6677193e+03   4.4030459e+03   9.2331186e+00   3.2509415e+01   4.7117607e+01   2.7991509e+03   6.4569326e+01   1.2288134e+02   2.2664824e-01   9.2083112e+01   5.0352633e+01   2.7045856e+03   2.5250212e+01   5.1388682e+01   3.3309565e+03   2.2767141e+01   6.6665694e+01  -1.3693366e+00   2.7286687e+02   1.0244779e+02   9.2427189e+01   3.2568365e+01   1.4781036e+01   1.8501981e+01   5.7513875e+00   1.6430496e+01   4.0385129e+00   3.2617023e+01   2.1724105e+01   1.3427308e+01   8.0623185e-01   1.6192494e+01   5.4223255e+00   6.7047574e+00   3.3079829e+00   9.3309338e-03   5.7876120e-01   1.8539157e-01   5.3152204e+01   4.4263998e+01   6.3035969e+01   5.3038793e+01   2.7147405e+01   6.0584261e+01   2.7575537e+01   3.7171286e+01   4.6441005e+01   3.6016690e+01   1.4216039e+01
   2.6397384e-01   3.6253215e+03   4.4300699e+03   9.2488142e+00   3.2361011e+01   4.7836887e+01   2.7994408e+03   6.3805795e+01   1.2289524e+02   2.2061882e-01   9.2117934e+01   4.9621771e+01   2.7041843e+03   2.5173982e+01   4.8650179e+01   3.3312643e+03   2.3053573e+01   6.6653405e+01   1.3040966e+00   2.7259138e+02   1.0244899e+02   9.2549656e+01   3.2091844e+01   1.4883586e+01   1.8536973e+01   6.0657253e+00   1.6779816e+01   4.0860551e+00   3.2951125e+01   2.1636186e+01   1.3460426e+01   8.2445265e-01   1.5953736e+01   5.4012843e+00   6.6812183e+00   3.2058378e+00   9.3309338e-03   5.7876120e-01   1.8539157e-01   5.3152204e+01   4.4263998e+01   6.3078742e+01   5.2941401e+01   2.6089289e+01   6.0669637e+01   2.7004339e+01   3.7195826e+01   4.6399731e+01   3.6121693e+01   1.4560714e+01
   2.6341144e-01   3.6643259e+03   4.4084730e+03   9.2569911e+00   3.2432965e+01   4.7693924e+01   2.7998136e+03   6.5116546e+01   1.2290855e+02   2.1797783e-01   9.2066944e+01   4.9440657e+01   2.7037195e+03   2.5315806e+01   4.9127846e+01   3.3311859e+03   2.2711857e+01   6.6648168e+01   1.3892450e+00   2.7295597e+02   1.0244766e+02   9.2602368e+01   3.2410126e+01   1.4803733e+01   1.9451569e+01   6.0752503e+00   1.6569649e+01   4.0640630e+00   3.2609435e+01   2.1672784e+01   1.3450075e+01   9.1444887e-01   1.6195495e+01   5.4039302e+00   6.7331513e+00   3.3621808e+00   1.0848985e-02   5.7579632e-01   2.0122588e-01   5.3982330e+01   4.4030618e+01   6.3086446e+01   5.2993795e+01   2.5848868e+01   6.0666669e+01   2.6744814e+01   3.7161260e+01   4.6422220e+01   3.5968081e+01   1.3998151e+01
   2.7143777e-01   3.6380530e+03   4.4432014e+03   9.1749398e+00   3.2507295e+01   4.7928798e+01   2.7983776e+03   6.4193798e+01   1.2290489e+02   2.1517557e-01   9.2051007e+01   5.0819665e+01   2.7029639e+03   2.5285627e+01   5.0752119e+01   3.3297781e+03   2.2858581e+01   6.6664201e+01  -1.3847523e+00   2.7261469e+02   1.0246867e+02   9.2447143e+01   3.1887981e+01   1.4883073e+01   1.9053960e+01   6.0770570e+00   1.6792627e+01   4.0705375e+00   3.2757632e+01   2.1596775e+01   1.3707482e+01   6.1780207e-01   1.5916527e+01   5.3895167e+00   6.7066389e+00   3.2233733e+00   1.0848985e-02   5.7579632e-01   2.0122588e-01   5.3982330e+01   4.4030618e+01   6.3034285e+01   5.3041749e+01   2.6586782e+01   6.0399177e+01   2.6066190e+01   3.7186264e+01   4.6419329e+01   3.5936175e+01   1.6233457e+01
   2.7407592e-01   3.6533278e+03   4.4365591e+03   9.2771543e+00   3.2365123e+01   4.7733564e+01   2.7990204e+03   6.4848902e+01   1.2290662e+02   2.0692652e-01   9.2049844e+01   4.9417850e+01   2.7036702e+03   2.5131187e+01   4.8568246e+01   3.3309738e+03   2.2912756e+01   6.6634445e+01   1.8065380e-01   2.7255938e+02   1.0244331e+02   9.2392241e+01   3.1800452e+01   1.4933877e+01   1.9038688e+01   6.0965795e+00   1.6813557e+01   4.0582716e+00   3.2661442e+01   2.1724037e+01   1.3514036e+01   1.0160482e+00   1.5834317e+01   5.4062361e+00   6.7362360e+00   3.1128498e+00   8.6216956e-03   5.7216174e-01   1.8724284e-01   5.3763892e+01   4.3346712e+01   6.3016486e+01   5.3075897e+01   2.6938844e+01   6.0548647e+01   2.5319873e+01   3.7156416e+01   4.6423569e+01   3.5843174e+01   1.0930170e+01
   2.7591153e-01   3.6820909e+03   4.4556034e+03   9.2955145e+00   3.2309530e+01   4.7821559e+01   2.7997104e+03   6.4988680e+01   1.2290037e+02   2.0386013e-01   9.2053945e+01   4.8897177e+01   2.7038526e+03   2.5122003e+01   4.9102367e+01   3.3309698e+03   2.3231989e+01   6.6656666e+01  -7.3806568e-01   2.7267588e+02   1.0243596e+02   9.2302244e+01   3.1824021e+01   1.5212999e+01   1.9090873e+01   5.9494983e+00   1.6203508e+01   4.0866984e+00   3.2575475e+01   2.1518696e+01   1.2983648e+01   7.9639508e-01   1.6037893e+01   5.4062422e+00   6.7722473e+00   3.1769225e+00   8.6216956e-03   5.7216174e-01   1.8724284e-01   5.3763892e+01   4.3346712e+01   6.3028038e+01   5.3053111e+01   2.7235977e+01   6.0576177e+01   2.5017986e+01   3.7143834e+01   4.6421103e+01   3.6025470e+01   1.2894005e+01
   2.7565282e-01   3.6564632e+03   4.4318197e+03   9.2439916e+00   3.2503486e+01   4.7796520e+01   2.8000396e+03   6.4292020e+01   1.2291303e+02   2.0423765e-01   9.2076940e+01   4.8947250e+01   2.7050914e+03   2.5461193e+01   4.8409865e+01   3.3326442e+03   2.3096365e+01   6.6632336e+01   2.5424924e-02   2.7239649e+02   1.0244076e+02   9.2397857e+01   3.2118502e+01   1.4849373e+01   1.8731261e+01   6.0210414e+00   1.6564072e+01   4.0210526e+00   3.2586846e+01   2.1820482e+01   1.3351610e+01   1.0284903e+00   1.5732325e+01   5.3967757e+00   6.7933306e+00   3.2401043e+00   8.6216956e-03   5.7216174e-01   1.8724284e-01   5.3763892e+01   4.3346712e+01   6.3040080e+01   5.3043676e+01   2.7489990e+01   6.0538574e+01   2.4953726e+01   3.7179875e+01   4.6434742e+01   3.5939744e+01   1.2199515e+01
   2.7562879e-01   3.6290863e+03   4.4040880e+03   9.2853744e+00   3.2453852e+01   4.7438316e+01   2.7996490e+03   6.6046585e+01   1.2288114e+02   2.0238347e-01   9.1932258e+01   5.0700946e+01   2.7043881e+03   2.5104611e+01   4.7886797e+01   3.3317839e+03   2.3061181e+01   6.6610557e+01  -1.0481541e+00   2.7307628e+02   1.0245572e+02   9.2482392e+01   3.1904145e+01   1.4891942e+01   1.8900685e+01   6.0436378e+00   1.6525218e+01   4.0784531e+00   3.2301392e+01   2.1461978e+01   1.3468735e+01   9.6505964e-01   1.6119423e+01   5.4059996e+00   6.6590438e+00   3.2787379e+00   2.0701824e-02   5.6824922e-01   1.8135775e-01   5.4091299e+01   4.3727679e+01   6.3020260e+01   5.3074610e+01   2.7016496e+01   6.0620167e+01   2.4892593e+01   3.7181272e+01   4.6436473e+01   3.6093557e+01   8.7945485e+00
   2.7505331e-01   3.6863281e+03   4.4028835e+03   9.1673240e+00   3.2173518e+01   4.7711381e+01   2.7993859e+03   6.4589271e+01   1.2290071e+02   2.0687640e-01   9.1900067e+01   5.0547083e+01   2.7046695e+03   2.5219537e+01   4.8947763e+01   3.3316243e+03   2.2822720e+01   6.6652441e+01   9.3088160e-01   2.7302963e+02   1.0246414e+02   9.2250927e+01   3.2415745e+01   1.4841989e+01   1.9279273e+01   6.1568393e+00   1.6392768e+01   4.0709172e+00   3.2592661e+01   2.1557604e+01   1.3141642e+01   8.3887280e-01   1.5757444e+01   5.3992792e+00   6.7131891e+00   3.2741168e+00   2.0701824e-02   5.6824922e-01   1.8135775e-01   5.4091299e+01   4.3727679e+01   6.2992023e+01   5.3094225e+01   2.7134919e+01   6.0540512e+01   2.5168662e+01   3.7199550e+01   4.6447044e+01   3.5899260e+01   1.2382020e+01
   2.7616671e-01   3.6462819e+03   4.4289724e+03   9.1757567e+00   3.2164036e+01   4.7924683e+01   2.7997534e+03   6.4399627e+01   1.2291354e+02   2.0619891e-01   9.2031058e+01   5.0098270e+01   2.7045976e+03   2.5050646e+01   4.8965835e+01   3.3315234e+03   2.2903625e+01   6.6639974e+01   1.5361765e+00   2.7336919e+02   1.0246239e+02   9.2423629e+01   3.2496832e+01   1.4846280e+01   1.8832983e+01   5.9830304e+00   1.7081181e+01   4.0372497e+00   3.2723097e+01   2.1747407e+01   1.3544998e+01   1.0644942e+00   1.6036618e+01   5.3417143e+00   6.7267160e+00   3.2207791e+00   3.5720529e-03   5.7274014e-01   1.8320999e-01   5.3100267e+01   4.3426249e+01   6.2983459e+01   5.3124670e+01   2.7324496e+01   6.0404053e+01   2.5187801e+01   3.7199621e+01   4.6459977e+01   3.5982031e+01   1.2366754e+01
   2.7193260e-01   3.6594754e+03   4.4174560e+03   9.2526002e+00   3.2331759e+01   4.7410284e+01   2.8003508e+03   6.4825773e+01   1.2289848e+02   2.0669628e-01   9.2094049e+01   5.1031886e+01   2.7047589e+03   2.5187701e+01   4.8554344e+01   3.3329714e+03   2.2855951e+01   6.6677647e+01   3.5851813e-01   2.7306990e+02   1.0244202e+02   9.2202402e+01   3.1823589e+01   1.4782929e+01   1.9131224e+01   5.8287692e+00   1.6602256e+01   4.0417936e+00   3.3190229e+01   2.1524973e+01   1.3606254e+01   9.6155461e-01   1.5887731e+01   5.3454471e+00   6.6888226e+00   3.2880674e+00   3.5720529e-03   5.7274014e-01   1.8320999e-01   5.3100267e+01   4.3426249e+01   6.3058487e+01   5.2991636e+01   2.6854175e+01   6.0481646e+01   2.5435498e+01   3.7173259e+01   4.6427017e+01   3.5894320e+01   1.1763480e+01
   2.7702139e-01   3.6671247e+03   4.4319832e+03   9.2006838e+00   3.2363494e+01   4.7207690e+01   2.7997804e+03   6.5957025e+01   1.2289566e+02   2.0574049e-01   9.2001760e+01   4.9027399e+01   2.7041482e+03   2.4940304e+01   5.0523112e+01   3.3318075e+03   2.2760976e+01   6.6664828e+01   2.6413919e+00   2.7317775e+02   1.0246801e+02   9.2268019e+01   3.1816037e+01   1.4883611e+01   1.8860656e+01   5.9671999e+00   1.5956856e+01   4.0225417e+00   3.3027175e+01   2.1720607e+01   1.2867276e+01   8.9424887e-01   1.5593044e+01   5.3672225e+00   6.6863617e+00   3.1875406e+00   3.5720529e-03   5.7274014e-01   1.8320999e-01   5.3100267e+01   4.3426249e+01   6.3121199e+01   5.2938892e+01   2.7444346e+01   6.0470276e+01   2.5289985e+01   3.7214706e+01   4.6431634e+01   3.6011433e+01   1.4662865e+01
   2.8100982e-01   3.6410177e+03   4.4482393e+03   9.1885775e+00   3.2744943e+01   4.7663024e+01   2.7995224e+03   6.4679680e+01   1.2291055e+02   2.0498113e-01   9.2033246e+01   4.9671125e+01   2.7037210e+03   2.5186402e+01   5.0949559e+01   3.3318659e+03   2.3026936e+01   6.6666813e+01   1.2398449e-01   2.7286995e+02   1.0242553e+02   9.2354805e+01   3.2680616e+01   1.4977637e+01   1.8696803e+01   6.1479694e+00   1.6855335e+01   4.0757764e+00   3.2410882e+01   2.1670413e+01   1.3812614e+01   1.0611752e+00   1.5994483e+01   5.3643106e+00   6.7429465e+00   3.2557558e+00  -1.6046300e-03   5.6735056e-01   1.8754830e-01   5.4017988e+01   4.3632631e+01   6.3095023e+01   5.2975800e+01   2.7503300e+01   6.0573658e+01   2.4952530e+01   3.7213180e+01   4.6451218e+01   3.6126299e+01   1.1025064e+01
   2.7114110e-01   3.6687363e+03   4.4306741e+03   9.2582285e+00   3.2676421e+01   4.7882926e+01   2.7999619e+03   6.5017493e+01   1.2290515e+02   2.0109177e-01   9.2023235e+01   5.1357383e+01   2.7043445e+03   2.5251011e+01   5.1447892e+01   3.3316295e+03   2.2993334e+01   6.6648982e+01   1.2776499e+00   2.7308075e+02   1.0244240e+02   9.2436614e+01   3.1939108e+01   1.4842329e+01   1.8999387e+01   6.2205285e+00   1.7007518e+01   4.0898059e+00   3.2733712e+01   2.1844084e+01   1.3489746e+01   8.7322560e-01   1.5927235e+01   5.3856944e+00   6.7541231e+00   3.2721712e+00  -1.6046300e-03   5.6735056e-01   1.8754830e-01   5.4017988e+01   4.3632631e+01   6.3046534e+01   5.3036571e+01   2.6735745e+01   6.0556191e+01   2.4871989e+01   3.7208858e+01   4.6410039e+01   3.5918678e+01   1.4119357e+01
   2.7592197e-01   3.6691600e+03   4.4744963e+03   9.2489601e+00   3.2336673e+01   4.7903604e+01   2.7998764e+03   6.5484813e+01   1.2291605e+02   2.0249202e-01   9.2045200e+01   5.1144015e+01   2.7046403e+03   2.5183602e+01   5.0278531e+01   3.3317094e+03   2.2910962e+01   6.6640321e+01  -2.0842682e+00   2.7315563e+02   1.0243961e+02   9.2511273e+01   3.2299924e+01   1.4889517e+01   1.8977048e+01   5.9475917e+00   1.6935365e+01   4.0369169e+00   3.2467669e+01   2.1636023e+01   1.3627218e+01   1.0214268e+00   1.5503955e+01   5.3994027e+00   6.7350315e+00   3.2469111e+00   1.2637133e-02   5.7105337e-01   2.0109028e-01   5.3610080e+01   4.5082794e+01   6.3024884e+01   5.3082860e+01   2.7186234e+01   6.0552163e+01   2.4809791e+01   3.7198050e+01   4.6415066e+01   3.5945647e+01   1.1715626e+01
   2.7550516e-01   3.6723784e+03   4.4347058e+03   9.2265500e+00   3.2143129e+01   4.7486913e+01   2.8004352e+03   6.5471347e+01   1.2288974e+02   2.0758494e-01   9.1981351e+01   4.9050005e+01   2.7046902e+03   2.5286611e+01   5.0753984e+01   3.3320470e+03   2.2885729e+01   6.6689548e+01  -2.4686863e+00   2.7306874e+02   1.0245834e+02   9.2317937e+01   3.2423873e+01   1.4682524e+01   1.9491887e+01   6.0988373e+00   1.6538781e+01   4.0606604e+00   3.2205313e+01   2.1560076e+01   1.2975417e+01   8.3195951e-01   1.5864417e+01   5.4190151e+00   6.7309457e+00   3.1391157e+00   1.2637133e-02   5.7105337e-01   2.0109028e-01   5.3610080e+01   4.5082794e+01   6.3040521e+01   5.3029499e+01   2.7177282e+01   6.0507263e+01   2.5152140e+01   3.7207937e+01   4.6393317e+01   3.5921173e+01   1.3957954e+01
   2.8144414e-01   3.6603755e+03   4.3953351e+03   9.1336234e+00   3.2556991e+01   4.7638636e+01   2.8006519e+03   6.5830448e+01   1.2287384e+02   2.0688193e-01   9.2117135e+01   4.9807896e+01   2.7051039e+03   2.5301600e+01   4.9778408e+01   3.3327019e+03   2.2796506e+01   6.6704531e+01  -3.5707971e-01   2.7302931e+02   1.0243181e+02   9.2307516e+01   3.2319717e+01   1.4740303e+01   1.8932323e+01   6.0239029e+00   1.6361868e+01   4.0094188e+00   3.2552616e+01   2.1585154e+01   1.2956793e+01   8.4038405e-01   1.6015431e+01   5.3290431e+00   6.7022235e+00   3.2500775e+00   1.2637133e-02   5.7105337e-01   2.0109028e-01   5.3610080e+01   4.5082794e+01   6.3056862e+01   5.3031720e+01   2.7724865e+01   6.0305616e+01   2.5375266e+01   3.7204125e+01   4.6423855e+01   3.5972173e+01   1.3611244e+01
   2.7771801e-01   3.6744439e+03   4.4511643e+03   9.1685001e+00   3.2053331e+01   4.7295841e+01   2.7992130e+03   6.5439940e+01   1.2289796e+02   2.0413063e-01   9.1962429e+01   5.1421445e+01   2.7035426e+03   2.5285301e+01   4.8970880e+01   3.3304156e+03   2.2939874e+01   6.6667459e+01   5.3352933e-01   2.7312489e+02   1.0246637e+02   9.2315056e+01   3.2236903e+01   1.4832546e+01   1.9162352e+01   6.1347023e+00   1.6665594e+01   4.0448508e+00   3.2718429e+01   2.1822556e+01   1.3225499e+01   1.0026048e+00   1.6194749e+01   5.3707580e+00   6.7115375e+00   3.3559614e+00   1.9612598e-02   5.6574717e-01   1.7067177e-01   5.4230708e+01   4.3085761e+01   6.3071165e+01   5.3060208e+01   2.7470285e+01   6.0484136e+01   2.4997916e+01   3.7211848e+01   4.6450689e+01   3.5959260e+01   1.1920759e+01
   2.8146736e-01   3.6781463e+03   4.4009228e+03   9.2469734e+00   3.2315989e+01   4.7660254e+01   2.7992281e+03   6.4777037e+01   1.2288719e+02   2.0559384e-01   9.2046465e+01   5.0500566e+01   2.7046387e+03   2.5414433e+01   4.9257509e+01   3.3315730e+03   2.2778925e+01   6.6673974e+01   1.0962260e+00   2.7345308e+02   1.0244028e+02   9.2567503e+01   3.2459447e+01   1.4887294e+01   1.8887277e+01   6.0486761e+00   1.6599681e+01   4.0119897e+00   3.2483029e+01   2.1615351e+01   1.3462914e+01   9.9204895e-01   1.5836891e+01   5.3821319e+00   6.7608682e+00   3.3162275e+00   1.9612598e-02   5.6574717e-01   1.7067177e-01   5.4230708e+01   4.3085761e+01   6.3008988e+01   5.3108408e+01   2.7680941e+01   6.0356873e+01   2.4914914e+01   3.7202283e+01   4.6409290e+01   3.6047943e+01   1.1007869e+01
   2.7724631e-01   3.6587516e+03   4.4397314e+03   9.2675484e+00   3.2201103e+01   4.7588817e+01   2.7995318e+03   6.3634704e+01   1.2290487e+02   2.0336126e-01   9.2009538e+01   4.9081390e+01   2.7041526e+03   2.5207453e+01   4.9084333e+01   3.3316154e+03   2.2951751e+01   6.6695025e+01  -4.8861082e-01   2.7282493e+02   1.0245581e+02   9.2345902e+01   3.2099829e+01   1.5046136e+01   1.8427541e+01   6.0398665e+00   1.6708101e+01   4.1062938e+00   3.2940951e+01   2.1592315e+01   1.3268703e+01   7.4814355e-01   1.6123090e+01   5.4166665e+00   6.7351438e+00   3.2894039e+00   8.4589858e-03   5.8616027e-01   1.7933223e-01   5.4471087e+01   4.4556538e+01   6.2984337e+01   5.3125456e+01   2.7343665e+01   6.0499661e+01   2.4829563e+01   3.7249211e+01   4.6451567e+01   3.5920928e+01   1.1982445e+01
   2.7519657e-01   3.6920957e+03   4.4239996e+03   9.1773013e+00   3.2494028e+01   4.7582124e+01   2.8004539e+03   6.5465027e+01   1.2290624e+02   2.0153634e-01   9.2019196e+01   4.9207902e+01   2.7049495e+03   2.5381862e+01   5.0294552e+01   3.3326955e+03   2.2879060e+01   6.6657318e+01  -4.9545205e-01   2.7355423e+02   1.0246228e+02   9.2445830e+01   3.2036812e+01   1.4851415e+01   1.8660840e+01   6.0708939e+00   1.6233574e+01   4.0380448e+00   3.2637490e+01   2.1710579e+01   1.3119241e+01   8.2336284e-01   1.6167948e+01   5.4053771e+00   6.7588147e+00   3.2446641e+00   8.4589858e-03   5.8616027e-01   1.7933223e-01   5.4471087e+01   4.4556538e+01   6.2951592e+01   5.3175771e+01   2.6843113e+01   6.0693668e+01   2.4754233e+01   3.7225109e+01   4.6417658e+01   3.6133889e+01   1.2882330e+01
   2.7307186e-01   3.6413781e+03   4.4715065e+03   9.2958110e+00   3.2608213e+01   4.8178814e+01   2.8022719e+03   6.5077564e+01   1.2289122e+02   2.0992674e-01   9.2021575e+01   4.9587547e+01   2.7059273e+03   2.5180343e+01   5.0322538e+01   3.3339712e+03   2.2847150e+01   6.6668602e+01  -1.0179488e+00   2.7323705e+02   1.0243754e+02   9.2230569e+01   3.2004753e+01   1.5119011e+01   1.8862616e+01   5.9982900e+00   1.6305344e+01   4.0755268e+00   3.3486544e+01   2.1817075e+01   1.3725056e+01   1.0115470e+00   1.5748075e+01   5.4355384e+00   6.6233169e+00   3.2002317e+00   8.4589858e-03   5.8616027e-01   1.7933223e-01   5.4471087e+01   4.4556538e+01   6.2904788e+01   5.3209478e+01   2.6869979e+01   6.0624371e+01   2.5596863e+01   3.7239099e+01   4.6428881e+01   3.5971777e+01   1.3661814e+01
   2.7482493e-01   3.6437812e+03   4.4623595e+03   9.2753188e+00   3.2124700e+01   4.7459067e+01   2.8013532e+03   6.4750435e+01   1.2290928e+02   2.1545755e-01   9.1980786e+01   5.1558352e+01   2.7062276e+03   2.5216482e+01   4.9167850e+01   3.3332162e+03   2.3107125e+01   6.6620379e+01   9.5692431e-01   2.7335210e+02   1.0246271e+02   9.2367025e+01   3.2312829e+01   1.4799637e+01   1.8740928e+01   5.9044415e+00   1.6093739e+01   4.0079336e+00   3.2611757e+01   2.1627792e+01   1.3099181e+01   8.1363373e-01   1.6300040e+01   5.3916778e+00   6.6725050e+00   3.2326820e+00   4.1396040e-03   5.7212852e-01   1.9376508e-01   5.3960268e+01   4.4129386e+01   6.2920859e+01   5.3201315e+01   2.7159629e+01   6.0589948e+01   2.6076055e+01   3.7244308e+01   4.6450006e+01   3.6008217e+01   1.2153598e+01
   2.7253371e-01   3.6389181e+03   4.4353818e+03   9.2186128e+00   3.2697551e+01   4.7437182e+01   2.8016280e+03   6.4543614e+01   1.2288596e+02   2.1930425e-01   9.1998773e+01   5.0529156e+01   2.7050611e+03   2.5280248e+01   4.7989605e+01   3.3329011e+03   2.3036790e+01   6.6647051e+01  -1.9317961e+00   2.7335773e+02   1.0246141e+02   9.2389787e+01   3.3053667e+01   1.4814781e+01   1.8748602e+01   5.9814272e+00   1.6638845e+01   4.0674973e+00   3.2799644e+01   2.1892065e+01   1.3207178e+01   8.4443481e-01   1.5997892e+01   5.3978076e+00   6.6702239e+00   3.2144345e+00   4.1396040e-03   5.7212852e-01   1.9376508e-01   5.3960268e+01   4.4129386e+01   6.2948072e+01   5.3155394e+01   2.6954028e+01   6.0514761e+01   2.6749049e+01   3.7237020e+01   4.6426189e+01   3.6040643e+01   1.2906191e+01
   2.6930070e-01   3.6378151e+03   4.4345740e+03   9.2159333e+00   3.2396181e+01   4.7685237e+01   2.8006808e+03   6.4362052e+01   1.2287893e+02   2.2049596e-01   9.2068518e+01   5.0441139e+01   2.7049146e+03   2.5149471e+01   4.7947832e+01   3.3319179e+03   2.3061905e+01   6.6676452e+01   2.8748435e-01   2.7337983e+02   1.0246680e+02   9.2390011e+01   3.2474637e+01   1.4972598e+01   1.8771787e+01   6.1115138e+00   1.6756826e+01   4.0305444e+00   3.2704401e+01   2.1706545e+01   1.3178402e+01   7.9085946e-01   1.6381385e+01   5.3402852e+00   6.6759237e+00   3.2332412e+00   2.6078724e-02   5.9506081e-01   1.9104053e-01   5.3916895e+01   4.3603081e+01   6.2955918e+01   5.3138305e+01   2.6313458e+01   6.0518329e+01   2.6983899e+01   3.7236359e+01   4.6431707e+01   3.5990534e+01   1.2123260e+01
   2.6798892e-01   3.6401989e+03   4.3953145e+03   9.2111403e+00   3.2765125e+01   4.7615999e+01   2.8003626e+03   6.5210705e+01   1.2289812e+02   2.1871730e-01   9.2100894e+01   4.8293024e+01   2.7054539e+03   2.5309906e+01   4.9631102e+01   3.3327707e+03   2.2803180e+01   6.6647793e+01  -6.6317280e-01   2.7368483e+02   1.0247396e+02   9.2729058e+01   3.2268432e+01   1.4976873e+01   1.9108365e+01   6.0878776e+00   1.6672823e+01   4.0594114e+00   3.2747382e+01   2.1715101e+01   1.3017700e+01   8.8419765e-01   1.5760710e+01   5.3782428e+00   6.6878569e+00   3.1999004e+00   2.6078724e-02   5.9506081e-01   1.9104053e-01   5.3916895e+01   4.3603081e+01   6.2974738e+01   5.3118264e+01   2.6351566e+01   6.0500453e+01   2.6831860e+01   3.7205129e+01   4.6435428e+01   3.5960724e+01   1.2975672e+01
   2.7182865e-01   3.6473262e+03   4.4223630e+03   9.2020066e+00   3.2463171e+01   4.7698623e+01   2.7985320e+03   6.4580790e+01   1.2287889e+02   2.1522529e-01   9.1939997e+01   4.9737710e+01   2.7028427e+03   2.5396197e+01   5.0336521e+01   3.3300761e+03   2.2717300e+01   6.6699719e+01  -1.1965030e+00   2.7332259e+02   1.0245182e+02   9.2387138e+01   3.1958498e+01   1.4947958e+01   1.8970370e+01   6.1748892e+00   1.6039520e+01   4.0339362e+00   3.2770866e+01   2.1604327e+01   1.3176493e+01   8.9274947e-01   1.6089882e+01   5.4061693e+00   6.6929441e+00   3.3012758e+00   2.6078724e-02   5.9506081e-01   1.9104053e-01   5.3916895e+01   4.3603081e+01   6.2995034e+01   5.3132625e+01   2.6908544e+01   6.0488812e+01   2.6650675e+01   3.7232162e+01   4.6476455e+01   3.5924730e+01   1.4770801e+01
   2.7762824e-01   3.6601505e+03   4.4699232e+03   9.0541217e+00   3.2395749e+01   4.7741510e+01   2.7986993e+03   6.5357151e+01   1.2288330e+02   2.1264928e-01   9.2034702e+01   5.0503082e+01   2.7032000e+03   2.5252502e+01   5.1417688e+01   3.3304464e+03   2.3052736e+01   6.6724762e+01   8.7263301e-01   2.7363233e+02   1.0247084e+02   9.2457271e+01   3.3044671e+01   1.4817231e+01   1.8989737e+01   6.0993439e+00   1.6735798e+01   4.0648408e+00   3.2273353e+01   2.1657349e+01   1.3220232e+01   7.2577121e-01   1.5954514e+01   5.3571115e+00   6.6314608e+00   3.2628111e+00   1.6556329e-02   5.6870125e-01   1.6172770e-01   5.4117523e+01   4.3479382e+01   6.2974541e+01   5.3122302e+01   2.7282678e+01   6.0475833e+01   2.6147548e+01   3.7224243e+01   4.6438420e+01   3.5997313e+01   1.3250588e+01
   2.7210422e-01   3.6930711e+03   4.4219026e+03   9.1044367e+00   3.2446006e+01   4.7513832e+01   2.7983141e+03   6.4826032e+01   1.2291812e+02   2.0442391e-01   9.2033418e+01   5.0631906e+01   2.7028953e+03   2.5315520e+01   5.0402457e+01   3.3299327e+03   2.2933397e+01   6.6703212e+01  -2.2533155e+00   2.7345422e+02   1.0246776e+02   9.2569114e+01   3.2464651e+01   1.4809949e+01   1.8976540e+01   5.9904019e+00   1.6803906e+01   4.0562562e+00   3.2944549e+01   2.1571824e+01   1.3243377e+01   8.3214170e-01   1.6397935e+01   5.3680623e+00   6.6907794e+00   3.3207022e+00   1.6556329e-02   5.6870125e-01   1.6172770e-01   5.4117523e+01   4.3479382e+01   6.2946487e+01   5.3148387e+01   2.6773853e+01   6.0364465e+01   2.5331326e+01   3.7221364e+01   4.6443948e+01   3.6001478e+01   1.1481687e+01
   2.7225323e-01   3.6484829e+03   4.4776645e+03   9.1650328e+00   3.2276781e+01   4.7351208e+01   2.7983830e+03   6.5406814e+01   1.2290305e+02   2.0369913e-01   9.2084616e+01   5.0653727e+01   2.7031732e+03   2.5046430e+01   5.1704889e+01   3.3310016e+03   2.2746604e+01   6.6736459e+01  -5.6810165e-01   2.7310807e+02   1.0248163e+02   9.2440627e+01   3.2180842e+01   1.4897727e+01   1.8974608e+01   5.8923665e+00   1.6869551e+01   4.0273698e+00   3.2758481e+01   2.1621620e+01   1.2918716e+01   8.5672561e-01   1.6217507e+01   5.3923417e+00   6.7081128e+00   3.2457359e+00   1.8659012e-02   5.5836827e-01   2.0414209e-01   5.4148160e+01   4.3886460e+01   6.2931885e+01   5.3161275e+01   2.6868465e+01   6.0434285e+01   2.4717408e+01   3.7212943e+01   4.6448295e+01   3.6022803e+01   1.2885929e+01
   2.7571006e-01   3.6284515e+03   4.4186154e+03   9.2726207e+00   3.2762612e+01   4.7769252e+01   2.7977092e+03   6.5146232e+01   1.2290234e+02   1.9926189e-01   9.2060252e+01   5.0398940e+01   2.7032800e+03   2.5153868e+01   4.8182444e+01   3.3309613e+03   2.2974080e+01   6.6735646e+01  -9.4838545e-01   2.7291695e+02   1.0246033e+02   9.2167744e+01   3.2259715e+01   1.4918075e+01   1.8786395e+01   5.9648557e+00   1.6513694e+01   4.0234007e+00   3.3056850e+01   2.1806343e+01   1.3183738e+01   7.7668345e-01   1.6229307e+01   5.4396351e+00   6.6226266e+00   3.3250098e+00   1.8659012e-02   5.5836827e-01   2.0414209e-01   5.4148160e+01   4.3886460e+01   6.2921534e+01   5.3162405e+01   2.7112185e+01   6.0438432e+01   2.4407229e+01   3.7194876e+01   4.6417110e+01   3.6027536e+01   1.3598268e+01
   2.7423950e-01   3.6670458e+03   4.4444787e+03   9.2388534e+00   3.2579752e+01   4.7934872e+01   2.7992103e+03   6.4884883e+01   1.2291137e+02   1.9915919e-01   9.2087168e+01   4.9185714e+01   2.7044477e+03   2.5102059e+01   4.8882039e+01   3.3306745e+03   2.2777961e+01   6.6727973e+01   1.5084384e+00   2.7340930e+02   1.0246108e+02   9.2480431e+01   3.2235535e+01   1.4910152e+01   1.8519156e+01   5.8355664e+00   1.6451509e+01   4.0681120e+00   3.2560553e+01   2.1863148e+01   1.3440707e+01   7.6499343e-01   1.5829279e+01   5.3871177e+00   6.7551775e+00   3.2129456e+00   1.8659012e-02   5.5836827e-01   2.0414209e-01   5.4148160e+01   4.3886460e+01   6.2898235e+01   5.3176643e+01   2.6985586e+01   6.0497004e+01   2.4022060e+01   3.7211968e+01   4.6439652e+01   3.5900383e+01   1.3628219e+01
   2.6939027e-01   3.6495730e+03   4.4068079e+03   9.2646725e+00   3.2149929e+01   4.7645556e+01   2.8002177e+03   6.5295385e+01   1.2291562e+02   1.9649868e-01   9.2089981e+01   4.9147664e+01   2.7039642e+03   2.5248779e+01   4.9303100e+01   3.3323443e+03   2.2944317e+01   6.6707054e+01   1.6206372e+00   2.7317131e+02   1.0247332e+02   9.2429555e+01   3.2143725e+01   1.4771382e+01   1.8849583e+01   6.0254908e+00   1.6394332e+01   4.0552563e+00   3.3089474e+01   2.1752921e+01   1.2774196e+01   9.4255401e-01   1.6207167e+01   5.3485604e+00   6.6498081e+00   3.2677831e+00   7.9474801e-03   5.6732009e-01   1.7687350e-01   5.3973589e+01   4.4025167e+01   6.2907821e+01   5.3174928e+01   2.6592949e+01   6.0597752e+01   2.4045022e+01   3.7221457e+01   4.6445219e+01   3.5960611e+01   1.3114650e+01
   2.7404018e-01   3.6520508e+03   4.3893919e+03   9.1736016e+00   3.2261769e+01   4.7881965e+01   2.8011049e+03   6.4506698e+01   1.2288389e+02   1.9830092e-01   9.2133254e+01   4.9774762e+01   2.7056861e+03   2.5378896e+01   4.9551420e+01   3.3336561e+03   2.2768875e+01   6.6703321e+01  -1.2036275e+00   2.7349079e+02   1.0243118e+02   9.2468906e+01   3.2283293e+01   1.4851677e+01   1.8755354e+01   5.9125020e+00   1.6433237e+01   4.0434301e+00   3.2858175e+01   2.1693742e+01   1.3528115e+01   8.4503044e-01   1.6531926e+01   5.3798645e+00   6.6134462e+00   3.2314530e+00   7.9474801e-03   5.6732009e-01   1.7687350e-01   5.3973589e+01   4.4025167e+01   6.2932393e+01   5.3153392e+01   2.6833174e+01   6.0518604e+01   2.4548603e+01   3.7205190e+01   4.6460805e+01   3.6022315e+01   1.2325229e+01
   2.7167849e-01   3.6405973e+03   4.4861170e+03   9.1912770e+00   3.2674689e+01   4.7579491e+01   2.8004444e+03   6.5047676e+01   1.2289172e+02   2.0587913e-01   9.2064341e+01   4.9990100e+01   2.7049179e+03   2.5271433e+01   4.9534189e+01   3.3326897e+03   2.2917017e+01   6.6702655e+01   2.0736050e+00   2.7333953e+02   1.0245353e+02   9.2592031e+01   3.2845678e+01   1.4792149e+01   1.8951486e+01   6.0953283e+00   1.6957756e+01   4.0605345e+00   3.3291299e+01   2.1883995e+01   1.2978948e+01   9.1344348e-01   1.5397856e+01   5.3951876e+00   6.6728609e+00   3.3396927e+00   1.8088242e-02   5.7317079e-01   1.9043034e-01   5.3829766e+01   4.3888910e+01   6.2927642e+01   5.3159425e+01   2.6748227e+01   6.0569282e+01   2.4923326e+01   3.7220199e+01   4.6453839e+01   3.6185672e+01   1.3134473e+01
   2.6964460e-01   3.6548176e+03   4.4746621e+03   9.2371251e+00   3.2303518e+01   4.7355947e+01   2.7997955e+03   6.4597716e+01   1.2290444e+02   2.0492269e-01   9.2061326e+01   4.8735030e+01   2.7041806e+03   2.5408326e+01   5.0504955e+01   3.3321661e+03   2.2874621e+01   6.6668947e+01  -9.3472217e-01   2.7304037e+02   1.0246693e+02   9.2388632e+01   3.2211694e+01   1.4915951e+01   1.8636300e+01   5.9061268e+00   1.6402247e+01   4.0688796e+00   3.2908477e+01   2.1776485e+01   1.3081482e+01   7.4735802e-01   1.6130686e+01   5.3956961e+00   6.7268719e+00   3.2685162e+00   1.8088242e-02   5.7317079e-01   1.9043034e-01   5.3829766e+01   4.3888910e+01   6.2944898e+01   5.3125380e+01   2.6530837e+01   6.0373444e+01   2.5070882e+01   3.7197183e+01   4.6443263e+01   3.5827572e+01   1.1468842e+01
   2.6977011e-01   3.6595840e+03   4.4289696e+03   9.1964809e+00   3.2251445e+01   4.7946251e+01   2.7997927e+03   6.5154630e+01   1.2291724e+02   2.0831874e-01   9.2092029e+01   5.0236468e+01   2.7048719e+03   2.5210944e+01   4.8687131e+01   3.3325801e+03   2.2761389e+01   6.6689184e+01  -1.8227305e-01   2.7303221e+02   1.0244776e+02   9.2371930e+01   3.1953234e+01   1.4873650e+01   1.8679688e+01   6.0000777e+00   1.6458503e+01   4.0834970e+00   3.2791562e+01   2.1606234e+01   1.2811722e+01   9.4092368e-01   1.6420720e+01   5.4109384e+00   6.7341718e+00   3.3303803e+00   1.8088242e-02   5.7317079e-01   1.9043034e-01   5.3829766e+01   4.3888910e+01   6.2957869e+01   5.3106023e+01   2.6455741e+01   6.0567418e+01   2.5116025e+01   3.7206524e+01   4.6436535e+01   3.6025767e+01   1.3272809e+01
   2.7029071e-01   3.6591262e+03   4.4365689e+03   9.2796749e+00   3.2688996e+01   4.7789428e+01   2.7999072e+03   6.4549946e+01   1.2290280e+02   2.0737626e-01   9.1957760e+01   5.1277894e+01   2.7044015e+03   2.5451086e+01   4.9106868e+01   3.3311295e+03   2.2883177e+01   6.6681323e+01   4.2816897e-01   2.7399787e+02   1.0246574e+02   9.2315428e+01   3.2355435e+01   1.4810019e+01   1.9104276e+01   6.0780561e+00   1.6548279e+01   4.0557359e+00   3.2624130e+01   2.1788757e+01   1.3194563e+01   9.8540845e-01   1.6439023e+01   5.4148468e+00   6.7241730e+00   3.3206188e+00   1.0213296e-02   5.7522779e-01   1.8278344e-01   5.3904349e+01   4.3284401e+01   6.2958885e+01   5.3148826e+01   2.6635886e+01   6.0634853e+01   2.5157015e+01   3.7218201e+01   4.6439851e+01   3.5909638e+01   1.1590708e+01
   2.7359120e-01   3.6349613e+03   4.4394672e+03   9.2661560e+00   3.2629005e+01   4.7380358e+01   2.7992545e+03   6.4586455e+01   1.2289527e+02   2.0788961e-01   9.1987884e+01   5.0665498e+01   2.7034403e+03   2.5276400e+01   5.1108333e+01   3.3318459e+03   2.2702085e+01   6.6685510e+01   1.6597992e-01   2.7378075e+02   1.0247221e+02   9.2402418e+01   3.2099854e+01   1.5042617e+01   1.8346002e+01   5.8793790e+00   1.6530000e+01   4.0304718e+00   3.3305000e+01   2.1834901e+01   1.3552650e+01   7.9473718e-01   1.6323555e+01   5.4323186e+00   6.6465208e+00   3.2866615e+00   1.0213296e-02   5.7522779e-01   1.8278344e-01   5.3904349e+01   4.3284401e+01   6.2952423e+01   5.3129601e+01   2.6968586e+01   6.0367545e+01   2.5275853e+01   3.7249273e+01   4.6453896e+01   3.5887477e+01   1.3490128e+01
   2.6723409e-01   3.6576068e+03   4.4408003e+03   9.2840160e+00   3.2573792e+01   4.7308925e+01   2.8009155e+03   6.4525727e+01   1.2291860e+02   2.0558041e-01   9.2129597e+01   5.0642943e+01   2.7062041e+03   2.5119914e+01   4.9524630e+01   3.3332599e+03   2.2847233e+01   6.6686510e+01  -1.0653298e+00   2.7358813e+02   1.0243514e+02   9.2401755e+01   3.2279585e+01   1.4957187e+01   1.8503719e+01   6.1296431e+00   1.6711701e+01   4.0897584e+00   3.2524337e+01   2.1571637e+01   1.3353875e+01   9.6807395e-01   1.6550924e+01   5.3933587e+00   6.6632427e+00   3.2493979e+00   2.4154872e-02   5.7117371e-01   1.7186647e-01   5.3785759e+01   4.3547324e+01   6.2935430e+01   5.3131448e+01   2.6410236e+01   6.0621693e+01   2.5293227e+01   3.7240584e+01   4.6450695e+01   3.6021850e+01   1.2418912e+01
   2.6619880e-01   3.6539948e+03   4.4066723e+03   9.2630091e+00   3.2501038e+01   4.7682253e+01   2.8009427e+03   6.4499473e+01   1.2288606e+02   2.0847768e-01   9.2060547e+01   5.0349099e+01   2.7050566e+03   2.5399782e+01   5.0007775e+01   3.3325754e+03   2.2810344e+01   6.6673880e+01   5.3749915e-02   2.7370681e+02   1.0246900e+02   9.2506195e+01   3.2154339e+01   1.4859058e+01   1.8627375e+01   6.1196439e+00   1.6679320e+01   4.0644698e+00   3.2536220e+01   2.1767621e+01   1.2876828e+01   9.5222455e-01   1.6399934e+01   5.3977816e+00   6.7474339e+00   3.2218343e+00   2.4154872e-02   5.7117371e-01   1.7186647e-01   5.3785759e+01   4.3547324e+01   6.2938321e+01   5.3120078e+01   2.6130658e+01   6.0647986e+01   2.5523426e+01   3.7236376e+01   4.6414559e+01   3.6078853e+01   1.2417126e+01
   2.6624953e-01   3.6452918e+03   4.4461568e+03   9.2117084e+00   3.2345264e+01   4.7619353e+01   2.8016111e+03   6.5319906e+01   1.2290713e+02   2.1521610e-01   9.2142124e+01   4.9156606e+01   2.7062871e+03   2.5327452e+01   5.1056727e+01   3.3342713e+03   2.2999601e+01   6.6675555e+01   5.4610466e-01   2.7383955e+02   1.0245933e+02   9.2732469e+01   3.2159273e+01   1.4986523e+01   1.8270929e+01   5.7958708e+00   1.6039391e+01   4.0682092e+00   3.2883744e+01   2.1513626e+01   1.3374327e+01   8.3261304e-01   1.5800496e+01   5.3930983e+00   6.8169236e+00   3.3088565e+00   2.4154872e-02   5.7117371e-01   1.7186647e-01   5.3785759e+01   4.3547324e+01   6.2955321e+01   5.3130443e+01   2.6198975e+01   6.0671274e+01   2.5994346e+01   3.7259216e+01   4.6474516e+01   3.6060250e+01   1.0071181e+01
   2.6026858e-01   3.6376534e+03   4.4508376e+03   9.2436001e+00   3.2552732e+01   4.7535453e+01   2.8011697e+03   6.3666871e+01   1.2291253e+02   2.1657490e-01   9.2052707e+01   5.0504255e+01   2.7055023e+03   2.5360864e+01   4.7997313e+01   3.3329342e+03   2.2950891e+01   6.6666017e+01  -1.0225833e+00   2.7370702e+02   1.0244909e+02   9.2374399e+01   3.2637023e+01   1.4885499e+01   1.9089329e+01   6.1390038e+00   1.6703699e+01   4.0741020e+00   3.2669576e+01   2.1778771e+01   1.3411688e+01   9.8445911e-01   1.5780553e+01   5.4279786e+00   6.6279175e+00   3.2281005e+00   5.6248844e-03   5.6708121e-01   1.9719398e-01   5.2916081e+01   4.3906313e+01   6.3019267e+01   5.3045414e+01   2.5763221e+01   6.0739436e+01   2.6590876e+01   3.7215919e+01   4.6454819e+01   3.5910073e+01   1.2211730e+01
   2.6671103e-01   3.6420292e+03   4.4387512e+03   9.2600624e+00   3.2876762e+01   4.7699107e+01   2.7997814e+03   6.4915805e+01   1.2289674e+02   2.1591296e-01   9.2097620e+01   5.0537309e+01   2.7039646e+03   2.5127737e+01   5.0501015e+01   3.3315786e+03   2.2899107e+01   6.6667270e+01  -1.1933316e+00   2.7383345e+02   1.0243726e+02   9.2342139e+01   3.2140529e+01   1.4936639e+01   1.8701778e+01   6.0645084e+00   1.6348602e+01   4.0569489e+00   3.3070302e+01   2.1808806e+01   1.3126127e+01   9.1127723e-01   1.6194632e+01   5.4305285e+00   6.8181052e+00   3.2214526e+00   5.6248844e-03   5.6708121e-01   1.9719398e-01   5.2916081e+01   4.3906313e+01   6.3090269e+01   5.2949623e+01   2.6139297e+01   6.0393285e+01   2.6566310e+01   3.7186708e+01   4.6429258e+01   3.5964231e+01   1.2952792e+01
   2.6692739e-01   3.6903894e+03   4.4031698e+03   9.2565470e+00   3.2870229e+01   4.7784193e+01   2.7991464e+03   6.4859220e+01   1.2290453e+02   2.1910338e-01   9.2058580e+01   4.8857703e+01   2.7040291e+03   2.5025461e+01   5.0078220e+01   3.3311646e+03   2.2994436e+01   6.6714008e+01  -3.5035527e-01   2.7343400e+02   1.0244174e+02   9.2371933e+01   3.1834026e+01   1.4928904e+01   1.9016458e+01   5.9891699e+00   1.6668097e+01   4.0400617e+00   3.2828749e+01   2.1664605e+01   1.2637620e+01   9.3469755e-01   1.5898318e+01   5.4113305e+00   6.6489889e+00   3.2516291e+00   1.4758974e-02   5.7681877e-01   1.9335399e-01   5.4438095e+01   4.3906041e+01   6.3138183e+01   5.2913437e+01   2.6225722e+01   6.0564036e+01   2.6276945e+01   3.7213381e+01   4.6419928e+01   3.5954319e+01   1.3973115e+01
   2.7342894e-01   3.6859911e+03   4.4463959e+03   9.2886474e+00   3.2321642e+01   4.7980259e+01   2.8001924e+03   6.5149601e+01   1.2290917e+02   2.1019336e-01   9.2224590e+01   4.8898135e+01   2.7040808e+03   2.5251072e+01   5.1241105e+01   3.3320464e+03   2.3082899e+01   6.6702984e+01   3.4879597e-01   2.7373317e+02   1.0243119e+02   9.2594465e+01   3.2452046e+01   1.5035296e+01   1.8905917e+01   5.7967759e+00   1.6848902e+01   4.1058145e+00   3.2716315e+01   2.1714032e+01   1.2882773e+01   9.1410241e-01   1.6154207e+01   5.4015149e+00   6.7665102e+00   3.2366665e+00   1.4758974e-02   5.7681877e-01   1.9335399e-01   5.4438095e+01   4.3906041e+01   6.3009977e+01   5.3113688e+01   2.6879846e+01   6.0512041e+01   2.5746020e+01   3.7234590e+01   4.6428401e+01   3.6037341e+01   1.3319969e+01
   2.7055426e-01   3.6150798e+03   4.4625446e+03   9.2788621e+00   3.2664877e+01   4.7805201e+01   2.7998333e+03   6.4964830e+01   1.2291496e+02   2.0552433e-01   9.2094669e+01   5.0944972e+01   2.7042183e+03   2.5380484e+01   5.0382817e+01   3.3314584e+03   2.2939272e+01   6.6720872e+01  -1.7799205e+00   2.7356271e+02   1.0244590e+02   9.2371922e+01   3.2107651e+01   1.4867472e+01   1.8541404e+01   6.0256649e+00   1.6324690e+01   4.0725945e+00   3.2823689e+01   2.1843196e+01   1.3229042e+01   8.1842953e-01   1.6653959e+01   5.4338069e+00   6.7170806e+00   3.2542690e+00   1.4758974e-02   5.7681877e-01   1.9335399e-01   5.4438095e+01   4.3906041e+01   6.2958287e+01   5.3201942e+01   2.6698818e+01   6.0522462e+01   2.5362191e+01   3.7225515e+01   4.6461481e+01   3.5926879e+01   1.3452679e+01
   2.6813657e-01   3.6663030e+03   4.4527313e+03   9.2021946e+00   3.2404078e+01   4.7542489e+01   2.8001551e+03   6.4898131e+01   1.2289335e+02   2.0578354e-01   9.2009412e+01   4.8960153e+01   2.7042584e+03   2.5412835e+01   4.9201800e+01   3.3315506e+03   2.2899723e+01   6.6665766e+01  -1.8583828e+00   2.7333746e+02   1.0245040e+02   9.2362982e+01   3.2450625e+01   1.4862087e+01   1.8608140e+01   6.0011655e+00   1.6439639e+01   4.0562161e+00   3.2572342e+01   2.1778194e+01   1.3156129e+01   8.2541560e-01   1.6455825e+01   5.4259001e+00   6.6648907e+00   3.2285924e+00   9.0593467e-03   5.7634417e-01   1.8547677e-01   5.3527989e+01   4.3772293e+01   6.2951844e+01   5.3164766e+01   2.6388578e+01   6.0633995e+01   2.5070310e+01   3.7211632e+01   4.6434366e+01   3.5889492e+01   1.4033325e+01
   2.6443732e-01   3.6635878e+03   4.4273264e+03   9.2495610e+00   3.2580912e+01   4.7618095e+01   2.8018919e+03   6.4422917e+01   1.2289632e+02   2.1083406e-01   9.2141195e+01   4.8732192e+01   2.7057897e+03   2.5438441e+01   4.8253606e+01   3.3326604e+03   2.2786221e+01   6.6685826e+01  -5.3842134e-01   2.7323198e+02   1.0243919e+02   9.2562062e+01   3.2589049e+01   1.4914497e+01   1.8894761e+01   5.9313487e+00   1.6384342e+01   4.0685128e+00   3.3060768e+01   2.1876867e+01   1.3124813e+01   8.4059708e-01   1.5616540e+01   5.4360568e+00   6.7745713e+00   3.2969507e+00   9.0593467e-03   5.7634417e-01   1.8547677e-01   5.3527989e+01   4.3772293e+01   6.2987537e+01   5.3075133e+01   2.6036970e+01   6.0602182e+01   2.5531184e+01   3.7212710e+01   4.6454846e+01   3.6001913e+01   1.4165378e+01
   2.6555421e-01   3.6711175e+03   4.4568869e+03   9.1805365e+00   3.2287743e+01   4.8071173e+01   2.7991868e+03   6.4511540e+01   1.2288279e+02   2.1391214e-01   9.2026651e+01   5.1348115e+01   2.7039197e+03   2.5300332e+01   4.9645596e+01   3.3311241e+03   2.3026840e+01   6.6714151e+01  -6.9102195e-01   2.7346435e+02   1.0245397e+02   9.2338378e+01   3.2222703e+01   1.5147124e+01   1.8612414e+01   5.9707707e+00   1.6573116e+01   4.0696040e+00   3.2839748e+01   2.1678913e+01   1.2739329e+01   9.3719471e-01   1.6199969e+01   5.3907887e+00   6.7018130e+00   3.2033811e+00   3.1341364e-02   5.7333468e-01   2.0083782e-01   5.4245817e+01   4.3310432e+01   6.3010478e+01   5.3043623e+01   2.6063385e+01   6.0417503e+01   2.5869274e+01   3.7212667e+01   4.6427762e+01   3.5884284e+01   1.1462786e+01
   2.6236034e-01   3.6817244e+03   4.4674499e+03   9.2662337e+00   3.2390377e+01   4.7455061e+01   2.7996162e+03   6.5177305e+01   1.2288715e+02   2.0870162e-01   9.2031228e+01   5.1347423e+01   2.7042211e+03   2.5164061e+01   4.9634695e+01   3.3311656e+03   2.3069741e+01   6.6708272e+01   1.2635172e+00   2.7307531e+02   1.0244376e+02   9.2380531e+01   3.2782850e+01   1.5093470e+01   1.9264572e+01   5.9894106e+00   1.6499556e+01   4.1030168e+00   3.2448997e+01   2.1752604e+01   1.2678778e+01   9.5718882e-01   1.6040793e+01   5.4016552e+00   6.6761823e+00   3.3015610e+00   3.1341364e-02   5.7333468e-01   2.0083782e-01   5.4245817e+01   4.3310432e+01   6.2954227e+01   5.3146565e+01   2.5982167e+01   6.0604467e+01   2.5581795e+01   3.7237432e+01   4.6462612e+01   3.5992063e+01   1.1871354e+01
   2.6531169e-01   3.6366787e+03   4.4597952e+03   9.1014455e+00   3.2161871e+01   4.7335164e+01   2.7991071e+03   6.5614612e+01   1.2290780e+02   2.0896595e-01   9.2129408e+01   5.0296242e+01   2.7039969e+03   2.5454361e+01   5.0975114e+01   3.3305611e+03   2.2794476e+01   6.6742270e+01  -7.4235813e-01   2.7351041e+02   1.0247774e+02   9.2453974e+01   3.1844551e+01   1.4925175e+01   1.8671663e+01   5.9774867e+00   1.6694064e+01   4.0889933e+00   3.2900604e+01   2.1709886e+01   1.3382390e+01   8.7186219e-01   1.6309756e+01   5.3750914e+00   6.7053994e+00   3.2505155e+00   3.1341364e-02   5.7333468e-01   2.0083782e-01   5.4245817e+01   4.3310432e+01   6.2902183e+01   5.3175224e+01   2.6311906e+01   6.0323123e+01   2.5360771e+01   3.7228229e+01   4.6438391e+01   3.5947881e+01   1.4834263e+01
   2.6901668e-01   3.6421344e+03   4.4205886e+03   9.1782885e+00   3.2419918e+01   4.7425782e+01   2.7996121e+03   6.5187105e+01   1.2289878e+02   2.0428309e-01   9.2106735e+01   4.7920759e+01   2.7046128e+03   2.5070585e+01   5.0722017e+01   3.3317369e+03   2.2746472e+01   6.6679662e+01   8.8382427e-01   2.7361015e+02   1.0247166e+02   9.2546676e+01   3.2285539e+01   1.4985446e+01   1.8491823e+01   6.0589903e+00   1.6843306e+01   4.0023124e+00   3.2299942e+01   2.1741874e+01   1.3053150e+01   7.8643379e-01   1.6186326e+01   5.3870756e+00   6.7039202e+00   3.2408058e+00   2.4291597e-02   5.8712472e-01   1.8180720e-01   5.3981156e+01   4.3901632e+01   6.2905209e+01   5.3163920e+01   2.6448851e+01   6.0616373e+01   2.4655177e+01   3.7241687e+01   4.6449235e+01   3.6021637e+01   1.1506952e+01
   2.6498205e-01   3.6786814e+03   4.4274013e+03   9.2823209e+00   3.2602514e+01   4.7750294e+01   2.8017348e+03   6.4371854e+01   1.2290934e+02   1.9965151e-01   9.2155680e+01   5.0190721e+01   2.7058615e+03   2.5080793e+01   4.8881524e+01   3.3329585e+03   2.2852588e+01   6.6676351e+01   8.9229853e-01   2.7358653e+02   1.0245382e+02   9.2737550e+01   3.2673979e+01   1.4745749e+01   1.8537263e+01   6.1083929e+00   1.6869299e+01   4.1102444e+00   3.2815331e+01   2.1564113e+01   1.3140933e+01   8.2647562e-01   1.5998795e+01   5.3746939e+00   6.8003551e+00   3.2665597e+00   2.4291597e-02   5.8712472e-01   1.8180720e-01   5.3981156e+01   4.3901632e+01   6.2908482e+01   5.3130403e+01   2.5988941e+01   6.0659597e+01   2.4693119e+01   3.7252090e+01   4.6415002e+01   3.5939557e+01   1.5448819e+01
   2.5868400e-01   3.6406725e+03   4.4488450e+03   9.2053215e+00   3.2402285e+01   4.7789613e+01   2.7995365e+03   6.4939139e+01   1.2288075e+02   2.0516936e-01   9.1943791e+01   5.0611442e+01   2.7043207e+03   2.5353981e+01   5.0431687e+01   3.3322585e+03   2.3050026e+01   6.6670226e+01  -7.5161629e-02   2.7350090e+02   1.0248695e+02   9.2321667e+01   3.2236630e+01   1.4942448e+01   1.8666846e+01   5.6613276e+00   1.7046011e+01   4.0826054e+00   3.2757076e+01   2.1869886e+01   1.2805225e+01   9.9782762e-01   1.5801163e+01   5.3676383e+00   6.7291537e+00   3.2791697e+00   1.3234402e-02   5.6173752e-01   1.7366835e-01   5.3193864e+01   4.4614950e+01   6.2943095e+01   5.3163921e+01   2.5489803e+01   6.0677326e+01   2.5191461e+01   3.7241255e+01   4.6467079e+01   3.6037115e+01   1.1471324e+01
   2.5878124e-01   3.6793120e+03   4.3937008e+03   9.2079008e+00   3.2625595e+01   4.7774718e+01   2.8007110e+03   6.4705769e+01   1.2290889e+02   2.0818575e-01   9.2035965e+01   5.2185432e+01   2.7046770e+03   2.5325941e+01   4.9628315e+01   3.3325352e+03   2.2777675e+01   6.6654482e+01   1.4968406e-01   2.7308872e+02   1.0247465e+02   9.2448959e+01   3.2352854e+01   1.4955654e+01   1.8303292e+01   6.0773883e+00   1.6236599e+01   4.0671492e+00   3.2555002e+01   2.1767435e+01   1.3220145e+01   8.6220606e-01   1.5970921e+01   5.3719024e+00   6.7190848e+00   3.2148146e+00   1.3234402e-02   5.6173752e-01   1.7366835e-01   5.3193864e+01   4.4614950e+01   6.3017011e+01   5.3059901e+01   2.5630806e+01   6.0563259e+01   2.5551269e+01   3.7221176e+01   4.6434229e+01   3.5925816e+01   1.1484265e+01
   2.5591419e-01   3.6347323e+03   4.4055235e+03   9.2989373e+00   3.2354907e+01   4.8115699e+01   2.8016061e+03   6.4557785e+01   1.2291689e+02   2.1326650e-01   9.2169038e+01   4.9551979e+01   2.7060651e+03   2.5217213e+01   5.2778144e+01   3.3344195e+03   2.2990093e+01   6.6683020e+01  -6.3752094e-01   2.7323581e+02   1.0243086e+02   9.2349136e+01   3.2457853e+01   1.4966026e+01   1.8717988e+01   6.0036498e+00   1.6959150e+01   4.1334400e+00   3.3009129e+01   2.1756632e+01   1.2969506e+01   9.2430609e-01   1.6186810e+01   5.4329361e+00   6.6084332e+00   3.2345373e+00   1.3234402e-02   5.6173752e-01   1.7366835e-01   5.3193864e+01   4.4614950e+01   6.3056947e+01   5.3004889e+01   2.5151464e+01   6.0734007e+01   2.6095554e+01   3.7222521e+01   4.6435538e+01   3.6027210e+01   9.6122536e+00
   2.5537926e-01   3.6434414e+03   4.4537600e+03   9.2807176e+00   3.2374016e+01   4.7824667e+01   2.8006054e+03   6.4156053e+01   1.2291585e+02   2.1368663e-01   9.2144214e+01   5.0752335e+01   2.7057090e+03   2.5315801e+01   5.0091249e+01   3.3328154e+03   2.2844116e+01   6.6662719e+01   3.9274765e-01   2.7351698e+02   1.0246177e+02   9.2794713e+01   3.2103501e+01   1.4905480e+01   1.9011235e+01   5.9973789e+00   1.6479003e+01   4.0669258e+00   3.3113438e+01   2.1688954e+01   1.3182486e+01   7.5163583e-01   1.5937344e+01   5.4484386e+00   6.7311249e+00   3.2493439e+00   6.6772022e-03   5.7558967e-01   2.0268430e-01   5.4324826e+01   4.2983874e+01   6.3038124e+01   5.3087508e+01   2.5271740e+01   6.0538572e+01   2.6039889e+01   3.7240847e+01   4.6453300e+01   3.6014023e+01   1.1686260e+01
   2.6573129e-01   3.6730418e+03   4.4523833e+03   9.2398374e+00   3.2587630e+01   4.7576196e+01   2.7991351e+03   6.3932610e+01   1.2288614e+02   2.0996702e-01   9.2017135e+01   4.8070655e+01   2.7036206e+03   2.5301641e+01   5.1237172e+01   3.3306004e+03   2.2946628e+01   6.6663418e+01  -9.8215211e-01   2.7327803e+02   1.0248615e+02   9.2345678e+01   3.2038342e+01   1.4887588e+01   1.8524816e+01   5.9882058e+00   1.6261439e+01   4.0664008e+00   3.2710511e+01   2.1822801e+01   1.2808267e+01   7.7112199e-01   1.6196521e+01   5.3817574e+00   6.7658120e+00   3.2675889e+00   6.6772022e-03   5.7558967e-01   2.0268430e-01   5.4324826e+01   4.2983874e+01   6.2966542e+01   5.3170240e+01   2.5922936e+01   6.0513448e+01   2.5791300e+01   3.7254380e+01   4.6453503e+01   3.5850116e+01   1.1864096e+01
   2.6289454e-01   3.6531924e+03   4.4655070e+03   9.2704344e+00   3.2189272e+01   4.7600001e+01   2.8000399e+03   6.4835009e+01   1.2289468e+02   2.0639800e-01   9.2039393e+01   5.1333542e+01   2.7037823e+03   2.5317504e+01   4.9650344e+01   3.3318312e+03   2.2917765e+01   6.6669728e+01   7.4081185e-01   2.7316949e+02   1.0246303e+02   9.2265110e+01   3.1962518e+01   1.4980291e+01   1.8815039e+01   5.9000895e+00   1.6552529e+01   4.0526061e+00   3.3144220e+01   2.1779605e+01   1.3611593e+01   1.0755545e+00   1.6131624e+01   5.4553852e+00   6.7190985e+00   3.3195388e+00   9.4981529e-04   5.7501474e-01   1.7502265e-01   5.4579740e+01   4.4105996e+01   6.2918597e+01   5.3218748e+01   2.5746466e+01   6.0713106e+01   2.5641624e+01   3.7237494e+01   4.6455338e+01   3.5894606e+01   1.4214091e+01
   2.6539449e-01   3.6206000e+03   4.4578780e+03   9.2190409e+00   3.2309408e+01   4.7744965e+01   2.8004066e+03   6.5392938e+01   1.2289210e+02   2.1010241e-01   9.2019010e+01   5.0642558e+01   2.7052850e+03   2.5112234e+01   5.0237489e+01   3.3318932e+03   2.2992916e+01   6.6644892e+01   6.9027954e-01   2.7300320e+02   1.0248653e+02   9.2333503e+01   3.2652901e+01   1.4926421e+01   1.9037263e+01   5.9636529e+00   1.7022506e+01   4.1043273e+00   3.2679308e+01   2.1680262e+01   1.3082523e+01   8.0528340e-01   1.6041101e+01   5.3925334e+00   6.6776750e+00   3.3537573e+00   9.4981529e-04   5.7501474e-01   1.7502265e-01   5.4579740e+01   4.4105996e+01   6.2876949e+01   5.3261910e+01   2.6041218e+01   6.0588451e+01   2.5501825e+01   3.7258586e+01   4.6462443e+01   3.5954057e+01   1.3015490e+01
   2.6584491e-01   3.6511582e+03   4.4646048e+03   9.2221370e+00   3.2367220e+01   4.7865940e+01   2.8004392e+03   6.5460816e+01   1.2292203e+02   2.0621138e-01   9.2071749e+01   4.9188517e+01   2.7046810e+03   2.5282432e+01   5.0377836e+01   3.3321836e+03   2.2871824e+01   6.6652394e+01   8.1969986e-01   2.7275099e+02   1.0248474e+02   9.2435593e+01   3.2162748e+01   1.4845347e+01   1.8521278e+01   5.9562781e+00   1.6650544e+01   4.0482775e+00   3.3189931e+01   2.1846974e+01   1.2927904e+01   9.0022401e-01   1.6154026e+01   5.4030997e+00   6.6605465e+00   3.2597504e+00   9.4981529e-04   5.7501474e-01   1.7502265e-01   5.4579740e+01   4.4105996e+01   6.2838198e+01   5.3290312e+01   2.6000493e+01   6.0478217e+01   2.5703169e+01   3.7232473e+01   4.6466931e+01   3.6042978e+01   1.3397812e+01
   2.6177798e-01   3.6376651e+03   4.4442665e+03   9.1900637e+00   3.2498037e+01   4.7554705e+01   2.8020062e+03   6.4865982e+01   1.2290669e+02   2.1242948e-01   9.2141191e+01   4.8934458e+01   2.7060846e+03   2.5153936e+01   4.9159022e+01   3.3337830e+03   2.2757520e+01   6.6664149e+01  -5.1810934e-01   2.7311720e+02   1.0247987e+02   9.2613465e+01   3.2330956e+01   1.4832686e+01   1.8516861e+01   6.0113445e+00   1.6698957e+01   4.0648922e+00   3.2730629e+01   2.1898806e+01   1.3454559e+01   8.9011085e-01   1.6145688e+01   5.4107679e+00   6.6133317e+00   3.3487763e+00  -9.5709102e-04   5.5950942e-01   1.8657113e-01   5.4211152e+01   4.4017838e+01   6.2818007e+01   5.3276802e+01   2.5683317e+01   6.0679178e+01   2.6112890e+01   3.7195570e+01   4.6428907e+01   3.6068251e+01   1.2419753e+01
   2.5838478e-01   3.6597215e+03   4.4226128e+03   9.2375763e+00   3.2450309e+01   4.7298601e+01   2.8008266e+03   6.4809752e+01   1.2289697e+02   2.1938499e-01   9.1975932e+01   5.1979015e+01   2.7051665e+03   2.5312737e+01   4.8649063e+01   3.3333130e+03   2.2823782e+01   6.6618534e+01  -4.5955119e-01   2.7328213e+02   1.0249703e+02   9.2496775e+01   3.2014197e+01   1.4833545e+01   1.8847622e+01   5.9657875e+00   1.6667864e+01   4.0790654e+00   3.2814307e+01   2.1795406e+01   1.2924976e+01   8.1312205e-01   1.6353783e+01   5.4016266e+00   6.6754727e+00   3.3323491e+00  -9.5709102e-04   5.5950942e-01   1.8657113e-01   5.4211152e+01   4.4017838e+01   6.2836429e+01   5.3236570e+01   2.5364747e+01   6.0660887e+01   2.6653227e+01   3.7232482e+01   4.6425899e+01   3.6011131e+01   1.4513187e+01
   2.5998777e-01   3.6621862e+03   4.4033546e+03   9.2093504e+00   3.2595888e+01   4.7348648e+01   2.8015465e+03   6.4818071e+01   1.2289653e+02   2.2148807e-01   9.2033474e+01   4.8279569e+01   2.7056451e+03   2.5266495e+01   5.1117259e+01   3.3331106e+03   2.2658044e+01   6.6640815e+01  -1.9689333e+00   2.7296346e+02   1.0247570e+02   9.2290588e+01   3.2081680e+01   1.4844713e+01   1.8435750e+01   5.9180023e+00   1.6961640e+01   4.1348310e+00   3.2728991e+01   2.1641848e+01   1.3299723e+01   9.2035373e-01   1.6287732e+01   5.4402296e+00   6.6834223e+00   3.3264620e+00   1.5177827e-02   5.6812726e-01   1.8704148e-01   5.4741643e+01   4.4106966e+01   6.2839576e+01   5.3229979e+01   2.5779315e+01   6.0571333e+01   2.7195442e+01   3.7208831e+01   4.6410410e+01   3.5912825e+01   1.4481385e+01
   2.5946259e-01   3.6386871e+03   4.4899596e+03   9.2845218e+00   3.2408084e+01   4.7784466e+01   2.8012050e+03   6.5118545e+01   1.2288869e+02   2.2465501e-01   9.2024065e+01   4.9821946e+01   2.7054716e+03   2.5340186e+01   4.9235772e+01   3.3337164e+03   2.2764807e+01   6.6603386e+01   4.5821447e-02   2.7301180e+02   1.0246415e+02   9.2363477e+01   3.2216546e+01   1.4952970e+01   1.8520427e+01   6.0083986e+00   1.6538482e+01   4.0588213e+00   3.2500362e+01   2.1904577e+01   1.3420203e+01   8.5337184e-01   1.6483746e+01   5.4218087e+00   6.7187318e+00   3.3358270e+00   1.5177827e-02   5.6812726e-01   1.8704148e-01   5.4741643e+01   4.4106966e+01   6.2773824e+01   5.3329786e+01   2.5471638e+01   6.0781310e+01   2.7503239e+01   3.7209970e+01   4.6429198e+01   3.5839861e+01   1.3258210e+01
   2.5631098e-01   3.6545406e+03   4.4820613e+03   9.2600763e+00   3.2359206e+01   4.7515930e+01   2.8011909e+03   6.5426799e+01   1.2289531e+02   2.3015562e-01   9.2023746e+01   5.1938091e+01   2.7058118e+03   2.5495583e+01   5.0334409e+01   3.3335514e+03   2.2853868e+01   6.6623140e+01  -4.4348070e-01   2.7299602e+02   1.0247679e+02   9.2350562e+01   3.1874324e+01   1.4948912e+01   1.8729655e+01   5.9441878e+00   1.6738498e+01   4.0920519e+00   3.2873010e+01   2.1823120e+01   1.3155747e+01   8.2306127e-01   1.6149966e+01   5.3920304e+00   6.6997186e+00   3.3006335e+00   1.5177827e-02   5.6812726e-01   1.8704148e-01   5.4741643e+01   4.4106966e+01   6.2733790e+01   5.3341803e+01   2.5271825e+01   6.0682652e+01   2.8191359e+01   3.7230149e+01   4.6404179e+01   3.5952972e+01   1.3657234e+01
   2.6042767e-01   3.6489465e+03   4.4565219e+03   9.1887995e+00   3.2699507e+01   4.7840564e+01   2.8018607e+03   6.5277593e+01   1.2288920e+02   2.3191564e-01   9.2064396e+01   4.9182523e+01   2.7054550e+03   2.5392432e+01   5.0406432e+01   3.3333458e+03   2.3011715e+01   6.6597024e+01  -2.2843415e+00   2.7309354e+02   1.0249730e+02   9.2555456e+01   3.2831039e+01   1.4880834e+01   1.8799989e+01   5.8471180e+00   1.6723464e+01   4.0858555e+00   3.2477540e+01   2.1715404e+01   1.3143281e+01   8.8107859e-01   1.6210709e+01   5.4026137e+00   6.6538008e+00   3.2065229e+00  -8.3226274e-03   6.0062008e-01   1.8725006e-01   5.4038268e+01   4.3600210e+01   6.2740245e+01   5.3325347e+01   2.5638744e+01   6.0679921e+01   2.8495395e+01   3.7226089e+01   4.6410647e+01   3.5940200e+01   1.2897818e+01
   2.5808675e-01   3.6686542e+03   4.4788101e+03   9.1983537e+00   3.2328622e+01   4.7521210e+01   2.8000186e+03   6.4068403e+01   1.2290264e+02   2.3387678e-01   9.2011997e+01   5.0326559e+01   2.7043356e+03   2.5252677e+01   5.0883109e+01   3.3321372e+03   2.2822778e+01   6.6631398e+01  -2.2316778e-01   2.7320038e+02   1.0249745e+02   9.2359045e+01   3.2495458e+01   1.4814805e+01   1.8599896e+01   6.0050773e+00   1.6926297e+01   4.0725600e+00   3.2955701e+01   2.1716428e+01   1.3250160e+01   8.7084158e-01   1.6289443e+01   5.4005030e+00   6.6383056e+00   3.3058977e+00  -8.3226274e-03   6.0062008e-01   1.8725006e-01   5.4038268e+01   4.3600210e+01   6.2798519e+01   5.3263894e+01   2.5259208e+01   6.0568797e+01   2.8797669e+01   3.7205999e+01   4.6425951e+01   3.5903491e+01   1.5351837e+01
   2.5309702e-01   3.6493754e+03   4.4598711e+03   9.3156028e+00   3.2224261e+01   4.7668889e+01   2.8002467e+03   6.4556583e+01   1.2289995e+02   2.3446391e-01   9.2060777e+01   5.0576695e+01   2.7046330e+03   2.5526891e+01   4.8099424e+01   3.3319435e+03   2.2979948e+01   6.6679086e+01   5.0045648e-01   2.7271952e+02   1.0248565e+02   9.2124262e+01   3.2032779e+01   1.4926063e+01   1.8355462e+01   5.8777181e+00   1.6582090e+01   4.0368362e+00   3.2264996e+01   2.1456406e+01   1.3076167e+01   9.5969946e-01   1.6185306e+01   5.4090719e+00   6.8137792e+00   3.2248740e+00   1.2895188e-02   5.8284941e-01   2.0668599e-01   5.3346300e+01   4.4095967e+01   6.2798944e+01   5.3267692e+01   2.4994521e+01   6.0634380e+01   2.8934857e+01   3.7189925e+01   4.6411874e+01   3.5882187e+01   1.3819714e+01
   2.5215043e-01   3.6444576e+03   4.4325567e+03   9.2199308e+00   3.2681694e+01   4.7916937e+01   2.7999723e+03   6.5093322e+01   1.2289566e+02   2.3298236e-01   9.2093808e+01   5.0866716e+01   2.7047798e+03   2.5336359e+01   5.0499790e+01   3.3323943e+03   2.2926444e+01   6.6636002e+01   1.6525632e-01   2.7286789e+02   1.0246382e+02   9.2339355e+01   3.2012790e+01   1.4916007e+01   1.8455030e+01   5.9445973e+00   1.6703495e+01   4.0541156e+00   3.2846543e+01   2.1853920e+01   1.3174830e+01   9.1005827e-01   1.6003253e+01   5.4003545e+00   6.6732216e+00   3.2006266e+00   1.2895188e-02   5.8284941e-01   2.0668599e-01   5.3346300e+01   4.4095967e+01   6.2901979e+01   5.3157407e+01   2.4837966e+01   6.0821653e+01   2.8674343e+01   3.7197545e+01   4.6416108e+01   3.5902356e+01   1.3865528e+01
   2.5255440e-01   3.6867231e+03   4.4006238e+03   9.2745928e+00   3.2343508e+01   4.7427637e+01   2.7996231e+03   6.6051952e+01   1.2291455e+02   2.3348040e-01   9.2063848e+01   4.9288417e+01   2.7044941e+03   2.5177280e+01   5.0130912e+01   3.3321199e+03   2.2807732e+01   6.6600183e+01  -1.5635781e+00   2.7272430e+02   1.0245123e+02   9.2499690e+01   3.1894916e+01   1.4883199e+01   1.8737167e+01   6.1861160e+00   1.6839508e+01   4.1141317e+00   3.2476888e+01   2.1848029e+01   1.3090653e+01   8.8140404e-01   1.5962114e+01   5.3798683e+00   6.7348732e+00   3.2929564e+00   1.2895188e-02   5.8284941e-01   2.0668599e-01   5.3346300e+01   4.4095967e+01   6.2939373e+01   5.3103264e+01   2.4856144e+01   6.0789128e+01   2.8411471e+01   3.7208979e+01   4.6407623e+01   3.5907586e+01   1.3501474e+01
   2.5763103e-01   3.6681810e+03   4.4727062e+03   9.2563093e+00   3.2464752e+01   4.7306703e+01   2.7994813e+03   6.3810848e+01   1.2290291e+02   2.3299993e-01   9.2040543e+01   4.8148830e+01   2.7036936e+03   2.5101559e+01   5.2090431e+01   3.3306827e+03   2.3107325e+01   6.6591937e+01  -1.4043706e+00   2.7294660e+02   1.0246618e+02   9.2362693e+01   3.2459496e+01   1.4882375e+01   1.8584141e+01   5.9783160e+00   1.7248049e+01   4.0622450e+00   3.2750170e+01   2.1635412e+01   1.3182040e+01   7.3762525e-01   1.6047352e+01   5.3750147e+00   6.6577272e+00   3.2514960e+00   1.0158711e-02   5.6995763e-01   1.6825903e-01   5.4536891e+01   4.4718930e+01   6.2892121e+01   5.3208000e+01   2.5286320e+01   6.0736408e+01   2.8125831e+01   3.7194118e+01   4.6429563e+01   3.5951927e+01   1.2250250e+01
   2.5342395e-01   3.6383583e+03   4.4336865e+03   9.1725181e+00   3.2359776e+01   4.7935119e+01   2.7996873e+03   6.4726435e+01   1.2287876e+02   2.2641050e-01   9.2091835e+01   4.8783049e+01   2.7046873e+03   2.5563111e+01   4.9373554e+01   3.3314828e+03   2.2855496e+01   6.6595719e+01   4.3398110e-01   2.7334822e+02   1.0247213e+02   9.2566680e+01   3.2261364e+01   1.4812638e+01   1.8911492e+01   5.9316181e+00   1.6322750e+01   4.0571286e+00   3.2382048e+01   2.1697977e+01   1.2969095e+01   8.2934496e-01   1.5821820e+01   5.3754155e+00   6.6303783e+00   3.1806429e+00   1.0158711e-02   5.6995763e-01   1.6825903e-01   5.4536891e+01   4.4718930e+01   6.2806900e+01   5.3289224e+01   2.4927242e+01   6.0673057e+01   2.7602112e+01   3.7200551e+01   4.6417180e+01   3.5953292e+01   1.2179418e+01
   2.5638450e-01   3.6602937e+03   4.4806403e+03   9.1919863e+00   3.2263100e+01   4.7169478e+01   2.7990637e+03   6.4656011e+01   1.2289465e+02   2.2478631e-01   9.1974645e+01   5.1314354e+01   2.7031231e+03   2.5275664e+01   5.0264968e+01   3.3303549e+03   2.2790666e+01   6.6653257e+01  -1.1135334e+00   2.7246072e+02   1.0247133e+02   9.2139001e+01   3.2124736e+01   1.5034793e+01   1.9247100e+01   5.9423824e+00   1.7037811e+01   4.0642591e+00   3.2285340e+01   2.1806282e+01   1.3375910e+01   8.8896017e-01   1.5867508e+01   5.4019693e+00   6.7266580e+00   3.2436423e+00  -2.7538310e-03   5.8401360e-01   1.8101458e-01   5.4947090e+01   4.3082012e+01   6.2751906e+01   5.3334042e+01   2.5236485e+01   6.0533145e+01   2.7481656e+01   3.7187147e+01   4.6401837e+01   3.5796072e+01   1.1750864e+01
   2.6430843e-01   3.6536528e+03   4.4495118e+03   9.3188387e+00   3.2526811e+01   4.7845443e+01   2.7983437e+03   6.5378072e+01   1.2289957e+02   2.1629876e-01   9.2091548e+01   5.1447463e+01   2.7034478e+03   2.5318115e+01   5.0673536e+01   3.3306186e+03   2.2887830e+01   6.6657557e+01   1.1230080e-01   2.7246875e+02   1.0250683e+02   9.2224418e+01   3.2548026e+01   1.4859424e+01   1.8778803e+01   5.9010258e+00   1.6462554e+01   4.0961487e+00   3.2713630e+01   2.1766581e+01   1.3372737e+01   8.1043009e-01   1.6304372e+01   5.3669824e+00   6.6496694e+00   3.1841707e+00  -2.7538310e-03   5.8401360e-01   1.8101458e-01   5.4947090e+01   4.3082012e+01   6.2703154e+01   5.3402804e+01   2.5920079e+01   6.0450970e+01   2.6963182e+01   3.7182019e+01   4.6397983e+01   3.5890795e+01   1.2912199e+01
   2.5923394e-01   3.6398478e+03   4.4193749e+03   9.2364170e+00   3.2204277e+01   4.7658793e+01   2.7993607e+03   6.4766207e+01   1.2291129e+02   2.1619811e-01   9.2047323e+01   4.9646946e+01   2.7034797e+03   2.5373846e+01   5.0595908e+01   3.3306906e+03   2.2729737e+01   6.6632130e+01   2.2558156e+00   2.7286120e+02   1.0250750e+02   9.2274781e+01   3.1892021e+01   1.4707925e+01   1.8522578e+01   6.1548728e+00   1.6431422e+01   4.0672698e+00   3.2570635e+01   2.1753396e+01   1.3139948e+01   1.0718039e+00   1.6265353e+01   5.3791494e+00   6.6970126e+00   3.2814620e+00  -2.7538310e-03   5.8401360e-01   1.8101458e-01   5.4947090e+01   4.3082012e+01   6.2682269e+01   5.3446410e+01   2.5474352e+01   6.0559983e+01   2.6308999e+01   3.7228123e+01   4.6418319e+01   3.5904391e+01   1.3280615e+01
   2.5543566e-01   3.6636203e+03   4.4456115e+03   9.2537099e+00   3.2450213e+01   4.7483378e+01   2.7998693e+03   6.4535176e+01   1.2292190e+02   2.1331453e-01   9.2012224e+01   4.9118636e+01   2.7046118e+03   2.5210800e+01   5.0449674e+01   3.3322511e+03   2.2831631e+01   6.6628756e+01  -3.1705024e+00   2.7251570e+02   1.0250438e+02   9.2263145e+01   3.2080137e+01   1.4919122e+01   1.8609011e+01   5.9217722e+00   1.6331981e+01   4.0795434e+00   3.2899033e+01   2.1592906e+01   1.3433285e+01   8.6930580e-01   1.6251186e+01   5.3785159e+00   6.6491923e+00   3.3232410e+00   8.7154348e-03   5.6142051e-01   1.6098705e-01   5.3966895e+01   4.4104180e+01   6.2701223e+01   5.3407477e+01   2.5363586e+01   6.0809687e+01   2.6144852e+01   3.7234595e+01   4.6421634e+01   3.5892642e+01   1.3511324e+01
   2.5631637e-01   3.6595363e+03   4.4613996e+03   9.3310532e+00   3.2319446e+01   4.7493309e+01   2.8002206e+03   6.5830959e+01   1.2290066e+02   2.1563472e-01   9.1972585e+01   5.0802938e+01   2.7050078e+03   2.5234440e+01   5.0800923e+01   3.3330664e+03   2.3001123e+01   6.6593915e+01   5.1522581e-01   2.7322162e+02   1.0249187e+02   9.2520442e+01   3.2086936e+01   1.4694052e+01   1.8650018e+01   6.0446711e+00   1.6788237e+01   4.0957698e+00   3.2603643e+01   2.1472066e+01   1.3746600e+01   8.5036352e-01   1.6188458e+01   5.3597285e+00   6.6308598e+00   3.2737744e+00   8.7154348e-03   5.6142051e-01   1.6098705e-01   5.3966895e+01   4.4104180e+01   6.2749314e+01   5.3336993e+01   2.5263395e+01   6.0768411e+01   2.6477137e+01   3.7210770e+01   4.6452431e+01   3.5910415e+01   1.3156050e+01
   2.5499927e-01   3.6722371e+03   4.4686185e+03   9.2467106e+00   3.2520843e+01   4.7685923e+01   2.8010382e+03   6.5370398e+01   1.2290274e+02   2.1702380e-01   9.2000682e+01   4.8324069e+01   2.7051686e+03   2.5352358e+01   4.8865125e+01   3.3323810e+03   2.2929494e+01   6.6549509e+01   4.5200167e-01   2.7283371e+02   1.0248313e+02   9.2317296e+01   3.2135357e+01   1.4795804e+01   1.8761213e+01   6.2116500e+00   1.6574653e+01   4.0235511e+00   3.2292303e+01   2.1686674e+01   1.3478838e+01   1.1360686e+00   1.5747379e+01   5.3914672e+00   6.6588022e+00   3.1820383e+00   2.8746597e-03   5.7545559e-01   1.8820791e-01   5.3636722e+01   4.3005079e+01   6.2766386e+01   5.3264726e+01   2.5232574e+01   6.0666939e+01   2.6829399e+01   3.7191894e+01   4.6417890e+01   3.5897749e+01   1.4648481e+01
   2.5735324e-01   3.6607407e+03   4.4298798e+03   9.2573171e+00   3.2412481e+01   4.7654450e+01   2.8000918e+03   6.5518637e+01   1.2291277e+02   2.2051133e-01   9.1922220e+01   5.0173859e+01   2.7047396e+03   2.5236046e+01   5.1416566e+01   3.3320345e+03   2.2935601e+01   6.6584314e+01   2.5991462e+00   2.7280291e+02   1.0248511e+02   9.2486740e+01   3.2125444e+01   1.4981818e+01   1.9123466e+01   6.1414730e+00   1.6610544e+01   4.0459373e+00   3.2429266e+01   2.1631394e+01   1.3410648e+01   9.1639592e-01   1.6102360e+01   5.3460821e+00   6.6413106e+00   3.2569816e+00   2.8746597e-03   5.7545559e-01   1.8820791e-01   5.3636722e+01   4.3005079e+01   6.2811650e+01   5.3232647e+01   2.5316530e+01   6.0678135e+01   2.6981174e+01   3.7192938e+01   4.6394927e+01   3.5911792e+01   8.7908255e+00
   2.6167970e-01   3.6519706e+03   4.4892874e+03   9.2788848e+00   3.2484773e+01   4.7291867e+01   2.7989638e+03   6.4930251e+01   1.2290651e+02   2.2249063e-01   9.1905972e+01   4.9086990e+01   2.7033894e+03   2.5297368e+01   4.9075351e+01   3.3307691e+03   2.2963194e+01   6.6622074e+01   1.8487266e-01   2.7218760e+02   1.0246264e+02   9.2025644e+01   3.1661419e+01   1.4797673e+01   1.9132711e+01   6.0352657e+00   1.6532513e+01   4.0525368e+00   3.2613800e+01   2.1638950e+01   1.3234892e+01   8.5979839e-01   1.6277427e+01   5.4263191e+00   6.6684092e+00   3.2001860e+00   2.8746597e-03   5.7545559e-01   1.8820791e-01   5.3636722e+01   4.3005079e+01   6.2841173e+01   5.3219471e+01   2.5808265e+01   6.0480330e+01   2.7095539e+01   3.7208854e+01   4.6414446e+01   3.5878188e+01   1.2397801e+01
   2.6862159e-01   3.6528669e+03   4.4532296e+03   9.1753910e+00   3.2675714e+01   4.7608512e+01   2.7990545e+03   6.4947067e+01   1.2290806e+02   2.2033839e-01   9.2024813e+01   5.0504056e+01   2.7038013e+03   2.5301882e+01   5.0640272e+01   3.3317560e+03   2.3015481e+01   6.6620501e+01   2.3393012e-01   2.7282237e+02   1.0248356e+02   9.2199151e+01   3.2021546e+01   1.4906175e+01   1.8757431e+01   5.9965774e+00   1.6660543e+01   4.0620026e+00   3.2696524e+01   2.1692794e+01   1.3324838e+01   9.7069624e-01   1.5923457e+01   5.4161112e+00   6.6743840e+00   3.2882159e+00   1.5507423e-03   5.8156813e-01   1.9192637e-01   5.3721102e+01   4.4807711e+01   6.2847996e+01   5.3225326e+01   2.6468493e+01   6.0550236e+01   2.6655916e+01   3.7224869e+01   4.6434071e+01   3.5987389e+01   1.0622125e+01
   2.6447102e-01   3.6462259e+03   4.4413079e+03   9.3520907e+00   3.2667522e+01   4.7150159e+01   2.7993416e+03   6.5092423e+01   1.2289860e+02   2.0966347e-01   9.2024619e+01   5.0088408e+01   2.7041182e+03   2.5093813e+01   4.9811352e+01   3.3314095e+03   2.2988742e+01   6.6598660e+01   3.8877463e-01   2.7227179e+02   1.0245363e+02   9.2260750e+01   3.2144922e+01   1.4904971e+01   1.8872198e+01   6.0229995e+00   1.6928877e+01   4.0226970e+00   3.3024934e+01   2.1657547e+01   1.3076165e+01   7.7944363e-01   1.6075635e+01   5.3527446e+00   6.6123723e+00   3.2855491e+00   1.5507423e-03   5.8156813e-01   1.9192637e-01   5.3721102e+01   4.4807711e+01   6.2852855e+01   5.3198602e+01   2.6171925e+01   6.0598313e+01   2.6125752e+01   3.7194628e+01   4.6396664e+01   3.5938070e+01   1.1446687e+01
   2.6550916e-01   3.6157369e+03   4.4117093e+03   9.4083887e+00   3.2463637e+01   4.7369549e+01   2.7987954e+03   6.5653344e+01   1.2289975e+02   2.1130905e-01   9.1907341e+01   5.1112524e+01   2.7035934e+03   2.5322231e+01   5.1617012e+01   3.3311279e+03   2.2959232e+01   6.6631538e+01   5.5435533e-01   2.7263200e+02   1.0244472e+02   9.2117948e+01   3.2187452e+01   1.4825898e+01   1.9024302e+01   6.0244856e+00   1.6695618e+01   4.0884160e+00   3.2023634e+01   2.1502524e+01   1.3378660e+01   9.5040224e-01   1.6126207e+01   5.3960353e+00   6.5577781e+00   3.2680839e+00   7.2546029e-03   5.7765246e-01   2.0361078e-01   5.3711199e+01   4.2909413e+01   6.2846424e+01   5.3229301e+01   2.6071944e+01   6.0563740e+01   2.6001176e+01   3.7226085e+01   4.6413143e+01   3.6041531e+01   1.4208511e+01
   2.6458185e-01   3.6608659e+03   4.4377625e+03   9.2384205e+00   3.2590028e+01   4.8053771e+01   2.8002748e+03   6.4818988e+01   1.2290761e+02   2.0865409e-01   9.2060482e+01   5.0603865e+01   2.7045240e+03   2.5244325e+01   4.9628503e+01   3.3323036e+03   2.2962842e+01   6.6594828e+01   1.3031236e+00   2.7297519e+02   1.0246978e+02   9.2385454e+01   3.1969773e+01   1.4851331e+01   1.9212531e+01   6.0238808e+00   1.6569249e+01   4.0412640e+00   3.3013074e+01   2.1553237e+01   1.3360996e+01   1.0332143e+00   1.6034275e+01   5.3845783e+00   6.6873851e+00   3.2166005e+00   7.2546029e-03   5.7765246e-01   2.0361078e-01   5.3711199e+01   4.2909413e+01   6.2856022e+01   5.3237003e+01   2.6185598e+01   6.0586225e+01   2.5563946e+01   3.7232136e+01   4.6423207e+01   3.5873187e+01   1.3802622e+01
   2.7018572e-01   3.6692663e+03   4.4159876e+03   9.1956490e+00   3.2588996e+01   4.7421756e+01   2.8006867e+03   6.4379224e+01   1.2292368e+02   2.0316104e-01   9.2095540e+01   4.8678705e+01   2.7052254e+03   2.5302660e+01   5.0080488e+01   3.3319360e+03   2.2664484e+01   6.6623844e+01   1.2155378e+00   2.7285073e+02   1.0244608e+02   9.2547500e+01   3.1975488e+01   1.4813891e+01   1.9395025e+01   5.9693621e+00   1.6319058e+01   4.0746712e+00   3.2397597e+01   2.1682695e+01   1.2987394e+01   8.4671307e-01   1.5811677e+01   5.3958980e+00   6.6421486e+00   3.3116611e+00   7.2546029e-03   5.7765246e-01   2.0361078e-01   5.3711199e+01   4.2909413e+01   6.2872976e+01   5.3230945e+01   2.6654425e+01   6.0498303e+01   2.5337891e+01   3.7200996e+01   4.6414053e+01   3.6047244e+01   1.4815428e+01
   2.7883479e-01   3.6365922e+03   4.4482107e+03   9.1904716e+00   3.1989582e+01   4.7489834e+01   2.7988469e+03   6.5280940e+01   1.2289526e+02   2.0144890e-01   9.1956128e+01   5.0251295e+01   2.7029866e+03   2.5201825e+01   4.9984261e+01   3.3297694e+03   2.2718449e+01   6.6618680e+01  -2.8865585e+00   2.7287357e+02   1.0247728e+02   9.2348698e+01   3.2188840e+01   1.4908600e+01   1.8687048e+01   5.9935942e+00   1.6640204e+01   4.0728024e+00   3.2264502e+01   2.1503012e+01   1.3560336e+01   9.8655747e-01   1.6246533e+01   5.3799734e+00   6.5991286e+00   3.2488992e+00  -5.4957364e-03   5.7742129e-01   1.9008223e-01   5.3677250e+01   4.4220219e+01   6.2866627e+01   5.3239640e+01   2.7188922e+01   6.0371582e+01   2.4806308e+01   3.7187039e+01   4.6417825e+01   3.5918262e+01   1.2012905e+01
   2.6858400e-01   3.6716461e+03   4.5150007e+03   9.2632244e+00   3.2221518e+01   4.7812131e+01   2.7981865e+03   6.4880643e+01   1.2288593e+02   1.9921758e-01   9.1853456e+01   4.8635833e+01   2.7034936e+03   2.5155890e+01   4.9835188e+01   3.3307445e+03   2.2847205e+01   6.6601079e+01  -5.3660859e-01   2.7217697e+02   1.0248414e+02   9.2130805e+01   3.1855038e+01   1.4823190e+01   1.8884323e+01   6.0368753e+00   1.6656930e+01   4.0867985e+00   3.2498590e+01   2.1601101e+01   1.3142132e+01   8.9451244e-01   1.6043062e+01   5.3732529e+00   6.6817342e+00   3.3683565e+00  -5.4957364e-03   5.7742129e-01   1.9008223e-01   5.3677250e+01   4.4220219e+01   6.2858753e+01   5.3208529e+01   2.6539839e+01   6.0623306e+01   2.4431923e+01   3.7173769e+01   4.6415885e+01   3.6057636e+01   1.1670728e+01
   2.7125948e-01   3.6325497e+03   4.4039265e+03   9.2746647e+00   3.2129290e+01   4.7663448e+01   2.8014492e+03   6.5867090e+01   1.2291740e+02   2.0078591e-01   9.2122436e+01   5.0277239e+01   2.7061980e+03   2.5151217e+01   4.9928613e+01   3.3328367e+03   2.2868942e+01   6.6603611e+01  -3.1484920e-01   2.7237608e+02   1.0244227e+02   9.2214390e+01   3.2401456e+01   1.4733127e+01   1.8832627e+01   6.0244556e+00   1.6708415e+01   4.0221210e+00   3.2291257e+01   2.1761032e+01   1.3133331e+01   7.1695707e-01   1.6551592e+01   5.3877902e+00   6.6501306e+00   3.2666600e+00  -9.3888585e-03   5.8343807e-01   1.8050979e-01   5.3552785e+01   4.4084841e+01   6.2861593e+01   5.3214107e+01   2.6657221e+01   6.0593307e+01   2.4538417e+01   3.7198432e+01   4.6417827e+01   3.6153573e+01   1.1456700e+01
   2.6760543e-01   3.6830057e+03   4.3987258e+03   9.2111838e+00   3.2397767e+01   4.7529398e+01   2.7993064e+03   6.5370999e+01   1.2287999e+02   2.0074623e-01   9.1853780e+01   5.1107761e+01   2.7043739e+03   2.5386759e+01   5.1596613e+01   3.3318806e+03   2.2856919e+01   6.6571293e+01   2.2582294e+00   2.7255703e+02   1.0247617e+02   9.2111326e+01   3.2482653e+01   1.4814955e+01   1.9521001e+01   6.0428808e+00   1.6629291e+01   4.0076674e+00   3.2513255e+01   2.1725805e+01   1.3173484e+01   8.8358189e-01   1.6123350e+01   5.3491512e+00   6.6333104e+00   3.2604409e+00  -9.3888585e-03   5.8343807e-01   1.8050979e-01   5.3552785e+01   4.4084841e+01   6.2899752e+01   5.3186897e+01   2.6303160e+01   6.0538828e+01   2.4709686e+01   3.7224779e+01   4.6423633e+01   3.6045808e+01   1.1207036e+01
   2.7314116e-01   3.6912730e+03   4.4231530e+03   9.1884763e+00   3.2478877e+01   4.7588885e+01   2.7991988e+03   6.4647055e+01   1.2288380e+02   1.9946115e-01   9.1968820e+01   4.9838476e+01   2.7036729e+03   2.5224412e+01   5.0110707e+01   3.3308648e+03   2.3094056e+01   6.6596134e+01  -7.6693400e-01   2.7302423e+02   1.0248931e+02   9.2161033e+01   3.2301337e+01   1.4889213e+01   1.8539590e+01   6.0003478e+00   1.6587162e+01   4.0799314e+00   3.1984351e+01   2.1621099e+01   1.3021805e+01   8.4633302e-01   1.6801291e+01   5.4051558e+00   6.6122175e+00   3.3242823e+00  -9.3888585e-03   5.8343807e-01   1.8050979e-01   5.3552785e+01   4.4084841e+01   6.2909387e+01   5.3186359e+01   2.6876279e+01   6.0357028e+01   2.4505332e+01   3.7244886e+01   4.6446373e+01   3.5839873e+01   1.5207678e+01
   2.6556209e-01   3.6546692e+03   4.4821003e+03   9.2593093e+00   3.1977906e+01   4.7750610e+01   2.7992660e+03   6.5939180e+01   1.2289637e+02   2.0088632e-01   9.1933403e+01   4.9513393e+01   2.7042511e+03   2.5248569e+01   5.0450891e+01   3.3320240e+03   2.2838246e+01   6.6582668e+01   1.0200859e+00   2.7293099e+02   1.0246570e+02   9.2246157e+01   3.2240072e+01   1.4803060e+01   1.9483394e+01   5.9328903e+00   1.6913492e+01   4.0552865e+00   3.2935026e+01   2.1723138e+01   1.3586304e+01   9.3411928e-01   1.6221547e+01   5.3548362e+00   6.6226338e+00   3.3075909e+00  -3.5322827e-03   5.7811107e-01   1.7776308e-01   5.4941398e+01   4.3421363e+01   6.2855791e+01   5.3293883e+01   2.6173907e+01   6.0695285e+01   2.4308349e+01   3.7255801e+01   4.6409443e+01   3.5888471e+01   1.1723878e+01
   2.7319294e-01   3.6596568e+03   4.4314821e+03   9.2439777e+00   3.2504407e+01   4.7370542e+01   2.8004733e+03   6.4943304e+01   1.2291056e+02   1.9497538e-01   9.2043751e+01   5.1594614e+01   2.7049176e+03   2.5364918e+01   4.9198225e+01   3.3324154e+03   2.2842974e+01   6.6582567e+01  -1.5988302e-01   2.7288024e+02   1.0247130e+02   9.2482296e+01   3.2149923e+01   1.4730367e+01   1.8562786e+01   5.9439389e+00   1.6723340e+01   4.0815439e+00   3.2476422e+01   2.1794708e+01   1.3462567e+01   6.3932465e-01   1.6088019e+01   5.4292544e+00   6.6965389e+00   3.2653403e+00  -3.5322827e-03   5.7811107e-01   1.7776308e-01   5.4941398e+01   4.3421363e+01   6.2747608e+01   5.3444418e+01   2.6968140e+01   6.0336560e+01   2.4262864e+01   3.7242192e+01   4.6452268e+01   3.5874837e+01   1.5163276e+01
   2.7047746e-01   3.6570250e+03   4.4756568e+03   9.2299223e+00   3.2527093e+01   4.7566573e+01   2.8015803e+03   6.5021966e+01   1.2291531e+02   1.9826395e-01   9.2025119e+01   4.9418010e+01   2.7057635e+03   2.5422215e+01   4.9130164e+01   3.3341388e+03   2.2976787e+01   6.6569492e+01   1.2459650e+00   2.7235811e+02   1.0246073e+02   9.2516294e+01   3.1932467e+01   1.4872729e+01   1.8889617e+01   5.9471029e+00   1.6684174e+01   4.0298454e+00   3.2568312e+01   2.1905738e+01   1.3343501e+01   1.0092603e+00   1.6489890e+01   5.4146485e+00   6.6656805e+00   3.2501845e+00   1.7007639e-02   5.8826089e-01   1.9281450e-01   5.3929292e+01   4.4274340e+01   6.2666739e+01   5.3467875e+01   2.6401876e+01   6.0643555e+01   2.4414592e+01   3.7231317e+01   4.6430764e+01   3.5944751e+01   7.7849559e+00
   2.7037408e-01   3.6416303e+03   4.4886013e+03   9.2258291e+00   3.2551390e+01   4.7765843e+01   2.8018318e+03   6.5389716e+01   1.2291411e+02   2.0610067e-01   9.1962409e+01   5.0392091e+01   2.7062162e+03   2.5222781e+01   4.9867578e+01   3.3340137e+03   2.2635479e+01   6.6557224e+01   1.6280240e-01   2.7306749e+02   1.0248740e+02   9.2400797e+01   3.2024367e+01   1.4835383e+01   1.8742461e+01   6.0034988e+00   1.6320933e+01   4.0583159e+00   3.2562933e+01   2.1711784e+01   1.3166032e+01   9.2768992e-01   1.6027330e+01   5.3560280e+00   6.7135154e+00   3.2988571e+00   1.7007639e-02   5.8826089e-01   1.9281450e-01   5.3929292e+01   4.4274340e+01   6.2693339e+01   5.3364690e+01   2.6634066e+01   6.0583005e+01   2.5062570e+01   3.7239040e+01   4.6410861e+01   3.6029912e+01   1.5531853e+01
   2.7109552e-01   3.6370319e+03   4.4484012e+03   9.3346861e+00   3.2472895e+01   4.7768097e+01   2.8018212e+03   6.5314212e+01   1.2290523e+02   2.0909013e-01   9.1924926e+01   4.8777820e+01   2.7061403e+03   2.5251203e+01   4.8827930e+01   3.3341167e+03   2.2819159e+01   6.6549672e+01   4.5704359e-01   2.7298881e+02   1.0248907e+02   9.2232339e+01   3.2001263e+01   1.4986755e+01   1.8981249e+01   5.8614240e+00   1.6316588e+01   4.0638553e+00   3.2741887e+01   2.1876235e+01   1.3109887e+01   7.5778820e-01   1.6184575e+01   5.3601007e+00   6.6553080e+00   3.2460426e+00   1.7007639e-02   5.8826089e-01   1.9281450e-01   5.3929292e+01   4.4274340e+01   6.2758665e+01   5.3327872e+01   2.6541976e+01   6.0581214e+01   2.5850015e+01   3.7211608e+01   4.6444831e+01   3.5778816e+01   1.1998093e+01
   2.7083729e-01   3.6365581e+03   4.4645328e+03   9.2405206e+00   3.2507408e+01   4.7704045e+01   2.8007710e+03   6.4563601e+01   1.2289108e+02   2.1699832e-01   9.1897268e+01   4.9747783e+01   2.7052840e+03   2.5247529e+01   4.9141890e+01   3.3330549e+03   2.2930493e+01   6.6559181e+01  -6.2174743e-01   2.7313382e+02   1.0248705e+02   9.2214975e+01   3.1964581e+01   1.4861522e+01   1.9159985e+01   6.0142286e+00   1.6901782e+01   4.0613906e+00   3.2827715e+01   2.1687277e+01   1.3075313e+01   9.1181770e-01   1.6159092e+01   5.3806663e+00   6.6445162e+00   3.2882356e+00   2.3715089e-02   5.7370799e-01   1.9527189e-01   5.3540955e+01   4.4670026e+01   6.2806510e+01   5.3254873e+01   2.6811287e+01   6.0521917e+01   2.6475963e+01   3.7254759e+01   4.6451137e+01   3.5857329e+01   1.4543840e+01
   2.7719122e-01   3.6515388e+03   4.4502809e+03   9.1675667e+00   3.2328298e+01   4.7679938e+01   2.8004426e+03   6.4562356e+01   1.2288758e+02   2.1684296e-01   9.1928301e+01   5.1613382e+01   2.7044020e+03   2.5328732e+01   5.1143734e+01   3.3327192e+03   2.2846101e+01   6.6581436e+01  -3.5665750e-01   2.7244572e+02   1.0248413e+02   9.2359044e+01   3.1863154e+01   1.4947845e+01   1.9234878e+01   5.8871301e+00   1.6849348e+01   4.0021242e+00   3.2847925e+01   2.1899210e+01   1.3221827e+01   9.7248779e-01   1.5849831e+01   5.3556355e+00   6.5748246e+00   3.2593777e+00   2.3715089e-02   5.7370799e-01   1.9527189e-01   5.3540955e+01   4.4670026e+01   6.2855963e+01   5.3235559e+01   2.7232202e+01   6.0485612e+01   2.6681288e+01   3.7275151e+01   4.6466537e+01   3.5916725e+01   1.1200374e+01
   2.8254654e-01   3.6767898e+03   4.4256048e+03   9.2641366e+00   3.2377523e+01   4.7560360e+01   2.8008649e+03   6.4018327e+01   1.2289922e+02   2.1452698e-01   9.2049416e+01   5.0720589e+01   2.7051393e+03   2.5303756e+01   5.0490727e+01   3.3328469e+03   2.2763205e+01   6.6567223e+01  -2.2183879e-01   2.7300636e+02   1.0247307e+02   9.2525752e+01   3.2223431e+01   1.4783054e+01   1.8857137e+01   6.0801188e+00   1.6588398e+01   4.0107510e+00   3.2082433e+01   2.1847181e+01   1.3414373e+01   1.0115511e+00   1.6462735e+01   5.3722742e+00   6.5817933e+00   3.2240914e+00   1.8119188e-02   5.7058771e-01   1.8348632e-01   5.3825462e+01   4.3715371e+01   6.2871279e+01   5.3211243e+01   2.7679453e+01   6.0429959e+01   2.6561663e+01   3.7274145e+01   4.6438926e+01   3.5925349e+01   1.3359988e+01
   2.7721811e-01   3.6280014e+03   4.4320398e+03   9.2553380e+00   3.2527992e+01   4.7559360e+01   2.8001188e+03   6.5380442e+01   1.2290961e+02   2.1487335e-01   9.2069783e+01   5.1342003e+01   2.7046344e+03   2.5468849e+01   5.0263319e+01   3.3324641e+03   2.3004422e+01   6.6640737e+01   3.0328351e-01   2.7287659e+02   1.0245361e+02   9.2299555e+01   3.2162769e+01   1.4899024e+01   1.8964621e+01   6.1817975e+00   1.6952712e+01   4.0579552e+00   3.2551801e+01   2.1602116e+01   1.2686369e+01   9.6807856e-01   1.6014634e+01   5.3845073e+00   6.8051700e+00   3.3036057e+00   1.8119188e-02   5.7058771e-01   1.8348632e-01   5.3825462e+01   4.3715371e+01   6.2850284e+01   5.3250563e+01   2.7266941e+01   6.0502715e+01   2.6587431e+01   3.7257564e+01   4.6457700e+01   3.6027062e+01   1.2334926e+01
   2.7588256e-01   3.6251455e+03   4.4596450e+03   9.1660684e+00   3.2340476e+01   4.7801326e+01   2.8001042e+03   6.4311976e+01   1.2287983e+02   2.1285106e-01   9.1999733e+01   4.9829363e+01   2.7043271e+03   2.5300486e+01   5.0256198e+01   3.3311433e+03   2.2845414e+01   6.6627571e+01   8.1945978e-01   2.7294406e+02   1.0247469e+02   9.2341153e+01   3.2444106e+01   1.4876700e+01   1.8675628e+01   5.9601941e+00   1.6840513e+01   4.0575722e+00   3.2805436e+01   2.1683124e+01   1.3059742e+01   9.1724651e-01   1.6182171e+01   5.3833752e+00   6.6773184e+00   3.3304479e+00   1.8119188e-02   5.7058771e-01   1.8348632e-01   5.3825462e+01   4.3715371e+01   6.2836219e+01   5.3259852e+01   2.7228337e+01   6.0459551e+01   2.6242850e+01   3.7262187e+01   4.6425833e+01   3.5844905e+01   1.2639671e+01
   2.7205339e-01   3.6785699e+03   4.4283611e+03   9.2768202e+00   3.2386567e+01   4.7184112e+01   2.7991112e+03   6.4859466e+01   1.2290569e+02   2.0967355e-01   9.1996044e+01   4.9919729e+01   2.7042106e+03   2.5279036e+01   4.9237076e+01   3.3316061e+03   2.2985557e+01   6.6607817e+01   1.9018309e+00   2.7276955e+02   1.0246860e+02   9.2267114e+01   3.2259203e+01   1.4813637e+01   1.8743726e+01   5.9020478e+00   1.6444921e+01   4.1037592e+00   3.2675169e+01   2.1761424e+01   1.3651390e+01   8.1490029e-01   1.6132746e+01   5.3872351e+00   6.5855140e+00   3.2055802e+00  -1.1720732e-03   5.6008560e-01   1.7726199e-01   5.2593689e+01   4.4419970e+01   6.2888711e+01   5.3167392e+01   2.6669372e+01   6.0560857e+01   2.5778460e+01   3.7264723e+01   4.6434236e+01   3.5989315e+01   1.1570188e+01
   2.6975145e-01   3.6559564e+03   4.4417878e+03   9.2853964e+00   3.2355168e+01   4.7567349e+01   2.7992130e+03   6.5740763e+01   1.2290351e+02   2.0550468e-01   9.2028779e+01   4.9600336e+01   2.7037805e+03   2.5335403e+01   4.8162876e+01   3.3311029e+03   2.2907221e+01   6.6602253e+01   2.6732184e+00   2.7312935e+02   1.0247334e+02   9.2355128e+01   3.1940819e+01   1.4725072e+01   1.8459276e+01   6.1350994e+00   1.6635835e+01   4.0344227e+00   3.3091843e+01   2.1690754e+01   1.3461594e+01   1.0191468e+00   1.5731016e+01   5.3455224e+00   6.6322924e+00   3.1048747e+00  -1.1720732e-03   5.6008560e-01   1.7726199e-01   5.2593689e+01   4.4419970e+01   6.2986100e+01   5.3035215e+01   2.6553935e+01   6.0552785e+01   2.5232612e+01   3.7238308e+01   4.6425218e+01   3.6036853e+01   1.0496395e+01
   2.6780909e-01   3.6440494e+03   4.4006651e+03   9.3312853e+00   3.2531171e+01   4.7737197e+01   2.7994798e+03   6.4223817e+01   1.2292110e+02   2.0342168e-01   9.1983321e+01   4.8955462e+01   2.7042385e+03   2.5217120e+01   5.1495557e+01   3.3318046e+03   2.2935145e+01   6.6582256e+01  -1.0706422e-02   2.7305618e+02   1.0243633e+02   9.2301032e+01   3.1894458e+01   1.4994244e+01   1.8620598e+01   5.9060754e+00   1.6617786e+01   4.0755858e+00   3.2594292e+01   2.1891204e+01   1.3271778e+01   7.1626087e-01   1.6338600e+01   5.3526751e+00   6.6849647e+00   3.3176359e+00  -1.8261156e-03   5.7456437e-01   1.9611963e-01   5.4639322e+01   4.4899575e+01   6.3038672e+01   5.3003011e+01   2.6359111e+01   6.0714731e+01   2.4902185e+01   3.7261719e+01   4.6452062e+01   3.6103973e+01   1.1468797e+01
   2.6986471e-01   3.6222006e+03   4.4421061e+03   9.2349130e+00   3.2330207e+01   4.7639873e+01   2.7989471e+03   6.4517051e+01   1.2289515e+02   2.0627259e-01   9.1893759e+01   5.1110926e+01   2.7038000e+03   2.5268232e+01   4.9286191e+01   3.3308948e+03   2.2748485e+01   6.6609008e+01  -1.8904294e+00   2.7288057e+02   1.0244715e+02   9.2132572e+01   3.2201675e+01   1.4956219e+01   1.9039085e+01   5.9739890e+00   1.6915019e+01   4.0379322e+00   3.2278229e+01   2.1615692e+01   1.2875251e+01   8.5436382e-01   1.6091936e+01   5.3719562e+00   6.7131333e+00   3.2409455e+00  -1.8261156e-03   5.7456437e-01   1.9611963e-01   5.4639322e+01   4.4899575e+01   6.2884520e+01   5.3243766e+01   2.6457527e+01   6.0628145e+01   2.4946446e+01   3.7254392e+01   4.6415766e+01   3.6047184e+01   1.2758938e+01
   2.7165352e-01   3.6259553e+03   4.4754672e+03   9.1493829e+00   3.2734704e+01   4.7766691e+01   2.7994946e+03   6.5140131e+01   1.2288012e+02   2.0064648e-01   9.1917484e+01   5.0152479e+01   2.7034013e+03   2.5274120e+01   5.0989017e+01   3.3310463e+03   2.2972980e+01   6.6621731e+01  -1.0046649e+00   2.7262274e+02   1.0247753e+02   9.2082355e+01   3.2280555e+01   1.5012878e+01   1.8600080e+01   6.0172752e+00   1.6457905e+01   4.0816784e+00   3.2775171e+01   2.1783411e+01   1.3292406e+01   9.5511187e-01   1.6222975e+01   5.4324236e+00   6.7374065e+00   3.2086246e+00  -1.8261156e-03   5.7456437e-01   1.9611963e-01   5.4639322e+01   4.4899575e+01   6.2763586e+01   5.3359723e+01   2.6811497e+01   6.0435408e+01   2.4800427e+01   3.7223387e+01   4.6389679e+01   3.5792229e+01   1.2453839e+01
   2.7048697e-01   3.6879312e+03   4.4484184e+03   9.1782954e+00   3.2160605e+01   4.7961741e+01   2.8002897e+03   6.5162580e+01   1.2289789e+02   2.0136415e-01   9.1925488e+01   4.9868046e+01   2.7041886e+03   2.4997418e+01   4.8368186e+01   3.3323232e+03   2.2942087e+01   6.6602665e+01   3.0020870e-01   2.7291221e+02   1.0249692e+02   9.2136906e+01   3.1701287e+01   1.4791014e+01   1.8920259e+01   6.0969554e+00   1.6842114e+01   4.0767903e+00   3.2615953e+01   2.1886364e+01   1.3289768e+01   9.2720923e-01   1.5903258e+01   5.3529391e+00   6.6619235e+00   3.2146502e+00   1.2267629e-02   5.9337883e-01   1.8002248e-01   5.3793353e+01   4.3637212e+01   6.2781380e+01   5.3348159e+01   2.6430507e+01   6.0604486e+01   2.4701007e+01   3.7250585e+01   4.6427292e+01   3.5793918e+01   1.2915450e+01
   2.7458464e-01   3.6494461e+03   4.4473235e+03   9.2791850e+00   3.2361500e+01   4.7591502e+01   2.8010240e+03   6.4214920e+01   1.2288619e+02   2.0859064e-01   9.2022182e+01   4.9438107e+01   2.7057895e+03   2.5494247e+01   5.1585193e+01   3.3333513e+03   2.3174446e+01   6.6609056e+01  -3.5091268e-01   2.7320364e+02   1.0247649e+02   9.2448025e+01   3.2256882e+01   1.4721845e+01   1.8317631e+01   5.9717388e+00   1.6352017e+01   4.0406346e+00   3.2625290e+01   2.1693121e+01   1.3303185e+01   8.8730476e-01   1.6377191e+01   5.4011244e+00   6.6104952e+00   3.3238587e+00   1.2267629e-02   5.9337883e-01   1.8002248e-01   5.3793353e+01   4.3637212e+01   6.2809297e+01   5.3309450e+01   2.7019630e+01   6.0521528e+01   2.5257164e+01   3.7277385e+01   4.6439594e+01   3.5872516e+01   1.4792043e+01
   2.6441911e-01   3.6468184e+03   4.4454977e+03   9.3732131e+00   3.2731692e+01   4.7775189e+01   2.8020565e+03   6.4419278e+01   1.2290000e+02   2.1370484e-01   9.2006126e+01   4.9102648e+01   2.7061185e+03   2.5230443e+01   4.8501710e+01   3.3339980e+03   2.2897081e+01   6.6622958e+01   1.0907518e+00   2.7291828e+02   1.0246328e+02   9.2452063e+01   3.2287737e+01   1.4887286e+01   1.8677700e+01   6.0387993e+00   1.6920211e+01   4.0127719e+00   3.2690865e+01   2.1532396e+01   1.3129968e+01   9.5710175e-01   1.5992875e+01   5.4345776e+00   6.6928957e+00   3.2686517e+00   4.3745002e-03   5.7917740e-01   1.7681719e-01   5.4147147e+01   4.3938383e+01   6.2831695e+01   5.3280143e+01   2.6220772e+01   6.0683057e+01   2.6074204e+01   3.7278676e+01   4.6419330e+01   3.5886300e+01   1.1645695e+01
   2.6513653e-01   3.6528715e+03   4.4409391e+03   9.2479601e+00   3.2357119e+01   4.7522455e+01   2.8016167e+03   6.5766939e+01   1.2288632e+02   2.1807300e-01   9.1996088e+01   4.9644630e+01   2.7058274e+03   2.5155661e+01   5.2018256e+01   3.3339809e+03   2.2722759e+01   6.6625418e+01  -4.0312389e-02   2.7289053e+02   1.0247655e+02   9.2382693e+01   3.2019644e+01   1.4729880e+01   1.8821322e+01   6.0333033e+00   1.6700670e+01   4.0342423e+00   3.2411457e+01   2.1846948e+01   1.3270947e+01   9.4975457e-01   1.5752019e+01   5.4265619e+00   6.7202523e+00   3.2557668e+00   4.3745002e-03   5.7917740e-01   1.7681719e-01   5.4147147e+01   4.3938383e+01   6.2793415e+01   5.3316388e+01   2.6162419e+01   6.0604327e+01   2.6788030e+01   3.7298567e+01   4.6430467e+01   3.6041638e+01   1.3950879e+01
   2.6847564e-01   3.6807239e+03   4.4342384e+03   9.2029825e+00   3.2487651e+01   4.7849141e+01   2.8009484e+03   6.4135603e+01   1.2288340e+02   2.2407612e-01   9.2046381e+01   5.0721855e+01   2.7058156e+03   2.5224259e+01   5.0872470e+01   3.3332024e+03   2.3049785e+01   6.6617601e+01   3.3361290e-01   2.7306329e+02   1.0247897e+02   9.2303636e+01   3.2209494e+01   1.4773702e+01   1.8759607e+01   6.0173523e+00   1.6581229e+01   4.0613678e+00   3.2607738e+01   2.1520118e+01   1.2957620e+01   7.4922480e-01   1.5918625e+01   5.3749727e+00   6.6865577e+00   3.2130968e+00   4.3745002e-03   5.7917740e-01   1.7681719e-01   5.4147147e+01   4.3938383e+01   6.2770877e+01   5.3323072e+01   2.6478706e+01   6.0567897e+01   2.7063955e+01   3.7240722e+01   4.6418765e+01   3.5920779e+01   1.1996423e+01
   2.7025938e-01   3.6528202e+03   4.4230315e+03   9.2489831e+00   3.2273864e+01   4.7353485e+01   2.8009934e+03   6.5834404e+01   1.2289051e+02   2.2143924e-01   9.2037167e+01   4.9694834e+01   2.7054099e+03   2.5311476e+01   4.8477402e+01   3.3332113e+03   2.2806089e+01   6.6620319e+01   3.8553230e-01   2.7331938e+02   1.0247224e+02   9.2410129e+01   3.2206748e+01   1.4806801e+01   1.8829042e+01   5.9060875e+00   1.6897605e+01   4.0747490e+00   3.2433018e+01   2.1803938e+01   1.2861357e+01   8.5796622e-01   1.6298602e+01   5.3482173e+00   6.6104667e+00   3.2988519e+00   5.9732531e-03   5.7647711e-01   1.8395264e-01   5.3950794e+01   4.4504318e+01   6.2762802e+01   5.3293888e+01   2.6462189e+01   6.0522680e+01   2.7235519e+01   3.7251141e+01   4.6459340e+01   3.6114343e+01   1.1391653e+01
   2.6888476e-01   3.6458790e+03   4.4201225e+03   9.1916289e+00   3.2551580e+01   4.7561012e+01   2.8004375e+03   6.5661871e+01   1.2289812e+02   2.2612898e-01   9.2021521e+01   4.7906290e+01   2.7049392e+03   2.5229665e+01   4.9923401e+01   3.3324856e+03   2.2942829e+01   6.6644940e+01  -1.4959293e+00   2.7309883e+02   1.0247503e+02   9.2403043e+01   3.2481551e+01   1.5064159e+01   1.8349216e+01   5.9631905e+00   1.6756491e+01   4.0232285e+00   3.2582147e+01   2.1576057e+01   1.3017293e+01   7.3801349e-01   1.5732093e+01   5.4222292e+00   6.5987466e+00   3.1833355e+00   5.9732531e-03   5.7647711e-01   1.8395264e-01   5.3950794e+01   4.4504318e+01   6.2776432e+01   5.3300942e+01   2.6524667e+01   6.0556257e+01   2.7341250e+01   3.7288159e+01   4.6489588e+01   3.5792772e+01   1.2044855e+01
   2.5916563e-01   3.6531728e+03   4.4507732e+03   9.2993883e+00   3.2539483e+01   4.7377214e+01   2.7994536e+03   6.5178793e+01   1.2291961e+02   2.1841573e-01   9.1980609e+01   5.1125722e+01   2.7044767e+03   2.5245662e+01   4.9646088e+01   3.3322275e+03   2.2862010e+01   6.6594459e+01  -8.8411761e-01   2.7308408e+02   1.0252215e+02   9.2611373e+01   3.2221773e+01   1.4842272e+01   1.9243026e+01   6.0876298e+00   1.6378602e+01   4.0790663e+00   3.2498617e+01   2.1634932e+01   1.3407604e+01   9.5491667e-01   1.5767724e+01   5.4155030e+00   6.5849641e+00   3.2341757e+00  -3.7232910e-03   5.8254766e-01   1.9564113e-01   5.3106924e+01   4.3633720e+01   6.2760868e+01   5.3283408e+01   2.5772928e+01   6.0654511e+01   2.6919164e+01   3.7246634e+01   4.6412860e+01   3.5789275e+01   1.2717134e+01
   2.6939535e-01   3.6658472e+03   4.4924854e+03   9.2078503e+00   3.2643206e+01   4.7309390e+01   2.7994019e+03   6.4220626e+01   1.2289567e+02   2.1898227e-01   9.2047766e+01   5.2066194e+01   2.7042732e+03   2.5416371e+01   5.0612175e+01   3.3317019e+03   2.3002486e+01   6.6644221e+01  -1.0807115e+00   2.7352279e+02   1.0249118e+02   9.2730060e+01   3.2294422e+01   1.4854310e+01   1.8099693e+01   6.0026246e+00   1.7202132e+01   4.0825619e+00   3.2811574e+01   2.1595864e+01   1.3100913e+01   8.6323385e-01   1.6407158e+01   5.4223948e+00   6.6484432e+00   3.2831475e+00  -3.7232910e-03   5.8254766e-01   1.9564113e-01   5.3106924e+01   4.3633720e+01   6.2871347e+01   5.3184575e+01   2.6587379e+01   6.0433757e+01   2.6696903e+01   3.7234740e+01   4.6456707e+01   3.5963957e+01   1.2318615e+01
   2.5959041e-01   3.6783341e+03   4.4481111e+03   9.2398356e+00   3.2623023e+01   4.7749251e+01   2.7993163e+03   6.4890292e+01   1.2289991e+02   2.1811921e-01   9.2019160e+01   4.9607748e+01   2.7044453e+03   2.5359338e+01   4.8823424e+01   3.3319525e+03   2.2944651e+01   6.6630512e+01  -7.4045723e-01   2.7302352e+02   1.0246407e+02   9.2431100e+01   3.2336929e+01   1.4886534e+01   1.8670408e+01   5.9161716e+00   1.6696714e+01   4.0617826e+00   3.2622427e+01   2.1710063e+01   1.3218813e+01   8.9979561e-01   1.6103934e+01   5.3889871e+00   6.6867540e+00   3.2646693e+00  -3.7232910e-03   5.8254766e-01   1.9564113e-01   5.3106924e+01   4.3633720e+01   6.2895954e+01   5.3114579e+01   2.5589439e+01   6.0762530e+01   2.6483143e+01   3.7209321e+01   4.6396139e+01   3.5878505e+01   1.1041501e+01
   2.5985186e-01   3.6425384e+03   4.4414685e+03   9.3149582e+00   3.2478401e+01   4.7395228e+01   2.7986528e+03   6.5036624e+01   1.2289680e+02   2.1906577e-01   9.1975841e+01   5.0162330e+01   2.7035684e+03   2.5195508e+01   4.9256943e+01   3.3305737e+03   2.3012997e+01   6.6623290e+01  -1.1087215e+00   2.7305109e+02   1.0245046e+02   9.2314277e+01   3.1924062e+01   1.4838053e+01   1.8934797e+01   5.9677171e+00   1.6781486e+01   4.0760792e+00   3.2629148e+01   2.1693265e+01   1.3188795e+01   9.7841343e-01   1.5870416e+01   5.4087319e+00   6.7743770e+00   3.1898267e+00   8.6576682e-03   5.6664210e-01   1.8381583e-01   5.4116281e+01   4.4273614e+01   6.2890652e+01   5.3176027e+01   2.5657311e+01   6.0663222e+01   2.6460545e+01   3.7231901e+01   4.6432487e+01   3.5992280e+01   1.2465684e+01
   2.6658750e-01   3.6452980e+03   4.4392588e+03   9.2791597e+00   3.2354905e+01   4.7192953e+01   2.7991541e+03   6.4393322e+01   1.2290051e+02   2.1202335e-01   9.2055527e+01   5.1350016e+01   2.7041390e+03   2.5331171e+01   4.9929521e+01   3.3315635e+03   2.2896044e+01   6.6655440e+01  -5.9051035e-01   2.7308384e+02   1.0246424e+02   9.2276128e+01   3.2363251e+01   1.4951172e+01   1.8979050e+01   6.0062090e+00   1.6733492e+01   4.0371432e+00   3.2656226e+01   2.1724372e+01   1.3088094e+01   9.2085547e-01   1.5843570e+01   5.3590089e+00   6.7361045e+00   3.2980047e+00   8.6576682e-03   5.6664210e-01   1.8381583e-01   5.4116281e+01   4.4273614e+01   6.2822823e+01   5.3236280e+01   2.6301795e+01   6.0518722e+01   2.6113053e+01   3.7290133e+01   4.6435497e+01   3.5992117e+01   1.3747482e+01
   2.6647589e-01   3.6607363e+03   4.4655665e+03   9.2649513e+00   3.2695732e+01   4.7396736e+01   2.7993009e+03   6.4921930e+01   1.2289475e+02   2.0996296e-01   9.1987484e+01   4.9201282e+01   2.7033643e+03   2.5316021e+01   5.1354620e+01   3.3315352e+03   2.2829111e+01   6.6667857e+01  -4.1126220e-01   2.7293003e+02   1.0249423e+02   9.2252628e+01   3.2282063e+01   1.4917862e+01   1.8930878e+01   6.0934299e+00   1.6871194e+01   4.0467208e+00   3.2609311e+01   2.1654941e+01   1.3538697e+01   8.4223483e-01   1.5674592e+01   5.3929560e+00   6.6978882e+00   3.1855993e+00  -2.1191859e-03   5.6478397e-01   1.9816062e-01   5.3964529e+01   4.3753840e+01   6.2791563e+01   5.3280464e+01   2.6411118e+01   6.0477649e+01   2.5800752e+01   3.7235839e+01   4.6437300e+01   3.5870833e+01   1.3049662e+01
   2.7058859e-01   3.6706508e+03   4.4592794e+03   9.2391091e+00   3.2434499e+01   4.7577281e+01   2.7988697e+03   6.5852489e+01   1.2288352e+02   2.0779279e-01   9.1989116e+01   5.0691475e+01   2.7031616e+03   2.5091567e+01   5.2201034e+01   3.3300819e+03   2.2917553e+01   6.6677025e+01   6.4355451e-01   2.7280605e+02   1.0246661e+02   9.2149403e+01   3.2462721e+01   1.5091556e+01   1.8902381e+01   5.8752905e+00   1.6569710e+01   4.0667015e+00   3.2527266e+01   2.1731635e+01   1.3651551e+01   7.8078517e-01   1.6185666e+01   5.4087203e+00   6.6663147e+00   3.2746499e+00  -2.1191859e-03   5.6478397e-01   1.9816062e-01   5.3964529e+01   4.3753840e+01   6.2786281e+01   5.3269115e+01   2.6477518e+01   6.0493256e+01   2.5302769e+01   3.7212336e+01   4.6426699e+01   3.5861190e+01   9.8893116e+00
   2.6786279e-01   3.6239674e+03   4.4592885e+03   9.2970259e+00   3.2378574e+01   4.7867849e+01   2.7996359e+03   6.5399753e+01   1.2289356e+02   2.0158444e-01   9.2014035e+01   4.8222171e+01   2.7036673e+03   2.5346405e+01   5.1061174e+01   3.3313809e+03   2.2893688e+01   6.6650605e+01   4.2066408e-01   2.7290307e+02   1.0246661e+02   9.2380731e+01   3.2506406e+01   1.4867528e+01   1.8801274e+01   5.9620690e+00   1.6338619e+01   4.0542659e+00   3.2714331e+01   2.1730994e+01   1.3228695e+01   8.9970579e-01   1.6385204e+01   5.3920249e+00   6.6344146e+00   3.2168329e+00  -2.1191859e-03   5.6478397e-01   1.9816062e-01   5.3964529e+01   4.3753840e+01   6.2788722e+01   5.3292605e+01   2.6367070e+01   6.0515506e+01   2.5032868e+01   3.7231731e+01   4.6465146e+01   3.5859411e+01   1.2783256e+01
   2.6620406e-01   3.6549241e+03   4.4838795e+03   9.1951989e+00   3.2693994e+01   4.7494831e+01   2.7993090e+03   6.5218271e+01   1.2289331e+02   2.0591763e-01   9.1998471e+01   4.9461825e+01   2.7036884e+03   2.5289279e+01   5.1478174e+01   3.3315483e+03   2.2746109e+01   6.6655255e+01   3.0659478e+00   2.7310818e+02   1.0248103e+02   9.2240594e+01   3.1639421e+01   1.5036161e+01   1.8578859e+01   6.0612101e+00   1.6659517e+01   4.1072897e+00   3.2929490e+01   2.1857937e+01   1.3279541e+01   8.4714163e-01   1.6147991e+01   5.3614004e+00   6.6911327e+00   3.2591090e+00   3.8563657e-03   5.7800664e-01   1.8600917e-01   5.4946103e+01   4.3752459e+01   6.2710801e+01   5.3332813e+01   2.6137483e+01   6.0567210e+01   2.4970302e+01   3.7206337e+01   4.6423944e+01   3.6008776e+01   1.0614924e+01
   2.6931264e-01   3.6279780e+03   4.4786079e+03   9.3082245e+00   3.2366087e+01   4.7514641e+01   2.8018684e+03   6.4958487e+01   1.2289818e+02   2.0353770e-01   9.2102663e+01   4.8934847e+01   2.7064245e+03   2.5330278e+01   5.2044823e+01   3.3344850e+03   2.2894234e+01   6.6652373e+01   1.0620808e-01   2.7267839e+02   1.0245968e+02   9.2292995e+01   3.2329877e+01   1.4791963e+01   1.8645263e+01   5.9385693e+00   1.6898961e+01   4.1084632e+00   3.2512828e+01   2.1621293e+01   1.3431092e+01   8.9641376e-01   1.6005864e+01   5.4116223e+00   6.6344860e+00   3.2546651e+00   3.8563657e-03   5.7800664e-01   1.8600917e-01   5.4946103e+01   4.3752459e+01   6.2642329e+01   5.3435414e+01   2.6350016e+01   6.0710008e+01   2.5210257e+01   3.7217524e+01   4.6444413e+01   3.5819140e+01   1.3411270e+01
   2.6696226e-01   3.6553896e+03   4.4590300e+03   9.2471430e+00   3.2420413e+01   4.7495876e+01   2.8008755e+03   6.4682049e+01   1.2288406e+02   2.1322473e-01   9.1946231e+01   5.1085373e+01   2.7056921e+03   2.5309739e+01   5.0442284e+01   3.3334740e+03   2.3068416e+01   6.6613360e+01  -4.1385239e-01   2.7330217e+02   1.0248828e+02   9.2172039e+01   3.2385397e+01   1.5075068e+01   1.9209844e+01   5.7877088e+00   1.6932528e+01   4.0371412e+00   3.2764315e+01   2.1761836e+01   1.3423792e+01   7.6470135e-01   1.5773976e+01   5.3749130e+00   6.6813066e+00   3.2094648e+00   2.1135055e-02   5.7130466e-01   1.8211183e-01   5.4134916e+01   4.4401344e+01   6.2569484e+01   5.3482724e+01   2.6049421e+01   6.0584153e+01   2.6076280e+01   3.7220243e+01   4.6415564e+01   3.5752041e+01   1.3210914e+01
   2.6971487e-01   3.6378431e+03   4.4843544e+03   9.2079401e+00   3.2213080e+01   4.7470330e+01   2.8009198e+03   6.5107075e+01   1.2291003e+02   2.2053356e-01   9.2058488e+01   5.1366359e+01   2.7056882e+03   2.5247153e+01   5.1011701e+01   3.3337736e+03   2.2965051e+01   6.6666895e+01   1.5543127e+00   2.7313671e+02   1.0248375e+02   9.2173003e+01   3.2012317e+01   1.4944870e+01   1.8744845e+01   5.8334363e+00   1.6465460e+01   4.0076566e+00   3.2908423e+01   2.1667620e+01   1.3645248e+01   1.0371131e+00   1.6349302e+01   5.3861139e+00   6.7178993e+00   3.3544971e+00   2.1135055e-02   5.7130466e-01   1.8211183e-01   5.4134916e+01   4.4401344e+01   6.2623656e+01   5.3420249e+01   2.6528664e+01   6.0367073e+01   2.6954346e+01   3.7224044e+01   4.6457501e+01   3.5833611e+01   9.6157516e+00
   2.7090432e-01   3.6321236e+03   4.4702874e+03   9.2698228e+00   3.2854112e+01   4.8443353e+01   2.8007727e+03   6.5075615e+01   1.2289953e+02   2.1956113e-01   9.1990954e+01   4.8344186e+01   2.7047816e+03   2.5215795e+01   5.0306066e+01   3.3322778e+03   2.2990505e+01   6.6635335e+01   1.7775069e+00   2.7233420e+02   1.0249924e+02   9.2291548e+01   3.2166431e+01   1.4784349e+01   1.8714071e+01   5.9735324e+00   1.6962577e+01   4.0420856e+00   3.2671347e+01   2.1972997e+01   1.3412335e+01   8.9867580e-01   1.5966591e+01   5.3937686e+00   6.6960215e+00   3.2083973e+00   2.1135055e-02   5.7130466e-01   1.8211183e-01   5.4134916e+01   4.4401344e+01   6.2660619e+01   5.3388334e+01   2.6516764e+01   6.0589484e+01   2.7057660e+01   3.7212393e+01   4.6459188e+01   3.5807797e+01   1.2442810e+01
   2.6708568e-01   3.6540886e+03   4.4651672e+03   9.1946649e+00   3.2442032e+01   4.7615388e+01   2.8001289e+03   6.4667828e+01   1.2290692e+02   2.2184150e-01   9.1912060e+01   4.8405042e+01   2.7050058e+03   2.5414541e+01   5.0859426e+01   3.3319713e+03   2.3009358e+01   6.6591914e+01   7.4341973e-01   2.7316917e+02   1.0251543e+02   9.2672279e+01   3.2214800e+01   1.4925607e+01   1.8962668e+01   5.9364360e+00   1.6952622e+01   4.0382566e+00   3.2477312e+01   2.1607922e+01   1.3221434e+01   9.4355643e-01   1.6124367e+01   5.4139478e+00   6.7002339e+00   3.2963483e+00   1.7051715e-02   5.7338299e-01   1.8032553e-01   5.3194008e+01   4.4069377e+01   6.2744367e+01   5.3311594e+01   2.6361118e+01   6.0561162e+01   2.6974172e+01   3.7226015e+01   4.6465163e+01   3.5745741e+01   1.2174523e+01
   2.6990519e-01   3.6649236e+03   4.4409239e+03   9.2122041e+00   3.2514236e+01   4.7562935e+01   2.7994890e+03   6.5215147e+01   1.2290218e+02   2.2373798e-01   9.1925860e+01   4.9205069e+01   2.7031734e+03   2.5449555e+01   4.9030486e+01   3.3309059e+03   2.2794557e+01   6.6611920e+01   5.4272094e-02   2.7292328e+02   1.0248817e+02   9.2196494e+01   3.2741360e+01   1.4822078e+01   1.8518396e+01   6.1347708e+00   1.6615045e+01   4.0884691e+00   3.2720663e+01   2.1835794e+01   1.3370588e+01   6.9443378e-01   1.6127831e+01   5.3786056e+00   6.6961776e+00   3.3932666e+00   1.7051715e-02   5.7338299e-01   1.8032553e-01   5.3194008e+01   4.4069377e+01   6.2820810e+01   5.3218165e+01   2.6545850e+01   6.0496155e+01   2.7206481e+01   3.7226939e+01   4.6464473e+01   3.5759971e+01   1.2878267e+01
   2.6402852e-01   3.6563894e+03   4.4741271e+03   9.1334003e+00   3.2301539e+01   4.7752777e+01   2.7999199e+03   6.5006721e+01   1.2289720e+02   2.1901200e-01   9.2122224e+01   4.7936318e+01   2.7047600e+03   2.5361658e+01   5.1183831e+01   3.3319788e+03   2.3019580e+01   6.6649740e+01  -1.2608893e+00   2.7278512e+02   1.0245265e+02   9.2370121e+01   3.2173893e+01   1.5039056e+01   1.8929163e+01   5.9736888e+00   1.6902482e+01   4.0328613e+00   3.2286613e+01   2.1628638e+01   1.3455672e+01   7.0607877e-01   1.6009968e+01   5.4236046e+00   6.7127146e+00   3.3265415e+00   8.7290022e-03   5.6287937e-01   1.9085116e-01   5.3590758e+01   4.4313367e+01   6.2847871e+01   5.3146474e+01   2.5739419e+01   6.0555252e+01   2.6774834e+01   3.7184387e+01   4.6413797e+01   3.5917303e+01   9.2242193e+00
   2.6574991e-01   3.6493600e+03   4.4129820e+03   9.3339806e+00   3.2209655e+01   4.7482303e+01   2.7991481e+03   6.4568185e+01   1.2288821e+02   2.1056559e-01   9.2012953e+01   4.8384261e+01   2.7034264e+03   2.5341388e+01   5.1213431e+01   3.3303696e+03   2.2922067e+01   6.6625767e+01   2.0646757e-01   2.7294936e+02   1.0248992e+02   9.2595659e+01   3.2438518e+01   1.4941338e+01   1.8766153e+01   5.9948709e+00   1.6712175e+01   4.0708129e+00   3.2397634e+01   2.1870787e+01   1.3078687e+01   7.9240200e-01   1.6042673e+01   5.4008284e+00   6.7160678e+00   3.2926865e+00   8.7290022e-03   5.6287937e-01   1.9085116e-01   5.3590758e+01   4.4313367e+01   6.2828017e+01   5.3185090e+01   2.6150339e+01   6.0543493e+01   2.5953093e+01   3.7232971e+01   4.6439834e+01   3.6033448e+01   1.4191326e+01
   2.6564768e-01   3.6513287e+03   4.4382765e+03   9.3009681e+00   3.2372683e+01   4.7663601e+01   2.7992419e+03   6.4905236e+01   1.2291478e+02   2.0596359e-01   9.2065675e+01   5.0744011e+01   2.7035020e+03   2.5387863e+01   4.9902169e+01   3.3307355e+03   2.2967497e+01   6.6623545e+01  -2.7929709e-01   2.7329733e+02   1.0247253e+02   9.2571099e+01   3.2302582e+01   1.4730672e+01   1.8874156e+01   5.9035416e+00   1.6285457e+01   4.0273399e+00   3.3047599e+01   2.1687009e+01   1.2513658e+01   8.7194660e-01   1.5904904e+01   5.3753679e+00   6.7039195e+00   3.3260050e+00   8.7290022e-03   5.6287937e-01   1.9085116e-01   5.3590758e+01   4.4313367e+01   6.2824170e+01   5.3197962e+01   2.5999419e+01   6.0575846e+01   2.5393794e+01   3.7220126e+01   4.6444742e+01   3.5976520e+01   9.2448498e+00
   2.6643613e-01   3.6553221e+03   4.4124191e+03   9.2700250e+00   3.2253323e+01   4.8140080e+01   2.7990087e+03   6.5306146e+01   1.2290815e+02   2.0411359e-01   9.1999660e+01   4.9801715e+01   2.7035757e+03   2.5315090e+01   4.9874388e+01   3.3304018e+03   2.2759944e+01   6.6649230e+01  -1.2088041e+00   2.7280898e+02   1.0246451e+02   9.2250433e+01   3.2016982e+01   1.5108780e+01   1.8522560e+01   5.8609565e+00   1.6930468e+01   4.0739896e+00   3.2990326e+01   2.1916670e+01   1.3553153e+01   1.0083333e+00   1.6182379e+01   5.3810589e+00   6.6525079e+00   3.3174812e+00   7.7236992e-03   5.8052212e-01   1.9910689e-01   5.3119790e+01   4.3888069e+01   6.2846360e+01   5.3138191e+01   2.6119925e+01   6.0505922e+01   2.4992689e+01   3.7190696e+01   4.6407753e+01   3.6101789e+01   1.5648703e+01
   2.6418787e-01   3.6499060e+03   4.4073469e+03   9.2582105e+00   3.2523162e+01   4.7728678e+01   2.7993868e+03   6.5446453e+01   1.2291256e+02   2.0037598e-01   9.1979936e+01   5.1533914e+01   2.7033153e+03   2.5459654e+01   5.1075697e+01   3.3313671e+03   2.3100574e+01   6.6628032e+01  -1.4529126e+00   2.7278396e+02   1.0247494e+02   9.2200926e+01   3.2449056e+01   1.4669886e+01   1.8600342e+01   6.0044019e+00   1.6711923e+01   4.0896050e+00   3.2591696e+01   2.1723052e+01   1.3075479e+01   8.9649390e-01   1.6348995e+01   5.3895676e+00   6.7293097e+00   3.2606025e+00   7.7236992e-03   5.8052212e-01   1.9910689e-01   5.3119790e+01   4.3888069e+01   6.2880049e+01   5.3102443e+01   2.5956538e+01   6.0693609e+01   2.4603034e+01   3.7198120e+01   4.6397800e+01   3.5943828e+01   1.5114366e+01
   2.5876707e-01   3.6492192e+03   4.4500703e+03   9.2710400e+00   3.2348829e+01   4.7359450e+01   2.8001343e+03   6.5509566e+01   1.2290719e+02   1.9988310e-01   9.2046067e+01   5.0485415e+01   2.7043918e+03   2.5198298e+01   4.8423383e+01   3.3317175e+03   2.2861355e+01   6.6620521e+01   1.9721226e+00   2.7307913e+02   1.0246409e+02   9.2321052e+01   3.2017857e+01   1.4797275e+01   1.8370533e+01   5.9689860e+00   1.6451896e+01   4.0147771e+00   3.2720125e+01   2.1610312e+01   1.3025324e+01   7.5818631e-01   1.6246986e+01   5.4417799e+00   6.6860834e+00   3.2582321e+00  -8.8135818e-03   5.9983305e-01   1.8223940e-01   5.3308323e+01   4.3058316e+01   6.2923835e+01   5.3086643e+01   2.5645395e+01   6.0633365e+01   2.4536085e+01   3.7242687e+01   4.6448161e+01   3.6080575e+01   1.3414082e+01
   2.6101066e-01   3.6430775e+03   4.4481682e+03   9.2378451e+00   3.2219588e+01   4.7253512e+01   2.8002926e+03   6.4978198e+01   1.2291250e+02   2.0458294e-01   9.2024457e+01   5.0179033e+01   2.7059602e+03   2.5299259e+01   5.0473301e+01   3.3333189e+03   2.2761601e+01   6.6630151e+01  -5.6463144e-01   2.7288648e+02   1.0243231e+02   9.2369238e+01   3.2389339e+01   1.4960203e+01   1.9148218e+01   5.9875522e+00   1.6626006e+01   4.0351693e+00   3.2943392e+01   2.1870513e+01   1.3503217e+01   8.8098212e-01   1.6039974e+01   5.4113500e+00   6.6423290e+00   3.2590000e+00  -8.8135818e-03   5.9983305e-01   1.8223940e-01   5.3308323e+01   4.3058316e+01   6.2904757e+01   5.3082427e+01   2.5457233e+01   6.0743801e+01   2.4940587e+01   3.7197329e+01   4.6397006e+01   3.5966194e+01   7.8050020e+00
   2.6666613e-01   3.6380878e+03   4.4285759e+03   9.2216621e+00   3.2495119e+01   4.7750646e+01   2.7999362e+03   6.4777691e+01   1.2290117e+02   2.0574163e-01   9.2040810e+01   5.0532894e+01   2.7043053e+03   2.5147066e+01   5.1896097e+01   3.3323699e+03   2.2695583e+01   6.6639951e+01   8.2961422e-01   2.7284505e+02   1.0245067e+02   9.2184834e+01   3.2234572e+01   1.4820802e+01   1.8862759e+01   5.9098776e+00   1.6426033e+01   4.0687137e+00   3.2593935e+01   2.1717267e+01   1.2870189e+01   8.1228595e-01   1.5911896e+01   5.3915969e+00   6.7096770e+00   3.2837644e+00  -8.8135818e-03   5.9983305e-01   1.8223940e-01   5.3308323e+01   4.3058316e+01   6.2916923e+01   5.3116666e+01   2.6013676e+01   6.0383926e+01   2.5235101e+01   3.7185657e+01   4.6417818e+01   3.5813988e+01   1.0011678e+01
   2.6564857e-01   3.6709287e+03   4.4482744e+03   9.1747916e+00   3.2737291e+01   4.7748873e+01   2.7991401e+03   6.5595760e+01   1.2287146e+02   2.0731474e-01   9.1982088e+01   4.9748013e+01   2.7037213e+03   2.4893308e+01   5.1890447e+01   3.3306959e+03   2.2867916e+01   6.6667419e+01   1.0209121e+00   2.7228407e+02   1.0247200e+02   9.2124288e+01   3.2267537e+01   1.4958124e+01   1.8644337e+01   6.1611578e+00   1.6696016e+01   4.0711554e+00   3.3150449e+01   2.1667625e+01   1.3083150e+01   9.0076331e-01   1.5595674e+01   5.3584308e+00   6.6338941e+00   3.2291015e+00   3.6911087e-02   5.8311618e-01   2.0299341e-01   5.3498019e+01   4.3821285e+01   6.2923415e+01   5.3123796e+01   2.6095339e+01   6.0546133e+01   2.5019486e+01   3.7223166e+01   4.6433519e+01   3.5764175e+01   9.5942613e+00
   2.6231533e-01   3.6523154e+03   4.4013567e+03   9.1841955e+00   3.2459979e+01   4.7464161e+01   2.7999325e+03   6.4903722e+01   1.2289917e+02   2.0194870e-01   9.2069543e+01   4.8508108e+01   2.7045644e+03   2.5271136e+01   4.9563198e+01   3.3321729e+03   2.2965382e+01   6.6657679e+01   1.3673454e+00   2.7261252e+02   1.0246120e+02   9.2333045e+01   3.2312080e+01   1.4825144e+01   1.8643021e+01   6.1342983e+00   1.6449933e+01   4.0723482e+00   3.2669147e+01   2.1854674e+01   1.3478485e+01   8.7631867e-01   1.6114362e+01   5.3562977e+00   6.5836954e+00   3.1637628e+00   3.6911087e-02   5.8311618e-01   2.0299341e-01   5.3498019e+01   4.3821285e+01   6.2909414e+01   5.3146583e+01   2.5848727e+01   6.0619290e+01   2.4871434e+01   3.7204913e+01   4.6430331e+01   3.5918410e+01   1.1791638e+01
   2.6323035e-01   3.6972106e+03   4.4417531e+03   9.2687463e+00   3.2325002e+01   4.7541514e+01   2.7996835e+03   6.4556580e+01   1.2289637e+02   2.0623610e-01   9.1936517e+01   4.8849732e+01   2.7037055e+03   2.5360148e+01   4.9458718e+01   3.3321914e+03   2.2991624e+01   6.6632311e+01  -2.0009400e+00   2.7291046e+02   1.0244328e+02   9.2194632e+01   3.2231442e+01   1.5133047e+01   1.8444617e+01   6.0864077e+00   1.6545230e+01   4.0039783e+00   3.2558190e+01   2.1528693e+01   1.3181362e+01   9.0400102e-01   1.6372307e+01   5.4051662e+00   6.6082523e+00   3.2875676e+00   6.4783512e-03   5.6792106e-01   1.8189745e-01   5.3625107e+01   4.4245944e+01   6.2900884e+01   5.3149111e+01   2.5670729e+01   6.0612080e+01   2.5003879e+01   3.7215175e+01   4.6440806e+01   3.6007358e+01   1.1776096e+01
   2.5800718e-01   3.6378122e+03   4.4786501e+03   9.2474431e+00   3.2215185e+01   4.7835924e+01   2.8009487e+03   6.5137722e+01   1.2288480e+02   2.0301011e-01   9.1985329e+01   4.9885635e+01   2.7051399e+03   2.5075261e+01   4.8887867e+01   3.3329911e+03   2.3072465e+01   6.6601881e+01  -2.4715272e-01   2.7328447e+02   1.0244130e+02   9.2333237e+01   3.2186170e+01   1.4991444e+01   1.8621121e+01   6.0189628e+00   1.6743703e+01   4.1070308e+00   3.2668710e+01   2.1625685e+01   1.3161809e+01   1.1480523e+00   1.6389185e+01   5.4109541e+00   6.6480183e+00   3.2443913e+00   6.4783512e-03   5.6792106e-01   1.8189745e-01   5.3625107e+01   4.4245944e+01   6.2891491e+01   5.3167599e+01   2.5354032e+01   6.0739826e+01   2.5065575e+01   3.7225631e+01   4.6438217e+01   3.5894704e+01   1.0677751e+01
   2.5779449e-01   3.6214311e+03   4.4689900e+03   9.1541043e+00   3.2397784e+01   4.7395715e+01   2.8007504e+03   6.5133163e+01   1.2290290e+02   2.1040402e-01   9.1982670e+01   5.0026879e+01   2.7056601e+03   2.5642218e+01   5.0336498e+01   3.3334865e+03   2.2918911e+01   6.6614776e+01  -8.0123935e-02   2.7317332e+02   1.0245336e+02   9.2366366e+01   3.1967386e+01   1.4779140e+01   1.8691945e+01   5.8462459e+00   1.6538540e+01   4.1041640e+00   3.3014418e+01   2.1818783e+01   1.2795492e+01   1.1051334e+00   1.6085730e+01   5.4077803e+00   6.7225794e+00   3.2429096e+00   6.4783512e-03   5.6792106e-01   1.8189745e-01   5.3625107e+01   4.4245944e+01   6.2884776e+01   5.3175680e+01   2.5399230e+01   6.0663258e+01   2.5579072e+01   3.7238594e+01   4.6435376e+01   3.5766566e+01   1.1818195e+01
   2.5889960e-01   3.6444480e+03   4.4324299e+03   9.3308129e+00   3.2437539e+01   4.7545040e+01   2.8017419e+03   6.4382478e+01   1.2290732e+02   2.1628807e-01   9.2116369e+01   4.9572483e+01   2.7064006e+03   2.5288514e+01   4.9942883e+01   3.3340426e+03   2.3027757e+01   6.6658247e+01   5.9637365e-01   2.7303127e+02   1.0246217e+02   9.2369031e+01   3.2299629e+01   1.4812340e+01   1.9068169e+01   6.1219927e+00   1.6708574e+01   4.0424529e+00   3.2741221e+01   2.1762192e+01   1.3283872e+01   7.8594071e-01   1.6075146e+01   5.3798291e+00   6.6895381e+00   3.2561414e+00   8.4786411e-03   5.7943510e-01   1.6846820e-01   5.3585504e+01   4.4136559e+01   6.2883713e+01   5.3159789e+01   2.5643343e+01   6.0633706e+01   2.6385179e+01   3.7238789e+01   4.6429636e+01   3.6014378e+01   8.9962850e+00
   2.6405300e-01   3.6638202e+03   4.4486930e+03   9.2797017e+00   3.2562769e+01   4.7557768e+01   2.8002103e+03   6.4591611e+01   1.2288965e+02   2.1715413e-01   9.2012091e+01   4.8975815e+01   2.7052351e+03   2.5227080e+01   4.9136639e+01   3.3331342e+03   2.2863422e+01   6.6669316e+01  -2.9789358e-01   2.7315398e+02   1.0245826e+02   9.2142063e+01   3.2560212e+01   1.4750228e+01   1.8543690e+01   5.8685702e+00   1.6700438e+01   4.0468466e+00   3.2573791e+01   2.1497056e+01   1.3305252e+01   8.2638006e-01   1.6339263e+01   5.3873943e+00   6.6676550e+00   3.2819190e+00   8.4786411e-03   5.7943510e-01   1.6846820e-01   5.3585504e+01   4.4136559e+01   6.2891506e+01   5.3156998e+01   2.6005902e+01   6.0526615e+01   2.6905426e+01   3.7222033e+01   4.6469672e+01   3.5875485e+01   1.4232404e+01
   2.5790379e-01   3.6732468e+03   4.4497685e+03   9.2865000e+00   3.2484133e+01   4.7866461e+01   2.8006804e+03   6.4994123e+01   1.2289328e+02   2.1989680e-01   9.2100581e+01   4.8455919e+01   2.7053757e+03   2.5254741e+01   5.0160543e+01   3.3326986e+03   2.3094936e+01   6.6641964e+01  -5.2365781e-01   2.7266426e+02   1.0247840e+02   9.2209546e+01   3.2010990e+01   1.4781346e+01   1.8526798e+01   5.8206636e+00   1.6931340e+01   4.0268930e+00   3.2458235e+01   2.1628780e+01   1.3370365e+01   1.0499292e+00   1.6218891e+01   5.3855550e+00   6.6690500e+00   3.2059239e+00   1.7009393e-02   5.7251588e-01   1.8830109e-01   5.3838769e+01   4.4640963e+01   6.2856654e+01   5.3115224e+01   2.5379125e+01   6.0546947e+01   2.6874183e+01   3.7158294e+01   4.6434129e+01   3.5951223e+01   1.2252330e+01
   1.9647985e-01   5.1691821e+03   7.2007116e+02   7.8164208e+00   2.0016795e+01   3.2159919e+01   2.7986267e+03   6.5007474e+01   1.2190155e+02   8.0185812e-02   8.3489573e+01   5.0065642e+01   2.7634600e+03   1.7569098e+01   4.9802510e+01   2.9951602e+03   1.8046682e+01   6.2368477e+01   5.3304299e+00   2.7356348e+02   1.0188085e+02   4.5570336e+01   2.9495796e+01   2.7694560e+01   1.7950895e+01   1.2641168e+01   3.8972371e+00   1.2880477e+00   2.7940181e+01   4.4942376e+01   9.2248628e+00   2.1752935e+00   3.9736226e+00   1.8155431e+00   9.4256800e+00   5.0244133e-01   2.8199374e-02   1.5992115e-01   7.0933442e-02   9.0090580e+01   8.1722559e+00   8.8953589e+01   8.6213127e+00   1.9331318e+01   5.1257455e+01   8.7569193e+00   2.9164747e+01   3.9450610e+01   3.5551807e+01   9.0664992e+01
   1.9890188e-01   5.1745680e+03   7.1035453e+02   7.8561725e+00   1.9865202e+01   3.2399500e+01   2.7997458e+03   6.4565058e+01   1.2192069e+02   7.8531438e-02   8.3521104e+01   4.8833422e+01   2.7643611e+03   1.7787612e+01   4.8686254e+01   2.9959518e+03   1.8057608e+01   6.2361098e+01   5.1365106e+00   2.7248579e+02   1.0188647e+02   4.5571464e+01   2.9495796e+01   2.7694560e+01   1.7950895e+01   1.2641168e+01   3.8972371e+00   1.2880477e+00   2.7940181e+01   4.4942376e+01   9.2248628e+00   2.1752935e+00   3.9736226e+00   1.8155431e+00   9.4256800e+00   5.0244133e-01   2.8199374e-02   1.5992115e-01   7.0933442e-02   9.0090580e+01   8.1722559e+00   8.9026574e+01   8.5152301e+00   1.9301243e+01   5.1397568e+01   8.5231527e+00   2.9157447e+01   3.9474398e+01   3.5451108e+01   8.7838907e+01
   1.9621267e-01   5.1667229e+03   7.2222540e+02   7.6593025e+00   1.9800130e+01   3.2019211e+01   2.8002268e+03   6.4845682e+01   1.2189504e+02   8.0917960e-02   8.3469656e+01   5.0784075e+01   2.7650641e+03   1.7594132e+01   5.0361784e+01   2.9956699e+03   1.8027889e+01   6.2334710e+01   4.8818620e+00   2.7266143e+02   1.0187403e+02   4.5595016e+01   2.9901071e+01   2.7710513e+01   1.7827158e+01   1.2630695e+01   3.7865004e+00   1.3264140e+00   2.8132136e+01   4.4984372e+01   9.0889141e+00   2.3224534e+00   4.1659168e+00   1.8077459e+00   9.4347717e+00   4.8474915e-01   2.8199374e-02   1.5992115e-01   7.0933442e-02   9.0090580e+01   8.1722559e+00   8.9058635e+01   8.4430971e+00   1.9276194e+01   5.1360410e+01   8.6211806e+00   2.9129107e+01   3.9445746e+01   3.5449933e+01   8.9128671e+01
   1.9258251e-01   5.1944491e+03   6.7744880e+02   7.8254906e+00   2.0052027e+01   3.1927664e+01   2.7999458e+03   6.4028939e+01   1.2191168e+02   7.8495356e-02   8.3435772e+01   4.9478563e+01   2.7648241e+03   1.7598775e+01   4.9581464e+01   2.9960154e+03   1.7832780e+01   6.2323677e+01   5.5217812e+00   2.7301858e+02   1.0184909e+02   4.5605378e+01   2.9419503e+01   2.7852441e+01   1.7785776e+01   1.2623769e+01   3.9626327e+00   1.2516258e+00   2.7858150e+01   4.5031304e+01   9.2848723e+00   2.2338786e+00   3.8384167e+00   1.8263584e+00   9.4207488e+00   3.8717005e-01   2.7734589e-02   1.4057098e-01   6.7194306e-02   8.9711212e+01   8.0464275e+00   8.9088879e+01   8.4044736e+00   1.8876371e+01   5.1324673e+01   8.6910803e+00   2.9136419e+01   3.9397285e+01   3.5567634e+01   8.5953206e+01
   1.9033828e-01   5.1733296e+03   6.7650100e+02   7.7574501e+00   1.9592626e+01   3.2015243e+01   2.7999800e+03   6.4152963e+01   1.2190719e+02   8.1786656e-02   8.3475964e+01   5.0469052e+01   2.7650770e+03   1.7588276e+01   4.8431662e+01   2.9969917e+03   1.8082874e+01   6.2316466e+01   6.0579292e+00   2.7299953e+02   1.0185182e+02   4.5571307e+01   2.9656884e+01   2.7790088e+01   1.7982543e+01   1.2733894e+01   3.7486630e+00   1.2667990e+00   2.8239130e+01   4.4762822e+01   9.3522110e+00   2.2215929e+00   4.0801544e+00   1.8232327e+00   9.3625728e+00   4.9454301e-01   2.7734589e-02   1.4057098e-01   6.7194306e-02   8.9711212e+01   8.0464275e+00   8.9139296e+01   8.3632199e+00   1.8889027e+01   5.1394769e+01   8.8526035e+00   2.9156510e+01   3.9411997e+01   3.5579935e+01   9.0311076e+01
   1.9325994e-01   5.1959851e+03   7.0527708e+02   7.8833390e+00   1.9756290e+01   3.2231755e+01   2.8009796e+03   6.5364895e+01   1.2190466e+02   8.1876615e-02   8.3458024e+01   5.0862062e+01   2.7652676e+03   1.7553419e+01   4.8661772e+01   2.9963327e+03   1.8152305e+01   6.2347527e+01   4.0536989e+00   2.7279201e+02   1.0187437e+02   4.5586766e+01   2.9763616e+01   2.7758202e+01   1.7464388e+01   1.2685651e+01   4.0972278e+00   1.3060890e+00   2.8094443e+01   4.4861948e+01   8.9613471e+00   2.1591351e+00   4.1203256e+00   1.8530908e+00   9.4231549e+00   4.6335376e-01   3.5820135e-02   1.5216823e-01   5.4681216e-02   8.9532459e+01   8.6098675e+00   8.9154192e+01   8.3553698e+00   1.8934915e+01   5.1349064e+01   9.0040962e+00   2.9178617e+01   3.9433097e+01   3.5718517e+01   8.5909043e+01
   1.8528906e-01   5.1856133e+03   6.6534185e+02   7.8830657e+00   1.9933478e+01   3.2182786e+01   2.8003428e+03   6.4911231e+01   1.2191040e+02   8.3556188e-02   8.3474622e+01   5.0943806e+01   2.7655353e+03   1.7820185e+01   5.1762255e+01   2.9963506e+03   1.8101533e+01   6.2337792e+01   8.7504257e+00   2.7340377e+02   1.0185463e+02   4.5589854e+01   2.9576431e+01   2.7680129e+01   1.7908893e+01   1.2501715e+01   4.0770596e+00   1.2694680e+00   2.7982933e+01   4.5091750e+01   9.0516623e+00   2.1633752e+00   3.8871725e+00   1.8200695e+00   9.4055487e+00   4.5483042e-01   3.5820135e-02   1.5216823e-01   5.4681216e-02   8.9532459e+01   8.6098675e+00   8.9201581e+01   8.2979669e+00   1.8340492e+01   5.1465347e+01   9.1119763e+00   2.9179211e+01   3.9421263e+01   3.5719106e+01   8.9650364e+01
   1.8925790e-01   5.1622287e+03   7.1120189e+02   7.7613630e+00   1.9720090e+01   3.2370643e+01   2.7983402e+03   6.5338996e+01   1.2187911e+02   8.3202725e-02   8.3440420e+01   4.9943343e+01   2.7624989e+03   1.7729249e+01   4.9669856e+01   2.9963215e+03   1.7968182e+01   6.2327208e+01   5.6939926e+00   2.7543077e+02   1.0187002e+02   4.5581012e+01   2.9445273e+01   2.7826172e+01   1.7914682e+01   1.2541090e+01   4.0838103e+00   1.3057823e+00   2.7359970e+01   4.4891097e+01   9.0907208e+00   2.2007696e+00   3.7499629e+00   1.7800519e+00   9.3461872e+00   4.6532717e-01   3.5820135e-02   1.5216823e-01   5.4681216e-02   8.9532459e+01   8.6098675e+00   8.9230831e+01   8.3006135e+00   1.8536871e+01   5.1374929e+01   8.8902799e+00   2.9194089e+01   3.9419942e+01   3.5512317e+01   8.9994714e+01
   1.8895851e-01   5.1826794e+03   6.6154186e+02   7.9054023e+00   2.0152077e+01   3.1987625e+01   2.7996862e+03   6.4014185e+01   1.2187643e+02   7.9773915e-02   8.3508659e+01   4.9544444e+01   2.7644649e+03   1.7632331e+01   4.9733638e+01   2.9964735e+03   1.8174325e+01   6.2352190e+01   4.8992310e+00   2.7389724e+02   1.0183230e+02   4.5537432e+01   2.9619607e+01   2.7769792e+01   1.7630415e+01   1.2618811e+01   3.4882313e+00   1.2926793e+00   2.7877767e+01   4.5089650e+01   9.2042680e+00   2.2077248e+00   3.8458451e+00   1.8051299e+00   9.4962623e+00   5.3512595e-01   2.4681529e-02   1.6762076e-01   6.3037004e-02   8.9790916e+01   8.7651020e+00   8.9253627e+01   8.3103917e+00   1.8712947e+01   5.1413513e+01   8.6793345e+00   2.9184533e+01   3.9451031e+01   3.5635408e+01   8.6802375e+01
   1.8677313e-01   5.2141586e+03   7.0682247e+02   7.9322578e+00   1.9596255e+01   3.2275137e+01   2.8001061e+03   6.4560276e+01   1.2189994e+02   7.7940246e-02   8.3537202e+01   4.8945783e+01   2.7649431e+03   1.7517726e+01   5.0673241e+01   2.9954327e+03   1.8061890e+01   6.2353615e+01   7.0839611e+00   2.7338707e+02   1.0180971e+02   4.5551150e+01   2.9408754e+01   2.7774893e+01   1.7703548e+01   1.2542365e+01   3.6965573e+00   1.2690003e+00   2.8083440e+01   4.5093396e+01   9.2574392e+00   2.2303824e+00   3.8123864e+00   1.7683284e+00   9.4398377e+00   5.4911904e-01   2.4681529e-02   1.6762076e-01   6.3037004e-02   8.9790916e+01   8.7651020e+00   8.9234758e+01   8.3305694e+00   1.8407135e+01   5.1466867e+01   8.6849111e+00   2.9138077e+01   3.9445910e+01   3.5518059e+01   8.5963924e+01
   1.8684319e-01   5.2058523e+03   7.0113791e+02   7.9308060e+00   1.9368594e+01   3.2210451e+01   2.8002243e+03   6.4670185e+01   1.2189677e+02   7.6797344e-02   8.3505842e+01   5.0281601e+01   2.7654402e+03   1.7567056e+01   5.0710721e+01   2.9959858e+03   1.8079685e+01   6.2341720e+01   5.9767528e+00   2.7282015e+02   1.0181935e+02   4.5570807e+01   2.9850883e+01   2.7674605e+01   1.7977215e+01   1.2643953e+01   3.6887010e+00   1.2829871e+00   2.7383092e+01   4.5081387e+01   9.0887555e+00   2.1323133e+00   3.9342142e+00   1.8116766e+00   9.4429535e+00   4.2798264e-01   2.0985182e-02   1.8427310e-01   7.4632829e-02   8.9636013e+01   8.8368935e+00   8.9209393e+01   8.3366326e+00   1.8398544e+01   5.1497631e+01   8.5921835e+00   2.9158230e+01   3.9409988e+01   3.5686621e+01   8.5297302e+01
   1.8434727e-01   5.1840050e+03   7.3758153e+02   7.8538186e+00   1.9523636e+01   3.2207343e+01   2.8007810e+03   6.5368599e+01   1.2189135e+02   8.3968818e-02   8.3505785e+01   4.9505008e+01   2.7651056e+03   1.7390770e+01   4.9265995e+01   2.9961897e+03   1.7955210e+01   6.2350390e+01   5.5869970e+00   2.7281579e+02   1.0182402e+02   4.5543949e+01   2.9784202e+01   2.7697218e+01   1.8030056e+01   1.2738368e+01   3.8298962e+00   1.3114500e+00   2.7637465e+01   4.4979275e+01   9.4090698e+00   1.9617368e+00   3.5226893e+00   1.8157915e+00   9.4418744e+00   5.5323475e-01   2.0985182e-02   1.8427310e-01   7.4632829e-02   8.9636013e+01   8.8368935e+00   8.9224942e+01   8.3106980e+00   1.8382727e+01   5.1422263e+01   8.6263445e+00   2.9144777e+01   3.9388443e+01   3.5588941e+01   9.0176029e+01
   1.8777492e-01   5.1579517e+03   6.4916971e+02   7.8128754e+00   1.9460671e+01   3.2153111e+01   2.8000987e+03   6.5272515e+01   1.2188131e+02   7.6204475e-02   8.3473057e+01   4.8790153e+01   2.7644361e+03   1.7478676e+01   5.0309826e+01   2.9955265e+03   1.7832202e+01   6.2331635e+01   7.1832688e+00   2.7254923e+02   1.0184536e+02   4.5559049e+01   2.9641480e+01   2.7773604e+01   1.8199263e+01   1.2801418e+01   3.8030706e+00   1.2447217e+00   2.7868937e+01   4.4998922e+01   9.1060130e+00   2.2248376e+00   3.6619696e+00   1.8593885e+00   9.4305881e+00   5.2673376e-01   2.0985182e-02   1.8427310e-01   7.4632829e-02   8.9636013e+01   8.8368935e+00   8.9248950e+01   8.3233871e+00   1.8453692e+01   5.1375392e+01   8.3544907e+00   2.9147292e+01   3.9426327e+01   3.5436096e+01   8.9697315e+01
   1.9079001e-01   5.1795050e+03   7.4055604e+02   7.7150803e+00   2.0349795e+01   3.1913228e+01   2.7998578e+03   6.5465748e+01   1.2188223e+02   7.3565717e-02   8.3501465e+01   4.9943514e+01   2.7634989e+03   1.7573654e+01   5.0259273e+01   2.9955599e+03   1.8198199e+01   6.2335553e+01   4.6641095e+00   2.7345306e+02   1.0185323e+02   4.5555426e+01   2.9465714e+01   2.7679686e+01   1.8083991e+01   1.2554496e+01   3.9027263e+00   1.2663182e+00   2.7940698e+01   4.5029151e+01   9.5577739e+00   2.1990940e+00   4.0258718e+00   1.8070389e+00   9.4409871e+00   5.3118587e-01   1.3698778e-02   1.7605865e-01   7.8193445e-02   9.0790786e+01   7.9148573e+00   8.9198291e+01   8.3853037e+00   1.8733702e+01   5.1293325e+01   8.0735548e+00   2.9176738e+01   3.9420856e+01   3.5558867e+01   8.7145780e+01
   1.9176633e-01   5.1877994e+03   7.6967060e+02   7.8035846e+00   1.9671164e+01   3.2107033e+01   2.7990976e+03   6.4713463e+01   1.2189892e+02   7.3300390e-02   8.3438227e+01   5.0334651e+01   2.7641255e+03   1.7487502e+01   4.9727835e+01   2.9953657e+03   1.7882281e+01   6.2339467e+01   2.7528118e+00   2.7379404e+02   1.0185555e+02   4.5548179e+01   2.9278925e+01   2.7604147e+01   1.7985836e+01   1.2922203e+01   3.7805682e+00   1.2378782e+00   2.7853117e+01   4.5078298e+01   9.7593859e+00   2.2994156e+00   4.1535820e+00   1.8646131e+00   9.4639554e+00   6.3116892e-01   1.3698778e-02   1.7605865e-01   7.8193445e-02   9.0790786e+01   7.9148573e+00   8.9133447e+01   8.4726024e+00   1.8893433e+01   5.1370271e+01   7.7815725e+00   2.9187876e+01   3.9431467e+01   3.5736621e+01   8.9011320e+01
   1.9262534e-01   5.2067782e+03   7.1689469e+02   7.8259052e+00   1.9678491e+01   3.2379102e+01   2.8003063e+03   6.4294824e+01   1.2188381e+02   7.1722147e-02   8.3452494e+01   5.1114224e+01   2.7645483e+03   1.7677107e+01   5.0341794e+01   2.9973275e+03   1.7880482e+01   6.2356159e+01   4.8367114e+00   2.7377539e+02   1.0185928e+02   4.5545965e+01   2.9400435e+01   2.7733650e+01   1.8251187e+01   1.2663788e+01   3.7070859e+00   1.2453083e+00   2.7967248e+01   4.4978078e+01   9.6166885e+00   2.2945206e+00   3.7020611e+00   1.7919322e+00   9.4306263e+00   4.6116892e-01   1.9397127e-02   1.4940425e-01   6.3214354e-02   9.0154257e+01   9.0435891e+00   8.9069873e+01   8.5210573e+00   1.8998856e+01   5.1374295e+01   7.8342488e+00   2.9173630e+01   3.9440136e+01   3.5389369e+01   8.8996384e+01
   1.9574283e-01   5.1831871e+03   6.9594730e+02   7.7938835e+00   1.9866581e+01   3.2158210e+01   2.8001695e+03   6.4899344e+01   1.2191016e+02   7.3079256e-02   8.3429928e+01   5.0588252e+01   2.7649601e+03   1.7734112e+01   4.8479710e+01   2.9972639e+03   1.8162674e+01   6.2345056e+01   3.9576443e+00   2.7430065e+02   1.0188416e+02   4.5554355e+01   2.9326209e+01   2.7769326e+01   1.7916462e+01   1.2607504e+01   3.8604389e+00   1.3137439e+00   2.7953425e+01   4.5241638e+01   9.2212155e+00   2.0297998e+00   4.0872522e+00   1.8362753e+00   9.4612205e+00   5.3511353e-01   1.9397127e-02   1.4940425e-01   6.3214354e-02   9.0154257e+01   9.0435891e+00   8.9093129e+01   8.4489569e+00   1.9269648e+01   5.1275487e+01   8.1374150e+00   2.9126481e+01   3.9435247e+01   3.5561889e+01   8.9309822e+01
   1.9497283e-01   5.1786974e+03   6.8677422e+02   7.9040012e+00   1.9838399e+01   3.1972450e+01   2.8002665e+03   6.5162236e+01   1.2190355e+02   7.8985422e-02   8.3378207e+01   4.9355473e+01   2.7648378e+03   1.7383948e+01   5.1746563e+01   2.9980749e+03   1.8075158e+01   6.2318617e+01   5.2204911e+00   2.7424160e+02   1.0187992e+02   4.5570217e+01   2.9565807e+01   2.7598567e+01   1.7940851e+01   1.2642785e+01   3.9039012e+00   1.2626632e+00   2.8136238e+01   4.5029702e+01   8.9812899e+00   2.1309888e+00   3.7443469e+00   1.8017351e+00   9.4323807e+00   4.5228680e-01   1.9397127e-02   1.4940425e-01   6.3214354e-02   9.0154257e+01   9.0435891e+00   8.9092227e+01   8.4324543e+00   1.9140637e+01   5.1460203e+01   8.5474785e+00   2.9143714e+01   3.9410903e+01   3.5415998e+01   8.6264953e+01
   1.9328941e-01   5.1678785e+03   7.0307667e+02   7.8356450e+00   1.9660398e+01   3.2040379e+01   2.8014465e+03   6.5009190e+01   1.2190450e+02   8.2138601e-02   8.3430636e+01   5.0298945e+01   2.7668553e+03   1.7526581e+01   4.9229232e+01   2.9982267e+03   1.8028626e+01   6.2311185e+01   8.6139709e+00   2.7246267e+02   1.0187567e+02   4.5576351e+01   2.9149514e+01   2.7677479e+01   1.8075278e+01   1.2619224e+01   3.8720669e+00   1.3039348e+00   2.7845768e+01   4.4894997e+01   8.7332076e+00   2.1796672e+00   3.6443136e+00   1.8077583e+00   9.4549286e+00   4.1064822e-01   1.6955766e-02   1.6236289e-01   7.1407138e-02   9.0508941e+01   7.8355678e+00   8.9091966e+01   8.4460626e+00   1.8948830e+01   5.1384949e+01   8.9881170e+00   2.9168753e+01   3.9425928e+01   3.5611400e+01   9.0944048e+01
   1.9551256e-01   5.1935206e+03   6.9029635e+02   7.8264924e+00   1.9975684e+01   3.2158312e+01   2.8025603e+03   6.4516448e+01   1.2190098e+02   8.8859519e-02   8.3446892e+01   4.9253227e+01   2.7671223e+03   1.7567163e+01   5.0517805e+01   2.9982586e+03   1.7969906e+01   6.2309816e+01   5.3498176e+00   2.7247573e+02   1.0187270e+02   4.5590891e+01   2.9323540e+01   2.7805531e+01   1.8034715e+01   1.2575367e+01   3.8510335e+00   1.2813642e+00   2.8416010e+01   4.5130462e+01   8.8056868e+00   2.1932550e+00   3.5288154e+00   1.8181047e+00   9.3677335e+00   5.3100691e-01   1.6955766e-02   1.6236289e-01   7.1407138e-02   9.0508941e+01   7.8355678e+00   8.9067505e+01   8.4772147e+00   1.9232786e+01   5.1357168e+01   9.5363347e+00   2.9166628e+01   3.9424148e+01   3.5531537e+01   8.8376657e+01
   1.9894583e-01   5.1972685e+03   7.5482120e+02   7.7723834e+00   1.9781308e+01   3.2270267e+01   2.8022196e+03   6.5452609e+01   1.2191882e+02   9.6263014e-02   8.3425543e+01   5.0957675e+01   2.7666896e+03   1.7578905e+01   4.9861173e+01   2.9984590e+03   1.8137303e+01   6.2331014e+01   3.8540013e+00   2.7338709e+02   1.0187504e+02   4.5596030e+01   2.9497413e+01   2.7885320e+01   1.7659909e+01   1.2467190e+01   4.3365984e+00   1.3184542e+00   2.8365219e+01   4.5124563e+01   8.6720627e+00   2.4002030e+00   4.2681366e+00   1.8310190e+00   9.3210249e+00   4.8347509e-01   2.5535019e-02   1.7518670e-01   6.6462412e-02   8.9502684e+01   7.9448556e+00   8.9062039e+01   8.5085466e+00   1.9269636e+01   5.1337538e+01   1.0287225e+01   2.9190940e+01   3.9437397e+01   3.5611170e+01   8.8175830e+01
   1.9464364e-01   5.1858532e+03   7.0107768e+02   7.8397341e+00   1.9385231e+01   3.1926443e+01   2.8024045e+03   6.4792674e+01   1.2192276e+02   1.0353325e-01   8.3419159e+01   5.1932610e+01   2.7668296e+03   1.7495875e+01   4.9236898e+01   2.9985284e+03   1.8069732e+01   6.2296664e+01   4.9536827e+00   2.7368755e+02   1.0186455e+02   4.5613626e+01   2.9377215e+01   2.7748635e+01   1.8327812e+01   1.2773254e+01   3.9888180e+00   1.2830378e+00   2.7765958e+01   4.5095506e+01   8.9912382e+00   2.0832509e+00   3.6045303e+00   1.7786240e+00   9.3660236e+00   5.1295178e-01   2.5535019e-02   1.7518670e-01   6.6462412e-02   8.9502684e+01   7.9448556e+00   8.9146876e+01   8.3898652e+00   1.8807644e+01   5.1448988e+01   1.0923317e+01   2.9166487e+01   3.9453171e+01   3.5633645e+01   9.1023679e+01
   1.9520954e-01   5.1712004e+03   6.9714802e+02   7.8232967e+00   1.9586815e+01   3.2361518e+01   2.8011873e+03   6.4734620e+01   1.2191748e+02   1.0401808e-01   8.3447531e+01   5.0730105e+01   2.7658602e+03   1.7620707e+01   4.9350106e+01   2.9970151e+03   1.7832212e+01   6.2340317e+01   4.8095645e+00   2.7241277e+02   1.0185949e+02   4.5567362e+01   2.9249545e+01   2.7737797e+01   1.7904577e+01   1.2533237e+01   3.7279193e+00   1.3499700e+00   2.7725569e+01   4.4918102e+01   9.6763190e+00   2.0456359e+00   3.7647305e+00   1.8639337e+00   9.4021360e+00   4.9067848e-01   2.5535019e-02   1.7518670e-01   6.6462412e-02   8.9502684e+01   7.9448556e+00   8.9183182e+01   8.3127598e+00   1.9278767e+01   5.1264393e+01   1.1370483e+01   2.9193886e+01   3.9412075e+01   3.5480263e+01   9.1234826e+01
   1.9698070e-01   5.1732440e+03   6.8779799e+02   7.8527017e+00   1.9621742e+01   3.1834148e+01   2.7999322e+03   6.4234319e+01   1.2190250e+02   1.0264982e-01   8.3471222e+01   5.0058059e+01   2.7649952e+03   1.7456866e+01   4.8516353e+01   2.9962667e+03   1.8124515e+01   6.2331659e+01   6.2882584e+00   2.7296023e+02   1.0188186e+02   4.5574428e+01   2.9554249e+01   2.7682339e+01   1.7835807e+01   1.2740256e+01   3.6626929e+00   1.3339206e+00   2.8154536e+01   4.4981366e+01   9.1558564e+00   2.1159612e+00   4.1960156e+00   1.8076623e+00   9.4266939e+00   5.1833066e-01   4.5348093e-02   1.5855278e-01   6.2582120e-02   8.9612403e+01   8.5995431e+00   8.9212565e+01   8.3032268e+00   1.9231939e+01   5.1374800e+01   1.1267305e+01   2.9182504e+01   3.9450493e+01   3.5540542e+01   8.9660358e+01
   1.9281958e-01   5.1961969e+03   7.0658167e+02   7.8563095e+00   1.9867675e+01   3.1937474e+01   2.7993504e+03   6.4898475e+01   1.2190986e+02   1.0011938e-01   8.3494528e+01   4.9696074e+01   2.7648226e+03   1.7494681e+01   4.9921164e+01   2.9959765e+03   1.8119982e+01   6.2352750e+01   4.0811624e+00   2.7281066e+02   1.0182089e+02   4.5575363e+01   2.9764364e+01   2.7776493e+01   1.7230336e+01   1.2897180e+01   3.8836883e+00   1.3127092e+00   2.7898590e+01   4.4937793e+01   9.5709641e+00   2.0842823e+00   4.2672018e+00   1.8077207e+00   9.4289042e+00   4.9905659e-01   4.5348093e-02   1.5855278e-01   6.2582120e-02   8.9612403e+01   8.5995431e+00   8.9215988e+01   8.2949000e+00   1.8940689e+01   5.1436245e+01   1.0984726e+01   2.9159960e+01   3.9445705e+01   3.5653098e+01   8.7303226e+01
   1.8313854e-01   5.1927361e+03   6.9081722e+02   7.7989376e+00   1.9856643e+01   3.2218894e+01   2.7993560e+03   6.4874968e+01   1.2189601e+02   9.6714840e-02   8.3441966e+01   5.1881398e+01   2.7640896e+03   1.7622598e+01   5.0973647e+01   2.9949892e+03   1.8243926e+01   6.2319301e+01   4.5219391e+00   2.7239406e+02   1.0183795e+02   4.5582490e+01   2.9406176e+01   2.7711937e+01   1.8136688e+01   1.2570397e+01   3.5804135e+00   1.2691979e+00   2.7929331e+01   4.5016265e+01   8.9846184e+00   2.3730155e+00   3.6791007e+00   1.8648036e+00   9.4092893e+00   4.9603282e-01   3.9103224e-02   1.4371504e-01   8.2686293e-02   9.0501198e+01   8.0307189e+00   8.9219129e+01   8.2748558e+00   1.8009303e+01   5.1493472e+01   1.0510583e+01   2.9180648e+01   3.9413208e+01   3.5412762e+01   8.8851451e+01
   1.8911685e-01   5.2037183e+03   7.1212762e+02   7.9147983e+00   2.0094813e+01   3.1996010e+01   2.7977697e+03   6.5026549e+01   1.2191461e+02   9.2203403e-02   8.3452326e+01   5.0603573e+01   2.7619751e+03   1.7581454e+01   5.0970923e+01   2.9960430e+03   1.8105395e+01   6.2346663e+01   5.9212692e+00   2.7515566e+02   1.0188323e+02   4.5580529e+01   2.9002950e+01   2.7702049e+01   1.7713483e+01   1.2667027e+01   4.1049637e+00   1.2884182e+00   2.7800007e+01   4.5071897e+01   9.2239171e+00   2.3126098e+00   4.4631127e+00   1.8488188e+00   9.3978715e+00   4.7307133e-01   3.9103224e-02   1.4371504e-01   8.2686293e-02   9.0501198e+01   8.0307189e+00   8.9157549e+01   8.4005835e+00   1.8583640e+01   5.1334287e+01   9.9873024e+00   2.9163559e+01   3.9436002e+01   3.5606725e+01   8.9492782e+01
   1.9029506e-01   5.1815288e+03   7.2967159e+02   7.8571073e+00   2.0006683e+01   3.2080870e+01   2.7988026e+03   6.5928150e+01   1.2190011e+02   8.6011890e-02   8.3504252e+01   4.9684671e+01   2.7631866e+03   1.7577594e+01   5.0622360e+01   2.9954436e+03   1.8046957e+01   6.2353594e+01   4.6791163e+00   2.7326200e+02   1.0185809e+02   4.5548645e+01   2.9568518e+01   2.7743754e+01   1.7519454e+01   1.2773517e+01   4.2787257e+00   1.2806487e+00   2.7622125e+01   4.5126553e+01   9.5511509e+00   2.1761227e+00   4.5349021e+00   1.8342674e+00   9.4514369e+00   5.3329170e-01   3.9103224e-02   1.4371504e-01   8.2686293e-02   9.0501198e+01   8.0307189e+00   8.9099345e+01   8.4535217e+00   1.8720076e+01   5.1401740e+01   9.4917081e+00   2.9159463e+01   3.9428129e+01   3.5603593e+01   8.6660752e+01
   1.8271687e-01   5.1612619e+03   7.2551972e+02   7.7728706e+00   1.9714805e+01   3.2147451e+01   2.7995115e+03   6.6313847e+01   1.2189198e+02   8.5390902e-02   8.3540214e+01   5.0051934e+01   2.7646366e+03   1.7670412e+01   5.0510858e+01   2.9961838e+03   1.7856493e+01   6.2347411e+01   5.6666095e+00   2.7293880e+02   1.0186695e+02   4.5569440e+01   2.9948198e+01   2.7853936e+01   1.8194984e+01   1.2793594e+01   3.9284597e+00   1.3458240e+00   2.7227692e+01   4.4903508e+01   8.9216700e+00   2.2077344e+00   3.4183731e+00   1.8287700e+00   9.4477317e+00   5.6099205e-01   2.5347114e-02   1.5901271e-01   7.2952537e-02   8.9065949e+01   7.9637740e+00   8.9145863e+01   8.3649059e+00   1.8247174e+01   5.1513417e+01   9.2565880e+00   2.9174916e+01   3.9409921e+01   3.5523645e+01   9.1471812e+01
   1.8908146e-01   5.1935472e+03   6.8617523e+02   7.7904445e+00   2.0024408e+01   3.2086276e+01   2.8009381e+03   6.4555368e+01   1.2190444e+02   8.5616609e-02   8.3582817e+01   4.9415302e+01   2.7648094e+03   1.7577434e+01   5.0199488e+01   2.9959403e+03   1.7817251e+01   6.2355930e+01   4.6522269e+00   2.7186986e+02   1.0187175e+02   4.5535624e+01   2.9454238e+01   2.7764625e+01   1.8098615e+01   1.2670604e+01   3.8936630e+00   1.2745709e+00   2.7815972e+01   4.5035109e+01   9.1387231e+00   2.0556817e+00   4.3176532e+00   1.8104067e+00   9.4513205e+00   4.2785538e-01   2.5347114e-02   1.5901271e-01   7.2952537e-02   8.9065949e+01   7.9637740e+00   8.9246056e+01   8.2387557e+00   1.8408155e+01   5.1288265e+01   9.2004412e+00   2.9163602e+01   3.9454358e+01   3.5536501e+01   8.7244694e+01
   1.9045430e-01   5.2175531e+03   6.9589411e+02   7.9030544e+00   1.9354091e+01   3.2155841e+01   2.7988089e+03   6.4216072e+01   1.2191616e+02   8.4201013e-02   8.3529513e+01   4.9210513e+01   2.7637619e+03   1.7709293e+01   4.8949025e+01   2.9952099e+03   1.8046003e+01   6.2389162e+01   5.3364665e+00   2.7264331e+02   1.0184706e+02   4.5579971e+01   2.9577800e+01   2.7721912e+01   1.7446345e+01   1.2528860e+01   3.5820728e+00   1.2538401e+00   2.8146007e+01   4.4891118e+01   9.1315850e+00   2.1444319e+00   3.6656094e+00   1.7992053e+00   9.4818359e+00   5.1104785e-01   1.9470956e-02   1.4925056e-01   5.0648652e-02   9.0404925e+01   7.7047888e+00   8.9305229e+01   8.1817570e+00   1.8695769e+01   5.1419904e+01   8.9677938e+00   2.9148676e+01   3.9453542e+01   3.5688431e+01   8.8381485e+01
   1.8318048e-01   5.1592805e+03   6.6866123e+02   7.8735016e+00   1.9597850e+01   3.2583927e+01   2.7998448e+03   6.5284073e+01   1.2192942e+02   7.9786003e-02   8.3548923e+01   5.0972550e+01   2.7645092e+03   1.7678303e+01   5.0302356e+01   2.9953875e+03   1.8230600e+01   6.2370059e+01   5.2809210e+00   2.7241423e+02   1.0182952e+02   4.5554012e+01   2.9883946e+01   2.7674523e+01   1.8171287e+01   1.2635821e+01   3.8473974e+00   1.3232875e+00   2.7548947e+01   4.5059933e+01   9.2747846e+00   2.2403184e+00   3.8638245e+00   1.8626178e+00   9.4728104e+00   5.4403609e-01   1.9470956e-02   1.4925056e-01   5.0648652e-02   9.0404925e+01   7.7047888e+00   8.9197293e+01   8.3172361e+00   1.8112749e+01   5.1536429e+01   8.7624380e+00   2.9148268e+01   3.9411973e+01   3.5785573e+01   8.7265678e+01
   1.8562253e-01   5.1662703e+03   6.8137594e+02   7.8089994e+00   1.9981083e+01   3.2551216e+01   2.7978792e+03   6.4416359e+01   1.2189921e+02   7.7869647e-02   8.3503153e+01   4.9019321e+01   2.7633038e+03   1.7649424e+01   5.1416977e+01   2.9953401e+03   1.8039623e+01   6.2398804e+01   5.8418561e+00   2.7355225e+02   1.0181973e+02   4.5546879e+01   2.9737062e+01   2.7877043e+01   1.8293259e+01   1.2472428e+01   3.6010084e+00   1.2491763e+00   2.7541451e+01   4.5010928e+01   9.0281268e+00   2.1149114e+00   4.2433296e+00   1.8298353e+00   9.4065937e+00   4.6511011e-01   1.9470956e-02   1.4925056e-01   5.0648652e-02   9.0404925e+01   7.7047888e+00   8.9152764e+01   8.4197032e+00   1.8301849e+01   5.1280500e+01   8.5379871e+00   2.9173852e+01   3.9405643e+01   3.5785180e+01   8.6871720e+01
   1.8940313e-01   5.1850785e+03   7.0459205e+02   7.7966373e+00   1.9885115e+01   3.2401142e+01   2.7975683e+03   6.5348219e+01   1.2189440e+02   7.3903921e-02   8.3454293e+01   5.0820040e+01   2.7624824e+03   1.7500937e+01   5.1732158e+01   2.9954808e+03   1.7933844e+01   6.2368103e+01   4.3082581e+00   2.7436585e+02   1.0184316e+02   4.5556610e+01   2.9913381e+01   2.7743664e+01   1.8029904e+01   1.2801882e+01   3.8987496e+00   1.2763220e+00   2.7487766e+01   4.5099507e+01   9.0324811e+00   2.1418318e+00   3.7846656e+00   1.7676174e+00   9.5075884e+00   4.9241983e-01   2.3991278e-02   1.6373123e-01   8.1099819e-02   8.9556090e+01   7.9026441e+00   8.9176357e+01   8.3495992e+00   1.8605401e+01   5.1289765e+01   8.0523962e+00   2.9181577e+01   3.9434475e+01   3.5553751e+01   8.7322034e+01
   1.8777976e-01   5.2015513e+03   7.0892419e+02   7.7320305e+00   1.9816004e+01   3.2412673e+01   2.7982351e+03   6.4723065e+01   1.2187264e+02   7.1859114e-02   8.3474716e+01   4.9930902e+01   2.7630711e+03   1.7572331e+01   5.0643516e+01   2.9957667e+03   1.7968456e+01   6.2377066e+01   5.9230495e+00   2.7428819e+02   1.0183175e+02   4.5550937e+01   2.9691761e+01   2.7696525e+01   1.7749405e+01   1.2664803e+01   3.6440582e+00   1.3013615e+00   2.7861671e+01   4.4925389e+01   9.0557557e+00   2.3349693e+00   3.8366418e+00   1.7857689e+00   9.4482599e+00   5.7613815e-01   2.3991278e-02   1.6373123e-01   8.1099819e-02   8.9556090e+01   7.9026441e+00   8.9199812e+01   8.2964867e+00   1.8408724e+01   5.1342180e+01   7.6161229e+00   2.9165554e+01   3.9438186e+01   3.5425378e+01   9.0325766e+01
   1.8441397e-01   5.1868990e+03   7.1764489e+02   7.8423659e+00   1.9582091e+01   3.1985664e+01   2.8000097e+03   6.5151862e+01   1.2189764e+02   6.9690104e-02   8.3552736e+01   5.1255931e+01   2.7643026e+03   1.7591506e+01   5.0621546e+01   2.9966297e+03   1.8286387e+01   6.2379281e+01   5.9069444e+00   2.7363525e+02   1.0188166e+02   4.5542544e+01   2.9197094e+01   2.7802649e+01   1.7956707e+01   1.2788497e+01   3.5249615e+00   1.2950579e+00   2.7943792e+01   4.5041089e+01   9.5035396e+00   2.2650438e+00   3.8302637e+00   1.8366301e+00   9.3890741e+00   4.8750527e-01   8.7116932e-03   1.6758208e-01   6.3508599e-02   9.0075540e+01   7.9025618e+00   8.9244925e+01   8.2481990e+00   1.8133119e+01   5.1493776e+01   7.5078540e+00   2.9137683e+01   3.9451537e+01   3.5664028e+01   9.2337426e+01
   1.9075564e-01   5.1838708e+03   7.2077086e+02   7.8118048e+00   1.9965177e+01   3.2695538e+01   2.7987811e+03   6.4656365e+01   1.2190874e+02   7.0674892e-02   8.3436403e+01   4.8894777e+01   2.7630664e+03   1.7617746e+01   4.9950492e+01   2.9968355e+03   1.7995959e+01   6.2370953e+01   4.0570795e+00   2.7499385e+02   1.0182566e+02   4.5557341e+01   2.9193012e+01   2.7611905e+01   1.8496098e+01   1.2842727e+01   3.6153511e+00   1.2979170e+00   2.7982431e+01   4.5084391e+01   9.5596343e+00   2.1477090e+00   3.8414660e+00   1.8388356e+00   9.4970500e+00   4.6919223e-01   8.7116932e-03   1.6758208e-01   6.3508599e-02   9.0075540e+01   7.9025618e+00   8.9195161e+01   8.3055341e+00   1.8467235e+01   5.1356750e+01   7.5207800e+00   2.9126857e+01   3.9427398e+01   3.5379266e+01   8.9031615e+01
   1.9518729e-01   5.1898360e+03   7.2020579e+02   7.7883854e+00   1.9708296e+01   3.2152064e+01   2.8000361e+03   6.5202663e+01   1.2191770e+02   6.8277148e-02   8.3525702e+01   4.7918065e+01   2.7650366e+03   1.7583907e+01   4.9334986e+01   2.9963837e+03   1.7983360e+01   6.2360321e+01   5.1787109e+00   2.7263263e+02   1.0189825e+02   4.5550549e+01   2.9260505e+01   2.7755076e+01   1.8315661e+01   1.2784354e+01   4.1140733e+00   1.2741915e+00   2.7380151e+01   4.4968890e+01   9.2235436e+00   2.1764915e+00   4.1074143e+00   1.8392599e+00   9.3298614e+00   5.4148944e-01   8.7116932e-03   1.6758208e-01   6.3508599e-02   9.0075540e+01   7.9025618e+00   8.9189586e+01   8.3421181e+00   1.9205221e+01   5.1244282e+01   7.4822835e+00   2.9158479e+01   3.9442649e+01   3.5686978e+01   8.9747933e+01
   1.9695196e-01   5.1742457e+03   6.8801620e+02   7.8003772e+00   1.9814658e+01   3.2297461e+01   2.8006573e+03   6.4694379e+01   1.2188724e+02   7.0951712e-02   8.3535436e+01   4.8885341e+01   2.7652579e+03   1.7651743e+01   5.2467053e+01   2.9972254e+03   1.8103726e+01   6.2362056e+01   5.1406515e+00   2.7241123e+02   1.0190385e+02   4.5527576e+01   2.9720285e+01   2.7752680e+01   1.7981585e+01   1.2642741e+01   4.0480672e+00   1.2878274e+00   2.7699960e+01   4.5159879e+01   8.7766989e+00   2.3276850e+00   3.8591052e+00   1.8263393e+00   9.5152985e+00   4.7302921e-01   4.1172894e-02   1.6466715e-01   6.9832367e-02   9.0719360e+01   8.7154921e+00   8.9133981e+01   8.4027508e+00   1.9448715e+01   5.1326886e+01   7.7964926e+00   2.9136026e+01   3.9437885e+01   3.5557804e+01   8.8096333e+01
   1.9471270e-01   5.2200416e+03   7.1731444e+02   7.8763746e+00   1.9659243e+01   3.2378325e+01   2.8005617e+03   6.4553002e+01   1.2188120e+02   7.3019307e-02   8.3475162e+01   4.9462688e+01   2.7649974e+03   1.7607154e+01   5.0345376e+01   2.9969528e+03   1.8269066e+01   6.2368727e+01   6.5980302e+00   2.7385215e+02   1.0187586e+02   4.5534320e+01   2.9774356e+01   2.7790360e+01   1.7921113e+01   1.2763051e+01   4.2630784e+00   1.3317606e+00   2.8008135e+01   4.4960719e+01   8.9089892e+00   2.1355588e+00   3.9911686e+00   1.8020661e+00   9.4153719e+00   4.6562352e-01   4.1172894e-02   1.6466715e-01   6.9832367e-02   9.0719360e+01   8.7154921e+00   8.9085209e+01   8.4463640e+00   1.9000035e+01   5.1335019e+01   8.0806014e+00   2.9136039e+01   3.9429318e+01   3.5314298e+01   8.7008535e+01
   1.9154982e-01   5.1735048e+03   7.0634512e+02   7.9319594e+00   2.0083196e+01   3.2331132e+01   2.8010200e+03   6.4445357e+01   1.2190616e+02   7.7534642e-02   8.3495434e+01   4.9042257e+01   2.7657121e+03   1.7556270e+01   4.8986550e+01   2.9982610e+03   1.8212805e+01   6.2346012e+01   7.5300480e+00   2.7368035e+02   1.0188767e+02   4.5566593e+01   2.9517710e+01   2.7795428e+01   1.8108308e+01   1.2512320e+01   4.0770456e+00   1.2939152e+00   2.7432620e+01   4.4988047e+01   9.4503932e+00   2.3674599e+00   4.0729481e+00   1.8366433e+00   9.4312398e+00   5.3464684e-01   3.4213828e-02   1.5897899e-01   6.1101208e-02   8.9971502e+01   7.2291683e+00   8.9054420e+01   8.4963269e+00   1.8643683e+01   5.1323203e+01   8.4843702e+00   2.9144003e+01   3.9446251e+01   3.5465187e+01   8.9586177e+01
   1.9196525e-01   5.1378538e+03   6.8024063e+02   7.7528785e+00   1.9892490e+01   3.2220923e+01   2.8017667e+03   6.4896456e+01   1.2190104e+02   8.2085548e-02   8.3457009e+01   4.9733316e+01   2.7666169e+03   1.7585280e+01   5.1705991e+01   2.9982232e+03   1.8156863e+01   6.2349322e+01   6.0558395e+00   2.7297366e+02   1.0185852e+02   4.5549191e+01   2.9206565e+01   2.7713842e+01   1.8350854e+01   1.2630671e+01   3.5898579e+00   1.2911262e+00   2.8029718e+01   4.5334526e+01   9.4706103e+00   2.2728003e+00   4.0545728e+00   1.8321534e+00   9.4725492e+00   4.9533415e-01   3.4213828e-02   1.5897899e-01   6.1101208e-02   8.9971502e+01   7.2291683e+00   8.9077417e+01   8.4002699e+00   1.8786489e+01   5.1297183e+01   9.0533660e+00   2.9157057e+01   3.9422645e+01   3.5580992e+01   8.7941487e+01
   1.9530028e-01   5.1678586e+03   7.1699564e+02   7.7885288e+00   1.9884107e+01   3.1742582e+01   2.8023971e+03   6.5021462e+01   1.2190979e+02   8.7008339e-02   8.3527022e+01   4.9020624e+01   2.7671148e+03   1.7535564e+01   5.1659926e+01   2.9982098e+03   1.7955193e+01   6.2344792e+01   5.9981080e+00   2.7244199e+02   1.0188620e+02   4.5520014e+01   2.8792386e+01   2.7721531e+01   1.7913798e+01   1.2611440e+01   3.5405692e+00   1.2942045e+00   2.7679485e+01   4.5098872e+01   9.1493500e+00   2.3209751e+00   4.1340812e+00   1.8327933e+00   9.3601268e+00   5.3439325e-01   3.4213828e-02   1.5897899e-01   6.1101208e-02   8.9971502e+01   7.2291683e+00   8.9120417e+01   8.3712927e+00   1.9311172e+01   5.1273152e+01   9.6156062e+00   2.9159014e+01   3.9443596e+01   3.5511468e+01   8.9717697e+01
   1.9739185e-01   5.1719913e+03   7.0399933e+02   7.8761284e+00   1.9398526e+01   3.2162483e+01   2.8002170e+03   6.5708986e+01   1.2192541e+02   9.3577034e-02   8.3394205e+01   4.9178786e+01   2.7659543e+03   1.7537798e+01   5.0335487e+01   2.9977295e+03   1.7990839e+01   6.2351705e+01   6.8183399e+00   2.7334328e+02   1.0186937e+02   4.5574769e+01   2.8895835e+01   2.7749732e+01   1.7784785e+01   1.2737622e+01   4.0461917e+00   1.3110446e+00   2.7473023e+01   4.5059689e+01   9.2420603e+00   2.1941779e+00   4.3467661e+00   1.8371947e+00   9.2492950e+00   4.7182826e-01   4.3476715e-02   1.6360273e-01   5.4931289e-02   9.0079913e+01   8.9641542e+00   8.9136385e+01   8.4071157e+00   1.9450640e+01   5.1367862e+01   9.9332550e+00   2.9157208e+01   3.9430626e+01   3.5507440e+01   8.8093820e+01
   1.9773551e-01   5.1833029e+03   6.8689127e+02   7.8619035e+00   1.9464733e+01   3.2192043e+01   2.8020917e+03   6.5358707e+01   1.2190236e+02   9.3168194e-02   8.3454645e+01   4.9077880e+01   2.7668056e+03   1.7720187e+01   5.1044217e+01   2.9979395e+03   1.8126752e+01   6.2334456e+01   4.2680526e+00   2.7296100e+02   1.0185120e+02   4.5562720e+01   2.9759332e+01   2.8032905e+01   1.7589924e+01   1.2704927e+01   3.6228236e+00   1.2929544e+00   2.7745135e+01   4.5025345e+01   8.9010413e+00   2.1490810e+00   3.4227471e+00   1.8319374e+00   9.4071675e+00   6.1908464e-01   4.3476715e-02   1.6360273e-01   5.4931289e-02   9.0079913e+01   8.9641542e+00   8.9152084e+01   8.3899738e+00   1.9369964e+01   5.1447369e+01   1.0224875e+01   2.9126186e+01   3.9422989e+01   3.5663795e+01   8.7089829e+01
   1.8731307e-01   5.1926285e+03   6.9298589e+02   7.7520200e+00   1.9664422e+01   3.2391458e+01   2.8011672e+03   6.5099360e+01   1.2187857e+02   9.7169781e-02   8.3471274e+01   4.9127076e+01   2.7664442e+03   1.7328884e+01   5.1010757e+01   2.9983373e+03   1.7856479e+01   6.2313387e+01   6.2536536e+00   2.7319216e+02   1.0187299e+02   4.5551829e+01   2.9103932e+01   2.7828197e+01   1.7788368e+01   1.2819714e+01   3.9721529e+00   1.3301283e+00   2.7498152e+01   4.5201572e+01   9.4208129e+00   2.2525031e+00   3.9264180e+00   1.8208343e+00   9.3692659e+00   4.9909874e-01   2.8804831e-02   1.5458680e-01   8.4034741e-02   8.9714868e+01   7.7908356e+00   8.9169018e+01   8.3995126e+00   1.8601806e+01   5.1487375e+01   1.0673187e+01   2.9148982e+01   3.9449835e+01   3.5434882e+01   8.7828580e+01
   1.8988068e-01   5.2009944e+03   7.1063399e+02   7.8661761e+00   1.9830351e+01   3.1988796e+01   2.8019299e+03   6.4103483e+01   1.2190109e+02   1.0138784e-01   8.3476752e+01   4.9766387e+01   2.7661712e+03   1.7488664e+01   4.9170498e+01   2.9976102e+03   1.8115500e+01   6.2309295e+01   7.4355565e+00   2.7192664e+02   1.0187066e+02   4.5546877e+01   2.9590989e+01   2.7763382e+01   1.8176741e+01   1.2719621e+01   3.9120824e+00   1.2891159e+00   2.7767919e+01   4.5413104e+01   9.0253817e+00   2.1509157e+00   4.5094453e+00   1.8374103e+00   9.5173783e+00   4.7878633e-01   2.8804831e-02   1.5458680e-01   8.4034741e-02   8.9714868e+01   7.7908356e+00   8.9171513e+01   8.3003109e+00   1.8742953e+01   5.1432165e+01   1.1091031e+01   2.9148230e+01   3.9408866e+01   3.5596995e+01   8.7487006e+01
   1.9373918e-01   5.1527689e+03   6.5873920e+02   7.7794181e+00   1.9360944e+01   3.2355363e+01   2.8008516e+03   6.5111615e+01   1.2188913e+02   1.0517901e-01   8.3474698e+01   4.9491230e+01   2.7655664e+03   1.7573276e+01   5.0620403e+01   2.9975042e+03   1.8068093e+01   6.2332474e+01   7.5313102e+00   2.7323896e+02   1.0188634e+02   4.5590555e+01   2.9147322e+01   2.7800294e+01   1.8065862e+01   1.2493455e+01   3.4712003e+00   1.2581937e+00   2.7328494e+01   4.5255617e+01   8.8477351e+00   2.2886960e+00   3.7867881e+00   1.8447436e+00   9.3517341e+00   4.5476482e-01   2.8804831e-02   1.5458680e-01   8.4034741e-02   8.9714868e+01   7.7908356e+00   8.9215495e+01   8.3070597e+00   1.8911173e+01   5.1299703e+01   1.1343454e+01   2.9138873e+01   3.9426036e+01   3.5469744e+01   8.9227144e+01
   1.9558319e-01   5.1896126e+03   6.5768264e+02   7.7655838e+00   1.9294544e+01   3.2227848e+01   2.7999538e+03   6.5299021e+01   1.2190486e+02   1.0402604e-01   8.3545846e+01   5.1567039e+01   2.7649416e+03   1.7480048e+01   5.2029446e+01   2.9970222e+03   1.8137075e+01   6.2342026e+01   8.6809293e+00   2.7248665e+02   1.0188572e+02   4.5525357e+01   2.9359008e+01   2.7794731e+01   1.8158939e+01   1.2675917e+01   4.1412060e+00   1.3110686e+00   2.7350218e+01   4.5123389e+01   9.0918689e+00   2.2763799e+00   4.0054490e+00   1.8334516e+00   9.3934536e+00   4.7830955e-01   2.5917487e-02   1.7700591e-01   7.1278729e-02   8.9814890e+01   8.2150934e+00   8.9231888e+01   8.2865754e+00   1.9186488e+01   5.1372230e+01   1.1081924e+01   2.9152732e+01   3.9435685e+01   3.5448149e+01   8.7289212e+01
   1.9481078e-01   5.1927449e+03   6.9916807e+02   7.8827957e+00   1.9464946e+01   3.2183478e+01   2.7988519e+03   6.4769901e+01   1.2189266e+02   9.4156058e-02   8.3513602e+01   5.0379667e+01   2.7638602e+03   1.7610616e+01   5.2363086e+01   2.9946199e+03   1.8114238e+01   6.2345000e+01   5.6140524e+00   2.7268622e+02   1.0186952e+02   4.5542814e+01   2.8965024e+01   2.7696826e+01   1.7547332e+01   1.2588310e+01   4.1440142e+00   1.3034828e+00   2.7453310e+01   4.4906058e+01   9.1918633e+00   2.2904700e+00   4.1311926e+00   1.8189577e+00   9.3779920e+00   5.0124150e-01   2.5917487e-02   1.7700591e-01   7.1278729e-02   8.9814890e+01   8.2150934e+00   8.9237078e+01   8.2820806e+00   1.9315601e+01   5.1328948e+01   1.0559964e+01   2.9162153e+01   3.9434161e+01   3.5388321e+01   8.9656492e+01
   1.9252269e-01   5.1712034e+03   7.0867199e+02   7.9022179e+00   2.0334706e+01   3.2002720e+01   2.7990279e+03   6.4714459e+01   1.2190089e+02   9.3809574e-02   8.3494560e+01   5.0090527e+01   2.7629842e+03   1.7618053e+01   4.9407400e+01   2.9953118e+03   1.8032670e+01   6.2349250e+01   5.3673934e+00   2.7307492e+02   1.0183806e+02   4.5562885e+01   2.9296483e+01   2.7648457e+01   1.8219238e+01   1.2792840e+01   3.9650226e+00   1.3027693e+00   2.8254293e+01   4.5099294e+01   9.2421832e+00   2.1858431e+00   4.0209742e+00   1.8345109e+00   9.4556856e+00   4.5841519e-01   3.1533785e-02   1.5831106e-01   8.0768235e-02   8.9723149e+01   8.0283743e+00   8.9245542e+01   8.2943461e+00   1.9031750e+01   5.1555450e+01   9.9023618e+00   2.9157989e+01   3.9438409e+01   3.5719362e+01   8.8308569e+01
   1.9621668e-01   5.1828983e+03   7.1367834e+02   7.8850798e+00   1.9343723e+01   3.2092080e+01   2.7985478e+03   6.5432181e+01   1.2190419e+02   8.7949687e-02   8.3498232e+01   5.0222418e+01   2.7637075e+03   1.7451057e+01   5.2002210e+01   2.9959772e+03   1.7891101e+01   6.2368207e+01   5.4167950e+00   2.7399208e+02   1.0184641e+02   4.5554445e+01   2.9490721e+01   2.7751886e+01   1.8122915e+01   1.2680253e+01   3.8380730e+00   1.2794243e+00   2.8006108e+01   4.5064105e+01   9.5959437e+00   2.1988999e+00   3.9322692e+00   1.8001602e+00   9.3650898e+00   4.6554597e-01   3.1533785e-02   1.5831106e-01   8.0768235e-02   8.9723149e+01   8.0283743e+00   8.9267965e+01   8.2844437e+00   1.9353976e+01   5.1322230e+01   9.7163846e+00   2.9135961e+01   3.9450991e+01   3.5603976e+01   8.7811154e+01
   1.9567882e-01   5.2111224e+03   6.9387916e+02   7.8638760e+00   1.9632928e+01   3.2165589e+01   2.7983688e+03   6.5499567e+01   1.2189891e+02   8.0940480e-02   8.3529848e+01   5.1151231e+01   2.7636476e+03   1.7529437e+01   5.0814267e+01   2.9943639e+03   1.8002224e+01   6.2376170e+01   7.7784226e+00   2.7234272e+02   1.0186099e+02   4.5524973e+01   2.9258575e+01   2.7725702e+01   1.8253408e+01   1.2651674e+01   3.7105269e+00   1.2589092e+00   2.7915319e+01   4.5114815e+01   9.3269219e+00   2.3435988e+00   4.2218470e+00   1.8178198e+00   9.3931364e+00   5.3812933e-01   3.1533785e-02   1.5831106e-01   8.0768235e-02   8.9723149e+01   8.0283743e+00   8.9240544e+01   8.2603709e+00   1.9339607e+01   5.1329881e+01   9.1285229e+00   2.9154806e+01   3.9430418e+01   3.5405517e+01   8.9395132e+01
   1.9700563e-01   5.1889348e+03   6.9939302e+02   7.8841591e+00   1.9930576e+01   3.2193035e+01   2.7976974e+03   6.5062866e+01   1.2189439e+02   7.9088186e-02   8.3523989e+01   4.9754768e+01   2.7632462e+03   1.7424498e+01   4.9920948e+01   2.9945582e+03   1.7962671e+01   6.2400914e+01   5.8241881e+00   2.7268822e+02   1.0183558e+02   4.5535531e+01   2.9186816e+01   2.7795903e+01   1.8129286e+01   1.2609038e+01   4.0635987e+00   1.2855770e+00   2.7542515e+01   4.5283595e+01   9.0105249e+00   2.2428425e+00   3.6941884e+00   1.8203909e+00   9.3893299e+00   5.0226886e-01   3.4402703e-02   1.5945165e-01   6.8808287e-02   8.9676923e+01   7.6820010e+00   8.9263263e+01   8.2452176e+00   1.9618614e+01   5.1334485e+01   8.6217198e+00   2.9164155e+01   3.9439680e+01   3.5474246e+01   8.8767065e+01
   1.9836092e-01   5.1803064e+03   7.0550815e+02   7.8792332e+00   1.9853941e+01   3.1967014e+01   2.7985289e+03   6.4875436e+01   1.2191299e+02   7.3369952e-02   8.3487849e+01   4.8500644e+01   2.7629585e+03   1.7616707e+01   5.1296993e+01   2.9939514e+03   1.8067690e+01   6.2396053e+01   6.8734493e+00   2.7221419e+02   1.0186687e+02   4.5561687e+01   2.9824937e+01   2.7754069e+01   1.8241381e+01   1.2767935e+01   3.8374194e+00   1.2446543e+00   2.7740688e+01   4.5240933e+01   9.0534502e+00   2.2063733e+00   3.9738715e+00   1.8082666e+00   9.4279450e+00   4.4724815e-01   3.4402703e-02   1.5945165e-01   6.8808287e-02   8.9676923e+01   7.6820010e+00   8.9251158e+01   8.2402656e+00   1.9725070e+01   5.1327694e+01   7.9776989e+00   2.9147548e+01   3.9417275e+01   3.5735130e+01   8.7720161e+01
   1.9834442e-01   5.1924747e+03   7.2668786e+02   7.8437618e+00   1.9619550e+01   3.2458438e+01   2.7984231e+03   6.5223562e+01   1.2187133e+02   6.7347233e-02   8.3518918e+01   5.0337071e+01   2.7626464e+03   1.7636477e+01   4.9771064e+01   2.9950003e+03   1.8370289e+01   6.2382933e+01   7.0213116e+00   2.7316762e+02   1.0184289e+02   4.5548148e+01   2.9052700e+01   2.7951671e+01   1.7837932e+01   1.2571913e+01   3.4991728e+00   1.2659641e+00   2.7861652e+01   4.5275357e+01   9.3066853e+00   2.1945573e+00   4.4296149e+00   1.7872802e+00   9.4049694e+00   5.6878953e-01   3.1473789e-02   1.5333441e-01   6.5468712e-02   9.0021844e+01   8.8776227e+00   8.9266978e+01   8.2379081e+00   1.9525211e+01   5.1308916e+01   7.3575324e+00   2.9152231e+01   3.9447787e+01   3.5514147e+01   8.8656841e+01
   1.9622354e-01   5.1787430e+03   6.8414371e+02   7.8301506e+00   1.9614740e+01   3.2201997e+01   2.7994738e+03   6.5679321e+01   1.2189424e+02   6.1132464e-02   8.3517950e+01   4.8404558e+01   2.7642088e+03   1.7488257e+01   4.9303050e+01   2.9954006e+03   1.7989976e+01   6.2377161e+01   5.0369044e+00   2.7218073e+02   1.0186422e+02   4.5535335e+01   2.9652589e+01   2.7712178e+01   1.7685518e+01   1.2777095e+01   3.7483398e+00   1.2861292e+00   2.7792419e+01   4.5096896e+01   9.3912310e+00   2.2166815e+00   3.4987974e+00   1.8631689e+00   9.3958845e+00   5.4483733e-01   3.1473789e-02   1.5333441e-01   6.5468712e-02   9.0021844e+01   8.8776227e+00   8.9236741e+01   8.2912883e+00   1.9496593e+01   5.1392440e+01   6.9208158e+00   2.9149368e+01   3.9455908e+01   3.5488054e+01   8.7405353e+01
   1.9121967e-01   5.2201528e+03   6.8069851e+02   7.8286176e+00   2.0262658e+01   3.1915612e+01   2.8002866e+03   6.4950849e+01   1.2190903e+02   6.6481122e-02   8.3461941e+01   5.0351035e+01   2.7637237e+03   1.7648066e+01   4.9223363e+01   2.9977496e+03   1.8217651e+01   6.2373380e+01   5.8260262e+00   2.7449263e+02   1.0183964e+02   4.5566979e+01   2.9484634e+01   2.7950466e+01   1.7712488e+01   1.2945918e+01   3.7289796e+00   1.3410850e+00   2.7848420e+01   4.5013128e+01   9.4524339e+00   2.1992248e+00   4.0772779e+00   1.8274098e+00   9.5590469e+00   5.0677711e-01   3.1473789e-02   1.5333441e-01   6.5468712e-02   9.0021844e+01   8.8776227e+00   8.9209324e+01   8.2981479e+00   1.8952882e+01   5.1466814e+01   7.0401759e+00   2.9170922e+01   3.9449687e+01   3.5483246e+01   8.6055543e+01
   1.9150857e-01   5.1784781e+03   6.7560171e+02   7.8577670e+00   1.9340762e+01   3.2215475e+01   2.8015809e+03   6.5240592e+01   1.2189105e+02   6.9071473e-02   8.3474842e+01   4.8621608e+01   2.7658029e+03   1.7643155e+01   4.9777576e+01   2.9981306e+03   1.7879519e+01   6.2369401e+01   4.9684103e+00   2.7319836e+02   1.0185450e+02   4.5552611e+01   2.9467991e+01   2.7837753e+01   1.8135133e+01   1.2780790e+01   3.8096279e+00   1.2913431e+00   2.7933979e+01   4.5242461e+01   9.1637640e+00   2.1625806e+00   4.3150696e+00   1.8348835e+00   9.4137270e+00   5.6735720e-01   3.4733684e-02   1.6064888e-01   7.4724371e-02   8.9622249e+01   8.2101350e+00   8.9208862e+01   8.2590796e+00   1.8753303e+01   5.1447659e+01   7.5444959e+00   2.9163492e+01   3.9430208e+01   3.5515398e+01   8.7981139e+01
   1.9393804e-01   5.2017976e+03   7.1515046e+02   7.8004450e+00   1.9734736e+01   3.2296651e+01   2.8013235e+03   6.5193975e+01   1.2190774e+02   7.5543137e-02   8.3455373e+01   5.0343923e+01   2.7670221e+03   1.7504035e+01   5.1116087e+01   2.9971211e+03   1.7946411e+01   6.2364007e+01   7.2958993e+00   2.7242238e+02   1.0187055e+02   4.5589081e+01   2.9669586e+01   2.7800874e+01   1.8045880e+01   1.2696247e+01   4.4716655e+00   1.2869912e+00   2.7841324e+01   4.5282117e+01   9.3781846e+00   2.2246838e+00   3.7001509e+00   1.7932113e+00   9.4733426e+00   4.5631761e-01   3.4733684e-02   1.6064888e-01   7.4724371e-02   8.9622249e+01   8.2101350e+00   8.9236599e+01   8.2564287e+00   1.9071378e+01   5.1325113e+01   8.2730734e+00   2.9135887e+01   3.9426305e+01   3.5774381e+01   9.2098246e+01
   1.9375111e-01   5.1879432e+03   6.8194325e+02   7.7593494e+00   2.0069400e+01   3.2224301e+01   2.8011492e+03   6.6168137e+01   1.2191455e+02   7.7949523e-02   8.3456498e+01   4.9999193e+01   2.7654976e+03   1.7600980e+01   4.9993587e+01   2.9972860e+03   1.8076900e+01   6.2339194e+01   3.7723377e+00   2.7304336e+02   1.0186815e+02   4.5551108e+01   2.9160159e+01   2.7946981e+01   1.7910834e+01   1.2783458e+01   3.9106706e+00   1.2689158e+00   2.7946994e+01   4.5106048e+01   9.4633879e+00   2.2194444e+00   3.8847564e+00   1.8390432e+00   9.3392522e+00   5.3733168e-01   2.6215608e-02   1.4329853e-01   7.1904117e-02   9.0055414e+01   8.0869927e+00   8.9268507e+01   8.2135907e+00   1.9039514e+01   5.1310798e+01   8.6607066e+00   2.9144600e+01   3.9413764e+01   3.5587168e+01   9.1054286e+01
   1.9551911e-01   5.1914883e+03   6.9706332e+02   7.7925241e+00   1.9647744e+01   3.2249211e+01   2.8012233e+03   6.5398200e+01   1.2191991e+02   8.0974671e-02   8.3476650e+01   5.1621303e+01   2.7654995e+03   1.7563934e+01   5.0033805e+01   2.9987420e+03   1.8188368e+01   6.2355496e+01   3.6682496e+00   2.7408131e+02   1.0184296e+02   4.5539678e+01   2.9071889e+01   2.7814783e+01   1.7717594e+01   1.2680883e+01   4.0012629e+00   1.2801655e+00   2.7807867e+01   4.5107363e+01   8.9312799e+00   2.2644210e+00   4.1385330e+00   1.8546916e+00   9.3943666e+00   5.6866556e-01   2.6215608e-02   1.4329853e-01   7.1904117e-02   9.0055414e+01   8.0869927e+00   8.9257596e+01   8.2668732e+00   1.9198342e+01   5.1413629e+01   9.2014892e+00   2.9176635e+01   3.9447102e+01   3.5577866e+01   8.8418942e+01
   1.9460531e-01   5.1845021e+03   7.1355296e+02   7.8133695e+00   1.9402139e+01   3.2016870e+01   2.8013526e+03   6.5948773e+01   1.2191407e+02   9.1177798e-02   8.3468001e+01   4.8730066e+01   2.7657320e+03   1.7308723e+01   4.8626527e+01   2.9985577e+03   1.8019862e+01   6.2368314e+01   4.7112797e+00   2.7398257e+02   1.0184016e+02   4.5570641e+01   2.9366531e+01   2.7794058e+01   1.7832339e+01   1.2582789e+01   3.1689052e+00   1.2924780e+00   2.7751127e+01   4.5301343e+01   9.1754625e+00   2.1493493e+00   4.0867447e+00   1.7991259e+00   9.4454051e+00   4.0681261e-01   2.6215608e-02   1.4329853e-01   7.1904117e-02   9.0055414e+01   8.0869927e+00   8.9227662e+01   8.2981425e+00   1.9145526e+01   5.1365009e+01   9.7672431e+00   2.9164209e+01   3.9425695e+01   3.5547303e+01   8.6932286e+01
   1.9410059e-01   5.1811636e+03   6.8937266e+02   7.8843463e+00   1.9748694e+01   3.2083872e+01   2.8012310e+03   6.4585271e+01   1.2190883e+02   8.9100388e-02   8.3390046e+01   5.1295341e+01   2.7661393e+03   1.7627865e+01   5.0708874e+01   2.9966271e+03   1.7908146e+01   6.2332516e+01   6.1825162e+00   2.7236257e+02   1.0181696e+02   4.5608382e+01   2.9454621e+01   2.7787969e+01   1.7778332e+01   1.2663733e+01   3.8043136e+00   1.3107989e+00   2.7732350e+01   4.5157638e+01   9.4120157e+00   2.1822783e+00   4.1907280e+00   1.8148225e+00   9.3970317e+00   4.6242468e-01   9.7478744e-03   1.6957627e-01   6.9829928e-02   9.0220448e+01   7.1520351e+00   8.9213937e+01   8.3172211e+00   1.9050276e+01   5.1442342e+01   9.9309639e+00   2.9145561e+01   3.9449047e+01   3.5772135e+01   8.7150563e+01
   1.9190433e-01   5.1655921e+03   7.0083468e+02   7.8815042e+00   2.0016095e+01   3.2382677e+01   2.8018378e+03   6.4700084e+01   1.2188120e+02   9.5167993e-02   8.3466687e+01   4.9961949e+01   2.7661668e+03   1.7218773e+01   4.9182750e+01   2.9984215e+03   1.8037940e+01   6.2328050e+01   2.7770831e+00   2.7342194e+02   1.0186432e+02   4.5562532e+01   2.9242765e+01   2.7874454e+01   1.8143332e+01   1.2736537e+01   3.8591212e+00   1.2868920e+00   2.8161323e+01   4.5180929e+01   9.5493571e+00   2.0858111e+00   3.3781515e+00   1.8594457e+00   9.3786813e+00   5.6123637e-01   9.7478744e-03   1.6957627e-01   6.9829928e-02   9.0220448e+01   7.1520351e+00   8.9194464e+01   8.3267763e+00   1.8882727e+01   5.1490390e+01   1.0409153e+01   2.9162576e+01   3.9465115e+01   3.5547450e+01   9.1840303e+01
   1.9647970e-01   5.1939204e+03   7.2682109e+02   7.8154212e+00   1.9647650e+01   3.1873158e+01   2.8020720e+03   6.4335055e+01   1.2188195e+02   1.0054421e-01   8.3490374e+01   4.9361955e+01   2.7673379e+03   1.7595603e+01   5.0856655e+01   2.9977972e+03   1.7925886e+01   6.2345363e+01   4.3975993e+00   2.7225442e+02   1.0188040e+02   4.5586096e+01   2.8858128e+01   2.7944430e+01   1.7623436e+01   1.2680802e+01   4.0331885e+00   1.2480802e+00   2.8060698e+01   4.5215011e+01   9.0539322e+00   2.2042635e+00   3.6660790e+00   1.7823971e+00   9.3535987e+00   4.6635556e-01   2.7120774e-02   1.5356119e-01   6.0340222e-02   8.9563421e+01   7.9717348e+00   8.9180070e+01   8.3409140e+00   1.9278035e+01   5.1325855e+01   1.1012727e+01   2.9167875e+01   3.9440040e+01   3.5394143e+01   9.0269608e+01
   1.9446931e-01   5.1953334e+03   7.3361061e+02   7.9096975e+00   1.9968050e+01   3.1597389e+01   2.8026761e+03   6.4187771e+01   1.2190430e+02   1.0899357e-01   8.3555717e+01   4.9738679e+01   2.7677964e+03   1.7515878e+01   4.9968667e+01   2.9983947e+03   1.8255129e+01   6.2345685e+01   5.5889768e+00   2.7254554e+02   1.0186638e+02   4.5552967e+01   2.9126829e+01   2.7786988e+01   1.8085692e+01   1.2703720e+01   3.7439369e+00   1.2298825e+00   2.8263021e+01   4.5224685e+01   9.4588696e+00   2.1339747e+00   3.9591845e+00   1.8246794e+00   9.4067663e+00   5.0877735e-01   2.7120774e-02   1.5356119e-01   6.0340222e-02   8.9563421e+01   7.9717348e+00   8.9238779e+01   8.2357454e+00   1.9236270e+01   5.1568572e+01   1.1662146e+01   2.9160651e+01   3.9458279e+01   3.5574184e+01   8.9084216e+01
   1.9695096e-01   5.1849245e+03   6.8874989e+02   7.8542696e+00   1.9537549e+01   3.2422148e+01   2.8008503e+03   6.5388197e+01   1.2189177e+02   1.1304797e-01   8.3485080e+01   5.0449702e+01   2.7653117e+03   1.7497826e+01   5.1840529e+01   2.9980130e+03   1.8157623e+01   6.2358013e+01   5.5145988e+00   2.7343654e+02   1.0186825e+02   4.5571753e+01   2.9443703e+01   2.7744180e+01   1.8287081e+01   1.2640293e+01   3.9612310e+00   1.3159096e+00   2.7855652e+01   4.5278191e+01   8.6938532e+00   2.0814973e+00   3.8667491e+00   1.8692814e+00   9.4829634e+00   5.1814321e-01   2.7120774e-02   1.5356119e-01   6.0340222e-02   8.9563421e+01   7.9717348e+00   8.9262588e+01   8.2091069e+00   1.9516092e+01   5.1302652e+01   1.2297407e+01   2.9109217e+01   3.9445061e+01   3.5587838e+01   8.7213661e+01
   1.9927525e-01   5.1760858e+03   6.6220433e+02   7.8062617e+00   1.9326294e+01   3.2043441e+01   2.8001222e+03   6.4770920e+01   1.2189229e+02   1.1139585e-01   8.3541514e+01   5.0446280e+01   2.7654216e+03   1.7401491e+01   4.9520598e+01   2.9957876e+03   1.8113793e+01   6.2365098e+01   8.1036994e+00   2.7192299e+02   1.0184988e+02   4.5549746e+01   2.9508466e+01   2.7860818e+01   1.8315530e+01   1.2783428e+01   3.9862720e+00   1.2778307e+00   2.8087190e+01   4.5244575e+01   9.1994305e+00   2.1721168e+00   3.8267493e+00   1.8184414e+00   9.3856225e+00   4.9051817e-01   3.8396219e-02   1.6685816e-01   8.2735627e-02   9.0061124e+01   8.1108472e+00   8.9252077e+01   8.2524340e+00   1.9700494e+01   5.1282582e+01   1.2157760e+01   2.9122351e+01   3.9428085e+01   3.5666754e+01   8.8270309e+01
   2.0086831e-01   5.2001533e+03   6.6244169e+02   7.8046539e+00   1.9610112e+01   3.2097550e+01   2.7980870e+03   6.5137297e+01   1.2188364e+02   1.0473387e-01   8.3511433e+01   5.1354697e+01   2.7629894e+03   1.7459608e+01   4.9165607e+01   2.9942699e+03   1.8093455e+01   6.2402107e+01   6.1954322e+00   2.7288588e+02   1.0185675e+02   4.5556204e+01   2.9698042e+01   2.7867222e+01   1.7830949e+01   1.2687660e+01   3.8075395e+00   1.3037155e+00   2.7707051e+01   4.5174020e+01   9.1764851e+00   2.1388333e+00   3.7096211e+00   1.8447135e+00   9.3745414e+00   5.6539640e-01   3.8396219e-02   1.6685816e-01   8.2735627e-02   9.0061124e+01   8.1108472e+00   8.9225967e+01   8.2607131e+00   1.9822770e+01   5.1240756e+01   1.1491914e+01   2.9165207e+01   3.9426684e+01   3.5567491e+01   8.6127519e+01
   1.9538344e-01   5.1733668e+03   7.0769378e+02   7.8844812e+00   1.9677082e+01   3.2051945e+01   2.7983530e+03   6.4880556e+01   1.2189257e+02   9.4536930e-02   8.3584731e+01   4.9884971e+01   2.7633396e+03   1.7735482e+01   5.0629264e+01   2.9942711e+03   1.7779311e+01   6.2381847e+01   6.7476705e+00   2.7213347e+02   1.0184499e+02   4.5539806e+01   2.9638197e+01   2.7900279e+01   1.7364216e+01   1.2548529e+01   3.8624242e+00   1.3120567e+00   2.7297509e+01   4.5262588e+01   8.8003797e+00   2.0672897e+00   4.2329881e+00   1.8497432e+00   9.4458940e+00   4.3779252e-01   2.9047992e-02   1.4722329e-01   5.8560334e-02   8.9614960e+01   8.6115846e+00   8.9205471e+01   8.2720777e+00   1.9305455e+01   5.1393025e+01   1.0674528e+01   2.9163687e+01   3.9408980e+01   3.5546304e+01   9.0415068e+01
   1.8726075e-01   5.1883866e+03   6.9865194e+02   7.8295614e+00   1.9846224e+01   3.2058371e+01   2.7984846e+03   6.5511296e+01   1.2189666e+02   9.1560678e-02   8.3543322e+01   5.0183637e+01   2.7633634e+03   1.7722505e+01   4.9226108e+01   2.9943926e+03   1.8163798e+01   6.2387448e+01   4.2028391e+00   2.7256064e+02   1.0186363e+02   4.5578592e+01   2.9404457e+01   2.8004784e+01   1.7868521e+01   1.2763183e+01   4.1023760e+00   1.3319021e+00   2.7514154e+01   4.5146887e+01   9.1221860e+00   2.2249643e+00   4.1119578e+00   1.8204525e+00   9.4944414e+00   4.9187286e-01   2.9047992e-02   1.4722329e-01   5.8560334e-02   8.9614960e+01   8.6115846e+00   8.9248938e+01   8.1982188e+00   1.8559881e+01   5.1538408e+01   9.9216499e+00   2.9167975e+01   3.9458005e+01   3.5485323e+01   8.5778090e+01
   1.9031945e-01   5.1696753e+03   6.8754292e+02   7.8410933e+00   1.9638101e+01   3.2017086e+01   2.7993425e+03   6.5523635e+01   1.2189442e+02   8.5274971e-02   8.3585641e+01   4.9353072e+01   2.7643893e+03   1.7703546e+01   5.1057116e+01   2.9947158e+03   1.8203419e+01   6.2403561e+01   3.3141731e+00   2.7246904e+02   1.0185307e+02   4.5562777e+01   2.8882313e+01   2.7883720e+01   1.7840839e+01   1.2810286e+01   3.5826678e+00   1.2579212e+00   2.7438791e+01   4.5128176e+01   9.1448309e+00   2.1847814e+00   3.9616409e+00   1.8181792e+00   9.4048704e+00   4.8469185e-01   2.9047992e-02   1.4722329e-01   5.8560334e-02   8.9614960e+01   8.6115846e+00   8.9262588e+01   8.1888755e+00   1.8749126e+01   5.1436364e+01   9.5094785e+00   2.9153943e+01   3.9418763e+01   3.5701211e+01   8.6354507e+01
   1.9418119e-01   5.1778745e+03   7.0142516e+02   7.7406310e+00   1.9771347e+01   3.1865161e+01   2.7997642e+03   6.4698425e+01   1.2189126e+02   8.3525210e-02   8.3541413e+01   4.9525664e+01   2.7646105e+03   1.7643678e+01   5.0348826e+01   2.9957309e+03   1.7992542e+01   6.2387257e+01   4.7294917e+00   2.7250134e+02   1.0186013e+02   4.5555667e+01   2.9071102e+01   2.7903179e+01   1.7559205e+01   1.2477231e+01   3.9188560e+00   1.2870384e+00   2.8207451e+01   4.5163697e+01   9.3301746e+00   2.1271674e+00   4.0903819e+00   1.8303983e+00   9.4875538e+00   5.4016884e-01   2.3641386e-02   1.4979826e-01   7.7048900e-02   8.9186044e+01   7.7718507e+00   8.9320878e+01   8.1489783e+00   1.9148198e+01   5.1528017e+01   9.3765888e+00   2.9142744e+01   3.9430810e+01   3.5617650e+01   8.8282873e+01
   1.9336563e-01   5.2071425e+03   6.6879458e+02   7.8098512e+00   1.9660867e+01   3.2232916e+01   2.7996905e+03   6.5121065e+01   1.2190923e+02   8.6255317e-02   8.3523027e+01   5.0060274e+01   2.7651855e+03   1.7651512e+01   5.1186099e+01   2.9960297e+03   1.8131733e+01   6.2359830e+01   5.0440136e+00   2.7365185e+02   1.0181306e+02   4.5587387e+01   2.9333067e+01   2.7832624e+01   1.7999780e+01   1.2746143e+01   3.5924227e+00   1.2806788e+00   2.7137677e+01   4.5219215e+01   8.9955376e+00   2.2552905e+00   3.6844412e+00   1.8084680e+00   9.5070404e+00   5.0330103e-01   2.3641386e-02   1.4979826e-01   7.7048900e-02   8.9186044e+01   7.7718507e+00   8.9359315e+01   8.1027537e+00   1.8973189e+01   5.1534016e+01   9.6317694e+00   2.9135648e+01   3.9439130e+01   3.5693628e+01   8.7613691e+01
   1.9553019e-01   5.2105037e+03   6.8577806e+02   7.8061333e+00   1.9942126e+01   3.2493539e+01   2.8009322e+03   6.4885868e+01   1.2190219e+02   9.1128474e-02   8.3558479e+01   4.9485518e+01   2.7655886e+03   1.7623207e+01   5.2684682e+01   2.9959343e+03   1.8081427e+01   6.2389267e+01   5.8501696e+00   2.7269773e+02   1.0183063e+02   4.5570578e+01   2.9462250e+01   2.7861939e+01   1.7881091e+01   1.2839116e+01   3.8925399e+00   1.2731827e+00   2.7632767e+01   4.5029489e+01   9.0935497e+00   2.1591039e+00   4.2678979e+00   1.7976567e+00   9.4718082e+00   4.7291691e-01   2.6471505e-02   1.5399876e-01   6.0820111e-02   9.0130527e+01   8.5174695e+00   8.9402870e+01   8.0700539e+00   1.9156372e+01   5.1361086e+01   9.9935853e+00   2.9145939e+01   3.9453376e+01   3.5608181e+01   8.6464739e+01
   1.9387882e-01   5.1753743e+03   6.7305212e+02   7.7271410e+00   2.0047236e+01   3.1835571e+01   2.7996277e+03   6.4376989e+01   1.2189223e+02   8.6754891e-02   8.3506197e+01   5.1477405e+01   2.7645820e+03   1.7473874e+01   5.1327494e+01   2.9954574e+03   1.8045826e+01   6.2381237e+01   4.7620599e+00   2.7315363e+02   1.0183623e+02   4.5576577e+01   2.9508617e+01   2.7694897e+01   1.7694873e+01   1.2714987e+01   3.6716232e+00   1.3194127e+00   2.8086044e+01   4.5018678e+01   9.2584115e+00   2.1475062e+00   4.0343376e+00   1.8432663e+00   9.4476038e+00   4.9359970e-01   2.6471505e-02   1.5399876e-01   6.0820111e-02   9.0130527e+01   8.5174695e+00   8.9308280e+01   8.1733479e+00   1.9049372e+01   5.1397598e+01   9.8876383e+00   2.9117988e+01   3.9401471e+01   3.5702965e+01   8.6892088e+01
   1.9192453e-01   5.1964427e+03   6.9845873e+02   7.8388770e+00   1.9645633e+01   3.2191225e+01   2.7998011e+03   6.4677844e+01   1.2190814e+02   8.8691904e-02   8.3518058e+01   4.8632689e+01   2.7643191e+03   1.7567521e+01   5.0104940e+01   2.9959636e+03   1.8161500e+01   6.2370510e+01   6.0836014e+00   2.7355182e+02   1.0184402e+02   4.5591657e+01   2.9277286e+01   2.7629003e+01   1.7914832e+01   1.2633239e+01   3.8566625e+00   1.3186838e+00   2.7700797e+01   4.4974424e+01   9.1298465e+00   2.1944017e+00   3.6069144e+00   1.8440723e+00   9.3897821e+00   4.6671099e-01   2.6471505e-02   1.5399876e-01   6.0820111e-02   9.0130527e+01   8.5174695e+00   8.9304731e+01   8.2237883e+00   1.8777635e+01   5.1473855e+01   9.7150437e+00   2.9121815e+01   3.9428416e+01   3.5700981e+01   8.5833850e+01
   1.9286721e-01   5.1884227e+03   6.7461349e+02   7.7595569e+00   2.0121879e+01   3.2203603e+01   2.8000628e+03   6.4606875e+01   1.2189747e+02   8.5481064e-02   8.3508615e+01   5.1155049e+01   2.7645784e+03   1.7456470e+01   4.9507320e+01   2.9959374e+03   1.8048462e+01   6.2362913e+01   5.1996027e+00   2.7307122e+02   1.0184511e+02   4.5579580e+01   2.9280578e+01   2.7819558e+01   1.8041602e+01   1.2664968e+01   3.5950935e+00   1.3009241e+00   2.7912476e+01   4.4927272e+01   9.6761305e+00   2.2349237e+00   3.7737306e+00   1.8146038e+00   9.4710666e+00   5.4784842e-01   4.6567148e-02   1.4612820e-01   8.1047662e-02   8.9891699e+01   7.5974974e+00   8.9290548e+01   8.2246979e+00   1.8963095e+01   5.1406418e+01   9.5645886e+00   2.9153004e+01   3.9410393e+01   3.5620571e+01   8.8875398e+01
   1.9511382e-01   5.2006113e+03   6.7312610e+02   7.8471326e+00   1.9400479e+01   3.2069990e+01   2.8002760e+03   6.4825918e+01   1.2189819e+02   8.8479903e-02   8.3568068e+01   4.9949748e+01   2.7652436e+03   1.7520816e+01   5.0783876e+01   2.9957071e+03   1.7978624e+01   6.2388809e+01   3.8501574e+00   2.7236826e+02   1.0184543e+02   4.5555821e+01   2.9766479e+01   2.7853462e+01   1.7868253e+01   1.2633049e+01   3.2976463e+00   1.2726552e+00   2.7863562e+01   4.5118370e+01   9.2976672e+00   2.2759233e+00   4.0041663e+00   1.8462591e+00   9.4332701e+00   4.9209666e-01   4.6567148e-02   1.4612820e-01   8.1047662e-02   8.9891699e+01   7.5974974e+00   8.9274950e+01   8.2294807e+00   1.9195166e+01   5.1298115e+01   9.5868312e+00   2.9148865e+01   3.9383110e+01   3.5679158e+01   8.8456248e+01
   1.9283498e-01   5.2108348e+03   6.8818377e+02   7.8654899e+00   1.9604732e+01   3.1936274e+01   2.8002586e+03   6.5002365e+01   1.2190523e+02   8.7187162e-02   8.3533273e+01   5.0922651e+01   2.7649992e+03   1.7486776e+01   4.8932327e+01   2.9955720e+03   1.7960486e+01   6.2384886e+01   4.4398607e+00   2.7241653e+02   1.0185981e+02   4.5584376e+01   2.9421708e+01   2.7825930e+01   1.8032798e+01   1.2795400e+01   4.0693118e+00   1.2711500e+00   2.7896753e+01   4.5140667e+01   8.7867944e+00   2.1039165e+00   3.9078451e+00   1.8140585e+00   9.4010543e+00   4.4760316e-01   2.0691808e-02   1.7466030e-01   9.4783980e-02   9.0594929e+01   8.1425141e+00   8.9298458e+01   8.2214831e+00   1.8860767e+01   5.1420435e+01   9.5613165e+00   2.9135674e+01   3.9443415e+01   3.5396068e+01   8.4838490e+01
   1.9153678e-01   5.1609274e+03   6.9867603e+02   7.8259497e+00   1.9936622e+01   3.2027101e+01   2.8002327e+03   6.5228158e+01   1.2190655e+02   8.7378144e-02   8.3548291e+01   4.8992420e+01   2.7651791e+03   1.7646027e+01   5.0189841e+01   2.9968497e+03   1.8048075e+01   6.2394200e+01   4.7369696e+00   2.7306330e+02   1.0184708e+02   4.5598402e+01   2.9481258e+01   2.7780129e+01   1.8034438e+01   1.2760593e+01   3.4645605e+00   1.3225616e+00   2.7513059e+01   4.4963997e+01   9.3637556e+00   2.2072082e+00   3.5505495e+00   1.8589846e+00   9.5055785e+00   5.0227422e-01   2.0691808e-02   1.7466030e-01   9.4783980e-02   9.0594929e+01   8.1425141e+00   8.9229355e+01   8.3023254e+00   1.9031555e+01   5.1377497e+01   9.6954229e+00   2.9150377e+01   3.9432569e+01   3.5717495e+01   8.6512049e+01
   1.9282033e-01   5.1791887e+03   6.7741987e+02   7.8213993e+00   1.9508675e+01   3.2595652e+01   2.8010108e+03   6.3721173e+01   1.2187689e+02   9.2679779e-02   8.3545194e+01   5.0781245e+01   2.7666938e+03   1.7760417e+01   5.0160511e+01   2.9967977e+03   1.8052806e+01   6.2405365e+01   3.8355393e+00   2.7284289e+02   1.0183824e+02   4.5565760e+01   2.9318739e+01   2.7808457e+01   1.7921679e+01   1.2761666e+01   3.8437529e+00   1.2728735e+00   2.7863549e+01   4.5028521e+01   9.7553343e+00   1.9093902e+00   3.9474830e+00   1.8064040e+00   9.5148529e+00   4.4446986e-01   2.0691808e-02   1.7466030e-01   9.4783980e-02   9.0594929e+01   8.1425141e+00   8.9209457e+01   8.3363799e+00   1.9100621e+01   5.1338584e+01   1.0022993e+01   2.9140246e+01   3.9469681e+01   3.5622509e+01   8.8230500e+01
   1.9397820e-01   5.1514895e+03   7.1530046e+02   7.8486341e+00   1.9582965e+01   3.2283148e+01   2.8001620e+03   6.4891608e+01   1.2191333e+02   8.9798629e-02   8.3518686e+01   4.9271088e+01   2.7642162e+03   1.7514648e+01   5.0069493e+01   2.9970176e+03   1.8126433e+01   6.2416469e+01   3.5948410e+00   2.7435790e+02   1.0185551e+02   4.5563122e+01   2.9192708e+01   2.7700366e+01   1.8013551e+01   1.2521735e+01   3.4800249e+00   1.2974321e+00   2.7839293e+01   4.5069411e+01   9.6794345e+00   1.9226472e+00   3.7801919e+00   1.8591521e+00   9.4954350e+00   4.5314043e-01   3.0373676e-02   1.6192750e-01   7.9357223e-02   9.0446949e+01   8.5729921e+00   8.9170266e+01   8.3270409e+00   1.9124819e+01   5.1413831e+01   1.0160022e+01   2.9106941e+01   3.9441124e+01   3.5586777e+01   8.6215308e+01
   1.9692840e-01   5.1655331e+03   7.3288182e+02   7.7962262e+00   1.9473362e+01   3.2188062e+01   2.8010604e+03   6.4696832e+01   1.2187777e+02   9.5586666e-02   8.3514745e+01   4.9925025e+01   2.7655346e+03   1.7259367e+01   5.1791293e+01   2.9964321e+03   1.8300868e+01   6.2382665e+01   6.7812113e+00   2.7279696e+02   1.0187947e+02   4.5586591e+01   2.8828427e+01   2.7831506e+01   1.8422844e+01   1.2480855e+01   3.7437051e+00   1.3227893e+00   2.7882110e+01   4.5218149e+01   9.5778751e+00   2.2394857e+00   3.9616106e+00   1.8069205e+00   9.4025619e+00   4.3563586e-01   3.0373676e-02   1.6192750e-01   7.9357223e-02   9.0446949e+01   8.5729921e+00   8.9169518e+01   8.3468246e+00   1.9319247e+01   5.1366238e+01   1.0267329e+01   2.9127876e+01   3.9427409e+01   3.5603086e+01   9.0925066e+01
   2.0754327e-01   5.1625261e+03   6.8624154e+02   7.8680507e+00   1.9401563e+01   3.2005473e+01   2.8006973e+03   6.5296369e+01   1.2190856e+02   9.6968011e-02   8.3545120e+01   5.0357947e+01   2.7655786e+03   1.7590456e+01   5.0380754e+01   2.9964305e+03   1.8127227e+01   6.2400057e+01   4.5860759e+00   2.7310268e+02   1.0185899e+02   4.5586083e+01   2.9894237e+01   2.7738184e+01   1.8314718e+01   1.2611564e+01   3.5328851e+00   1.2917585e+00   2.7532235e+01   4.5061993e+01   8.7664311e+00   2.1120062e+00   3.8421842e+00   1.8592483e+00   9.5408449e+00   4.4759951e-01   2.8485403e-02   1.5665544e-01   6.5205382e-02   9.0503348e+01   8.0564872e+00   8.9171645e+01   8.3370195e+00   2.0090588e+01   5.1356778e+01   1.0343131e+01   2.9127411e+01   3.9454017e+01   3.5574486e+01   8.5791186e+01
   2.0027990e-01   5.1708722e+03   7.0635731e+02   7.8085650e+00   1.9918503e+01   3.2327447e+01   2.7991365e+03   6.5294808e+01   1.2189046e+02   9.6371734e-02   8.3563551e+01   4.7854796e+01   2.7641198e+03   1.7361039e+01   5.2647825e+01   2.9974521e+03   1.8214525e+01   6.2419325e+01   4.8972136e+00   2.7382454e+02   1.0188434e+02   4.5588524e+01   2.9139062e+01   2.7700620e+01   1.8130936e+01   1.2545997e+01   3.8196716e+00   1.3061539e+00   2.7828125e+01   4.5072442e+01   9.6404878e+00   2.2729052e+00   3.9999108e+00   1.8219592e+00   9.5181416e+00   5.1156183e-01   2.8485403e-02   1.5665544e-01   6.5205382e-02   9.0503348e+01   8.0564872e+00   8.9153110e+01   8.3680641e+00   1.9796760e+01   5.1204252e+01   1.0541822e+01   2.9110152e+01   3.9434655e+01   3.5608472e+01   8.7083415e+01
   2.0127511e-01   5.1802508e+03   6.8932906e+02   7.8510767e+00   1.9623825e+01   3.2322021e+01   2.8001678e+03   6.5206196e+01   1.2191001e+02   9.6561636e-02   8.3543725e+01   4.8549155e+01   2.7653293e+03   1.7481517e+01   5.0847176e+01   2.9960876e+03   1.7981787e+01   6.2407524e+01   7.6683487e+00   2.7286733e+02   1.0189889e+02   4.5580588e+01   2.9655981e+01   2.7729854e+01   1.8266119e+01   1.2783110e+01   3.7705639e+00   1.3113116e+00   2.7913118e+01   4.5156785e+01   9.0746348e+00   2.3156037e+00   4.1115161e+00   1.8631779e+00   9.4541193e+00   5.2447412e-01   2.8485403e-02   1.5665544e-01   6.5205382e-02   9.0503348e+01   8.0564872e+00   8.9148630e+01   8.3440912e+00   1.9940629e+01   5.1364855e+01   1.0551088e+01   2.9112906e+01   3.9457322e+01   3.5738099e+01   8.5108881e+01
   2.0023346e-01   5.1708021e+03   6.6241420e+02   7.8411343e+00   1.9601831e+01   3.2025194e+01   2.8001952e+03   6.4822327e+01   1.2190239e+02   9.4636242e-02   8.3574780e+01   4.9433574e+01   2.7649332e+03   1.7363924e+01   4.9899316e+01   2.9954508e+03   1.8059386e+01   6.2422040e+01   5.8477638e+00   2.7219214e+02   1.0186251e+02   4.5587675e+01   2.9747498e+01   2.7521644e+01   1.8422443e+01   1.2626402e+01   3.5706922e+00   1.3262999e+00   2.8164040e+01   4.5038260e+01   9.0392352e+00   2.0581404e+00   3.9940072e+00   1.8202987e+00   9.5203977e+00   4.8460866e-01   3.8355036e-02   1.4732959e-01   8.2368767e-02   8.9339033e+01   7.8694568e+00   8.9177075e+01   8.2608279e+00   1.9859879e+01   5.1252378e+01   1.0577189e+01   2.9099866e+01   3.9432683e+01   3.5551593e+01   8.9942585e+01
   2.0290478e-01   5.1745306e+03   6.5787765e+02   7.6971600e+00   1.9740354e+01   3.2148089e+01   2.7981239e+03   6.5888906e+01   1.2189980e+02   9.4286394e-02   8.3491044e+01   4.9060514e+01   2.7626096e+03   1.7625711e+01   5.1405350e+01   2.9948847e+03   1.8050437e+01   6.2424603e+01   3.7254250e+00   2.7412606e+02   1.0184478e+02   4.5587970e+01   2.9485828e+01   2.7685779e+01   1.7895860e+01   1.2676710e+01   3.8362866e+00   1.2891339e+00   2.7975806e+01   4.4922677e+01   9.3936937e+00   2.1013746e+00   4.0093721e+00   1.8559940e+00   9.4844841e+00   4.9882655e-01   3.8355036e-02   1.4732959e-01   8.2368767e-02   8.9339033e+01   7.8694568e+00   8.9287905e+01   8.1649386e+00   1.9932877e+01   5.1233988e+01   1.0193177e+01   2.9111320e+01   3.9441294e+01   3.5773541e+01   8.9908373e+01
   2.0233818e-01   5.1982670e+03   6.7689490e+02   7.8247169e+00   1.9763378e+01   3.1977909e+01   2.7985448e+03   6.4719814e+01   1.2188286e+02   8.7816345e-02   8.3578153e+01   5.0981933e+01   2.7637324e+03   1.7723338e+01   4.8852413e+01   2.9944851e+03   1.8098789e+01   6.2402184e+01   6.2638730e+00   2.7236913e+02   1.0185798e+02   4.5572023e+01   2.9412701e+01   2.7679443e+01   1.8008710e+01   1.2623417e+01   3.2205113e+00   1.2883008e+00   2.8207305e+01   4.5179388e+01   9.4083148e+00   2.2682414e+00   4.0570019e+00   1.8403927e+00   9.4806780e+00   5.4069600e-01   1.8408466e-02   1.5078997e-01   7.2490696e-02   8.9124984e+01   8.1026512e+00   8.9330687e+01   8.1330617e+00   1.9634389e+01   5.1391062e+01   9.6159958e+00   2.9113996e+01   3.9451860e+01   3.5649724e+01   8.8204366e+01
   1.9989002e-01   5.1876601e+03   6.5114501e+02   7.8971389e+00   1.9783540e+01   3.1875326e+01   2.7990587e+03   6.3671626e+01   1.2190236e+02   8.5995536e-02   8.3572338e+01   5.0795066e+01   2.7641023e+03   1.7611028e+01   4.8859989e+01   2.9946063e+03   1.7989320e+01   6.2428079e+01   4.3520510e+00   2.7313794e+02   1.0182829e+02   4.5563353e+01   2.9319102e+01   2.7801923e+01   1.7895669e+01   1.2608597e+01   3.6822888e+00   1.2878784e+00   2.7747127e+01   4.5025793e+01   8.9277500e+00   2.1649315e+00   3.7640586e+00   1.8276566e+00   9.4370414e+00   4.6131084e-01   1.8408466e-02   1.5078997e-01   7.2490696e-02   8.9124984e+01   8.1026512e+00   8.9375254e+01   8.0572136e+00   1.9607787e+01   5.1314452e+01   9.2796396e+00   2.9134753e+01   3.9405151e+01   3.5519690e+01   8.7125129e+01
   1.9827592e-01   5.2152005e+03   6.5605720e+02   7.8527974e+00   1.9784160e+01   3.2238651e+01   2.7972655e+03   6.4908041e+01   1.2191759e+02   7.8436228e-02   8.3506044e+01   4.8641979e+01   2.7634100e+03   1.7766710e+01   5.1031548e+01   2.9943613e+03   1.8249573e+01   6.2405183e+01   4.2224765e+00   2.7358774e+02   1.0182424e+02   4.5584961e+01   2.9772390e+01   2.7771353e+01   1.7900565e+01   1.2750083e+01   3.6780421e+00   1.3186053e+00   2.8120089e+01   4.5022580e+01   9.4868277e+00   2.1327499e+00   3.6560953e+00   1.8075733e+00   9.4858790e+00   5.0870472e-01   1.8408466e-02   1.5078997e-01   7.2490696e-02   8.9124984e+01   8.1026512e+00   8.9437008e+01   8.0429595e+00   1.9548659e+01   5.1409335e+01   8.7915188e+00   2.9124198e+01   3.9441202e+01   3.5796383e+01   9.0423721e+01
   1.9388646e-01   5.1888724e+03   6.5901610e+02   7.8873942e+00   1.9737785e+01   3.2174635e+01   2.7987588e+03   6.5819401e+01   1.2191621e+02   7.9243438e-02   8.3594607e+01   5.1111175e+01   2.7639720e+03   1.7555201e+01   4.9952876e+01   2.9943869e+03   1.8147315e+01   6.2424450e+01   6.3641888e+00   2.7261052e+02   1.0184191e+02   4.5563846e+01   2.9549014e+01   2.7830948e+01   1.8125052e+01   1.2687177e+01   3.7109564e+00   1.2523276e+00   2.7997087e+01   4.4976330e+01   9.4143459e+00   2.0142095e+00   3.4742666e+00   1.8529503e+00   9.4805927e+00   4.3396513e-01   3.5822416e-02   1.5648827e-01   8.5080631e-02   8.9642894e+01   8.7515935e+00   8.9416079e+01   8.0543762e+00   1.9245271e+01   5.1331041e+01   8.3626973e+00   2.9119987e+01   3.9427686e+01   3.5735733e+01   8.8848394e+01
   1.9931815e-01   5.1722265e+03   6.8262378e+02   7.8858048e+00   1.9665174e+01   3.2100712e+01   2.7985643e+03   6.5946129e+01   1.2186858e+02   7.3891014e-02   8.3582751e+01   4.9528983e+01   2.7630989e+03   1.7609323e+01   5.0586624e+01   2.9943711e+03   1.8083095e+01   6.2425908e+01   5.8357837e+00   2.7274450e+02   1.0182093e+02   4.5576346e+01   2.9156650e+01   2.7848111e+01   1.8026998e+01   1.2565654e+01   3.5765164e+00   1.3049303e+00   2.7759176e+01   4.4904969e+01   9.4249147e+00   2.2181971e+00   3.9208531e+00   1.8450976e+00   9.3447861e+00   5.1853775e-01   3.5822416e-02   1.5648827e-01   8.5080631e-02   8.9642894e+01   8.7515935e+00   8.9409367e+01   8.0853381e+00   1.9431580e+01   5.1281695e+01   7.8259953e+00   2.9106449e+01   3.9429169e+01   3.5573973e+01   8.7412632e+01
   2.0036597e-01   5.2163327e+03   6.4735464e+02   7.7662849e+00   1.9898308e+01   3.2360460e+01   2.7986841e+03   6.3740052e+01   1.2190356e+02   6.8179452e-02   8.3548723e+01   4.9185234e+01   2.7637514e+03   1.7660512e+01   4.9222920e+01   2.9951624e+03   1.8083712e+01   6.2408933e+01   5.1536093e+00   2.7318928e+02   1.0182710e+02   4.5591004e+01   2.9380763e+01   2.7831731e+01   1.7850632e+01   1.2672730e+01   4.3830851e+00   1.2616148e+00   2.7714025e+01   4.5167724e+01   9.2184689e+00   2.0023323e+00   3.6609329e+00   1.8136598e+00   9.4170300e+00   5.3477644e-01   3.7319766e-02   1.6305528e-01   7.9367218e-02   9.0547753e+01   7.9909589e+00   8.9392298e+01   8.1064390e+00   1.9682673e+01   5.1390154e+01   7.3452390e+00   2.9119194e+01   3.9475473e+01   3.5627891e+01   8.7225639e+01
   1.9938816e-01   5.1833699e+03   6.8406209e+02   7.7315660e+00   1.9598325e+01   3.1805742e+01   2.8002720e+03   6.5175199e+01   1.2188941e+02   6.7627038e-02   8.3526270e+01   5.0946066e+01   2.7647999e+03   1.7580825e+01   5.0301605e+01   2.9958959e+03   1.8154516e+01   6.2404010e+01   5.3174674e+00   2.7299304e+02   1.0183502e+02   4.5595598e+01   2.9352978e+01   2.7819395e+01   1.7622226e+01   1.2556550e+01   3.4544891e+00   1.2967403e+00   2.8199822e+01   4.5176521e+01   9.1076092e+00   2.0123203e+00   4.1129702e+00   1.8226479e+00   9.4296340e+00   4.4979744e-01   3.7319766e-02   1.6305528e-01   7.9367218e-02   9.0547753e+01   7.9909589e+00   8.9281307e+01   8.2199863e+00   1.9515327e+01   5.1427717e+01   7.2349377e+00   2.9081220e+01   3.9432326e+01   3.5654848e+01   9.1725354e+01
   1.9497241e-01   5.1899805e+03   6.8508657e+02   7.8847461e+00   1.9808600e+01   3.2134251e+01   2.8006505e+03   6.5085850e+01   1.2190743e+02   6.8023911e-02   8.3512854e+01   5.0095228e+01   2.7663930e+03   1.7502284e+01   4.8744877e+01   2.9970479e+03   1.8017214e+01   6.2378175e+01   5.5786550e+00   2.7319966e+02   1.0183040e+02   4.5592179e+01   2.9408324e+01   2.7651858e+01   1.8021139e+01   1.2629325e+01   3.9422015e+00   1.2999287e+00   2.8007230e+01   4.4937067e+01   8.9866708e+00   2.4191203e+00   3.4696317e+00   1.8356744e+00   9.4037538e+00   5.3107851e-01   3.7319766e-02   1.6305528e-01   7.9367218e-02   9.0547753e+01   7.9909589e+00   8.9246996e+01   8.2847034e+00   1.9206942e+01   5.1533060e+01   7.5062844e+00   2.9142879e+01   3.9451240e+01   3.5640357e+01   8.9429737e+01
   1.9643467e-01   5.1920992e+03   6.6379947e+02   7.7934395e+00   1.9692753e+01   3.2194741e+01   2.8024817e+03   6.4235171e+01   1.2187317e+02   7.5706619e-02   8.3498884e+01   5.2274882e+01   2.7673343e+03   1.7505130e+01   5.0854769e+01   2.9981742e+03   1.7915991e+01   6.2373579e+01   7.8440262e+00   2.7273979e+02   1.0186735e+02   4.5585877e+01   2.9034019e+01   2.7829854e+01   1.7878592e+01   1.2561975e+01   3.6318791e+00   1.2763126e+00   2.7828067e+01   4.5110397e+01   9.4699556e+00   2.1208116e+00   4.2486607e+00   1.8275144e+00   9.5106379e+00   4.7029096e-01   2.1397785e-02   1.6724429e-01   7.8520020e-02   8.9085137e+01   8.4237379e+00   8.9283110e+01   8.1815888e+00   1.9376497e+01   5.1286882e+01   8.2797889e+00   2.9095253e+01   3.9388386e+01   3.5548347e+01   8.8612551e+01
   2.0063186e-01   5.1917693e+03   6.6698388e+02   7.8159119e+00   1.9467201e+01   3.2135921e+01   2.8026888e+03   6.4635068e+01   1.2190940e+02   8.3561810e-02   8.3497989e+01   4.8029989e+01   2.7679892e+03   1.7442514e+01   4.8757164e+01   2.9983385e+03   1.8112159e+01   6.2367319e+01   4.4183832e+00   2.7286379e+02   1.0183057e+02   4.5616599e+01   2.9688568e+01   2.7682321e+01   1.7630842e+01   1.2747978e+01   3.7358446e+00   1.3275990e+00   2.7835280e+01   4.5059553e+01   9.0499549e+00   2.2045263e+00   3.8354336e+00   1.8475640e+00   9.4215031e+00   5.0867112e-01   2.1397785e-02   1.6724429e-01   7.8520020e-02   8.9085137e+01   8.4237379e+00   8.9404740e+01   8.0477026e+00   1.9582548e+01   5.1420217e+01   9.2413156e+00   2.9134752e+01   3.9430129e+01   3.5640040e+01   8.9223774e+01
   1.9258283e-01   5.1973651e+03   6.3006233e+02   7.7948992e+00   1.9659776e+01   3.2275003e+01   2.8019986e+03   6.4839772e+01   1.2189614e+02   9.7211923e-02   8.3499839e+01   5.0080379e+01   2.7679525e+03   1.7499855e+01   4.9325995e+01   2.9987506e+03   1.8115874e+01   6.2346470e+01   5.6662438e+00   2.7291369e+02   1.0183491e+02   4.5581191e+01   2.9180154e+01   2.7700507e+01   1.8214127e+01   1.2609711e+01   3.3443169e+00   1.2799178e+00   2.7515827e+01   4.4999870e+01   9.4462417e+00   2.2293125e+00   3.8937687e+00   1.8546557e+00   9.4570352e+00   4.8821035e-01   3.0257071e-02   1.5314607e-01   6.6929173e-02   9.0517070e+01   8.1797687e+00   8.9460297e+01   8.0095928e+00   1.9039007e+01   5.1422612e+01   1.0208735e+01   2.9112191e+01   3.9406311e+01   3.5702463e+01   8.9620193e+01
   1.9954741e-01   5.1987047e+03   7.4638139e+02   7.7898105e+00   1.9644049e+01   3.2075689e+01   2.8014997e+03   6.4588941e+01   1.2188255e+02   9.6830313e-02   8.3480405e+01   5.0622978e+01   2.7662446e+03   1.7613100e+01   4.9825360e+01   2.9976774e+03   1.8070751e+01   6.2376553e+01   5.8875709e+00   2.7315542e+02   1.0183871e+02   4.5615123e+01   2.9613541e+01   2.7858033e+01   1.8232751e+01   1.2585075e+01   3.6199762e+00   1.2898168e+00   2.7801144e+01   4.4915389e+01   8.8852937e+00   2.0655892e+00   3.5236064e+00   1.8228248e+00   9.4779327e+00   4.9174001e-01   3.0257071e-02   1.5314607e-01   6.6929173e-02   9.0517070e+01   8.1797687e+00   8.9368346e+01   8.1930618e+00   1.9613991e+01   5.1340670e+01   1.0772684e+01   2.9155827e+01   3.9415553e+01   3.5625873e+01   8.9190301e+01
   1.9932252e-01   5.1750666e+03   7.1700861e+02   7.8069746e+00   2.0023816e+01   3.2208120e+01   2.8000299e+03   6.5061490e+01   1.2188026e+02   9.9501647e-02   8.3461688e+01   4.9056722e+01   2.7650970e+03   1.7611469e+01   5.1819990e+01   2.9963364e+03   1.7986171e+01   6.2358391e+01   6.0135923e+00   2.7331301e+02   1.0185754e+02   4.5620353e+01   2.9724976e+01   2.7677252e+01   1.7997043e+01   1.2595744e+01   3.8320171e+00   1.2801173e+00   2.8085812e+01   4.5015140e+01   9.4938507e+00   2.0443093e+00   3.8713322e+00   1.7590250e+00   9.4487690e+00   6.0015560e-01   3.0257071e-02   1.5314607e-01   6.6929173e-02   9.0517070e+01   8.1797687e+00   8.9293837e+01   8.2444068e+00   1.9708495e+01   5.1254756e+01   1.0796912e+01   2.9099590e+01   3.9412606e+01   3.5552920e+01   8.6863175e+01
   1.9836796e-01   5.1543263e+03   6.9313033e+02   7.8306509e+00   2.0105801e+01   3.2564586e+01   2.8002706e+03   6.5345990e+01   1.2189483e+02   9.7850776e-02   8.3502418e+01   4.9479537e+01   2.7646504e+03   1.7462123e+01   4.9770692e+01   2.9958996e+03   1.7876602e+01   6.2377441e+01   3.6776049e+00   2.7371746e+02   1.0186250e+02   4.5616878e+01   3.0038707e+01   2.7759197e+01   1.7729790e+01   1.2621295e+01   3.9563935e+00   1.2830520e+00   2.8214893e+01   4.5010802e+01   9.5710287e+00   2.3370712e+00   4.1236458e+00   1.7838298e+00   9.4261123e+00   5.0056455e-01   2.6040577e-02   1.5303039e-01   5.8897797e-02   9.0803213e+01   7.9348917e+00   8.9232806e+01   8.3029641e+00   1.9467287e+01   5.1307836e+01   1.0785918e+01   2.9105641e+01   3.9413284e+01   3.5517992e+01   8.5558407e+01
   1.9539395e-01   5.1805590e+03   7.2534283e+02   7.8575987e+00   1.9693596e+01   3.2434873e+01   2.8002089e+03   6.4688387e+01   1.2190311e+02   9.8980203e-02   8.3545879e+01   5.0398492e+01   2.7652997e+03   1.7638248e+01   4.8565246e+01   2.9966075e+03   1.7928603e+01   6.2397490e+01   5.1782665e+00   2.7289528e+02   1.0186178e+02   4.5629927e+01   2.9177001e+01   2.7553906e+01   1.7961394e+01   1.2675323e+01   3.0816910e+00   1.2626082e+00   2.7990448e+01   4.5134956e+01   8.9583098e+00   2.3927680e+00   3.2227574e+00   1.8322248e+00   9.4650278e+00   5.3446122e-01   2.6040577e-02   1.5303039e-01   5.8897797e-02   9.0803213e+01   7.9348917e+00   8.9205073e+01   8.3640924e+00   1.8869722e+01   5.1394204e+01   1.0809151e+01   2.9133862e+01   3.9438229e+01   3.5429219e+01   8.9225851e+01
   1.9426878e-01   5.1703820e+03   7.1451565e+02   7.8527170e+00   1.9606585e+01   3.2364654e+01   2.8009085e+03   6.4752107e+01   1.2189995e+02   1.0107711e-01   8.3554833e+01   5.1619456e+01   2.7661614e+03   1.7462866e+01   4.8787744e+01   2.9967067e+03   1.7972244e+01   6.2391583e+01   5.4353868e+00   2.7312281e+02   1.0185668e+02   4.5612155e+01   2.9589412e+01   2.7620225e+01   1.7925722e+01   1.2485917e+01   3.6918732e+00   1.2997260e+00   2.7769456e+01   4.5036652e+01   9.2266192e+00   2.0962421e+00   4.1805687e+00   1.8165339e+00   9.4231483e+00   5.2039740e-01   2.8981591e-02   1.6250188e-01   6.6045603e-02   9.0396839e+01   7.8250922e+00   8.9164114e+01   8.3671225e+00   1.9254643e+01   5.1403898e+01   1.0941165e+01   2.9127023e+01   3.9448121e+01   3.5449570e+01   9.0376066e+01
   1.9494086e-01   5.1678227e+03   6.6407077e+02   7.7101487e+00   1.9774644e+01   3.2006716e+01   2.8015394e+03   6.5306170e+01   1.2189145e+02   1.0067134e-01   8.3559460e+01   5.0495180e+01   2.7664427e+03   1.7691601e+01   5.1178444e+01   2.9965252e+03   1.7881270e+01   6.2394043e+01   3.6425160e+00   2.7243639e+02   1.0188296e+02   4.5617070e+01   2.9222832e+01   2.7791808e+01   1.7821674e+01   1.2598506e+01   3.6200699e+00   1.2842179e+00   2.8302158e+01   4.5191540e+01   9.1939342e+00   2.2296226e+00   3.7918403e+00   1.8120979e+00   9.4198597e+00   5.5102212e-01   2.8981591e-02   1.6250188e-01   6.6045603e-02   9.0396839e+01   7.8250922e+00   8.9144388e+01   8.3250151e+00   1.9183916e+01   5.1378115e+01   1.1189445e+01   2.9127822e+01   3.9408926e+01   3.5518398e+01   8.9254792e+01
   1.9528858e-01   5.1649223e+03   6.9431603e+02   7.8467168e+00   1.9896020e+01   3.1945557e+01   2.8014748e+03   6.5144720e+01   1.2191024e+02   1.0646787e-01   8.3582881e+01   4.9104692e+01   2.7666516e+03   1.7423286e+01   5.0354293e+01   2.9972529e+03   1.7866465e+01   6.2380700e+01   5.9552478e+00   2.7234006e+02   1.0187978e+02   4.5630632e+01   2.9491576e+01   2.7679263e+01   1.7927858e+01   1.2502888e+01   3.3583468e+00   1.2785153e+00   2.8248114e+01   4.5001649e+01   9.5754925e+00   2.1687302e+00   3.7567852e+00   1.7886663e+00   9.4070795e+00   4.9231412e-01   2.8981591e-02   1.6250188e-01   6.6045603e-02   9.0396839e+01   7.8250922e+00   8.9186971e+01   8.3163053e+00   1.9256486e+01   5.1469878e+01   1.1560285e+01   2.9130844e+01   3.9455076e+01   3.5435132e+01   8.8519942e+01
   1.9596762e-01   5.2042321e+03   7.1920403e+02   7.8353939e+00   1.9138662e+01   3.1833078e+01   2.8013672e+03   6.4823132e+01   1.2190255e+02   1.1119400e-01   8.3531428e+01   5.0996995e+01   2.7653821e+03   1.7563486e+01   4.9082040e+01   2.9963355e+03   1.8035464e+01   6.2381939e+01   5.0476776e+00   2.7278468e+02   1.0185004e+02   4.5628148e+01   2.9443501e+01   2.7643142e+01   1.8008676e+01   1.2659399e+01   4.2885995e+00   1.2926118e+00   2.7704980e+01   4.5023736e+01   8.9081100e+00   2.1155156e+00   3.8925891e+00   1.8179855e+00   9.4373194e+00   5.1450132e-01   5.6312683e-02   1.4811440e-01   6.2639979e-02   9.0336311e+01   7.7177138e+00   8.9163928e+01   8.3023494e+00   1.9229131e+01   5.1411171e+01   1.1948341e+01   2.9127489e+01   3.9411516e+01   3.5498871e+01   9.0409089e+01
   1.9551778e-01   5.1724641e+03   6.7989641e+02   7.8670397e+00   1.9861392e+01   3.1745440e+01   2.8003614e+03   6.4443904e+01   1.2190536e+02   1.0896966e-01   8.3531178e+01   4.8426464e+01   2.7650329e+03   1.7630000e+01   4.9243947e+01   2.9960421e+03   1.8128727e+01   6.2387905e+01   7.1639727e+00   2.7302252e+02   1.0186535e+02   4.5617776e+01   2.9342430e+01   2.7652312e+01   1.8124110e+01   1.2689151e+01   3.7618198e+00   1.2593298e+00   2.8155775e+01   4.5103397e+01   9.2743494e+00   2.0305373e+00   3.7964987e+00   1.8645880e+00   9.4675536e+00   4.2057431e-01   5.6312683e-02   1.4811440e-01   6.2639979e-02   9.0336311e+01   7.7177138e+00   8.9205027e+01   8.2818096e+00   1.9337545e+01   5.1402591e+01   1.2018733e+01   2.9146466e+01   3.9468659e+01   3.5552577e+01   8.4277991e+01
   1.9830355e-01   5.1856597e+03   7.1818927e+02   7.7709676e+00   1.9520816e+01   3.1939249e+01   2.7993668e+03   6.4389030e+01   1.2187649e+02   1.0922975e-01   8.3519631e+01   4.9948514e+01   2.7639517e+03   1.7371429e+01   5.0717465e+01   2.9948019e+03   1.8058532e+01   6.2395658e+01   5.8372801e+00   2.7356050e+02   1.0185892e+02   4.5614332e+01   2.9050858e+01   2.7756447e+01   1.7534022e+01   1.2499601e+01   3.3328181e+00   1.3160799e+00   2.8150064e+01   4.5006284e+01   9.6260457e+00   2.1814919e+00   3.7592298e+00   1.8136384e+00   9.4782086e+00   4.9634441e-01   2.8241616e-02   1.6693872e-01   6.5169378e-02   8.9903483e+01   8.1633511e+00   8.9205660e+01   8.2910146e+00   1.9566256e+01   5.1314322e+01   1.1768023e+01   2.9092927e+01   3.9406162e+01   3.5548849e+01   8.8523793e+01
   1.9655549e-01   5.1552054e+03   6.9370910e+02   7.8674706e+00   1.9811490e+01   3.2448564e+01   2.7994997e+03   6.4857003e+01   1.2189714e+02   1.0816751e-01   8.3546829e+01   4.8415604e+01   2.7641409e+03   1.7284246e+01   4.9676676e+01   2.9954414e+03   1.8115971e+01   6.2378986e+01   4.5293765e+00   2.7307481e+02   1.0186575e+02   4.5656594e+01   2.8669628e+01   2.7629917e+01   1.8099191e+01   1.2566491e+01   3.2541571e+00   1.3050085e+00   2.8449756e+01   4.4959665e+01   9.0897914e+00   2.2147977e+00   3.8439092e+00   1.8099231e+00   9.4353633e+00   4.9314801e-01   2.8241616e-02   1.6693872e-01   6.5169378e-02   8.9903483e+01   8.1633511e+00   8.9255430e+01   8.2381296e+00   1.9283968e+01   5.1514808e+01   1.1469311e+01   2.9124531e+01   3.9392823e+01   3.5565419e+01   8.7854506e+01
   2.0137224e-01   5.1962430e+03   6.6434384e+02   7.8976884e+00   1.9430332e+01   3.2187194e+01   2.8001099e+03   6.4468997e+01   1.2190776e+02   1.0409047e-01   8.3581441e+01   4.8759501e+01   2.7645484e+03   1.7692730e+01   4.9608644e+01   2.9957505e+03   1.7977090e+01   6.2385896e+01   6.4536769e+00   2.7298372e+02   1.0185522e+02   4.5617758e+01   2.9545307e+01   2.7840664e+01   1.7923360e+01   1.2655382e+01   3.8642200e+00   1.3212861e+00   2.7816504e+01   4.4871974e+01   8.8837185e+00   2.0654156e+00   3.5073987e+00   1.8254814e+00   9.4461718e+00   5.0163756e-01   2.8241616e-02   1.6693872e-01   6.5169378e-02   8.9903483e+01   8.1633511e+00   8.9279556e+01   8.2220309e+00   1.9949182e+01   5.1398287e+01   1.1382282e+01   2.9129646e+01   3.9403637e+01   3.5357283e+01   8.6973006e+01
   1.9885606e-01   5.1912961e+03   6.9293950e+02   7.8313934e+00   1.9834415e+01   3.2360392e+01   2.7993658e+03   6.4937123e+01   1.2189835e+02   1.0183155e-01   8.3562577e+01   5.0506959e+01   2.7642854e+03   1.7511247e+01   5.1134322e+01   2.9952639e+03   1.7832941e+01   6.2382098e+01   4.9553472e+00   2.7290628e+02   1.0183673e+02   4.5611752e+01   2.9898553e+01   2.7643801e+01   1.7994498e+01   1.2660902e+01   4.2478197e+00   1.2827723e+00   2.7502081e+01   4.5051569e+01   9.3471175e+00   2.2600411e+00   3.9392022e+00   1.7589984e+00   9.4473869e+00   5.0731669e-01   2.4631816e-02   1.4624618e-01   6.6832460e-02   9.1029162e+01   8.7325272e+00   8.9237347e+01   8.3085618e+00   1.9629838e+01   5.1390199e+01   1.1187714e+01   2.9147783e+01   3.9429584e+01   3.5497320e+01   8.8076849e+01
   1.9643163e-01   5.1690619e+03   7.4792393e+02   7.8345757e+00   1.9243669e+01   3.2504896e+01   2.7984043e+03   6.4122308e+01   1.2190348e+02   9.8985275e-02   8.3577731e+01   4.9361616e+01   2.7645662e+03   1.7844425e+01   4.9587225e+01   2.9945951e+03   1.7836931e+01   6.2412364e+01   2.9523615e+00   2.7292263e+02   1.0184526e+02   4.5631620e+01   2.9536851e+01   2.7780207e+01   1.7696456e+01   1.2493229e+01   3.9664725e+00   1.2617302e+00   2.7998866e+01   4.5043563e+01   9.1021989e+00   2.2962681e+00   3.9136325e+00   1.7794173e+00   9.4823329e+00   5.3701279e-01   2.4631816e-02   1.4624618e-01   6.6832460e-02   9.1029162e+01   8.7325272e+00   8.9150792e+01   8.3949117e+00   1.9290582e+01   5.1316618e+01   1.0841598e+01   2.9165828e+01   3.9421372e+01   3.5532338e+01   8.3594521e+01
   1.9251552e-01   5.1874923e+03   6.5581472e+02   7.8815092e+00   1.9481693e+01   3.2313457e+01   2.7987373e+03   6.5342078e+01   1.2189889e+02   9.5565374e-02   8.3533888e+01   4.8601550e+01   2.7635396e+03   1.7573821e+01   4.9359871e+01   2.9942973e+03   1.8028308e+01   6.2404282e+01   4.8347389e+00   2.7269526e+02   1.0185639e+02   4.5630393e+01   2.9693149e+01   2.7619730e+01   1.8058574e+01   1.2693978e+01   3.6598513e+00   1.2820618e+00   2.7760667e+01   4.5023042e+01   9.7214408e+00   2.2712359e+00   3.7921318e+00   1.8106795e+00   9.4540337e+00   5.3586792e-01   3.0048847e-02   1.4693503e-01   7.2218846e-02   9.0528884e+01   7.8530024e+00   8.9111428e+01   8.4512186e+00   1.9013398e+01   5.1407204e+01   1.0395310e+01   2.9144145e+01   3.9398013e+01   3.5629691e+01   8.8112393e+01
   1.9518108e-01   5.1823779e+03   6.7847310e+02   7.8141346e+00   1.9799554e+01   3.1957874e+01   2.7992733e+03   6.4807480e+01   1.2188643e+02   9.5077174e-02   8.3580719e+01   5.1570695e+01   2.7646068e+03   1.7806183e+01   4.8996636e+01   2.9953147e+03   1.7904670e+01   6.2418340e+01   6.5564066e+00   2.7305893e+02   1.0185761e+02   4.5622781e+01   2.9090066e+01   2.7728481e+01   1.7954464e+01   1.2713570e+01   3.9928784e+00   1.2999460e+00   2.7941447e+01   4.4845624e+01   9.5734532e+00   2.0328252e+00   3.7088699e+00   1.8238900e+00   9.4768022e+00   4.7449990e-01   3.0048847e-02   1.4693503e-01   7.2218846e-02   9.0528884e+01   7.8530024e+00   8.9133160e+01   8.4083069e+00   1.9106423e+01   5.1342543e+01   1.0209740e+01   2.9118750e+01   3.9422018e+01   3.5453039e+01   8.6163895e+01
   1.9659070e-01   5.1713506e+03   6.8075734e+02   7.8249124e+00   1.9966097e+01   3.1966139e+01   2.8003104e+03   6.4965742e+01   1.2189959e+02   9.3499995e-02   8.3606419e+01   5.0648513e+01   2.7651983e+03   1.7496927e+01   5.0072273e+01   2.9962873e+03   1.8130933e+01   6.2399242e+01   5.5177599e+00   2.7314801e+02   1.0185894e+02   4.5613551e+01   2.9383959e+01   2.7591240e+01   1.7981680e+01   1.2664849e+01   3.9763355e+00   1.3084164e+00   2.7996779e+01   4.4795809e+01   9.5184027e+00   2.0479490e+00   4.0820802e+00   1.8465214e+00   9.4807306e+00   4.7646007e-01   3.0048847e-02   1.4693503e-01   7.2218846e-02   9.0528884e+01   7.8530024e+00   8.9150904e+01   8.3947105e+00   1.9426421e+01   5.1423184e+01   1.0179113e+01   2.9113921e+01   3.9438801e+01   3.5625405e+01   8.8498719e+01
   1.9901641e-01   5.1906568e+03   7.1422527e+02   7.8680821e+00   1.9472227e+01   3.1536985e+01   2.8003339e+03   6.4458285e+01   1.2188867e+02   9.7483148e-02   8.3578561e+01   4.9908842e+01   2.7651865e+03   1.7630208e+01   4.9953097e+01   2.9959968e+03   1.8055022e+01   6.2404038e+01   5.0688407e+00   2.7315857e+02   1.0185741e+02   4.5598007e+01   2.9875132e+01   2.7628806e+01   1.7921948e+01   1.2679648e+01   3.9489508e+00   1.2841650e+00   2.7893997e+01   4.5109952e+01   9.3847785e+00   2.1350599e+00   3.5958085e+00   1.8076058e+00   9.4465597e+00   5.3251961e-01   2.0713729e-02   1.6232725e-01   5.6279316e-02   8.9951370e+01   8.0500597e+00   8.9181471e+01   8.3383210e+00   1.9457132e+01   5.1446488e+01   1.0300292e+01   2.9079308e+01   3.9403496e+01   3.5774773e+01   8.7469961e+01
   1.9397326e-01   5.1961911e+03   6.8707157e+02   7.7504989e+00   1.9515901e+01   3.2238922e+01   2.8002638e+03   6.4167218e+01   1.2190882e+02   9.7864375e-02   8.3576790e+01   5.1112257e+01   2.7652874e+03   1.7418888e+01   4.9374808e+01   2.9954259e+03   1.8168777e+01   6.2407786e+01   6.3100472e+00   2.7285426e+02   1.0184626e+02   4.5631817e+01   2.9582036e+01   2.7490382e+01   1.8177619e+01   1.2747862e+01   4.1062496e+00   1.2875503e+00   2.7802999e+01   4.4917772e+01   9.1205758e+00   2.3457068e+00   3.8993370e+00   1.7764589e+00   9.4948392e+00   4.9068550e-01   2.0713729e-02   1.6232725e-01   5.6279316e-02   8.9951370e+01   8.0500597e+00   8.9214599e+01   8.2746384e+00   1.9122830e+01   5.1376621e+01   1.0471002e+01   2.9145521e+01   3.9419276e+01   3.5705991e+01   8.6845670e+01
   1.9555995e-01   5.1839604e+03   6.7295034e+02   7.8159035e+00   1.9896157e+01   3.1964871e+01   2.7990594e+03   6.4598601e+01   1.2189074e+02   9.7893333e-02   8.3576797e+01   4.9031384e+01   2.7648536e+03   1.7494573e+01   4.8109721e+01   2.9953457e+03   1.8146984e+01   6.2402427e+01   7.8027216e+00   2.7292064e+02   1.0184770e+02   4.5617928e+01   2.9863944e+01   2.7564921e+01   1.8017516e+01   1.2820473e+01   3.8343869e+00   1.2966528e+00   2.7819628e+01   4.4697010e+01   9.3061283e+00   2.1511879e+00   4.0776598e+00   1.8652227e+00   9.5111526e+00   4.8017607e-01   3.2884466e-02   1.5186919e-01   6.1628219e-02   9.0324967e+01   7.8888832e+00   8.9253095e+01   8.2561994e+00   1.9352580e+01   5.1395714e+01   1.0370827e+01   2.9140549e+01   3.9432567e+01   3.5629941e+01   8.6719099e+01
   1.9427624e-01   5.1936907e+03   6.9277715e+02   7.9022649e+00   2.0012022e+01   3.1936174e+01   2.7985195e+03   6.4174390e+01   1.2190482e+02   9.0077047e-02   8.3556727e+01   5.1481155e+01   2.7635687e+03   1.7582053e+01   5.0718935e+01   2.9945282e+03   1.8037078e+01   6.2401956e+01   7.1473865e+00   2.7325042e+02   1.0185094e+02   4.5620474e+01   2.9447171e+01   2.7556262e+01   1.8472996e+01   1.2459837e+01   3.7038899e+00   1.2939588e+00   2.8420640e+01   4.4814776e+01   9.2605196e+00   2.0996278e+00   3.9497033e+00   1.8396367e+00   9.4377884e+00   6.0904517e-01   3.2884466e-02   1.5186919e-01   6.1628219e-02   9.0324967e+01   7.8888832e+00   8.9232212e+01   8.2987701e+00   1.9146497e+01   5.1357501e+01   9.8785170e+00   2.9094203e+01   3.9401200e+01   3.5589255e+01   8.7267153e+01
   2.0096122e-01   5.1897332e+03   6.6479700e+02   7.8154572e+00   1.9715540e+01   3.2012150e+01   2.7984959e+03   6.4682788e+01   1.2191396e+02   8.8962855e-02   8.3551475e+01   4.9980653e+01   2.7628681e+03   1.7275014e+01   4.7795838e+01   2.9942451e+03   1.8086825e+01   6.2397057e+01   5.1059009e+00   2.7311144e+02   1.0183696e+02   4.5616658e+01   2.9472653e+01   2.7526127e+01   1.8300117e+01   1.2613739e+01   3.7801623e+00   1.2580561e+00   2.7992313e+01   4.4911599e+01   8.8692390e+00   2.1540506e+00   4.0007914e+00   1.8029162e+00   9.4496776e+00   5.6229034e-01   3.2884466e-02   1.5186919e-01   6.1628219e-02   9.0324967e+01   7.8888832e+00   8.9216985e+01   8.3194631e+00   1.9729368e+01   5.1200947e+01   9.3377095e+00   2.9070553e+01   3.9393563e+01   3.5627154e+01   8.9720499e+01
   2.0280252e-01   5.1669268e+03   6.9124675e+02   7.8812952e+00   1.9693026e+01   3.1913372e+01   2.7976557e+03   6.5020938e+01   1.2191176e+02   7.9461754e-02   8.3566384e+01   4.9323865e+01   2.7633142e+03   1.7549452e+01   4.8982198e+01   2.9941065e+03   1.8034882e+01   6.2416016e+01   7.9708515e+00   2.7291078e+02   1.0186661e+02   4.5617124e+01   2.9538259e+01   2.7661652e+01   1.8161792e+01   1.2724755e+01   3.7512986e+00   1.2561974e+00   2.8007865e+01   4.4874805e+01   9.3887061e+00   2.3202424e+00   3.9370307e+00   1.8529303e+00   9.4680750e+00   4.3756135e-01   1.9202327e-02   1.3990841e-01   8.9162816e-02   9.0089645e+01   8.4199928e+00   8.9236287e+01   8.3048463e+00   1.9915219e+01   5.1281599e+01   8.6753689e+00   2.9106988e+01   3.9401195e+01   3.5548709e+01   8.7201934e+01
   2.0240394e-01   5.1783465e+03   7.0449723e+02   7.8594652e+00   1.9422318e+01   3.2274365e+01   2.7979595e+03   6.5217859e+01   1.2189565e+02   7.2975839e-02   8.3567007e+01   4.9153874e+01   2.7633422e+03   1.7354283e+01   4.8491901e+01   2.9942119e+03   1.8106572e+01   6.2418787e+01   5.7006568e+00   2.7324391e+02   1.0188089e+02   4.5601893e+01   2.9474910e+01   2.7629785e+01   1.8243221e+01   1.2646273e+01   3.8069889e+00   1.3087028e+00   2.8105039e+01   4.4797923e+01   9.2622810e+00   2.2097907e+00   4.3634801e+00   1.8270847e+00   9.4522865e+00   5.3023172e-01   1.9202327e-02   1.3990841e-01   8.9162816e-02   9.0089645e+01   8.4199928e+00   8.9270887e+01   8.3130149e+00   1.9865510e+01   5.1284733e+01   8.0611963e+00   2.9092810e+01   3.9409334e+01   3.5435194e+01   8.7804817e+01
   2.0415848e-01   5.1636145e+03   7.1233248e+02   7.8941070e+00   1.9794143e+01   3.2132986e+01   2.7989118e+03   6.5790220e+01   1.2189241e+02   7.2049453e-02   8.3579096e+01   5.1579262e+01   2.7636486e+03   1.7704284e+01   4.8072859e+01   2.9952439e+03   1.8003087e+01   6.2402278e+01   5.3112383e+00   2.7333833e+02   1.0186357e+02   4.5595738e+01   2.9258422e+01   2.7620769e+01   1.7497550e+01   1.2679174e+01   3.5235725e+00   1.2307988e+00   2.8048420e+01   4.4849809e+01   9.3369756e+00   2.0259854e+00   3.9723086e+00   1.8379125e+00   9.4044048e+00   4.7722631e-01   3.1055752e-02   1.5731918e-01   8.6092749e-02   9.0621639e+01   8.0748221e+00   8.9266578e+01   8.3101285e+00   1.9971387e+01   5.1353570e+01   7.7315778e+00   2.9122126e+01   3.9427705e+01   3.5605633e+01   8.7929022e+01
   1.9773449e-01   5.2115879e+03   6.9502193e+02   7.8738886e+00   1.9697437e+01   3.2186931e+01   2.7998730e+03   6.5127501e+01   1.2188475e+02   7.1961195e-02   8.3517932e+01   4.9209646e+01   2.7645538e+03   1.7574850e+01   4.8078661e+01   2.9968415e+03   1.8042001e+01   6.2392002e+01   6.1006547e+00   2.7430288e+02   1.0181412e+02   4.5615792e+01   2.9491577e+01   2.7801778e+01   1.7839594e+01   1.2606827e+01   4.2527908e+00   1.3235894e+00   2.7912684e+01   4.4977343e+01   9.2801588e+00   2.1396786e+00   3.9771230e+00   1.8536649e+00   9.3894314e+00   5.3227932e-01   3.1055752e-02   1.5731918e-01   8.6092749e-02   9.0621639e+01   8.0748221e+00   8.9183075e+01   8.3729276e+00   1.9410012e+01   5.1549996e+01   7.6939796e+00   2.9144051e+01   3.9384466e+01   3.5663027e+01   8.6787980e+01
   1.9686862e-01   5.1874219e+03   6.9152809e+02   7.8002179e+00   1.9689844e+01   3.2034224e+01   2.8011089e+03   6.5137055e+01   1.2187979e+02   7.5966624e-02   8.3466578e+01   4.8000139e+01   2.7650847e+03   1.7287137e+01   4.8817213e+01   2.9974186e+03   1.8273804e+01   6.2374313e+01   3.4953975e+00   2.7380549e+02   1.0186388e+02   4.5603060e+01   2.9111878e+01   2.7539647e+01   1.8286459e+01   1.2609759e+01   3.8818726e+00   1.2939658e+00   2.7988348e+01   4.4864142e+01   9.6528641e+00   2.3165356e+00   3.6143343e+00   1.7888689e+00   9.5013350e+00   4.8088809e-01   3.1055752e-02   1.5731918e-01   8.6092749e-02   9.0621639e+01   8.0748221e+00   8.9166814e+01   8.3891217e+00   1.9297820e+01   5.1391639e+01   8.0673808e+00   2.9114946e+01   3.9390244e+01   3.5429294e+01   8.7482343e+01
   2.0183389e-01   5.1916526e+03   6.9517085e+02   7.7938223e+00   2.0254936e+01   3.2093842e+01   2.8011019e+03   6.5455186e+01   1.2191298e+02   7.6587721e-02   8.3419813e+01   5.0549006e+01   2.7652388e+03   1.7660597e+01   4.9764013e+01   2.9969003e+03   1.8088540e+01   6.2347395e+01   5.7673309e+00   2.7388811e+02   1.0188048e+02   4.5611747e+01   2.9352749e+01   2.7464403e+01   1.7975932e+01   1.2708941e+01   3.9365806e+00   1.2969507e+00   2.8311602e+01   4.5005480e+01   9.5982881e+00   2.2885715e+00   3.6261245e+00   1.8277650e+00   9.4468259e+00   4.3696363e-01   2.4506454e-02   1.5313866e-01   7.6509765e-02   9.0424291e+01   8.8397510e+00   8.9158183e+01   8.3922729e+00   1.9915405e+01   5.1375267e+01   8.4172726e+00   2.9143960e+01   3.9399680e+01   3.5564480e+01   8.9046282e+01
   2.0310296e-01   5.1907732e+03   7.1905542e+02   7.9500084e+00   1.9701084e+01   3.2274239e+01   2.8021708e+03   6.5502019e+01   1.2191586e+02   8.2730903e-02   8.3472889e+01   4.9761910e+01   2.7666833e+03   1.7696253e+01   5.0908723e+01   2.9979979e+03   1.7917879e+01   6.2329474e+01   6.0415013e+00   2.7322688e+02   1.0184772e+02   4.5632227e+01   2.9596047e+01   2.7579721e+01   1.7870128e+01   1.2602290e+01   3.8799568e+00   1.2390791e+00   2.8256331e+01   4.4891509e+01   9.0668528e+00   2.1536302e+00   4.0715605e+00   1.8122011e+00   9.4062582e+00   4.6274475e-01   2.4506454e-02   1.5313866e-01   7.6509765e-02   9.0424291e+01   8.8397510e+00   8.9176105e+01   8.4125727e+00   1.9826663e+01   5.1386367e+01   9.0637318e+00   2.9132699e+01   3.9435801e+01   3.5589132e+01   8.6165877e+01
   1.9678131e-01   5.1561185e+03   6.7479809e+02   7.7946025e+00   1.9546878e+01   3.2348714e+01   2.8014073e+03   6.4364993e+01   1.2190195e+02   8.9421534e-02   8.3439753e+01   5.0604532e+01   2.7666067e+03   1.7562573e+01   5.0133684e+01   2.9974334e+03   1.8002098e+01   6.2341021e+01   5.4699651e+00   2.7385004e+02   1.0185766e+02   4.5628042e+01   2.9278561e+01   2.7721540e+01   1.7871069e+01   1.2681078e+01   3.7181946e+00   1.2975951e+00   2.7999284e+01   4.4869070e+01   8.9294534e+00   2.1995100e+00   3.9967533e+00   1.8040993e+00   9.4317269e+00   4.8137607e-01   1.2621185e-02   1.6256185e-01   6.7128836e-02   8.9382124e+01   7.6557738e+00   8.9156016e+01   8.4080516e+00   1.9517480e+01   5.1379463e+01   9.8471670e+00   2.9113034e+01   3.9403782e+01   3.5388145e+01   8.5311392e+01
   1.9606342e-01   5.1622757e+03   6.4629103e+02   7.7665472e+00   1.9657409e+01   3.1805779e+01   2.8015982e+03   6.5417888e+01   1.2188188e+02   9.6101638e-02   8.3407052e+01   5.0037223e+01   2.7661069e+03   1.7524926e+01   4.8921663e+01   2.9974420e+03   1.8150751e+01   6.2316560e+01   5.3612400e+00   2.7342997e+02   1.0185992e+02   4.5687051e+01   2.9898564e+01   2.7699481e+01   1.8025322e+01   1.2680409e+01   3.3825706e+00   1.2478626e+00   2.8169642e+01   4.4837936e+01   9.2775604e+00   2.1122328e+00   3.8338099e+00   1.8150189e+00   9.4647036e+00   5.1802075e-01   1.2621185e-02   1.6256185e-01   6.7128836e-02   8.9382124e+01   7.6557738e+00   8.9289695e+01   8.2540054e+00   1.9542844e+01   5.1381800e+01   1.0413014e+01   2.9165812e+01   3.9421060e+01   3.5538459e+01   8.7486309e+01
   1.9664093e-01   5.1801198e+03   6.3652584e+02   7.9275617e+00   1.9834776e+01   3.2016265e+01   2.8011784e+03   6.4980465e+01   1.2188864e+02   1.0167937e-01   8.3450195e+01   5.0905679e+01   2.7657189e+03   1.7484535e+01   4.8893076e+01   2.9967575e+03   1.8081217e+01   6.2321763e+01   6.8539995e+00   2.7353775e+02   1.0184664e+02   4.5691034e+01   2.9925564e+01   2.7560537e+01   1.8008149e+01   1.2805795e+01   4.0817197e+00   1.3061114e+00   2.8476831e+01   4.4812051e+01   8.6188715e+00   2.2222421e+00   3.9353432e+00   1.7859409e+00   9.4065574e+00   5.2430089e-01   1.2621185e-02   1.6256185e-01   6.7128836e-02   8.9382124e+01   7.6557738e+00   8.9316419e+01   8.1705329e+00   1.9318632e+01   5.1332574e+01   1.0770511e+01   2.9171796e+01   3.9411628e+01   3.5633637e+01   9.0310961e+01
   1.9581681e-01   5.1966575e+03   6.8184319e+02   7.7936971e+00   2.0017903e+01   3.2133407e+01   2.7996428e+03   6.5165310e+01   1.2189844e+02   9.8864372e-02   8.3451090e+01   4.9917519e+01   2.7649506e+03   1.7435935e+01   4.8629963e+01   2.9956647e+03   1.8166778e+01   6.2353037e+01   4.0406828e+00   2.7299158e+02   1.0185158e+02   4.5659172e+01   2.9582070e+01   2.7613757e+01   1.8036144e+01   1.2765221e+01   3.5433073e+00   1.2807241e+00   2.8323546e+01   4.4908895e+01   9.4035375e+00   2.1541526e+00   4.1608219e+00   1.7926148e+00   9.3716192e+00   5.1614059e-01   3.8892341e-02   1.7299133e-01   7.6626395e-02   9.0053453e+01   7.8452909e+00   8.9325724e+01   8.2042462e+00   1.9162739e+01   5.1384519e+01   1.0669049e+01   2.9181546e+01   3.9432492e+01   3.5594941e+01   8.7452120e+01
   1.9300707e-01   5.1974801e+03   6.9217522e+02   7.8889393e+00   1.9194624e+01   3.2382912e+01   2.7998690e+03   6.4838108e+01   1.2190665e+02   9.7099619e-02   8.3514934e+01   5.0990985e+01   2.7643267e+03   1.7769881e+01   4.7746842e+01   2.9953615e+03   1.8047270e+01   6.2354582e+01   4.6766887e+00   2.7330648e+02   1.0183890e+02   4.5656298e+01   2.9851591e+01   2.7566187e+01   1.8044667e+01   1.2620837e+01   4.1893237e+00   1.2852941e+00   2.8051879e+01   4.4939962e+01   9.4647044e+00   2.2859958e+00   3.7490166e+00   1.8242094e+00   9.3926949e+00   4.2388861e-01   3.8892341e-02   1.7299133e-01   7.6626395e-02   9.0053453e+01   7.8452909e+00   8.9292886e+01   8.2643519e+00   1.9287393e+01   5.1422209e+01   1.0385305e+01   2.9156873e+01   3.9461613e+01   3.5631167e+01   8.7542435e+01
   1.9785976e-01   5.1807282e+03   6.7858211e+02   7.7473030e+00   1.9572158e+01   3.2424846e+01   2.7983566e+03   6.5146430e+01   1.2189728e+02   8.8190563e-02   8.3509809e+01   4.9108694e+01   2.7636063e+03   1.7494665e+01   4.9609623e+01   2.9940312e+03   1.8192227e+01   6.2388369e+01   6.1525009e+00   2.7319393e+02   1.0182161e+02   4.5648077e+01   2.9722948e+01   2.7650646e+01   1.7864727e+01   1.2736527e+01   3.9088294e+00   1.2835924e+00   2.8228891e+01   4.4967387e+01   9.6404892e+00   2.1851684e+00   3.9359714e+00   1.8103471e+00   9.3677966e+00   4.3030634e-01   2.4575776e-02   1.5597880e-01   7.9665526e-02   9.0322164e+01   8.1730556e+00   8.9265438e+01   8.2868173e+00   1.9189745e+01   5.1302192e+01   9.9016137e+00   2.9172178e+01   3.9426287e+01   3.5683162e+01   8.5911241e+01
   1.9462176e-01   5.1895015e+03   6.5604146e+02   7.8955144e+00   1.9733626e+01   3.2146787e+01   2.7988381e+03   6.4793272e+01   1.2190245e+02   8.5965710e-02   8.3548411e+01   5.0814177e+01   2.7635791e+03   1.7727802e+01   4.8792106e+01   2.9945231e+03   1.8171235e+01   6.2396400e+01   3.6189203e+00   2.7335660e+02   1.0183127e+02   4.5666100e+01   2.9804021e+01   2.7644186e+01   1.8004857e+01   1.2690738e+01   3.6413189e+00   1.3186588e+00   2.7993756e+01   4.4912524e+01   9.2012601e+00   1.9450914e+00   4.0506725e+00   1.8118121e+00   9.3949906e+00   5.3598367e-01   2.4575776e-02   1.5597880e-01   7.9665526e-02   9.0322164e+01   8.1730556e+00   8.9261529e+01   8.3266340e+00   1.9023445e+01   5.1434465e+01   9.4100803e+00   2.9150519e+01   3.9462972e+01   3.5561406e+01   8.6314332e+01
   1.9306535e-01   5.1992021e+03   7.2969670e+02   7.8152900e+00   1.9698145e+01   3.2077354e+01   2.7991848e+03   6.4149021e+01   1.2189158e+02   8.2951687e-02   8.3534738e+01   5.2033142e+01   2.7642475e+03   1.7729816e+01   4.8768922e+01   2.9952161e+03   1.8193368e+01   6.2401465e+01   6.0270814e+00   2.7346704e+02   1.0185286e+02   4.5684877e+01   2.9352444e+01   2.7733755e+01   1.7702522e+01   1.2581790e+01   4.1465688e+00   1.2956622e+00   2.8422158e+01   4.4827086e+01   8.5972055e+00   2.1053305e+00   3.8264943e+00   1.7564763e+00   9.4178415e+00   4.7545275e-01   2.4575776e-02   1.5597880e-01   7.9665526e-02   9.0322164e+01   8.1730556e+00   8.9229997e+01   8.3542291e+00   1.9000896e+01   5.1306500e+01   9.0996122e+00   2.9112512e+01   3.9424212e+01   3.5408119e+01   9.0183228e+01
   1.9377858e-01   5.2064963e+03   6.9583919e+02   7.7695931e+00   1.9688581e+01   3.2249272e+01   2.8001648e+03   6.5069544e+01   1.2190434e+02   8.2959295e-02   8.3578910e+01   5.0808634e+01   2.7649375e+03   1.7591385e+01   4.6943529e+01   2.9958119e+03   1.7877591e+01   6.2388028e+01   6.9179259e+00   2.7286558e+02   1.0182572e+02   4.5634701e+01   2.9524379e+01   2.7643967e+01   1.8011835e+01   1.2605743e+01   3.6586475e+00   1.3060398e+00   2.8198541e+01   4.4777744e+01   9.1486058e+00   2.0172737e+00   4.2912652e+00   1.7988848e+00   9.3870125e+00   4.8768798e-01   2.5060025e-02   1.6829872e-01   7.0021876e-02   8.9803140e+01   7.9166532e+00   8.9237706e+01   8.3293038e+00   1.8935752e+01   5.1430919e+01   8.9596102e+00   2.9120205e+01   3.9424295e+01   3.5595756e+01   8.8747374e+01
   1.9246181e-01   5.2222377e+03   6.8681496e+02   7.8823382e+00   1.9829780e+01   3.2213907e+01   2.8003688e+03   6.5734713e+01   1.2191350e+02   8.2009184e-02   8.3581636e+01   4.9312400e+01   2.7657843e+03   1.7378154e+01   4.9937417e+01   2.9954343e+03   1.8102767e+01   6.2410123e+01   6.1557799e+00   2.7338902e+02   1.0183887e+02   4.5645020e+01   2.9403145e+01   2.7635920e+01   1.8119371e+01   1.2791616e+01   3.3620114e+00   1.2578505e+00   2.8100132e+01   4.4829478e+01   9.3961705e+00   2.1495461e+00   3.7887199e+00   1.8366913e+00   9.3722987e+00   5.4590859e-01   2.5060025e-02   1.6829872e-01   7.0021876e-02   8.9803140e+01   7.9166532e+00   8.9246050e+01   8.2702673e+00   1.9098573e+01   5.1344504e+01   9.1233015e+00   2.9118437e+01   3.9419479e+01   3.5549126e+01   8.5507235e+01
   1.9527512e-01   5.1403905e+03   6.7121742e+02   7.7312471e+00   1.9414526e+01   3.2196913e+01   2.8000651e+03   6.5291522e+01   1.2190067e+02   8.5032179e-02   8.3551976e+01   5.0398115e+01   2.7651046e+03   1.7574537e+01   4.8978630e+01   2.9952036e+03   1.7995889e+01   6.2427582e+01   4.8342749e+00   2.7297529e+02   1.0184900e+02   4.5631701e+01   2.9511880e+01   2.7677565e+01   1.7693368e+01   1.2627858e+01   3.8714099e+00   1.2941913e+00   2.7463716e+01   4.4925759e+01   9.4249609e+00   2.0810273e+00   3.8422456e+00   1.8204610e+00   9.4555700e+00   5.3874773e-01   1.2952321e-02   1.7289076e-01   7.5508333e-02   8.9617209e+01   8.2290756e+00   8.9272203e+01   8.2452599e+00   1.9376615e+01   5.1298491e+01   9.1452358e+00   2.9138799e+01   3.9426663e+01   3.5645763e+01   8.5804660e+01
   1.9314056e-01   5.1919612e+03   6.8533841e+02   7.8502308e+00   1.9753195e+01   3.2502718e+01   2.8001545e+03   6.4465187e+01   1.2191302e+02   8.0024820e-02   8.3536047e+01   4.8903550e+01   2.7648220e+03   1.7730311e+01   4.8924808e+01   2.9953308e+03   1.8101538e+01   6.2405875e+01   5.7247145e+00   2.7301781e+02   1.0184603e+02   4.5670771e+01   2.9601934e+01   2.7451125e+01   1.7729988e+01   1.2735256e+01   3.9920795e+00   1.2661911e+00   2.8130427e+01   4.4957991e+01   9.1632571e+00   2.0897728e+00   3.9931228e+00   1.8042743e+00   9.4545591e+00   4.3147177e-01   1.2952321e-02   1.7289076e-01   7.5508333e-02   8.9617209e+01   8.2290756e+00   8.9308064e+01   8.2087566e+00   1.9036560e+01   5.1446444e+01   9.0725745e+00   2.9141177e+01   3.9435227e+01   3.5668184e+01   8.7863746e+01
   1.9110035e-01   5.2017643e+03   6.9388650e+02   7.7974929e+00   1.9464985e+01   3.1945787e+01   2.7999410e+03   6.4322654e+01   1.2189992e+02   8.3633831e-02   8.3515234e+01   5.0797883e+01   2.7648369e+03   1.7441250e+01   4.8341664e+01   2.9954523e+03   1.8142316e+01   6.2412425e+01   5.8636826e+00   2.7352950e+02   1.0183899e+02   4.5633130e+01   2.9671108e+01   2.7593203e+01   1.8033107e+01   1.2638657e+01   3.9454472e+00   1.2941051e+00   2.8208381e+01   4.4747287e+01   9.1353542e+00   2.2277247e+00   3.8985172e+00   1.7944900e+00   9.4219880e+00   5.5675603e-01   1.2952321e-02   1.7289076e-01   7.5508333e-02   8.9617209e+01   8.2290756e+00   8.9331154e+01   8.1852617e+00   1.8794535e+01   5.1447162e+01   9.0493879e+00   2.9134501e+01   3.9404335e+01   3.5492200e+01   8.5733056e+01
   1.9277781e-01   5.1795903e+03   6.7510448e+02   7.9086795e+00   1.9826164e+01   3.2105436e+01   2.7997350e+03   6.6230871e+01   1.2191484e+02   8.1159636e-02   8.3532409e+01   5.2635056e+01   2.7644150e+03   1.7612611e+01   5.0228104e+01   2.9948448e+03   1.7831807e+01   6.2380052e+01   8.0800794e+00   2.7365205e+02   1.0183922e+02   4.5638088e+01   2.9400139e+01   2.7698388e+01   1.8314817e+01   1.2575897e+01   3.6843190e+00   1.3084163e+00   2.8221046e+01   4.4967491e+01   8.9689980e+00   2.2742600e+00   3.4922030e+00   1.8406820e+00   9.4260571e+00   4.8756760e-01   3.5935042e-02   1.5659107e-01   7.5153210e-02   8.9545139e+01   7.1270146e+00   8.9367334e+01   8.1682904e+00   1.8910704e+01   5.1317764e+01   8.9947529e+00   2.9138143e+01   3.9395692e+01   3.5521480e+01   8.6335185e+01
   1.9749732e-01   5.1724772e+03   6.7075001e+02   7.7101086e+00   1.9535631e+01   3.2219658e+01   2.7991071e+03   6.5199497e+01   1.2188562e+02   7.9214713e-02   8.3488400e+01   4.9389973e+01   2.7636771e+03   1.7576759e+01   5.0792153e+01   2.9939921e+03   1.7961060e+01   6.2412298e+01   5.1170350e+00   2.7327339e+02   1.0181930e+02   4.5648304e+01   3.0041647e+01   2.7642381e+01   1.7764682e+01   1.2605444e+01   3.7681067e+00   1.2537858e+00   2.7822290e+01   4.4818849e+01   8.8697130e+00   2.2983770e+00   3.5587749e+00   1.8350067e+00   9.3942869e+00   4.5500225e-01   3.5935042e-02   1.5659107e-01   7.5153210e-02   8.9545139e+01   7.1270146e+00   8.9396440e+01   8.1727402e+00   1.9425015e+01   5.1299369e+01   8.6174078e+00   2.9144665e+01   3.9435104e+01   3.5599319e+01   8.6079068e+01
   1.9115357e-01   5.1888979e+03   7.0176257e+02   7.8864506e+00   2.0109778e+01   3.2350708e+01   2.7987251e+03   6.4250672e+01   1.2189563e+02   7.0287123e-02   8.3465181e+01   5.1749742e+01   2.7627068e+03   1.7409694e+01   4.8292091e+01   2.9940278e+03   1.7873657e+01   6.2363998e+01   5.8160295e+00   2.7374883e+02   1.0184020e+02   4.5625142e+01   2.9164056e+01   2.7822052e+01   1.8064987e+01   1.2668015e+01   3.8276922e+00   1.2900857e+00   2.7989312e+01   4.4893049e+01   8.9283637e+00   2.1510116e+00   3.9091471e+00   1.8306044e+00   9.4241435e+00   4.1463801e-01   1.1091607e-04   1.6678598e-01   6.4079830e-02   8.9879608e+01   8.6479216e+00   8.9407228e+01   8.1603350e+00   1.8780083e+01   5.1405787e+01   8.0393481e+00   2.9131187e+01   3.9428432e+01   3.5587012e+01   8.4095755e+01
   1.9660231e-01   5.1899921e+03   6.7237058e+02   7.8356847e+00   1.9736426e+01   3.1997834e+01   2.7994620e+03   6.4807631e+01   1.2188777e+02   7.0680209e-02   8.3490370e+01   4.9975292e+01   2.7630547e+03   1.7489002e+01   5.0823212e+01   2.9950554e+03   1.8243891e+01   6.2379913e+01   4.8393196e+00   2.7316891e+02   1.0182883e+02   4.5595597e+01   2.9519988e+01   2.7765477e+01   1.7770773e+01   1.2728943e+01   3.4338571e+00   1.3088512e+00   2.8090613e+01   4.4797275e+01   9.0843957e+00   2.0324643e+00   4.0582426e+00   1.7949452e+00   9.4921223e+00   4.7754971e-01   1.1091607e-04   1.6678598e-01   6.4079830e-02   8.9879608e+01   8.6479216e+00   8.9390665e+01   8.1976501e+00   1.9236044e+01   5.1444225e+01   7.7022229e+00   2.9129642e+01   3.9449082e+01   3.5599888e+01   8.8749419e+01
   1.9152125e-01   5.1776188e+03   6.8982705e+02   7.9456892e+00   1.9783562e+01   3.2232086e+01   2.8001775e+03   6.5569261e+01   1.2189894e+02   6.8294126e-02   8.3487123e+01   4.9689863e+01   2.7646963e+03   1.7793611e+01   5.0213728e+01   2.9952310e+03   1.8150665e+01   6.2390621e+01   7.3299892e+00   2.7353053e+02   1.0184062e+02   4.5625873e+01   2.9330165e+01   2.7738291e+01   1.7815402e+01   1.2797458e+01   3.9486191e+00   1.2770969e+00   2.7930839e+01   4.4943795e+01   9.2268825e+00   2.2414043e+00   3.9272554e+00   1.8385263e+00   9.4794024e+00   4.8706679e-01   1.1091607e-04   1.6678598e-01   6.4079830e-02   8.9879608e+01   8.6479216e+00   8.9349225e+01   8.2038939e+00   1.8978675e+01   5.1450448e+01   7.6073647e+00   2.9126237e+01   3.9404043e+01   3.5485173e+01   8.7173309e+01
   1.9086784e-01   5.1716850e+03   6.9397288e+02   7.8635340e+00   1.9421402e+01   3.2041202e+01   2.8009384e+03   6.5707243e+01   1.2190919e+02   7.1364299e-02   8.3501974e+01   4.9229881e+01   2.7660044e+03   1.7515855e+01   5.0669678e+01   2.9968329e+03   1.8052323e+01   6.2369997e+01   4.2685453e+00   2.7339377e+02   1.0183846e+02   4.5612832e+01   2.9219749e+01   2.7562121e+01   1.7915546e+01   1.2818112e+01   3.2908915e+00   1.2598057e+00   2.8227721e+01   4.4949832e+01   9.3253198e+00   2.1427033e+00   3.4972226e+00   1.8513252e+00   9.4819764e+00   5.7401171e-01   8.6779950e-03   1.6105956e-01   7.0922003e-02   9.0137715e+01   7.7503099e+00   8.9336107e+01   8.2350994e+00   1.8975541e+01   5.1487153e+01   7.9399620e+00   2.9139277e+01   3.9413330e+01   3.5719201e+01   8.7803918e+01
   1.9488104e-01   5.1849662e+03   6.8083945e+02   7.8912863e+00   1.9816351e+01   3.2319563e+01   2.8013108e+03   6.5127740e+01   1.2189448e+02   7.3329813e-02   8.3450394e+01   4.9755692e+01   2.7663269e+03   1.7372647e+01   4.9691662e+01   2.9970801e+03   1.8082161e+01   6.2348423e+01   6.4626976e+00   2.7316229e+02   1.0184279e+02   4.5649411e+01   2.9469805e+01   2.7649822e+01   1.8206628e+01   1.2704550e+01   3.5197897e+00   1.2502971e+00   2.8694430e+01   4.4906424e+01   9.3447533e+00   2.1277899e+00   4.0321504e+00   1.8317483e+00   9.3789852e+00   5.2078632e-01   8.6779950e-03   1.6105956e-01   7.0922003e-02   9.0137715e+01   7.7503099e+00   8.9313351e+01   8.2596291e+00   1.9145204e+01   5.1395973e+01   8.4605026e+00   2.9163171e+01   3.9429389e+01   3.5500338e+01   8.9324063e+01
   1.9551190e-01   5.1570751e+03   7.1231590e+02   7.8808578e+00   1.9517086e+01   3.2052890e+01   2.8009138e+03   6.5387189e+01   1.2190881e+02   7.8652725e-02   8.3420479e+01   4.9983838e+01   2.7657742e+03   1.7635326e+01   4.9320472e+01   2.9969701e+03   1.8097538e+01   6.2365900e+01   3.7481279e+00   2.7333392e+02   1.0185024e+02   4.5696271e+01   2.9979821e+01   2.7684003e+01   1.7531735e+01   1.2686174e+01   3.6032551e+00   1.3009198e+00   2.8472529e+01   4.5080828e+01   9.4990353e+00   2.0592963e+00   4.0346308e+00   1.7858983e+00   9.3641312e+00   4.6441375e-01   1.5066660e-02   1.6292033e-01   7.9980483e-02   9.0065241e+01   8.4035421e+00   8.9309488e+01   8.2578716e+00   1.9385367e+01   5.1358457e+01   8.9143031e+00   2.9169375e+01   3.9458491e+01   3.5648414e+01   8.5735447e+01
   1.8836437e-01   5.1948764e+03   7.0738000e+02   7.8060037e+00   1.9572687e+01   3.2501159e+01   2.8004792e+03   6.5277588e+01   1.2191065e+02   8.6568476e-02   8.3410513e+01   4.8034631e+01   2.7666659e+03   1.7485337e+01   5.0070730e+01   2.9970779e+03   1.8139102e+01   6.2354057e+01   6.0514213e+00   2.7347739e+02   1.0184443e+02   4.5643101e+01   2.9761507e+01   2.7895312e+01   1.7866293e+01   1.2867812e+01   3.9568346e+00   1.2868880e+00   2.7753958e+01   4.5007689e+01   9.0917276e+00   2.4031797e+00   3.6025584e+00   1.8357632e+00   9.4155698e+00   4.8958329e-01   1.5066660e-02   1.6292033e-01   7.9980483e-02   9.0065241e+01   8.4035421e+00   8.9302963e+01   8.2384373e+00   1.8533447e+01   5.1493030e+01   9.2106672e+00   2.9169078e+01   3.9441001e+01   3.5778690e+01   8.5413592e+01
   1.8794343e-01   5.2057100e+03   6.8817072e+02   7.8908405e+00   1.9610523e+01   3.2198679e+01   2.8011800e+03   6.5564655e+01   1.2189883e+02   8.8510171e-02   8.3373535e+01   5.0029744e+01   2.7652186e+03   1.7508084e+01   4.9494745e+01   2.9966691e+03   1.7939311e+01   6.2327355e+01   5.7683525e+00   2.7400520e+02   1.0185843e+02   4.5675376e+01   2.9603175e+01   2.7670590e+01   1.8019383e+01   1.2745278e+01   3.5073615e+00   1.3017689e+00   2.7494265e+01   4.4841909e+01   9.2553903e+00   2.2254013e+00   3.7842774e+00   1.7840045e+00   9.4812930e+00   4.4834051e-01   1.5066660e-02   1.6292033e-01   7.9980483e-02   9.0065241e+01   8.4035421e+00   8.9291616e+01   8.2397712e+00   1.8477958e+01   5.1449098e+01   9.5581134e+00   2.9166444e+01   3.9428589e+01   3.5430214e+01   8.5778553e+01
   1.8845467e-01   5.1913957e+03   6.6974941e+02   7.7864632e+00   1.9918979e+01   3.1961794e+01   2.8012058e+03   6.4920337e+01   1.2188222e+02   8.8133239e-02   8.3394637e+01   4.9972991e+01   2.7656833e+03   1.7672357e+01   5.1355636e+01   2.9962592e+03   1.8099168e+01   6.2323590e+01   5.2102879e+00   2.7323046e+02   1.0187824e+02   4.5673460e+01   2.9812471e+01   2.7636270e+01   1.8366930e+01   1.2650384e+01   3.8827077e+00   1.2619623e+00   2.8134752e+01   4.4978199e+01   9.3865415e+00   2.2411011e+00   3.5867397e+00   1.8383762e+00   9.3817071e+00   4.5622040e-01   2.7951402e-02   1.6000821e-01   6.2217082e-02   9.0675089e+01   6.7919575e+00   8.9257681e+01   8.3009750e+00   1.8674354e+01   5.1357692e+01   9.7112923e+00   2.9180891e+01   3.9427426e+01   3.5526514e+01   8.8647764e+01
   1.9141725e-01   5.2337812e+03   6.4798254e+02   7.8060168e+00   1.9678148e+01   3.2013054e+01   2.7997792e+03   6.5263468e+01   1.2190833e+02   9.1068874e-02   8.3378935e+01   4.9349346e+01   2.7642104e+03   1.7393412e+01   5.0091871e+01   2.9959265e+03   1.7995118e+01   6.2339044e+01   5.9045643e+00   2.7396359e+02   1.0187337e+02   4.5700783e+01   2.9348038e+01   2.7766744e+01   1.7880725e+01   1.2624410e+01   3.6542386e+00   1.2781951e+00   2.7965022e+01   4.4843576e+01   9.1939546e+00   1.9311120e+00   3.4544812e+00   1.8083169e+00   9.4444747e+00   5.2209981e-01   2.7951402e-02   1.6000821e-01   6.2217082e-02   9.0675089e+01   6.7919575e+00   8.9223755e+01   8.3418995e+00   1.9003427e+01   5.1234556e+01   9.7502045e+00   2.9137131e+01   3.9440218e+01   3.5519022e+01   8.4581135e+01
   1.9265504e-01   5.2002020e+03   6.7844268e+02   7.8399364e+00   1.9638214e+01   3.2310280e+01   2.8010054e+03   6.5500710e+01   1.2189879e+02   8.8786807e-02   8.3469772e+01   5.1311546e+01   2.7660241e+03   1.7376164e+01   4.9038646e+01   2.9964769e+03   1.7866525e+01   6.2338835e+01   4.5714698e+00   2.7322174e+02   1.0188218e+02   4.5672986e+01   3.0080134e+01   2.7666690e+01   1.7931930e+01   1.2647913e+01   3.5533681e+00   1.2696001e+00   2.7803067e+01   4.4888134e+01   9.6982396e+00   2.1845737e+00   3.9466690e+00   1.7935729e+00   9.4013105e+00   5.3021116e-01   3.9752094e-02   1.5637904e-01   7.2597267e-02   9.1271157e+01   8.3387512e+00   8.9214346e+01   8.3885186e+00   1.8997045e+01   5.1455135e+01   9.7449474e+00   2.9188065e+01   3.9482548e+01   3.5640435e+01   8.7203579e+01
   1.8910761e-01   5.1909632e+03   6.9115492e+02   7.9437160e+00   1.9382256e+01   3.2297488e+01   2.8020743e+03   6.4830572e+01   1.2191174e+02   9.1228546e-02   8.3494957e+01   5.0163293e+01   2.7662048e+03   1.7473257e+01   4.9070363e+01   2.9977992e+03   1.8106744e+01   6.2364120e+01   5.7388937e+00   2.7327865e+02   1.0187256e+02   4.5665240e+01   2.9127977e+01   2.7833845e+01   1.7838087e+01   1.2698596e+01   3.4574970e+00   1.2737291e+00   2.7885560e+01   4.5033314e+01   9.0829710e+00   2.3240500e+00   3.8942691e+00   1.7743203e+00   9.3934730e+00   4.0254209e-01   3.9752094e-02   1.5637904e-01   7.2597267e-02   9.1271157e+01   8.3387512e+00   8.9098215e+01   8.4763445e+00   1.8580872e+01   5.1386541e+01   1.0183024e+01   2.9187752e+01   3.9441369e+01   3.5496482e+01   8.7359994e+01
   1.8897560e-01   5.1697279e+03   7.2550626e+02   7.9460630e+00   1.9612537e+01   3.2168809e+01   2.8025090e+03   6.4187665e+01   1.2188371e+02   9.8039684e-02   8.3501204e+01   5.0645180e+01   2.7663883e+03   1.7677614e+01   5.2117801e+01   2.9974449e+03   1.7981056e+01   6.2375186e+01   2.8306862e+00   2.7300921e+02   1.0189357e+02   4.5671716e+01   3.0112056e+01   2.7694408e+01   1.8203470e+01   1.2792961e+01   3.6594129e+00   1.2887852e+00   2.7783856e+01   4.4968570e+01   9.2639193e+00   2.2201722e+00   3.5991468e+00   1.8035569e+00   9.3821803e+00   5.2394073e-01   3.9752094e-02   1.5637904e-01   7.2597267e-02   9.1271157e+01   8.3387512e+00   8.9051006e+01   8.5322700e+00   1.8812596e+01   5.1526117e+01   1.0802724e+01   2.9178150e+01   3.9425281e+01   3.5551081e+01   8.5141538e+01
   1.9226633e-01   5.2157135e+03   7.0399686e+02   7.8241039e+00   1.9929621e+01   3.2005112e+01   2.8013090e+03   6.4646756e+01   1.2190058e+02   1.0793282e-01   8.3490131e+01   5.2001401e+01   2.7667674e+03   1.7751175e+01   5.0170385e+01   2.9973048e+03   1.7845725e+01   6.2389024e+01   4.6627730e+00   2.7310415e+02   1.0186242e+02   4.5660858e+01   2.9173302e+01   2.7551271e+01   1.7695447e+01   1.2565002e+01   3.9590589e+00   1.3034393e+00   2.7899271e+01   4.4989066e+01   8.9648083e+00   2.2514478e+00   4.1512211e+00   1.8164121e+00   9.3377241e+00   5.1269342e-01   2.1814034e-02   1.6468503e-01   7.2996799e-02   8.9471160e+01   7.9796101e+00   8.9111122e+01   8.4112007e+00   1.8704186e+01   5.1263060e+01   1.1458164e+01   2.9159670e+01   3.9419649e+01   3.5450083e+01   8.6108793e+01
   1.9178427e-01   5.1661081e+03   6.8580777e+02   7.9036639e+00   1.9684744e+01   3.2175980e+01   2.8016189e+03   6.5403338e+01   1.2190795e+02   1.0974259e-01   8.3541842e+01   5.0583856e+01   2.7668142e+03   1.7604059e+01   5.0137911e+01   2.9977151e+03   1.8051137e+01   6.2393736e+01   6.0881835e+00   2.7297506e+02   1.0186986e+02   4.5667190e+01   2.9083449e+01   2.7548023e+01   1.7899492e+01   1.2529547e+01   4.2357779e+00   1.2884432e+00   2.7770262e+01   4.4937187e+01   9.6946605e+00   2.2531190e+00   3.8233164e+00   1.8086275e+00   9.4352984e+00   5.4945089e-01   2.1814034e-02   1.6468503e-01   7.2996799e-02   8.9471160e+01   7.9796101e+00   8.9231319e+01   8.2474468e+00   1.8692821e+01   5.1495743e+01   1.1917065e+01   2.9171516e+01   3.9465595e+01   3.5497633e+01   8.3651470e+01
   1.9166783e-01   5.1850302e+03   6.9419293e+02   7.9344650e+00   1.9408796e+01   3.2151662e+01   2.8007983e+03   6.4851552e+01   1.2190161e+02   1.1056477e-01   8.3553094e+01   5.0489614e+01   2.7659945e+03   1.7621114e+01   5.0024042e+01   2.9963495e+03   1.8021976e+01   6.2391195e+01   4.7818233e+00   2.7273075e+02   1.0183519e+02   4.5668145e+01   2.9708865e+01   2.7751535e+01   1.7907927e+01   1.2564973e+01   3.9195719e+00   1.2790052e+00   2.8155781e+01   4.4811914e+01   9.9507638e+00   2.1600082e+00   3.7275302e+00   1.7784114e+00   9.4458948e+00   5.7474343e-01   2.4114083e-02   1.3977124e-01   7.1263045e-02   8.9988779e+01   8.4209689e+00   8.9306375e+01   8.2089671e+00   1.8940184e+01   5.1486573e+01   1.2217192e+01   2.9124721e+01   3.9486609e+01   3.5656420e+01   8.7468576e+01
   1.9139474e-01   5.1841300e+03   6.8306452e+02   7.8255731e+00   1.9751027e+01   3.1990041e+01   2.8004676e+03   6.5542694e+01   1.2190859e+02   1.1260203e-01   8.3600149e+01   4.8426513e+01   2.7647920e+03   1.7574403e+01   5.1839170e+01   2.9959594e+03   1.8030928e+01   6.2404895e+01   4.7547626e+00   2.7295069e+02   1.0183840e+02   4.5630757e+01   2.9565088e+01   2.7660048e+01   1.7918349e+01   1.2637911e+01   4.1530367e+00   1.2763306e+00   2.8036250e+01   4.5065056e+01   9.0746744e+00   2.2045613e+00   3.9486145e+00   1.7963965e+00   9.5216326e+00   4.2389954e-01   2.4114083e-02   1.3977124e-01   7.1263045e-02   8.9988779e+01   8.4209689e+00   8.9271250e+01   8.2517811e+00   1.8707684e+01   5.1388667e+01   1.2225323e+01   2.9106664e+01   3.9458300e+01   3.5610992e+01   8.5880619e+01
   1.8669636e-01   5.1860809e+03   6.9870203e+02   7.8263021e+00   1.9524772e+01   3.1865481e+01   2.7987980e+03   6.4651781e+01   1.2191061e+02   1.0884208e-01   8.3595671e+01   4.9124005e+01   2.7635311e+03   1.7549309e+01   5.0090073e+01   2.9943279e+03   1.7957912e+01   6.2408332e+01   4.5980403e+00   2.7329860e+02   1.0185007e+02   4.5631331e+01   2.9736236e+01   2.7879559e+01   1.7901184e+01   1.2653730e+01   3.7440292e+00   1.2576824e+00   2.8085929e+01   4.4833818e+01   9.3120064e+00   2.1982911e+00   3.8812157e+00   1.8423479e+00   9.4555075e+00   5.3286853e-01   2.4114083e-02   1.3977124e-01   7.1263045e-02   8.9988779e+01   8.4209689e+00   8.9270052e+01   8.2608685e+00   1.8659694e+01   5.1428535e+01   1.1783586e+01   2.9132882e+01   3.9445325e+01   3.5740324e+01   8.6330707e+01
   1.8727834e-01   5.1674853e+03   7.2094305e+02   7.8762295e+00   1.9859516e+01   3.2266616e+01   2.7985015e+03   6.4887363e+01   1.2191038e+02   1.0008374e-01   8.3617142e+01   5.0545394e+01   2.7628184e+03   1.7470649e+01   4.9363697e+01   2.9937918e+03   1.7968369e+01   6.2441506e+01   5.2835836e+00   2.7316422e+02   1.0182676e+02   4.5646377e+01   2.9480281e+01   2.7686979e+01   1.8127712e+01   1.2916642e+01   3.8613953e+00   1.2815613e+00   2.8708143e+01   4.4913768e+01   8.4395176e+00   2.2215971e+00   3.8534115e+00   1.8494849e+00   9.3263757e+00   5.2467642e-01   2.6181099e-02   1.4653619e-01   8.7698734e-02   9.0400149e+01   8.2149999e+00   8.9231420e+01   8.3028499e+00   1.8510325e+01   5.1387546e+01   1.1169136e+01   2.9123058e+01   3.9434304e+01   3.5657549e+01   8.6527454e+01
   1.9127931e-01   5.1325522e+03   6.8683412e+02   7.8063114e+00   1.9655108e+01   3.2042175e+01   2.7971245e+03   6.3887242e+01   1.2189367e+02   9.1453020e-02   8.3621432e+01   4.9584115e+01   2.7627895e+03   1.7593105e+01   5.1419105e+01   2.9935767e+03   1.8209620e+01   6.2434497e+01   5.1000251e+00   2.7324805e+02   1.0185521e+02   4.5612848e+01   2.9426589e+01   2.7771962e+01   1.8475402e+01   1.2718534e+01   3.8663170e+00   1.3196795e+00   2.8376665e+01   4.4894057e+01   8.9749234e+00   2.0371053e+00   3.5367690e+00   1.7758254e+00   9.4755445e+00   4.9026108e-01   2.6181099e-02   1.4653619e-01   8.7698734e-02   9.0400149e+01   8.2149999e+00   8.9206088e+01   8.3282905e+00   1.8787497e+01   5.1398586e+01   1.0228521e+01   2.9119791e+01   3.9439077e+01   3.5660347e+01   8.7387914e+01
   1.9551110e-01   5.2168707e+03   7.1452014e+02   7.7867986e+00   1.9726906e+01   3.2425065e+01   2.7976193e+03   6.4473887e+01   1.2191938e+02   8.3754132e-02   8.3640874e+01   5.2205512e+01   2.7621722e+03   1.7353123e+01   5.1449455e+01   2.9928785e+03   1.7768915e+01   6.2451214e+01   4.5757492e+00   2.7303926e+02   1.0185708e+02   4.5596467e+01   2.9623021e+01   2.7764509e+01   1.7988693e+01   1.2792777e+01   4.5611377e+00   1.3012001e+00   2.8178420e+01   4.4890626e+01   9.4381100e+00   2.2519498e+00   3.5853200e+00   1.8128275e+00   9.5399687e+00   5.2414605e-01   2.6425732e-02   1.4805843e-01   7.6887025e-02   8.9311073e+01   8.3024658e+00   8.9195551e+01   8.3584334e+00   1.9338345e+01   5.1286135e+01   9.2769763e+00   2.9132948e+01   3.9440211e+01   3.5597548e+01   8.8607447e+01
   1.9357884e-01   5.1886207e+03   6.8624995e+02   7.8658562e+00   1.9389744e+01   3.2064326e+01   2.7972263e+03   6.5247224e+01   1.2190401e+02   7.5783038e-02   8.3638762e+01   4.9876243e+01   2.7620328e+03   1.7519879e+01   5.0708527e+01   2.9939246e+03   1.8127252e+01   6.2458288e+01   3.2481089e+00   2.7368566e+02   1.0181698e+02   4.5592764e+01   2.9266051e+01   2.7384819e+01   1.8373236e+01   1.2419404e+01   4.1257579e+00   1.3202308e+00   2.8118890e+01   4.4795804e+01   9.2692465e+00   2.1728104e+00   4.2684630e+00   1.7952625e+00   9.5931226e+00   5.2996225e-01   2.6425732e-02   1.4805843e-01   7.6887025e-02   8.9311073e+01   8.3024658e+00   8.9307130e+01   8.2204208e+00   1.9081968e+01   5.1379223e+01   8.4966508e+00   2.9120222e+01   3.9474840e+01   3.5557201e+01   8.7842731e+01
   1.9937356e-01   5.1878131e+03   6.4486066e+02   7.8793972e+00   2.0008822e+01   3.2553065e+01   2.7977888e+03   6.5977780e+01   1.2189463e+02   7.5423587e-02   8.3645143e+01   4.9097368e+01   2.7619890e+03   1.7776063e+01   4.9956639e+01   2.9936932e+03   1.8200665e+01   6.2469593e+01   4.4876192e+00   2.7345296e+02   1.0182824e+02   4.5595786e+01   2.9641531e+01   2.7737993e+01   1.8324050e+01   1.2645114e+01   3.9804372e+00   1.2564446e+00   2.7848857e+01   4.4858557e+01   9.5129454e+00   2.2913100e+00   4.2055254e+00   1.8265456e+00   9.4052760e+00   4.6339767e-01   2.6425732e-02   1.4805843e-01   7.6887025e-02   8.9311073e+01   8.3024658e+00   8.9358885e+01   8.1610289e+00   1.9535322e+01   5.1249783e+01   7.9234320e+00   2.9096265e+01   3.9428851e+01   3.5610497e+01   8.7710098e+01
   1.9817123e-01   5.1857182e+03   6.9956879e+02   7.7268240e+00   1.9897598e+01   3.2069785e+01   2.7970794e+03   6.5110873e+01   1.2191729e+02   6.3466159e-02   8.3582750e+01   4.8551372e+01   2.7620153e+03   1.7508391e+01   5.0474255e+01   2.9932947e+03   1.8055650e+01   6.2472945e+01   7.5755443e+00   2.7338177e+02   1.0182491e+02   4.5580539e+01   2.9319029e+01   2.7472431e+01   1.8294274e+01   1.2680737e+01   3.9915174e+00   1.2662571e+00   2.8128616e+01   4.5008198e+01   9.2799880e+00   2.1461963e+00   4.2278454e+00   1.7993837e+00   9.5181935e+00   5.0572322e-01   2.2354516e-02   1.5509266e-01   7.3979404e-02   8.9521961e+01   9.0175019e+00   8.9393006e+01   8.1311180e+00   1.9543618e+01   5.1269422e+01   7.1699679e+00   2.9089159e+01   3.9453595e+01   3.5766378e+01   9.0262209e+01
   2.0034725e-01   5.1752144e+03   6.4143890e+02   7.8884680e+00   1.9616164e+01   3.2051912e+01   2.7965425e+03   6.4991752e+01   1.2189897e+02   5.7945812e-02   8.3554279e+01   4.9913715e+01   2.7617793e+03   1.7801657e+01   5.0002200e+01   2.9926633e+03   1.8229334e+01   6.2432605e+01   4.8318709e+00   2.7323364e+02   1.0184866e+02   4.5561554e+01   2.9677744e+01   2.7657395e+01   1.7791330e+01   1.2648758e+01   3.5257086e+00   1.3110960e+00   2.8066894e+01   4.4890618e+01   8.9536417e+00   2.0409751e+00   4.2129644e+00   1.8172003e+00   9.5384817e+00   5.7923405e-01   2.2354516e-02   1.5509266e-01   7.3979404e-02   8.9521961e+01   9.0175019e+00   8.9365413e+01   8.1424578e+00   1.9742706e+01   5.1271372e+01   6.1347653e+00   2.9101731e+01   3.9425651e+01   3.5870108e+01   8.7766144e+01
   1.9499740e-01   5.1937148e+03   7.0712207e+02   7.7217279e+00   1.9428541e+01   3.2216163e+01   2.7976967e+03   6.4997038e+01   1.2188285e+02   4.9395094e-02   8.3481585e+01   4.8355226e+01   2.7614884e+03   1.7632775e+01   5.0525525e+01   2.9944452e+03   1.8144997e+01   6.2398763e+01   3.3694164e+00   2.7426951e+02   1.0179785e+02   4.5574740e+01   2.9557791e+01   2.7454396e+01   1.7600373e+01   1.2814862e+01   3.7131872e+00   1.2987570e+00   2.7990476e+01   4.4874318e+01   9.0866217e+00   2.0461333e+00   3.6995141e+00   1.7802036e+00   9.4865387e+00   5.2765828e-01   2.0096194e-02   1.4514579e-01   6.3865062e-02   8.9547289e+01   8.6430330e+00   8.9395447e+01   8.1319799e+00   1.9152510e+01   5.1425322e+01   5.3509634e+00   2.9126885e+01   3.9416976e+01   3.5680707e+01   8.7295436e+01
   1.8926173e-01   5.2162372e+03   6.6662800e+02   7.7997740e+00   2.0114567e+01   3.2120226e+01   2.7998205e+03   6.5785126e+01   1.2191845e+02   4.6608827e-02   8.3451007e+01   4.9559771e+01   2.7641785e+03   1.7390248e+01   5.1261173e+01   2.9949888e+03   1.8005526e+01   6.2343729e+01   3.8749259e+00   2.7337077e+02   1.0182397e+02   4.5603550e+01   2.9984138e+01   2.7811358e+01   1.7784586e+01   1.2717050e+01   3.3861714e+00   1.2758251e+00   2.8304072e+01   4.4937191e+01   9.3365148e+00   2.2813072e+00   3.9205305e+00   1.7960909e+00   9.4942672e+00   5.0704792e-01   2.0096194e-02   1.4514579e-01   6.3865062e-02   8.9547289e+01   8.6430330e+00   8.9402127e+01   8.1229858e+00   1.8681316e+01   5.1494654e+01   5.0770657e+00   2.9116479e+01   3.9403542e+01   3.5726649e+01   8.8999362e+01
   1.8516299e-01   5.1959950e+03   6.4486695e+02   7.8459759e+00   2.0088595e+01   3.2366514e+01   2.7999369e+03   6.5911015e+01   1.2189235e+02   4.9017211e-02   8.3362603e+01   4.9507208e+01   2.7647286e+03   1.7713345e+01   5.1242980e+01   2.9963058e+03   1.8094313e+01   6.2342070e+01   5.8071453e+00   2.7377664e+02   1.0182584e+02   4.5617603e+01   2.9579330e+01   2.7609821e+01   1.7825307e+01   1.2653475e+01   3.6756946e+00   1.2837839e+00   2.7868542e+01   4.5127934e+01   9.5454957e+00   2.0491852e+00   3.8099671e+00   1.8033155e+00   9.4549928e+00   5.1898962e-01   2.0096194e-02   1.4514579e-01   6.3865062e-02   8.9547289e+01   8.6430330e+00   8.9424001e+01   8.1309739e+00   1.8318860e+01   5.1388794e+01   5.3022879e+00   2.9160675e+01   3.9421578e+01   3.5678926e+01   8.8010712e+01
   1.8775021e-01   5.2151490e+03   6.8991806e+02   7.8721159e+00   1.9458333e+01   3.2459031e+01   2.8009796e+03   6.4418153e+01   1.2189705e+02   5.0973322e-02   8.3398257e+01   5.0089926e+01   2.7656139e+03   1.7438258e+01   4.8375395e+01   2.9969374e+03   1.8132086e+01   6.2321254e+01   7.4618966e+00   2.7338978e+02   1.0182020e+02   4.5636301e+01   2.9309054e+01   2.7845685e+01   1.7830062e+01   1.2755706e+01   3.9727910e+00   1.2882957e+00   2.8311101e+01   4.4856587e+01   9.3424607e+00   2.1993667e+00   3.7108163e+00   1.7679661e+00   9.4222274e+00   4.6152482e-01   3.5684316e-02   1.5804309e-01   7.3285471e-02   9.0418035e+01   8.1262557e+00   8.9387962e+01   8.2211686e+00   1.8367615e+01   5.1455161e+01   5.6614140e+00   2.9160627e+01   3.9443111e+01   3.5602656e+01   8.8894746e+01
   1.8840091e-01   5.1843076e+03   6.4669088e+02   7.7788280e+00   1.9767183e+01   3.2390356e+01   2.8021139e+03   6.5077418e+01   1.2189400e+02   6.0569335e-02   8.3415413e+01   5.0389429e+01   2.7674714e+03   1.7666128e+01   4.7978936e+01   2.9980870e+03   1.8042601e+01   6.2303127e+01   7.3234687e+00   2.7368613e+02   1.0183505e+02   4.5625646e+01   2.9494719e+01   2.7742040e+01   1.8169182e+01   1.2503207e+01   3.6591099e+00   1.3286528e+00   2.7557887e+01   4.4920545e+01   8.8603931e+00   2.2087008e+00   3.7712953e+00   1.8008266e+00   9.4064549e+00   4.3689684e-01   3.5684316e-02   1.5804309e-01   7.3285471e-02   9.0418035e+01   8.1262557e+00   8.9310394e+01   8.2806335e+00   1.8544783e+01   5.1492099e+01   6.5097219e+00   2.9159288e+01   3.9429758e+01   3.5765943e+01   8.7822962e+01
   1.9425723e-01   5.1969035e+03   6.7740379e+02   7.7955797e+00   1.9910125e+01   3.2114375e+01   2.8027926e+03   6.4918638e+01   1.2190954e+02   6.9384051e-02   8.3399619e+01   4.9967957e+01   2.7672797e+03   1.7550837e+01   4.9981562e+01   2.9989154e+03   1.8034648e+01   6.2327835e+01   5.6874439e+00   2.7364946e+02   1.0185711e+02   4.5629151e+01   2.9565911e+01   2.7645889e+01   1.7849243e+01   1.2717169e+01   4.0934941e+00   1.2593248e+00   2.7551568e+01   4.5076893e+01   8.9156967e+00   2.1681892e+00   3.8030683e+00   1.8352814e+00   9.4442920e+00   5.1400700e-01   1.2562427e-02   1.6211670e-01   6.9204909e-02   9.0261409e+01   7.7761443e+00   8.9275190e+01   8.3155657e+00   1.8869256e+01   5.1392574e+01   7.6199077e+00   2.9173785e+01   3.9431155e+01   3.5636303e+01   8.7554161e+01
   1.8878604e-01   5.1654617e+03   6.9015368e+02   7.8709004e+00   1.9777979e+01   3.2251110e+01   2.8030748e+03   6.5046147e+01   1.2188123e+02   8.1392931e-02   8.3396203e+01   5.0844764e+01   2.7681069e+03   1.7583609e+01   4.9637402e+01   2.9998115e+03   1.7884896e+01   6.2331662e+01   6.1668120e+00   2.7396395e+02   1.0186282e+02   4.5628824e+01   2.9040897e+01   2.7895391e+01   1.8101955e+01   1.2753714e+01   3.6643731e+00   1.2824522e+00   2.7901647e+01   4.5048494e+01   9.2741562e+00   2.1361172e+00   4.3746334e+00   1.8200206e+00   9.5028565e+00   4.2744500e-01   1.2562427e-02   1.6211670e-01   6.9204909e-02   9.0261409e+01   7.7761443e+00   8.9292600e+01   8.2824729e+00   1.8681311e+01   5.1446587e+01   8.8511175e+00   2.9192870e+01   3.9438679e+01   3.5533724e+01   8.4364713e+01
   1.9447186e-01   5.1753513e+03   6.8970227e+02   7.8158761e+00   1.9932337e+01   3.1802723e+01   2.8037150e+03   6.4915784e+01   1.2189118e+02   8.9766763e-02   8.3400073e+01   5.0372734e+01   2.7679581e+03   1.7805583e+01   5.0607679e+01   2.9995284e+03   1.8026488e+01   6.2323120e+01   6.2009114e+00   2.7380026e+02   1.0185357e+02   4.5632612e+01   2.9425466e+01   2.8064906e+01   1.7787545e+01   1.2723923e+01   3.8065657e+00   1.2831732e+00   2.8106086e+01   4.5071740e+01   8.8589145e+00   2.1016346e+00   3.7312790e+00   1.8448772e+00   9.4654336e+00   4.8250148e-01   1.2562427e-02   1.6211670e-01   6.9204909e-02   9.0261409e+01   7.7761443e+00   8.9274047e+01   8.2822705e+00   1.9158117e+01   5.1389959e+01   1.0067079e+01   2.9175775e+01   3.9441949e+01   3.5605130e+01   8.7306159e+01
   1.9278450e-01   5.1753785e+03   6.9934888e+02   7.7800109e+00   1.9579531e+01   3.2451908e+01   2.8048425e+03   6.5285307e+01   1.2189688e+02   1.0237346e-01   8.3457060e+01   5.1865900e+01   2.7690408e+03   1.7573376e+01   4.9801840e+01   3.0000987e+03   1.8076247e+01   6.2323008e+01   3.5826848e+00   2.7290913e+02   1.0184738e+02   4.5628142e+01   2.9205713e+01   2.7914091e+01   1.8115586e+01   1.2604135e+01   3.5412425e+00   1.2568816e+00   2.7943174e+01   4.5041882e+01   9.3142726e+00   2.1437746e+00   3.2775005e+00   1.8102295e+00   9.4195649e+00   4.9093580e-01   2.1112722e-02   1.7161721e-01   6.2659734e-02   9.0366378e+01   8.4604803e+00   8.9248919e+01   8.2822349e+00   1.8884369e+01   5.1445518e+01   1.1231494e+01   2.9154941e+01   3.9417291e+01   3.5705013e+01   8.6787066e+01
   1.9700697e-01   5.2084520e+03   7.0844294e+02   7.8474573e+00   1.9590867e+01   3.2087968e+01   2.8031455e+03   6.5057235e+01   1.2189452e+02   1.1244780e-01   8.3449526e+01   5.1007661e+01   2.7680896e+03   1.7731918e+01   4.9996260e+01   2.9993618e+03   1.8066926e+01   6.2322805e+01   5.2295998e+00   2.7296110e+02   1.0186208e+02   4.5653155e+01   2.9224121e+01   2.7824777e+01   1.7357901e+01   1.2637047e+01   3.6807868e+00   1.3053892e+00   2.8473986e+01   4.5095264e+01   9.1819575e+00   2.1360314e+00   3.9266602e+00   1.8207578e+00   9.3668764e+00   4.7304994e-01   2.1112722e-02   1.7161721e-01   6.2659734e-02   9.0366378e+01   8.4604803e+00   8.9257439e+01   8.2960517e+00   1.9196519e+01   5.1414893e+01   1.2189670e+01   2.9190725e+01   3.9456328e+01   3.5468470e+01   8.8459352e+01
   1.8852783e-01   5.1920275e+03   7.0775655e+02   7.8394893e+00   1.9995832e+01   3.2249315e+01   2.8033511e+03   6.4387554e+01   1.2190615e+02   1.1618937e-01   8.3459607e+01   4.9575637e+01   2.7682632e+03   1.7654643e+01   4.8800511e+01   2.9994555e+03   1.7865085e+01   6.2322641e+01   6.7593853e+00   2.7303538e+02   1.0183866e+02   4.5621842e+01   2.9653135e+01   2.7813804e+01   1.8060762e+01   1.2643700e+01   3.8328406e+00   1.2815849e+00   2.8241988e+01   4.4962257e+01   8.8205382e+00   2.2159297e+00   4.1247178e+00   1.7946247e+00   9.4278524e+00   5.0979127e-01   4.9284124e-02   1.4548095e-01   6.0230605e-02   8.9733598e+01   7.3109557e+00   8.9253706e+01   8.3111656e+00   1.8591188e+01   5.1569611e+01   1.3026460e+01   2.9153072e+01   3.9474974e+01   3.5554266e+01   8.8058957e+01
   1.8919591e-01   5.1910172e+03   7.0251888e+02   7.8675722e+00   1.9583859e+01   3.2072401e+01   2.8016695e+03   6.5082160e+01   1.2189410e+02   1.2239551e-01   8.3447407e+01   5.0654305e+01   2.7668390e+03   1.7284811e+01   4.9464218e+01   2.9979411e+03   1.7986264e+01   6.2355979e+01   4.3162741e+00   2.7271992e+02   1.0185983e+02   4.5668054e+01   2.9161093e+01   2.7827356e+01   1.8175029e+01   1.2707216e+01   3.8187735e+00   1.2683521e+00   2.7924394e+01   4.5170080e+01   9.2762763e+00   2.0683823e+00   3.8457748e+00   1.7819713e+00   9.3568409e+00   4.8333292e-01   4.9284124e-02   1.4548095e-01   6.0230605e-02   8.9733598e+01   7.3109557e+00   8.9272472e+01   8.2223178e+00   1.8681679e+01   5.1381229e+01   1.3554118e+01   2.9171874e+01   3.9455367e+01   3.5423766e+01   8.7944588e+01
   1.9265493e-01   5.1926353e+03   6.6715417e+02   7.8294446e+00   1.9920987e+01   3.2266858e+01   2.8001358e+03   6.4344944e+01   1.2190072e+02   1.1992702e-01   8.3508053e+01   4.9454442e+01   2.7652788e+03   1.7386371e+01   5.0083647e+01   2.9960235e+03   1.7965915e+01   6.2350355e+01   6.2510164e+00   2.7315898e+02   1.0184545e+02   4.5647216e+01   2.9428508e+01   2.7798993e+01   1.8177325e+01   1.2744547e+01   3.8355356e+00   1.2822610e+00   2.7773846e+01   4.4987309e+01   9.1874568e+00   2.1903124e+00   4.3744857e+00   1.8202551e+00   9.3662285e+00   5.0021069e-01   4.9284124e-02   1.4548095e-01   6.0230605e-02   8.9733598e+01   7.3109557e+00   8.9314492e+01   8.1940638e+00   1.9156267e+01   5.1376638e+01   1.3465724e+01   2.9167124e+01   3.9448838e+01   3.5683312e+01   8.7611386e+01
   1.9566060e-01   5.1841505e+03   6.6668222e+02   7.8331305e+00   1.9482850e+01   3.2208644e+01   2.7989931e+03   6.4513804e+01   1.2189950e+02   1.1915422e-01   8.3572543e+01   4.9831371e+01   2.7641312e+03   1.7754359e+01   5.1223792e+01   2.9948555e+03   1.8117796e+01   6.2405166e+01   4.8448540e+00   2.7305539e+02   1.0185837e+02   4.5645764e+01   2.9529086e+01   2.7850854e+01   1.7658892e+01   1.2688873e+01   4.1168641e+00   1.2512513e+00   2.8212259e+01   4.5009114e+01   9.5704798e+00   2.1629280e+00   3.3415531e+00   1.7519247e+00   9.4011742e+00   5.2233176e-01   3.8284995e-02   1.5258928e-01   6.3755385e-02   9.0217872e+01   7.5516727e+00   8.9304195e+01   8.2051113e+00   1.9278721e+01   5.1316253e+01   1.3011612e+01   2.9171461e+01   3.9434993e+01   3.5758079e+01   8.5470955e+01
   1.9262146e-01   5.1701940e+03   7.0200654e+02   7.8780907e+00   1.9696709e+01   3.1856421e+01   2.7985011e+03   6.5513106e+01   1.2190339e+02   1.1335319e-01   8.3576092e+01   4.8687464e+01   2.7630587e+03   1.7476762e+01   5.0335549e+01   2.9945855e+03   1.7909026e+01   6.2414630e+01   4.8014425e+00   2.7382945e+02   1.0181011e+02   4.5646041e+01   2.9063919e+01   2.7909269e+01   1.8276775e+01   1.2725261e+01   3.4208823e+00   1.2528418e+00   2.7897750e+01   4.4975063e+01   9.2291192e+00   2.0605209e+00   3.9390676e+00   1.8172566e+00   9.4650924e+00   4.9937897e-01   3.8284995e-02   1.5258928e-01   6.3755385e-02   9.0217872e+01   7.5516727e+00   8.9287418e+01   8.2440791e+00   1.8773380e+01   5.1522000e+01   1.2307447e+01   2.9142734e+01   3.9451010e+01   3.5710334e+01   8.7258699e+01
   1.9792141e-01   5.1925559e+03   7.2917336e+02   7.7897316e+00   1.9872532e+01   3.2150175e+01   2.7978932e+03   6.6115885e+01   1.2189966e+02   1.0316891e-01   8.3591447e+01   4.8957183e+01   2.7624029e+03   1.7390304e+01   5.0529649e+01   2.9941185e+03   1.8165969e+01   6.2439113e+01   6.9098318e+00   2.7265101e+02   1.0183606e+02   4.5634643e+01   2.9981162e+01   2.7513194e+01   1.7669497e+01   1.2596816e+01   3.8560247e+00   1.2781487e+00   2.8041768e+01   4.5018291e+01   9.5293997e+00   2.2720534e+00   3.7457985e+00   1.7700955e+00   9.4835109e+00   5.3677630e-01   1.6252226e-02   1.3679003e-01   7.4082236e-02   9.0093804e+01   8.4768373e+00   8.9258884e+01   8.2769784e+00   1.9390440e+01   5.1323238e+01   1.1565809e+01   2.9149560e+01   3.9442862e+01   3.5660122e+01   8.4997846e+01
   1.8620419e-01   5.2194214e+03   6.9232623e+02   7.9614797e+00   1.9405902e+01   3.2130793e+01   2.7974030e+03   6.3375961e+01   1.2191578e+02   1.0039335e-01   8.3624054e+01   5.0095795e+01   2.7630371e+03   1.7571513e+01   5.0160061e+01   2.9943510e+03   1.8085389e+01   6.2443875e+01   5.9651970e+00   2.7326743e+02   1.0184138e+02   4.5633207e+01   2.9613022e+01   2.7625216e+01   1.7889305e+01   1.2747617e+01   3.4373904e+00   1.2642676e+00   2.7919421e+01   4.5115772e+01   9.4115362e+00   2.0980992e+00   4.2652987e+00   1.8018442e+00   9.4137294e+00   5.0446378e-01   1.6252226e-02   1.3679003e-01   7.4082236e-02   9.0093804e+01   8.4768373e+00   8.9268989e+01   8.2661363e+00   1.8584709e+01   5.1480573e+01   1.0736144e+01   2.9134556e+01   3.9424848e+01   3.5671129e+01   8.7731365e+01
   1.8832233e-01   5.2022780e+03   7.2730083e+02   7.7268939e+00   1.9917478e+01   3.1806001e+01   2.7983735e+03   6.5266319e+01   1.2189247e+02   9.1352236e-02   8.3664514e+01   4.8097161e+01   2.7633686e+03   1.7712410e+01   5.0513792e+01   2.9941640e+03   1.7923548e+01   6.2458568e+01   4.6827840e+00   2.7328317e+02   1.0183819e+02   4.5604336e+01   2.9043900e+01   2.7634369e+01   1.7608058e+01   1.2550617e+01   4.0592730e+00   1.2819445e+00   2.8035083e+01   4.4855470e+01   8.8175000e+00   2.2690466e+00   4.0902239e+00   1.8243926e+00   9.4614866e+00   5.4379321e-01   1.6252226e-02   1.3679003e-01   7.4082236e-02   9.0093804e+01   8.4768373e+00   8.9286383e+01   8.2587706e+00   1.8550525e+01   5.1409578e+01   1.0197239e+01   2.9139087e+01   3.9457167e+01   3.5535623e+01   8.8312458e+01
   1.8749576e-01   5.1896298e+03   7.5673937e+02   7.8199680e+00   1.9300637e+01   3.2522789e+01   2.7975232e+03   6.4786782e+01   1.2189988e+02   8.7707276e-02   8.3620754e+01   5.0079416e+01   2.7624628e+03   1.7534036e+01   4.9683869e+01   2.9947192e+03   1.7953815e+01   6.2457767e+01   5.5949816e+00   2.7351413e+02   1.0181835e+02   4.5610606e+01   2.9369344e+01   2.7699589e+01   1.8183806e+01   1.2606250e+01   4.1262540e+00   1.2735526e+00   2.8034527e+01   4.4841978e+01   9.3062079e+00   2.0294146e+00   4.1321506e+00   1.8211147e+00   9.4884601e+00   5.0248173e-01   6.2229766e-03   1.5379583e-01   6.0998445e-02   9.0467118e+01   7.8031572e+00   8.9252501e+01   8.2844181e+00   1.8570734e+01   5.1503651e+01   9.6163502e+00   2.9111375e+01   3.9404406e+01   3.5658914e+01   8.7633268e+01
   1.9188969e-01   5.1858005e+03   6.8462445e+02   7.8436794e+00   1.9499345e+01   3.2084723e+01   2.7980820e+03   6.4839881e+01   1.2190364e+02   8.3768880e-02   8.3593683e+01   5.1713872e+01   2.7626095e+03   1.7701744e+01   4.9705276e+01   2.9937376e+03   1.8132822e+01   6.2436421e+01   3.0569440e+00   2.7294270e+02   1.0185836e+02   4.5587648e+01   2.9550832e+01   2.7611035e+01   1.8386712e+01   1.2634118e+01   3.9516456e+00   1.2713698e+00   2.7804289e+01   4.4853153e+01   9.6993618e+00   2.0038802e+00   4.2449208e+00   1.8361959e+00   9.5520003e+00   4.6964385e-01   6.2229766e-03   1.5379583e-01   6.0998445e-02   9.0467118e+01   7.8031572e+00   8.9236738e+01   8.3331867e+00   1.8966130e+01   5.1323265e+01   9.0700504e+00   2.9065865e+01   3.9403533e+01   3.5646193e+01   8.7114891e+01
   1.9642677e-01   5.1920040e+03   7.4294290e+02   7.7947052e+00   1.9748955e+01   3.2404096e+01   2.7978603e+03   6.4807587e+01   1.2192001e+02   7.5898647e-02   8.3592750e+01   4.9226302e+01   2.7626365e+03   1.7322736e+01   5.2050968e+01   2.9936156e+03   1.7895421e+01   6.2452007e+01   4.4721892e+00   2.7297911e+02   1.0184048e+02   4.5592413e+01   2.9414515e+01   2.7822803e+01   1.8004419e+01   1.2640822e+01   3.5758036e+00   1.2699074e+00   2.8455470e+01   4.4945556e+01   9.2966513e+00   2.1941829e+00   3.9718374e+00   1.7716991e+00   9.3969634e+00   4.0278182e-01   1.5006142e-02   1.5335899e-01   6.3522685e-02   9.0414405e+01   7.9715132e+00   8.9240931e+01   8.3525212e+00   1.9293340e+01   5.1274754e+01   8.4973442e+00   2.9093797e+01   3.9456300e+01   3.5588420e+01   8.7527684e+01
   1.9605570e-01   5.1909624e+03   6.6483756e+02   7.8656625e+00   1.9658115e+01   3.1778999e+01   2.7979100e+03   6.4984884e+01   1.2191645e+02   7.2573034e-02   8.3565626e+01   4.9759648e+01   2.7628321e+03   1.7262522e+01   4.9249530e+01   2.9937652e+03   1.7867427e+01   6.2439213e+01   3.7098129e+00   2.7346660e+02   1.0185121e+02   4.5582642e+01   2.9003770e+01   2.7760071e+01   1.7726772e+01   1.2646962e+01   3.8592715e+00   1.2940107e+00   2.7628306e+01   4.4721117e+01   9.2422522e+00   2.1944056e+00   3.8876731e+00   1.8201295e+00   9.4512525e+00   4.9534479e-01   1.5006142e-02   1.5335899e-01   6.3522685e-02   9.0414405e+01   7.9715132e+00   8.9216509e+01   8.3184860e+00   1.9203069e+01   5.1401658e+01   7.9076753e+00   2.9098591e+01   3.9456422e+01   3.5722124e+01   8.7474205e+01
   1.9560858e-01   5.2122056e+03   7.0768472e+02   7.9518872e+00   1.9843852e+01   3.2141726e+01   2.7993189e+03   6.5629274e+01   1.2189956e+02   6.8680347e-02   8.3569442e+01   5.0636636e+01   2.7649557e+03   1.7724573e+01   5.0686667e+01   2.9957495e+03   1.7973024e+01   6.2425551e+01   3.6503892e+00   2.7261938e+02   1.0185513e+02   4.5570110e+01   2.9553231e+01   2.7717102e+01   1.8130410e+01   1.2750382e+01   4.0222366e+00   1.3062716e+00   2.7892727e+01   4.4975660e+01   9.0170476e+00   2.3351341e+00   3.6127551e+00   1.7440024e+00   9.4358630e+00   4.7523419e-01   1.5006142e-02   1.5335899e-01   6.3522685e-02   9.0414405e+01   7.9715132e+00   8.9193258e+01   8.3615474e+00   1.9121438e+01   5.1450811e+01   7.6975717e+00   2.9130864e+01   3.9420339e+01   3.5491266e+01   8.8907552e+01
   1.9406381e-01   5.1635269e+03   6.8982266e+02   7.8295068e+00   1.9692629e+01   3.2266322e+01   2.8000756e+03   6.5068387e+01   1.2191891e+02   7.2203627e-02   8.3484946e+01   4.9590987e+01   2.7646349e+03   1.7714091e+01   5.1304035e+01   2.9954698e+03   1.8160316e+01   6.2406257e+01   6.3035445e+00   2.7269946e+02   1.0187010e+02   4.5597329e+01   3.0146935e+01   2.7362712e+01   1.7797220e+01   1.2644058e+01   3.9755757e+00   1.2878716e+00   2.7981356e+01   4.4883443e+01   9.2907503e+00   2.1331123e+00   3.8619925e+00   1.7967783e+00   9.4722555e+00   5.0078465e-01   2.9405386e-02   1.5583664e-01   8.3559868e-02   9.1609377e+01   8.3318229e+00   8.9111420e+01   8.4560964e+00   1.9155772e+01   5.1306923e+01   7.8067425e+00   2.9131077e+01   3.9411262e+01   3.5686637e+01   8.5248311e+01
   1.8586359e-01   5.1674675e+03   6.9292613e+02   7.8440265e+00   1.9756481e+01   3.2310223e+01   2.7999446e+03   6.4580409e+01   1.2190693e+02   7.1871185e-02   8.3490659e+01   4.7896591e+01   2.7646882e+03   1.7515369e+01   5.2192614e+01   2.9964784e+03   1.8000227e+01   6.2373974e+01   3.3567414e+00   2.7344936e+02   1.0184571e+02   4.5583389e+01   2.9476254e+01   2.7720909e+01   1.8116796e+01   1.2729072e+01   4.0295105e+00   1.2711229e+00   2.8299000e+01   4.4839624e+01   9.6712635e+00   2.2409863e+00   3.6353775e+00   1.8141819e+00   9.5702493e+00   4.9002660e-01   2.9405386e-02   1.5583664e-01   8.3559868e-02   9.1609377e+01   8.3318229e+00   8.9038168e+01   8.5746270e+00   1.8477875e+01   5.1402439e+01   7.9722740e+00   2.9110222e+01   3.9408871e+01   3.5515132e+01   8.9872202e+01
   1.9031305e-01   5.1862303e+03   7.2412800e+02   7.8316547e+00   1.9543155e+01   3.2184748e+01   2.8007538e+03   6.5445253e+01   1.2188669e+02   7.5292829e-02   8.3472931e+01   5.0370181e+01   2.7660995e+03   1.7370287e+01   5.1553226e+01   2.9972303e+03   1.7986023e+01   6.2359285e+01   5.4397216e+00   2.7346974e+02   1.0189743e+02   4.5587719e+01   2.9750068e+01   2.7548805e+01   1.8540493e+01   1.2810208e+01   3.8270232e+00   1.2588034e+00   2.7822290e+01   4.4954970e+01   8.9139362e+00   2.2112066e+00   3.6919367e+00   1.7641167e+00   9.4061643e+00   5.3532671e-01   3.7597287e-02   1.5852972e-01   7.7451734e-02   9.0105084e+01   8.2567525e+00   8.8981447e+01   8.6420364e+00   1.8799646e+01   5.1321734e+01   8.3244846e+00   2.9114724e+01   3.9406879e+01   3.5481095e+01   8.6181770e+01
   1.9368827e-01   5.1822663e+03   7.1799842e+02   7.9186617e+00   1.9614143e+01   3.1931217e+01   2.8007833e+03   6.5247420e+01   1.2189123e+02   7.8193399e-02   8.3454852e+01   5.0210313e+01   2.7648002e+03   1.7450381e+01   4.9159916e+01   2.9967679e+03   1.7836828e+01   6.2359182e+01   3.9419216e+00   2.7325395e+02   1.0188700e+02   4.5588121e+01   2.9734825e+01   2.7712805e+01   1.7814522e+01   1.2688469e+01   4.0086423e+00   1.2653449e+00   2.7877791e+01   4.5014816e+01   9.4853645e+00   2.3201950e+00   4.0114469e+00   1.8320037e+00   9.4206045e+00   5.0627053e-01   3.7597287e-02   1.5852972e-01   7.7451734e-02   9.0105084e+01   8.2567525e+00   8.9089938e+01   8.4599577e+00   1.9235257e+01   5.1193324e+01   8.7148233e+00   2.9119349e+01   3.9421209e+01   3.5404265e+01   8.8427047e+01
   1.8964570e-01   5.1919702e+03   7.1476507e+02   7.8447916e+00   1.9782878e+01   3.1754829e+01   2.8021129e+03   6.5612468e+01   1.2192768e+02   8.5369192e-02   8.3504771e+01   4.7503915e+01   2.7672495e+03   1.7528643e+01   4.9243606e+01   2.9976737e+03   1.8022494e+01   6.2358769e+01   4.8680990e+00   2.7306445e+02   1.0186874e+02   4.5577604e+01   2.9789279e+01   2.7578688e+01   1.8249393e+01   1.2716737e+01   4.0447620e+00   1.2339544e+00   2.7916317e+01   4.4985105e+01   9.7041058e+00   2.0895550e+00   3.4567554e+00   1.7889784e+00   9.4249790e+00   4.3315959e-01   3.7597287e-02   1.5852972e-01   7.7451734e-02   9.0105084e+01   8.2567525e+00   8.9167802e+01   8.3758947e+00   1.8794363e+01   5.1418910e+01   9.2299776e+00   2.9136111e+01   3.9472477e+01   3.5588370e+01   8.9812478e+01
   1.9144859e-01   5.1474552e+03   6.8259627e+02   7.7692196e+00   1.9797475e+01   3.1875808e+01   2.8018202e+03   6.4656447e+01   1.2188719e+02   9.1008852e-02   8.3531622e+01   4.9913599e+01   2.7660543e+03   1.7336496e+01   4.8398254e+01   2.9972389e+03   1.8059506e+01   6.2377996e+01   5.4635844e+00   2.7259066e+02   1.0185678e+02   4.5555659e+01   2.9436998e+01   2.7839279e+01   1.7803273e+01   1.2673089e+01   3.5149512e+00   1.2464420e+00   2.8029191e+01   4.4923656e+01   9.2414516e+00   2.0991864e+00   3.6577733e+00   1.7271713e+00   9.4180393e+00   4.5010454e-01   2.6986236e-02   1.5541691e-01   7.5007151e-02   9.0249134e+01   7.3898136e+00   8.9161789e+01   8.3533190e+00   1.8927004e+01   5.1219637e+01   9.8779182e+00   2.9130239e+01   3.9436358e+01   3.5626930e+01   8.8042167e+01
   1.8965454e-01   5.1759663e+03   7.0388303e+02   7.7745466e+00   1.9964267e+01   3.2230473e+01   2.8001984e+03   6.5065272e+01   1.2191077e+02   8.9146613e-02   8.3469940e+01   4.9235637e+01   2.7648534e+03   1.7599752e+01   4.8556169e+01   2.9966371e+03   1.8173159e+01   6.2345025e+01   8.4442115e+00   2.7320707e+02   1.0186293e+02   4.5565061e+01   2.9684024e+01   2.7791613e+01   1.8035941e+01   1.2509790e+01   3.9072495e+00   1.3056467e+00   2.8243240e+01   4.4899533e+01   9.1034663e+00   2.0804478e+00   3.5990205e+00   1.8242696e+00   9.4141683e+00   5.4287896e-01   2.6986236e-02   1.5541691e-01   7.5007151e-02   9.0249134e+01   7.3898136e+00   8.9182361e+01   8.3675592e+00   1.8774547e+01   5.1394429e+01   9.7509187e+00   2.9140917e+01   3.9465885e+01   3.5564198e+01   8.6147991e+01
   1.8821710e-01   5.2071454e+03   7.2040727e+02   7.8595959e+00   1.9485813e+01   3.2256237e+01   2.8004973e+03   6.5161342e+01   1.2188889e+02   8.9768692e-02   8.3509318e+01   5.0357019e+01   2.7650468e+03   1.7647484e+01   5.0257659e+01   2.9958269e+03   1.7912680e+01   6.2347124e+01   4.7469343e+00   2.7244743e+02   1.0186094e+02   4.5574392e+01   2.9570086e+01   2.7701979e+01   1.7664784e+01   1.2427447e+01   3.8910470e+00   1.2704146e+00   2.8048676e+01   4.4996916e+01   9.0262203e+00   2.2938271e+00   3.9309182e+00   1.8286811e+00   9.4622814e+00   5.2602637e-01   2.5689529e-02   1.5126371e-01   7.8089082e-02   9.0458917e+01   8.3254073e+00   8.9177054e+01   8.3552404e+00   1.8754024e+01   5.1334333e+01   9.6555878e+00   2.9150348e+01   3.9432743e+01   3.5436179e+01   8.9255439e+01
   1.8796095e-01   5.1834606e+03   7.3660501e+02   7.8162925e+00   1.9703676e+01   3.2369088e+01   2.8000557e+03   6.5593798e+01   1.2190502e+02   8.5702784e-02   8.3475012e+01   5.0013293e+01   2.7647068e+03   1.7676299e+01   4.9990099e+01   2.9962817e+03   1.8084644e+01   6.2329130e+01   6.1204332e+00   2.7283739e+02   1.0186113e+02   4.5560044e+01   2.9801269e+01   2.7755011e+01   1.7926349e+01   1.2670947e+01   4.1868195e+00   1.2628537e+00   2.7757724e+01   4.5034188e+01   9.1815101e+00   2.1533735e+00   3.7692966e+00   1.8016284e+00   9.3444522e+00   4.3533679e-01   2.5689529e-02   1.5126371e-01   7.8089082e-02   9.0458917e+01   8.3254073e+00   8.9179046e+01   8.4040602e+00   1.8435848e+01   5.1491652e+01   9.2956807e+00   2.9171902e+01   3.9449288e+01   3.5446543e+01   8.7583590e+01
   1.8960958e-01   5.1752846e+03   6.6547199e+02   7.9215646e+00   1.9739894e+01   3.2161029e+01   2.7989646e+03   6.5201336e+01   1.2187997e+02   8.3471274e-02   8.3442101e+01   5.1124093e+01   2.7637449e+03   1.7593431e+01   5.0378349e+01   2.9959341e+03   1.7951961e+01   6.2314205e+01   5.9329181e+00   2.7410174e+02   1.0184503e+02   4.5579235e+01   2.9333824e+01   2.7679894e+01   1.8253358e+01   1.2796670e+01   3.7130658e+00   1.2860747e+00   2.7977218e+01   4.5033937e+01   9.2671959e+00   2.1323671e+00   3.5805281e+00   1.8344522e+00   9.3854722e+00   4.5554132e-01   2.5689529e-02   1.5126371e-01   7.8089082e-02   9.0458917e+01   8.3254073e+00   8.9139942e+01   8.4214716e+00   1.8348184e+01   5.1362811e+01   9.0571389e+00   2.9136482e+01   3.9422385e+01   3.5544552e+01   8.7395124e+01
   1.9258155e-01   5.1733705e+03   7.2110360e+02   7.8238387e+00   1.9798216e+01   3.2157200e+01   2.7992898e+03   6.6088444e+01   1.2189248e+02   8.1558970e-02   8.3479090e+01   4.9459480e+01   2.7639287e+03   1.7521585e+01   4.7880053e+01   2.9952772e+03   1.8194378e+01   6.2340653e+01   6.3781578e+00   2.7310121e+02   1.0186118e+02   4.5541183e+01   2.9456061e+01   2.7575570e+01   1.7890042e+01   1.2627157e+01   3.6462498e+00   1.2758376e+00   2.8510368e+01   4.5094915e+01   9.3615836e+00   2.2875570e+00   3.9908269e+00   1.8023292e+00   9.4677487e+00   4.9059254e-01   2.7243731e-02   1.4399943e-01   7.1687139e-02   9.0861079e+01   7.3234458e+00   8.9094909e+01   8.4893425e+00   1.8900852e+01   5.1287782e+01   8.7654770e+00   2.9154064e+01   3.9383068e+01   3.5422634e+01   8.9020873e+01
   1.9209210e-01   5.1901671e+03   7.2580691e+02   7.7760583e+00   1.9551942e+01   3.2024689e+01   2.8001513e+03   6.5322863e+01   1.2188437e+02   7.6179889e-02   8.3428492e+01   4.9624366e+01   2.7641593e+03   1.7258275e+01   4.9201375e+01   2.9956428e+03   1.7960161e+01   6.2330939e+01   4.3390670e+00   2.7274124e+02   1.0186195e+02   4.5568847e+01   2.9581911e+01   2.7812431e+01   1.7861736e+01   1.2687914e+01   3.7148015e+00   1.2801916e+00   2.8130596e+01   4.5127351e+01   9.2632029e+00   2.1383826e+00   3.6340515e+00   1.7898115e+00   9.3488414e+00   4.9719329e-01   2.7243731e-02   1.4399943e-01   7.1687139e-02   9.0861079e+01   7.3234458e+00   8.9047278e+01   8.5086830e+00   1.8782155e+01   5.1376662e+01   8.5223340e+00   2.9154111e+01   3.9383546e+01   3.5448789e+01   8.6602104e+01
   1.8901386e-01   5.1476816e+03   7.3070509e+02   7.7753781e+00   1.9608662e+01   3.2083813e+01   2.7997198e+03   6.5501292e+01   1.2189130e+02   7.6311704e-02   8.3388709e+01   5.0827607e+01   2.7648235e+03   1.7469591e+01   4.9555143e+01   2.9959751e+03   1.8093160e+01   6.2333870e+01   5.0411368e+00   2.7318137e+02   1.0184923e+02   4.5581216e+01   2.9799070e+01   2.7590526e+01   1.8289895e+01   1.2694559e+01   3.8304918e+00   1.3184901e+00   2.7978388e+01   4.4831968e+01   9.1152528e+00   2.2579740e+00   3.9126831e+00   1.7950632e+00   9.3262139e+00   5.4401298e-01   4.0728472e-02   1.3840092e-01   6.9787261e-02   9.0944092e+01   8.5533419e+00   8.9049858e+01   8.5309028e+00   1.8610412e+01   5.1414783e+01   8.4279863e+00   2.9165343e+01   3.9423703e+01   3.5578501e+01   9.1165463e+01
   1.9134042e-01   5.2004254e+03   7.3133733e+02   7.8788563e+00   2.0741670e+01   3.2386715e+01   2.8009559e+03   6.5082533e+01   1.2189689e+02   7.9659138e-02   8.3469507e+01   5.0334583e+01   2.7655048e+03   1.7668769e+01   5.1915207e+01   2.9973278e+03   1.8101448e+01   6.2315151e+01   6.1548087e+00   2.7325793e+02   1.0188236e+02   4.5540585e+01   3.0074170e+01   2.7721994e+01   1.8087920e+01   1.2928736e+01   3.6308600e+00   1.2591588e+00   2.8048049e+01   4.4906908e+01   9.7399584e+00   2.1062094e+00   4.0270996e+00   1.7986905e+00   9.4379917e+00   5.4664676e-01   4.0728472e-02   1.3840092e-01   6.9787261e-02   9.0944092e+01   8.5533419e+00   8.9057738e+01   8.5451381e+00   1.8801425e+01   5.1363869e+01   8.6825228e+00   2.9209088e+01   3.9492735e+01   3.5543843e+01   8.9779440e+01
   1.8841094e-01   5.1702180e+03   7.4391293e+02   7.8997196e+00   1.9682326e+01   3.2078705e+01   2.8007759e+03   6.4840843e+01   1.2189057e+02   8.6716086e-02   8.3455688e+01   5.1669796e+01   2.7653959e+03   1.7835999e+01   5.1720423e+01   2.9981105e+03   1.7843847e+01   6.2353032e+01   6.7645719e+00   2.7408620e+02   1.0186613e+02   4.5546643e+01   2.9722568e+01   2.7825996e+01   1.7606151e+01   1.2496626e+01   3.9618136e+00   1.2687269e+00   2.7367096e+01   4.4904178e+01   9.0385772e+00   2.0702913e+00   4.0864492e+00   1.8185154e+00   9.4166217e+00   4.8963739e-01   4.0728472e-02   1.3840092e-01   6.9787261e-02   9.0944092e+01   8.5533419e+00   8.9017879e+01   8.5793493e+00   1.8535646e+01   5.1335434e+01   9.1812498e+00   2.9174824e+01   3.9447342e+01   3.5593036e+01   8.7589283e+01
   1.8474871e-01   5.1852689e+03   6.8950288e+02   7.7607409e+00   1.9525861e+01   3.1804782e+01   2.8016781e+03   6.5101045e+01   1.2190239e+02   8.7661624e-02   8.3504961e+01   5.0942671e+01   2.7664574e+03   1.7485541e+01   4.8189605e+01   2.9971984e+03   1.8052525e+01   6.2319045e+01   2.8557207e+00   2.7262505e+02   1.0187926e+02   4.5537729e+01   2.9442230e+01   2.7587069e+01   1.7659359e+01   1.2540962e+01   3.8056328e+00   1.2972000e+00   2.7970315e+01   4.4941408e+01   9.2512861e+00   2.1815784e+00   3.8226698e+00   1.8037190e+00   9.4408854e+00   5.4671283e-01   2.8722943e-02   1.6370583e-01   7.2066008e-02   8.9415581e+01   7.8055328e+00   8.9070822e+01   8.4512662e+00   1.8088618e+01   5.1465064e+01   9.5405188e+00   2.9161601e+01   3.9414595e+01   3.5424809e+01   9.1927702e+01
   1.8372883e-01   5.1508280e+03   6.7968098e+02   7.7967126e+00   1.9780142e+01   3.2222258e+01   2.8008091e+03   6.3442733e+01   1.2192324e+02   9.1797563e-02   8.3480316e+01   5.0972768e+01   2.7650518e+03   1.7530367e+01   4.8857060e+01   2.9977857e+03   1.8222114e+01   6.2334932e+01   4.6647166e+00   2.7350581e+02   1.0184661e+02   4.5560811e+01   2.9289958e+01   2.7910164e+01   1.8359497e+01   1.2667808e+01   3.7103121e+00   1.2921650e+00   2.7964897e+01   4.4894282e+01   9.5922387e+00   2.1892484e+00   3.5678625e+00   1.8144093e+00   9.3895076e+00   5.1283172e-01   2.8722943e-02   1.6370583e-01   7.2066008e-02   8.9415581e+01   7.8055328e+00   8.9182532e+01   8.3424600e+00   1.8032156e+01   5.1409240e+01   1.0033854e+01   2.9157535e+01   3.9404179e+01   3.5574163e+01   8.8423481e+01
   1.9104200e-01   5.1721930e+03   6.9481590e+02   7.8195020e+00   1.9614106e+01   3.1705606e+01   2.7988062e+03   6.4085132e+01   1.2190556e+02   8.5365068e-02   8.3379053e+01   5.0926919e+01   2.7632373e+03   1.7482554e+01   5.0290276e+01   2.9957163e+03   1.8069041e+01   6.2350511e+01   4.6556052e+00   2.7396503e+02   1.0186258e+02   4.5603893e+01   2.9451184e+01   2.7781924e+01   1.7472101e+01   1.2642653e+01   3.7872595e+00   1.2566618e+00   2.7629187e+01   4.4794955e+01   9.2680732e+00   2.2352797e+00   3.5541445e+00   1.8576682e+00   9.3702430e+00   5.3424080e-01   1.8107659e-02   1.5870066e-01   6.3088676e-02   9.0400548e+01   8.3621032e+00   8.9235062e+01   8.2799206e+00   1.8790504e+01   5.1261439e+01   9.7976344e+00   2.9154621e+01   3.9420728e+01   3.5612482e+01   8.9064842e+01
   1.8372007e-01   5.1658485e+03   6.9915215e+02   7.9278500e+00   1.9745085e+01   3.2156240e+01   2.7994655e+03   6.5035371e+01   1.2189573e+02   8.2673678e-02   8.3500943e+01   5.0886019e+01   2.7642211e+03   1.7803755e+01   5.1375448e+01   2.9962039e+03   1.7971092e+01   6.2332859e+01   5.4170135e+00   2.7310245e+02   1.0185307e+02   4.5559024e+01   2.9498003e+01   2.7812144e+01   1.7851743e+01   1.2674495e+01   3.8945401e+00   1.2624909e+00   2.8429666e+01   4.5172671e+01   9.4815448e+00   2.1894869e+00   4.0719975e+00   1.8287413e+00   9.4078340e+00   5.0352149e-01   1.8107659e-02   1.5870066e-01   6.3088676e-02   9.0400548e+01   8.3621032e+00   8.9157579e+01   8.3944971e+00   1.8229889e+01   5.1513214e+01   9.3831816e+00   2.9180151e+01   3.9415133e+01   3.5541757e+01   8.7203172e+01
   1.8748209e-01   5.1676859e+03   6.6955484e+02   7.8225837e+00   1.9621459e+01   3.2126450e+01   2.7995209e+03   6.4400554e+01   1.2191038e+02   8.6712027e-02   8.3486786e+01   4.9963244e+01   2.7639237e+03   1.7562926e+01   5.0511346e+01   2.9963719e+03   1.7965571e+01   6.2321480e+01   6.9938126e+00   2.7439384e+02   1.0184040e+02   4.5547172e+01   2.8927674e+01   2.7737497e+01   1.8092666e+01   1.2640572e+01   4.3273071e+00   1.2491465e+00   2.8171792e+01   4.4992597e+01   9.2682333e+00   2.4586362e+00   4.0745823e+00   1.7863199e+00   9.3944354e+00   4.8022214e-01   1.8107659e-02   1.5870066e-01   6.3088676e-02   9.0400548e+01   8.3621032e+00   8.9109432e+01   8.4286198e+00   1.8245960e+01   5.1421908e+01   9.2363143e+00   2.9140199e+01   3.9416732e+01   3.5679844e+01   8.9001673e+01
   1.9110435e-01   5.1818598e+03   7.4578452e+02   7.7527208e+00   1.9549484e+01   3.2154271e+01   2.7986296e+03   6.4916493e+01   1.2188317e+02   7.8864700e-02   8.3424002e+01   5.0311741e+01   2.7628309e+03   1.7548129e+01   5.0322634e+01   2.9959502e+03   1.8035584e+01   6.2328685e+01   6.4404930e+00   2.7380349e+02   1.0186934e+02   4.5571077e+01   2.8771835e+01   2.7765008e+01   1.7752014e+01   1.2905909e+01   3.8253626e+00   1.3225737e+00   2.8127209e+01   4.4947639e+01   8.8258581e+00   2.1754292e+00   4.0306060e+00   1.8302915e+00   9.4305494e+00   5.4160862e-01   2.1980353e-02   1.6041554e-01   5.9435190e-02   9.0244981e+01   8.0763819e+00   8.9126008e+01   8.4423096e+00   1.8848747e+01   5.1409045e+01   8.8843204e+00   2.9170076e+01   3.9434334e+01   3.5612687e+01   8.9262059e+01
   1.9063987e-01   5.1614208e+03   6.9732802e+02   7.8670990e+00   1.9364531e+01   3.1964189e+01   2.7996743e+03   6.4825983e+01   1.2188014e+02   8.0816437e-02   8.3473685e+01   5.1035088e+01   2.7644596e+03   1.7631411e+01   5.1156803e+01   2.9977242e+03   1.8075939e+01   6.2334949e+01   4.0665072e+00   2.7390934e+02   1.0186372e+02   4.5571577e+01   2.9163750e+01   2.7785638e+01   1.8274872e+01   1.2767200e+01   3.8689408e+00   1.3004086e+00   2.7804847e+01   4.4986640e+01   8.7891620e+00   2.3552103e+00   4.1720111e+00   1.8237208e+00   9.4017271e+00   5.8637446e-01   2.1980353e-02   1.6041554e-01   5.9435190e-02   9.0244981e+01   8.0763819e+00   8.9131211e+01   8.4235803e+00   1.8952168e+01   5.1494207e+01   8.8968544e+00   2.9168477e+01   3.9442214e+01   3.5582790e+01   8.7260231e+01
   1.9677437e-01   5.2134887e+03   7.2504393e+02   7.7794217e+00   1.9561449e+01   3.1868356e+01   2.8008271e+03   6.5662199e+01   1.2188530e+02   8.3478777e-02   8.3477808e+01   5.1438002e+01   2.7653261e+03   1.7619729e+01   5.0539231e+01   2.9971144e+03   1.8132646e+01   6.2340795e+01   4.6814065e+00   2.7378803e+02   1.0186808e+02   4.5548054e+01   2.9240052e+01   2.7933661e+01   1.8262396e+01   1.2442344e+01   3.9185590e+00   1.2757938e+00   2.8093952e+01   4.4870235e+01   8.8807210e+00   2.3725726e+00   3.9992093e+00   1.7565697e+00   9.4331597e+00   4.8422035e-01   2.2486787e-02   1.5753143e-01   7.5546027e-02   8.9204588e+01   8.3526905e+00   8.9149846e+01   8.4408874e+00   1.9321242e+01   5.1391198e+01   9.1801573e+00   2.9190051e+01   3.9437553e+01   3.5537013e+01   9.1554356e+01
   1.9688436e-01   5.1963701e+03   6.7218526e+02   7.9097502e+00   1.9203240e+01   3.2263363e+01   2.8006531e+03   6.5112451e+01   1.2187704e+02   8.8168056e-02   8.3482925e+01   5.0323037e+01   2.7655002e+03   1.7548830e+01   5.0604589e+01   2.9968413e+03   1.7993606e+01   6.2352851e+01   3.7716132e+00   2.7269927e+02   1.0187362e+02   4.5531977e+01   3.0017429e+01   2.7657322e+01   1.8240868e+01   1.2518060e+01   3.7113655e+00   1.2651700e+00   2.7501539e+01   4.5138870e+01   9.0321011e+00   2.1514618e+00   3.9637689e+00   1.7845695e+00   9.4428453e+00   4.5154817e-01   2.2486787e-02   1.5753143e-01   7.5546027e-02   8.9204588e+01   8.3526905e+00   8.9251635e+01   8.2882067e+00   1.9512114e+01   5.1332223e+01   9.3417606e+00   2.9160343e+01   3.9427888e+01   3.5578764e+01   8.8420508e+01
   1.9125776e-01   5.2104561e+03   6.6423865e+02   7.8751283e+00   1.9661058e+01   3.2195458e+01   2.7999718e+03   6.5156121e+01   1.2190899e+02   8.4419364e-02   8.3471912e+01   5.0750906e+01   2.7640275e+03   1.7639178e+01   5.0545046e+01   2.9955166e+03   1.8091874e+01   6.2346457e+01   4.9609415e+00   2.7248125e+02   1.0184148e+02   4.5561657e+01   2.9545462e+01   2.7676437e+01   1.8198125e+01   1.2730832e+01   3.3872806e+00   1.2934295e+00   2.7878821e+01   4.4980519e+01   9.2823235e+00   2.2783288e+00   3.6383220e+00   1.8244198e+00   9.4480944e+00   5.1774808e-01   2.2486787e-02   1.5753143e-01   7.5546027e-02   8.9204588e+01   8.3526905e+00   8.9306417e+01   8.2183120e+00   1.9145067e+01   5.1302900e+01   9.2629238e+00   2.9162467e+01   3.9453490e+01   3.5553891e+01   9.0321929e+01
   1.9431028e-01   5.2075201e+03   6.6834806e+02   7.8400365e+00   1.9759808e+01   3.2502405e+01   2.7980937e+03   6.5522026e+01   1.2189199e+02   7.7995016e-02   8.3473811e+01   4.9097510e+01   2.7626453e+03   1.7639634e+01   5.0793144e+01   2.9956261e+03   1.8164700e+01   6.2345792e+01   5.6417820e+00   2.7452497e+02   1.0184578e+02   4.5548105e+01   2.9402600e+01   2.7822872e+01   1.8032299e+01   1.2733945e+01   4.1098977e+00   1.3547551e+00   2.8304149e+01   4.4911326e+01   9.2332403e+00   2.2153875e+00   4.1097468e+00   1.8238200e+00   9.3973713e+00   5.6690819e-01   3.4650610e-02   1.5611573e-01   7.5704473e-02   8.9064267e+01   8.0716831e+00   8.9332376e+01   8.1759760e+00   1.9183943e+01   5.1344385e+01   8.6719012e+00   2.9167888e+01   3.9435217e+01   3.5513000e+01   8.9264110e+01
   1.9443140e-01   5.2052352e+03   6.3770874e+02   7.8207507e+00   1.9735497e+01   3.1703507e+01   2.7980492e+03   6.3771556e+01   1.2189068e+02   6.9636293e-02   8.3439081e+01   5.0787088e+01   2.7623654e+03   1.7413604e+01   4.8328452e+01   2.9946889e+03   1.8229902e+01   6.2366589e+01   8.0075809e+00   2.7349870e+02   1.0182459e+02   4.5528092e+01   2.9548904e+01   2.7737430e+01   1.8324368e+01   1.2755494e+01   3.6183377e+00   1.2487798e+00   2.7754079e+01   4.4922202e+01   9.1804317e+00   2.1943126e+00   3.4876009e+00   1.8177345e+00   9.4534444e+00   5.0139044e-01   3.4650610e-02   1.5611573e-01   7.5704473e-02   8.9064267e+01   8.0716831e+00   8.9363855e+01   8.1654707e+00   1.9144840e+01   5.1339939e+01   7.8363471e+00   2.9159197e+01   3.9429047e+01   3.5690154e+01   9.0854488e+01
   1.9638402e-01   5.1804396e+03   7.0773556e+02   7.7874131e+00   1.9324757e+01   3.1916260e+01   2.7985137e+03   6.5795337e+01   1.2190849e+02   6.5261126e-02   8.3536434e+01   5.0012024e+01   2.7632055e+03   1.7785649e+01   4.9167530e+01   2.9949026e+03   1.7929683e+01   6.2387891e+01   6.3575085e+00   2.7304293e+02   1.0183013e+02   4.5540946e+01   2.9303804e+01   2.7796258e+01   1.8169075e+01   1.2611423e+01   4.1009183e+00   1.3052873e+00   2.7778992e+01   4.5069960e+01   9.5582915e+00   2.2456177e+00   4.1027412e+00   1.8257488e+00   9.4283205e+00   4.6940039e-01   1.6979955e-02   1.5918597e-01   6.0747891e-02   9.0261023e+01   8.0457498e+00   8.9389494e+01   8.1393473e+00   1.9340910e+01   5.1280222e+01   7.1885099e+00   2.9170515e+01   3.9445720e+01   3.5741054e+01   8.9606218e+01
   1.9638616e-01   5.2182237e+03   7.5805689e+02   7.8868875e+00   1.9577622e+01   3.1976178e+01   2.7982100e+03   6.4693065e+01   1.2193139e+02   5.8051419e-02   8.3478380e+01   4.8204403e+01   2.7634554e+03   1.7472462e+01   4.9849798e+01   2.9943587e+03   1.7974167e+01   6.2391696e+01   3.5867574e+00   2.7291525e+02   1.0181189e+02   4.5550683e+01   2.9463760e+01   2.7865718e+01   1.8397880e+01   1.2661037e+01   4.1138810e+00   1.2841398e+00   2.7831954e+01   4.5198234e+01   9.2901832e+00   2.1677878e+00   3.2204458e+00   1.7968113e+00   9.4526173e+00   5.6071893e-01   1.6979955e-02   1.5918597e-01   6.0747891e-02   9.0261023e+01   8.0457498e+00   8.9299593e+01   8.2734427e+00   1.9463691e+01   5.1300509e+01   6.4839915e+00   2.9170346e+01   3.9430117e+01   3.5824707e+01   9.0164987e+01
   1.9966515e-01   5.1622320e+03   7.2695286e+02   7.7279183e+00   1.9397726e+01   3.1642558e+01   2.7977745e+03   6.4798905e+01   1.2188513e+02   5.5745608e-02   8.3476505e+01   4.9756990e+01   2.7625158e+03   1.7489007e+01   5.0402084e+01   2.9950909e+03   1.7875735e+01   6.2412119e+01   6.1956541e+00   2.7368701e+02   1.0184799e+02   4.5545360e+01   2.8880854e+01   2.7674205e+01   1.8499594e+01   1.2674857e+01   3.9172704e+00   1.2679263e+00   2.7201175e+01   4.4952360e+01   9.5096029e+00   2.2794948e+00   3.8381161e+00   1.7832343e+00   9.3371004e+00   5.4947578e-01   1.6979955e-02   1.5918597e-01   6.0747891e-02   9.0261023e+01   8.0457498e+00   8.9243803e+01   8.3330075e+00   1.9691273e+01   5.1228699e+01   6.0803967e+00   2.9179998e+01   3.9441529e+01   3.5382764e+01   9.0495509e+01
   2.0610780e-01   5.1780347e+03   7.1182781e+02   7.7728054e+00   1.9739760e+01   3.2054343e+01   2.7988767e+03   6.5324382e+01   1.2189815e+02   5.1214042e-02   8.3491306e+01   5.0395846e+01   2.7634705e+03   1.7374872e+01   4.9541697e+01   2.9964125e+03   1.8097988e+01   6.2397269e+01   6.4099630e+00   2.7371441e+02   1.0185771e+02   4.5550243e+01   2.9352967e+01   2.7790231e+01   1.7756675e+01   1.2810393e+01   4.1157562e+00   1.2924029e+00   2.7958153e+01   4.5170446e+01   9.4680651e+00   2.1915700e+00   4.0374467e+00   1.8629931e+00   9.4453328e+00   4.7199056e-01   1.9576357e-02   1.5017435e-01   8.2578521e-02   9.0325416e+01   7.8855992e+00   8.9206731e+01   8.3684879e+00   2.0325584e+01   5.1247144e+01   5.8757370e+00   2.9177502e+01   3.9451762e+01   3.5660823e+01   8.9408116e+01
   2.0329197e-01   5.1953859e+03   6.8431057e+02   7.8729270e+00   1.9461908e+01   3.2247776e+01   2.8003629e+03   6.5329832e+01   1.2190287e+02   5.5912050e-02   8.3429086e+01   5.1018981e+01   2.7657049e+03   1.7588944e+01   4.9278698e+01   2.9974595e+03   1.8014992e+01   6.2393657e+01   5.2800565e+00   2.7317767e+02   1.0185811e+02   4.5579462e+01   2.9347144e+01   2.7831727e+01   1.7938731e+01   1.2606444e+01   3.8048015e+00   1.3023334e+00   2.7766375e+01   4.5045748e+01   9.6326644e+00   2.1242461e+00   3.9152903e+00   1.8342509e+00   9.4401212e+00   5.5164736e-01   1.9576357e-02   1.5017435e-01   8.2578521e-02   9.0325416e+01   7.8855992e+00   8.9190265e+01   8.3629031e+00   1.9694251e+01   5.1463110e+01   6.0664899e+00   2.9189325e+01   3.9460601e+01   3.5563843e+01   8.6828202e+01
   1.9778895e-01   5.1885113e+03   7.0336223e+02   7.8866775e+00   1.9766187e+01   3.2112334e+01   2.8017906e+03   6.5198148e+01   1.2188540e+02   6.3865244e-02   8.3422635e+01   4.8431846e+01   2.7655714e+03   1.7541140e+01   5.0696929e+01   2.9985119e+03   1.7905479e+01   6.2361006e+01   5.9165003e+00   2.7449365e+02   1.0184569e+02   4.5582428e+01   2.9378066e+01   2.7909915e+01   1.7880066e+01   1.2745165e+01   3.8600889e+00   1.2843329e+00   2.7557921e+01   4.5207073e+01   9.4669597e+00   2.3253033e+00   3.7839313e+00   1.8080161e+00   9.4084717e+00   4.8409951e-01   2.8753453e-02   1.6505033e-01   8.7242466e-02   9.0738523e+01   8.1761121e+00   8.9161204e+01   8.3710372e+00   1.9524654e+01   5.1327298e+01   6.8412747e+00   2.9159141e+01   3.9430746e+01   3.5542185e+01   9.1574789e+01
   1.9780681e-01   5.1667616e+03   6.7139183e+02   7.8609205e+00   1.9350573e+01   3.2669928e+01   2.8033845e+03   6.4975054e+01   1.2189278e+02   7.4369229e-02   8.3413334e+01   4.9884705e+01   2.7674630e+03   1.7577027e+01   4.9953208e+01   2.9996771e+03   1.7691490e+01   6.2328872e+01   6.0169038e+00   2.7321917e+02   1.0188676e+02   4.5565485e+01   2.9339549e+01   2.7689879e+01   1.7657478e+01   1.2686135e+01   3.6603832e+00   1.2717230e+00   2.7828746e+01   4.5215815e+01   8.9530572e+00   2.0488939e+00   3.7138383e+00   1.8111238e+00   9.3862690e+00   4.5782645e-01   2.8753453e-02   1.6505033e-01   8.7242466e-02   9.0738523e+01   8.1761121e+00   8.9111021e+01   8.4388713e+00   1.9356704e+01   5.1376329e+01   7.8499763e+00   2.9167647e+01   3.9409999e+01   3.5403832e+01   8.8860832e+01
   1.9220894e-01   5.1616295e+03   7.3620007e+02   7.8180037e+00   2.0162004e+01   3.2047617e+01   2.8049325e+03   6.5280188e+01   1.2189168e+02   8.4841048e-02   8.3410639e+01   5.0424203e+01   2.7687834e+03   1.7670158e+01   4.9482995e+01   2.9999240e+03   1.7980479e+01   6.2324039e+01   6.2958662e+00   2.7294829e+02   1.0187472e+02   4.5575630e+01   2.9769112e+01   2.7871263e+01   1.7790855e+01   1.2647142e+01   3.2155591e+00   1.2460083e+00   2.7752670e+01   4.5259927e+01   8.8232963e+00   2.2781005e+00   3.7705586e+00   1.8470521e+00   9.3288367e+00   4.3624635e-01   2.8753453e-02   1.6505033e-01   8.7242466e-02   9.0738523e+01   8.1761121e+00   8.9092192e+01   8.4574347e+00   1.9059144e+01   5.1469341e+01   9.1653882e+00   2.9170238e+01   3.9439719e+01   3.5489326e+01   8.8671186e+01
   1.9190748e-01   5.1969358e+03   6.9162089e+02   7.8992871e+00   2.0031335e+01   3.2290967e+01   2.8041274e+03   6.5933257e+01   1.2189548e+02   9.8494079e-02   8.3407202e+01   4.9042166e+01   2.7690212e+03   1.7579544e+01   4.9169930e+01   3.0005051e+03   1.7955084e+01   6.2308701e+01   3.3169704e+00   2.7242967e+02   1.0189753e+02   4.5581557e+01   2.9777074e+01   2.7875569e+01   1.7937667e+01   1.2586370e+01   3.8062433e+00   1.2865419e+00   2.7549837e+01   4.5139221e+01   9.1758205e+00   2.1049074e+00   3.5121061e+00   1.7997447e+00   9.3236266e+00   4.6276775e-01   2.1789884e-02   1.3935946e-01   5.9549368e-02   9.0109443e+01   8.6188812e+00   8.9107689e+01   8.4403524e+00   1.8755330e+01   5.1395588e+01   1.0547018e+01   2.9185364e+01   3.9462594e+01   3.5436462e+01   8.8730423e+01
   1.9127735e-01   5.1740512e+03   7.1363921e+02   7.8271485e+00   1.9834437e+01   3.1943027e+01   2.8036346e+03   6.4324557e+01   1.2192136e+02   1.0611979e-01   8.3447500e+01   5.0573161e+01   2.7688729e+03   1.7717032e+01   5.0419139e+01   2.9997417e+03   1.8093045e+01   6.2304903e+01   5.3967927e+00   2.7235664e+02   1.0187338e+02   4.5594934e+01   2.9268562e+01   2.7962060e+01   1.7829836e+01   1.2582249e+01   4.2514660e+00   1.3109665e+00   2.7849189e+01   4.5131333e+01   9.0354799e+00   2.2095739e+00   4.0953960e+00   1.8473211e+00   9.3567055e+00   5.9686296e-01   2.1789884e-02   1.3935946e-01   5.9549368e-02   9.0109443e+01   8.6188812e+00   8.9131652e+01   8.4245063e+00   1.8685937e+01   5.1364257e+01   1.1623883e+01   2.9168525e+01   3.9457542e+01   3.5610461e+01   8.8029735e+01
   1.9217827e-01   5.1689128e+03   6.9779973e+02   7.9027936e+00   1.9853880e+01   3.2152903e+01   2.8015511e+03   6.4975073e+01   1.2190918e+02   1.1313260e-01   8.3394070e+01   4.8615997e+01   2.7667064e+03   1.7674730e+01   5.1002840e+01   2.9991490e+03   1.8099435e+01   6.2311687e+01   8.1092321e+00   2.7365545e+02   1.0184062e+02   4.5609452e+01   2.9419558e+01   2.7753286e+01   1.7903460e+01   1.2697880e+01   3.7651081e+00   1.3250104e+00   2.7879646e+01   4.5222295e+01   9.3227297e+00   1.9970948e+00   4.1044916e+00   1.8405454e+00   9.4131224e+00   5.3237281e-01   1.9742237e-02   1.5288586e-01   6.8272906e-02   9.1098480e+01   7.9020220e+00   8.9158768e+01   8.3806535e+00   1.8842062e+01   5.1374808e+01   1.2420102e+01   2.9180429e+01   3.9475509e+01   3.5624362e+01   8.8862973e+01
   1.9348563e-01   5.1565279e+03   7.1033864e+02   7.8643111e+00   1.9478978e+01   3.2234901e+01   2.8003887e+03   6.5205482e+01   1.2189519e+02   1.1526417e-01   8.3446807e+01   5.0983255e+01   2.7651261e+03   1.7694026e+01   5.0827699e+01   2.9991053e+03   1.8034371e+01   6.2325633e+01   5.0866833e+00   2.7458860e+02   1.0188542e+02   4.5579991e+01   2.9525694e+01   2.7898682e+01   1.8235995e+01   1.2498728e+01   3.8203722e+00   1.2907625e+00   2.8029767e+01   4.5146689e+01   9.0466850e+00   2.2113088e+00   4.3717844e+00   1.8251133e+00   9.3716916e+00   5.6554151e-01   1.9742237e-02   1.5288586e-01   6.8272906e-02   9.1098480e+01   7.9020220e+00   8.9029545e+01   8.5020349e+00   1.8894864e+01   5.1314596e+01   1.2586973e+01   2.9147348e+01   3.9413271e+01   3.5579225e+01   8.9546069e+01
   1.9617667e-01   5.1894379e+03   7.0548269e+02   7.8988746e+00   1.9532396e+01   3.2303098e+01   2.8010433e+03   6.4702579e+01   1.2189662e+02   1.1628660e-01   8.3522795e+01   5.1072904e+01   2.7658247e+03   1.7711414e+01   4.8477899e+01   2.9971256e+03   1.8068948e+01   6.2336284e+01   4.7842991e+00   2.7261113e+02   1.0190681e+02   4.5548669e+01   2.9379652e+01   2.7703474e+01   1.7920189e+01   1.2687560e+01   4.0557238e+00   1.2771871e+00   2.8098449e+01   4.5125722e+01   9.0442246e+00   2.1176744e+00   4.1654722e+00   1.7753518e+00   9.4179780e+00   4.6907863e-01   1.9742237e-02   1.5288586e-01   6.8272906e-02   9.1098480e+01   7.9020220e+00   8.8987879e+01   8.5627646e+00   1.9206089e+01   5.1253279e+01   1.2533992e+01   2.9158798e+01   3.9406566e+01   3.5499203e+01   8.7271578e+01
   1.9409064e-01   5.1661161e+03   7.3018791e+02   7.8417528e+00   1.9646776e+01   3.2642342e+01   2.8000026e+03   6.5520170e+01   1.2191650e+02   1.1218428e-01   8.3509324e+01   4.9510676e+01   2.7644791e+03   1.7578625e+01   5.0809621e+01   2.9957262e+03   1.7988024e+01   6.2358956e+01   5.7819475e+00   2.7306130e+02   1.0189077e+02   4.5603422e+01   2.9534704e+01   2.7738396e+01   1.8139794e+01   1.2645481e+01   4.1520045e+00   1.2784026e+00   2.7695949e+01   4.4996381e+01   9.2893337e+00   2.2993775e+00   3.7742659e+00   1.8075225e+00   9.3731175e+00   4.2747419e-01   3.6634730e-02   1.6356504e-01   4.5016338e-02   8.9571730e+01   8.2980220e+00   8.9056817e+01   8.4880419e+00   1.9163519e+01   5.1436741e+01   1.2155135e+01   2.9163156e+01   3.9437550e+01   3.5406038e+01   8.7388448e+01
   1.9577895e-01   5.1737399e+03   6.7665924e+02   7.8326726e+00   1.9826845e+01   3.1639729e+01   2.7990807e+03   6.4958746e+01   1.2190675e+02   1.0886875e-01   8.3559231e+01   4.9784087e+01   2.7642328e+03   1.7671584e+01   5.0583061e+01   2.9962741e+03   1.8094979e+01   6.2378482e+01   5.2806748e+00   2.7251259e+02   1.0189240e+02   4.5537314e+01   2.9483792e+01   2.7849557e+01   1.8138960e+01   1.2795737e+01   3.9353962e+00   1.3063253e+00   2.8025764e+01   4.5051310e+01   9.2443527e+00   2.1686614e+00   3.7938971e+00   1.8245076e+00   9.4468270e+00   4.4546581e-01   3.6634730e-02   1.6356504e-01   4.5016338e-02   8.9571730e+01   8.2980220e+00   8.9142049e+01   8.3430600e+00   1.9264876e+01   5.1266271e+01   1.1877125e+01   2.9158431e+01   3.9404011e+01   3.5550178e+01   9.3367832e+01
   1.9891982e-01   5.1960128e+03   6.8236123e+02   7.7447015e+00   1.9980845e+01   3.1870254e+01   2.7982778e+03   6.4907564e+01   1.2192607e+02   1.0074645e-01   8.3534398e+01   5.0781151e+01   2.7626925e+03   1.7450009e+01   5.0610666e+01   2.9940796e+03   1.8149574e+01   6.2386758e+01   5.0171098e+00   2.7245450e+02   1.0188000e+02   4.5557485e+01   2.9621372e+01   2.7733932e+01   1.7494787e+01   1.2769816e+01   4.1009949e+00   1.3274035e+00   2.8015280e+01   4.5035843e+01   9.0380314e+00   2.2417947e+00   4.3072424e+00   1.7994344e+00   9.3537354e+00   5.2253633e-01   3.7551413e-02   1.4946268e-01   6.3623963e-02   9.0391559e+01   8.1622492e+00   8.9210915e+01   8.3097266e+00   1.9362958e+01   5.1324960e+01   1.1129880e+01   2.9174267e+01   3.9461084e+01   3.5624048e+01   8.7395950e+01
   1.9035753e-01   5.1965820e+03   6.9006353e+02   7.8857292e+00   2.0287637e+01   3.2307490e+01   2.7974641e+03   6.5376931e+01   1.2192636e+02   9.6963544e-02   8.3530455e+01   4.9358920e+01   2.7618992e+03   1.7447335e+01   5.2606064e+01   2.9955636e+03   1.8044885e+01   6.2387645e+01   6.1293890e+00   2.7488706e+02   1.0185712e+02   4.5544388e+01   2.9582716e+01   2.7923832e+01   1.7867766e+01   1.2580063e+01   4.3659671e+00   1.3201941e+00   2.7782728e+01   4.5013077e+01   9.1437945e+00   1.9784319e+00   3.8811629e+00   1.8118581e+00   9.3302114e+00   6.0536721e-01   3.7551413e-02   1.4946268e-01   6.3623963e-02   9.0391559e+01   8.1622492e+00   8.9152125e+01   8.4047322e+00   1.8673925e+01   5.1478894e+01   1.0359679e+01   2.9169076e+01   3.9460395e+01   3.5673360e+01   9.1899968e+01
   1.9046598e-01   5.1556227e+03   6.8174672e+02   7.7176382e+00   1.9591180e+01   3.2638504e+01   2.7978884e+03   6.4855817e+01   1.2189707e+02   8.3742407e-02   8.3584680e+01   5.0251868e+01   2.7625244e+03   1.7645229e+01   5.1914274e+01   2.9938908e+03   1.8055690e+01   6.2395149e+01   4.3111162e+00   2.7246384e+02   1.0186448e+02   4.5549193e+01   2.9633553e+01   2.7834144e+01   1.8393394e+01   1.2727849e+01   4.2174735e+00   1.3001664e+00   2.7696121e+01   4.5019146e+01   9.2499953e+00   2.0913710e+00   3.7833694e+00   1.8349603e+00   9.5344460e+00   5.1051196e-01   3.7551413e-02   1.4946268e-01   6.3623963e-02   9.0391559e+01   8.1622492e+00   8.9115942e+01   8.4515184e+00   1.8664083e+01   5.1408469e+01   9.4743761e+00   2.9182627e+01   3.9447910e+01   3.5600529e+01   8.6857725e+01
   1.9339755e-01   5.1677110e+03   7.2618745e+02   7.7828403e+00   1.9979676e+01   3.2233561e+01   2.7972894e+03   6.4885314e+01   1.2188925e+02   8.0215570e-02   8.3529367e+01   4.9053109e+01   2.7620686e+03   1.7413067e+01   4.9421427e+01   2.9932178e+03   1.8110998e+01   6.2409652e+01   7.7180292e+00   2.7255210e+02   1.0185757e+02   4.5544103e+01   2.9572174e+01   2.7593339e+01   1.8055712e+01   1.2651616e+01   3.8242462e+00   1.3076048e+00   2.7324002e+01   4.5140560e+01   9.2420305e+00   2.1339033e+00   3.9986415e+00   1.8679623e+00   9.5399964e+00   5.6974763e-01   1.9234552e-02   1.6780945e-01   7.2916688e-02   8.9511876e+01   8.0662899e+00   8.9132756e+01   8.3870293e+00   1.9147363e+01   5.1195192e+01   8.7452632e+00   2.9169207e+01   3.9466736e+01   3.5296174e+01   8.8161364e+01
   1.9609523e-01   5.1911761e+03   6.9231984e+02   7.8013412e+00   1.9835562e+01   3.2229839e+01   2.7982069e+03   6.5055762e+01   1.2188394e+02   7.0805246e-02   8.3594825e+01   4.8950109e+01   2.7617847e+03   1.7525342e+01   5.0141532e+01   2.9937264e+03   1.7991917e+01   6.2384786e+01   4.3473587e+00   2.7297049e+02   1.0184356e+02   4.5508475e+01   2.8906458e+01   2.7970391e+01   1.7854204e+01   1.2808875e+01   3.8779740e+00   1.2433560e+00   2.7712704e+01   4.5024247e+01   9.6549573e+00   2.2796119e+00   3.4546328e+00   1.8389689e+00   9.4319803e+00   4.4807842e-01   1.9234552e-02   1.6780945e-01   7.2916688e-02   8.9511876e+01   8.0662899e+00   8.9174971e+01   8.2850809e+00   1.9123611e+01   5.1296268e+01   7.7873939e+00   2.9152829e+01   3.9439664e+01   3.5495905e+01   9.0406474e+01
   1.9586478e-01   5.1842409e+03   6.6457860e+02   7.8096383e+00   2.0079585e+01   3.1964217e+01   2.7981527e+03   6.4660863e+01   1.2189176e+02   6.4943577e-02   8.3581848e+01   4.9900585e+01   2.7630427e+03   1.7349178e+01   5.1478789e+01   2.9944079e+03   1.7849868e+01   6.2403504e+01   4.9627399e+00   2.7337632e+02   1.0184317e+02   4.5526369e+01   2.9747232e+01   2.7632595e+01   1.7480118e+01   1.2804342e+01   3.6551555e+00   1.3076409e+00   2.8371354e+01   4.5159719e+01   9.5919121e+00   2.0988282e+00   4.0967130e+00   1.8025292e+00   9.3803554e+00   4.9531533e-01   3.3687463e-02   1.7701053e-01   5.4869808e-02   8.9576254e+01   7.9098763e+00   8.9205767e+01   8.2641914e+00   1.9326738e+01   5.1390406e+01   7.1074228e+00   2.9125787e+01   3.9436026e+01   3.5640469e+01   8.7491867e+01
   1.8797266e-01   5.1805257e+03   6.4933437e+02   7.9249742e+00   1.9309799e+01   3.2587136e+01   2.7974208e+03   6.4506285e+01   1.2191208e+02   6.1488047e-02   8.3412335e+01   5.0340315e+01   2.7611642e+03   1.7689610e+01   5.0145641e+01   2.9952486e+03   1.8007969e+01   6.2368758e+01   4.8262742e+00   2.7515977e+02   1.0186133e+02   4.5570482e+01   2.9086124e+01   2.7872418e+01   1.7935919e+01   1.2675937e+01   3.8066997e+00   1.2694362e+00   2.7889601e+01   4.5135440e+01   9.4692941e+00   2.2560399e+00   4.1196766e+00   1.8005361e+00   9.5197947e+00   5.7025484e-01   3.3687463e-02   1.7701053e-01   5.4869808e-02   8.9576254e+01   7.9098763e+00   8.9239342e+01   8.2480463e+00   1.8549387e+01   5.1503887e+01   6.5352137e+00   2.9164205e+01   3.9441980e+01   3.5624561e+01   9.0352522e+01
   1.9409475e-01   5.1742206e+03   6.8646429e+02   7.7806540e+00   1.9814376e+01   3.2390857e+01   2.7988887e+03   6.3879373e+01   1.2190644e+02   5.7594076e-02   8.3458675e+01   5.0030930e+01   2.7625935e+03   1.7589291e+01   5.2621259e+01   2.9963309e+03   1.8055334e+01   6.2352111e+01   3.5819120e+00   2.7521777e+02   1.0186778e+02   4.5538630e+01   2.9428410e+01   2.7791147e+01   1.7994386e+01   1.2888797e+01   4.0246690e+00   1.3271622e+00   2.7896237e+01   4.5050556e+01   9.0918597e+00   2.2267525e+00   4.0041991e+00   1.8080078e+00   9.4442020e+00   4.5584500e-01   3.3687463e-02   1.7701053e-01   5.4869808e-02   8.9576254e+01   7.9098763e+00   8.9261314e+01   8.2451721e+00   1.8940765e+01   5.1381947e+01   6.3025404e+00   2.9155290e+01   3.9444637e+01   3.5463758e+01   8.6706304e+01
   1.9289197e-01   5.1733773e+03   7.1665897e+02   7.8295831e+00   1.9603919e+01   3.1674500e+01   2.8000633e+03   6.4930169e+01   1.2190218e+02   5.9154671e-02   8.3495358e+01   5.0579222e+01   2.7650174e+03   1.7614718e+01   5.2406683e+01   2.9960962e+03   1.8257660e+01   6.2368050e+01   5.1886276e+00   2.7329284e+02   1.0184457e+02   4.5543884e+01   2.9554337e+01   2.7778926e+01   1.7848342e+01   1.2574726e+01   3.5264667e+00   1.3037908e+00   2.7279712e+01   4.4988075e+01   9.0693668e+00   2.1143576e+00   4.1619968e+00   1.8657695e+00   9.4712769e+00   5.4823310e-01   2.9082511e-02   1.5579285e-01   6.6223935e-02   9.0776118e+01   7.8094428e+00   8.9181344e+01   8.3386595e+00   1.9024538e+01   5.1266788e+01   6.4830291e+00   2.9141152e+01   3.9425967e+01   3.5655156e+01   8.8148070e+01
   1.9520146e-01   5.1567026e+03   6.9240466e+02   7.7218645e+00   2.0186195e+01   3.2313535e+01   2.8006989e+03   6.4895377e+01   1.2189710e+02   5.9728338e-02   8.3469364e+01   5.0689248e+01   2.7646832e+03   1.7321013e+01   4.9676684e+01   2.9977682e+03   1.7751667e+01   6.2367278e+01   4.0439316e+00   2.7402308e+02   1.0185833e+02   4.5551673e+01   2.9005870e+01   2.7827110e+01   1.8109697e+01   1.2666632e+01   3.5136912e+00   1.3129894e+00   2.7522012e+01   4.5373850e+01   9.4738308e+00   2.0099682e+00   3.8159362e+00   1.8082350e+00   9.4353140e+00   3.9327281e-01   2.9082511e-02   1.5579285e-01   6.6223935e-02   9.0776118e+01   7.8094428e+00   8.9109649e+01   8.4512028e+00   1.8844155e+01   5.1367535e+01   6.7633201e+00   2.9170576e+01   3.9414550e+01   3.5494418e+01   9.2416789e+01
   1.9693839e-01   5.1878814e+03   7.0646589e+02   7.8648321e+00   1.9265604e+01   3.2208764e+01   2.8021020e+03   6.4858542e+01   1.2188733e+02   6.6415294e-02   8.3516115e+01   5.1864872e+01   2.7669032e+03   1.7430896e+01   5.0089261e+01   2.9980282e+03   1.7954957e+01   6.2349716e+01   4.3678678e+00   2.7265807e+02   1.0185579e+02   4.5560995e+01   2.9397074e+01   2.7835072e+01   1.7672406e+01   1.2775207e+01   3.8501474e+00   1.3174372e+00   2.7409097e+01   4.5114347e+01   9.2380025e+00   2.2972591e+00   3.9030109e+00   1.8208733e+00   9.4594153e+00   4.5194665e-01   3.4296482e-02   1.6319138e-01   6.9213076e-02   9.0572066e+01   8.5291039e+00   8.9077183e+01   8.4904144e+00   1.9341608e+01   5.1331681e+01   7.4022257e+00   2.9174796e+01   3.9464811e+01   3.5710709e+01   8.7861917e+01
   1.9169406e-01   5.1616080e+03   6.8079038e+02   7.8656866e+00   1.9911595e+01   3.2305004e+01   2.8030323e+03   6.5201582e+01   1.2190109e+02   7.5603080e-02   8.3462283e+01   5.1090507e+01   2.7681003e+03   1.7501301e+01   5.1158423e+01   2.9988037e+03   1.8043585e+01   6.2342760e+01   7.1898116e+00   2.7208852e+02   1.0186419e+02   4.5569896e+01   2.9813647e+01   2.8061768e+01   1.8316926e+01   1.2697697e+01   4.0498700e+00   1.2977293e+00   2.7470291e+01   4.5297623e+01   9.4088981e+00   2.3055963e+00   4.5156095e+00   1.8157738e+00   9.4739362e+00   4.1915241e-01   3.4296482e-02   1.6319138e-01   6.9213076e-02   9.0572066e+01   8.5291039e+00   8.9050055e+01   8.4941316e+00   1.8947615e+01   5.1463579e+01   8.2415657e+00   2.9169753e+01   3.9439989e+01   3.5411329e+01   8.7938229e+01
   1.9446452e-01   5.1700135e+03   7.1290675e+02   7.8554740e+00   1.9556434e+01   3.1994680e+01   2.8034221e+03   6.5035542e+01   1.2189234e+02   9.0502529e-02   8.3490301e+01   4.9583317e+01   2.7681778e+03   1.7477155e+01   5.3130258e+01   2.9997397e+03   1.7967494e+01   6.2366054e+01   5.2371804e+00   2.7273046e+02   1.0187775e+02   4.5556205e+01   2.8711985e+01   2.7793661e+01   1.8048387e+01   1.2726816e+01   4.2107217e+00   1.3326317e+00   2.7697695e+01   4.5162497e+01   9.1443445e+00   2.1059553e+00   4.1414316e+00   1.8217616e+00   9.4232929e+00   5.0038740e-01   3.4296482e-02   1.6319138e-01   6.9213076e-02   9.0572066e+01   8.5291039e+00   8.9040877e+01   8.4872538e+00   1.9114110e+01   5.1214765e+01   9.4370187e+00   2.9154826e+01   3.9455432e+01   3.5511168e+01   8.8982573e+01
   1.9907207e-01   5.1502294e+03   6.6752112e+02   7.7576272e+00   1.9620375e+01   3.2657232e+01   2.8027498e+03   6.5649075e+01   1.2189744e+02   9.4277051e-02   8.3401757e+01   4.9016350e+01   2.7665501e+03   1.7467197e+01   5.0878906e+01   2.9992881e+03   1.8096628e+01   6.2344847e+01   6.6936998e+00   2.7368961e+02   1.0188486e+02   4.5543068e+01   2.9336486e+01   2.8016421e+01   1.8146964e+01   1.2735364e+01   3.9191497e+00   1.2659967e+00   2.7787004e+01   4.5236179e+01   9.4773798e+00   2.2011502e+00   3.8614935e+00   1.8358383e+00   9.3982813e+00   4.3813277e-01   1.4814174e-02   1.6647561e-01   7.6299127e-02   9.0387127e+01   8.0221611e+00   8.9013132e+01   8.4749380e+00   1.9635843e+01   5.1262720e+01   1.0267714e+01   2.9151988e+01   3.9429811e+01   3.5441851e+01   8.6883877e+01
   2.0117763e-01   5.1936960e+03   6.7456937e+02   7.9497454e+00   1.9952866e+01   3.1926932e+01   2.8014999e+03   6.4801144e+01   1.2189901e+02   9.9272466e-02   8.3404824e+01   4.8935734e+01   2.7659285e+03   1.7599620e+01   5.0693647e+01   2.9992280e+03   1.8152140e+01   6.2336916e+01   4.4816494e+00   2.7400117e+02   1.0188435e+02   4.5587754e+01   2.9376078e+01   2.7876565e+01   1.7702210e+01   1.2542905e+01   3.8113863e+00   1.3029391e+00   2.7912341e+01   4.5131741e+01   9.3480565e+00   2.3334623e+00   3.7859423e+00   1.8013452e+00   9.4170040e+00   4.5055049e-01   1.4814174e-02   1.6647561e-01   7.6299127e-02   9.0387127e+01   8.0221611e+00   8.9051587e+01   8.4625256e+00   1.9673647e+01   5.1350572e+01   1.0778126e+01   2.9185403e+01   3.9462045e+01   3.5634895e+01   9.0639778e+01
   1.9661214e-01   5.1702193e+03   7.1864556e+02   7.8691935e+00   1.9795085e+01   3.2460565e+01   2.8026928e+03   6.4457797e+01   1.2191482e+02   1.0021230e-01   8.3485715e+01   5.1191582e+01   2.7670382e+03   1.7645287e+01   5.0983005e+01   2.9986185e+03   1.8088807e+01   6.2316096e+01   4.2418575e+00   2.7290017e+02   1.0190303e+02   4.5551836e+01   2.9120990e+01   2.7823191e+01   1.7819658e+01   1.2710745e+01   4.1681820e+00   1.2579263e+00   2.7693226e+01   4.5031005e+01   9.1627323e+00   2.2498068e+00   3.7404686e+00   1.8098951e+00   9.4445747e+00   5.2338514e-01   3.4498867e-02   1.5949248e-01   6.0276870e-02   9.0106574e+01   8.0086596e+00   8.9041346e+01   8.4392903e+00   1.9235054e+01   5.1402105e+01   1.1159012e+01   2.9155984e+01   3.9455653e+01   3.5552999e+01   8.5895355e+01
   1.9388628e-01   5.1811869e+03   7.0515618e+02   7.7975037e+00   1.9832216e+01   3.2172772e+01   2.8019921e+03   6.4267081e+01   1.2189223e+02   1.0543523e-01   8.3473402e+01   4.8322067e+01   2.7662202e+03   1.7553886e+01   5.0267064e+01   2.9982766e+03   1.7716434e+01   6.2317594e+01   6.7142126e+00   2.7326178e+02   1.0188816e+02   4.5573033e+01   2.9275868e+01   2.7794185e+01   1.8092376e+01   1.2672165e+01   3.8307267e+00   1.2959887e+00   2.7713041e+01   4.5235827e+01   9.3422030e+00   2.3849982e+00   4.1277751e+00   1.8090695e+00   9.3341149e+00   4.7682258e-01   3.4498867e-02   1.5949248e-01   6.0276870e-02   9.0106574e+01   8.0086596e+00   8.9062729e+01   8.4259696e+00   1.9264417e+01   5.1436128e+01   1.1609292e+01   2.9184222e+01   3.9451267e+01   3.5506512e+01   9.0039139e+01
   1.9880910e-01   5.1744962e+03   7.2493838e+02   7.8503765e+00   1.9512567e+01   3.2022669e+01   2.8014286e+03   6.4848172e+01   1.2189561e+02   1.0925681e-01   8.3513538e+01   5.1836946e+01   2.7669813e+03   1.7624054e+01   4.9808391e+01   2.9981454e+03   1.8092456e+01   6.2317556e+01   5.5459766e+00   2.7198010e+02   1.0189904e+02   4.5546330e+01   2.9513926e+01   2.7716490e+01   1.7441205e+01   1.2774159e+01   4.3776126e+00   1.2716265e+00   2.7471754e+01   4.5149588e+01   9.2849960e+00   2.2519586e+00   4.0311125e+00   1.8503721e+00   9.4410724e+00   5.0022007e-01   3.4498867e-02   1.5949248e-01   6.0276870e-02   9.0106574e+01   8.0086596e+00   8.9086090e+01   8.4285588e+00   1.9468354e+01   5.1387918e+01   1.1877620e+01   2.9165944e+01   3.9459724e+01   3.5606084e+01   8.9443596e+01
   1.9260587e-01   5.2043456e+03   7.0298733e+02   7.8023729e+00   1.9849576e+01   3.2449239e+01   2.8001989e+03   6.5203634e+01   1.2188778e+02   1.1169856e-01   8.3487911e+01   5.0168365e+01   2.7645697e+03   1.7475173e+01   5.1596997e+01   2.9979518e+03   1.7931573e+01   6.2321227e+01   4.5815846e+00   2.7406914e+02   1.0190095e+02   4.5549437e+01   2.9677241e+01   2.8014503e+01   1.7937850e+01   1.2562869e+01   3.9149783e+00   1.2644599e+00   2.8181406e+01   4.5317820e+01   9.1637847e+00   2.1150648e+00   3.7186065e+00   1.8128638e+00   9.3905305e+00   5.5352733e-01   3.7362505e-02   1.5723630e-01   8.2836847e-02   9.0343435e+01   7.9897120e+00   8.9067380e+01   8.4290858e+00   1.8773932e+01   5.1504981e+01   1.2058817e+01   2.9173482e+01   3.9448211e+01   3.5451343e+01   9.3520646e+01
   1.9023582e-01   5.1530300e+03   7.1219623e+02   7.8228982e+00   1.9754744e+01   3.2352696e+01   2.8002824e+03   6.5123775e+01   1.2190388e+02   1.1095287e-01   8.3506660e+01   5.1885842e+01   2.7646061e+03   1.7693816e+01   5.0450527e+01   2.9973490e+03   1.8015344e+01   6.2356580e+01   5.7965485e+00   2.7339084e+02   1.0189881e+02   4.5594453e+01   2.9230496e+01   2.7969678e+01   1.7735880e+01   1.2682273e+01   3.5811804e+00   1.2962680e+00   2.7778986e+01   4.5113277e+01   9.1575944e+00   2.2352479e+00   4.4425807e+00   1.7963452e+00   9.3363660e+00   4.3816913e-01   3.7362505e-02   1.5723630e-01   8.2836847e-02   9.0343435e+01   7.9897120e+00   8.9060222e+01   8.4320269e+00   1.8758034e+01   5.1331870e+01   1.2110945e+01   2.9173508e+01   3.9447635e+01   3.5539538e+01   9.1135825e+01
   1.9030897e-01   5.1533750e+03   6.9158441e+02   7.8278147e+00   1.9823464e+01   3.1596245e+01   2.8010423e+03   6.4698441e+01   1.2190234e+02   1.1024975e-01   8.3576868e+01   4.8865155e+01   2.7649676e+03   1.7666893e+01   5.0304969e+01   2.9965002e+03   1.8033360e+01   6.2337860e+01   5.1587188e+00   2.7266937e+02   1.0185713e+02   4.5526648e+01   2.9397872e+01   2.7876029e+01   1.8250803e+01   1.2921896e+01   4.0304099e+00   1.2546239e+00   2.8016004e+01   4.5274281e+01   9.1457408e+00   2.2171043e+00   3.9922496e+00   1.8236925e+00   9.4238686e+00   5.1774183e-01   1.3756835e-02   1.5976898e-01   7.6960516e-02   9.0428961e+01   8.4569821e+00   8.9050035e+01   8.4530960e+00   1.8810333e+01   5.1456910e+01   1.2008262e+01   2.9149346e+01   3.9444373e+01   3.5642294e+01   8.9271641e+01
   1.9433990e-01   5.2030771e+03   7.4361221e+02   7.8307798e+00   1.9625141e+01   3.2351866e+01   2.7989747e+03   6.4689272e+01   1.2190043e+02   1.0890255e-01   8.3523188e+01   5.0418638e+01   2.7638884e+03   1.7522479e+01   5.0246748e+01   2.9963008e+03   1.8035286e+01   6.2361724e+01   5.3112449e+00   2.7302505e+02   1.0187216e+02   4.5568012e+01   2.9479811e+01   2.7741119e+01   1.8065833e+01   1.2662924e+01   3.6659861e+00   1.3074807e+00   2.7659509e+01   4.5278887e+01   9.0248199e+00   2.0562396e+00   3.9959490e+00   1.7795680e+00   9.4192562e+00   4.6466620e-01   1.3756835e-02   1.5976898e-01   7.6960516e-02   9.0428961e+01   8.4569821e+00   8.9052613e+01   8.4853771e+00   1.9241817e+01   5.1290130e+01   1.1671393e+01   2.9156551e+01   3.9465836e+01   3.5352000e+01   8.8672604e+01
   1.9450086e-01   5.1732772e+03   6.8227421e+02   7.8782635e+00   2.0621071e+01   3.2046934e+01   2.7983808e+03   6.5144035e+01   1.2188482e+02   1.0354455e-01   8.3552511e+01   4.9248875e+01   2.7629998e+03   1.7664964e+01   4.9076418e+01   2.9956702e+03   1.7881092e+01   6.2354603e+01   3.9596661e+00   2.7361916e+02   1.0187570e+02   4.5525355e+01   2.9164804e+01   2.7978004e+01   1.7712967e+01   1.2873176e+01   3.6824759e+00   1.3048595e+00   2.7943175e+01   4.5096795e+01   8.6664455e+00   2.1955502e+00   3.8969813e+00   1.7764931e+00   9.4067375e+00   4.7360563e-01   1.3756835e-02   1.5976898e-01   7.6960516e-02   9.0428961e+01   8.4569821e+00   8.9010381e+01   8.5038349e+00   1.9266210e+01   5.1314780e+01   1.1116340e+01   2.9126725e+01   3.9442059e+01   3.5393380e+01   8.6121366e+01
   1.9257939e-01   5.1796342e+03   7.1401819e+02   7.9005204e+00   1.9625974e+01   3.2271447e+01   2.7983753e+03   6.5687747e+01   1.2189105e+02   9.6187659e-02   8.3545457e+01   5.1068870e+01   2.7634623e+03   1.7541781e+01   5.0662854e+01   2.9949878e+03   1.8116038e+01   6.2351256e+01   4.9097080e+00   2.7261916e+02   1.0189198e+02   4.5553770e+01   2.9267221e+01   2.7698843e+01   1.8137098e+01   1.2658177e+01   3.9381501e+00   1.2746587e+00   2.7421692e+01   4.4997415e+01   9.1461478e+00   2.3607840e+00   3.9621681e+00   1.8306202e+00   9.4654666e+00   4.4635205e-01   9.9431849e-03   1.5334766e-01   5.3971956e-02   9.0195399e+01   7.6823650e+00   8.9030593e+01   8.4967267e+00   1.9129866e+01   5.1457313e+01   1.0556572e+01   2.9106347e+01   3.9449873e+01   3.5481687e+01   8.7527628e+01
   1.9683702e-01   5.1700005e+03   6.8208862e+02   7.8796133e+00   1.9407987e+01   3.2135908e+01   2.7982246e+03   6.5526508e+01   1.2190500e+02   9.2020209e-02   8.3557249e+01   4.9536710e+01   2.7631208e+03   1.7383337e+01   5.1263229e+01   2.9947320e+03   1.7936899e+01   6.2365014e+01   5.5818398e+00   2.7236034e+02   1.0189484e+02   4.5532617e+01   2.9442835e+01   2.7698838e+01   1.8256018e+01   1.2818410e+01   3.8214859e+00   1.3234109e+00   2.7729013e+01   4.5236585e+01   9.4893689e+00   2.3053704e+00   4.1951231e+00   1.8272589e+00   9.3798543e+00   5.2446735e-01   9.9431849e-03   1.5334766e-01   5.3971956e-02   9.0195399e+01   7.6823650e+00   8.9038718e+01   8.4602137e+00   1.9407166e+01   5.1331476e+01   9.9009019e+00   2.9140013e+01   3.9418106e+01   3.5473933e+01   8.9571337e+01
   2.0072679e-01   5.1606667e+03   6.6849473e+02   7.8610022e+00   1.9998764e+01   3.2142931e+01   2.7980266e+03   6.4530530e+01   1.2191079e+02   8.5414576e-02   8.3492530e+01   4.9869614e+01   2.7631519e+03   1.7610632e+01   5.0073384e+01   2.9943670e+03   1.7993203e+01   6.2363064e+01   7.0360478e+00   2.7264065e+02   1.0188038e+02   4.5551544e+01   2.9171392e+01   2.7672564e+01   1.7820963e+01   1.2618768e+01   3.5084717e+00   1.2442481e+00   2.8004759e+01   4.5217713e+01   8.8898041e+00   2.1990947e+00   4.2226152e+00   1.7922622e+00   9.4264064e+00   5.2003027e-01   3.7675308e-02   1.5512954e-01   6.6206615e-02   8.9630925e+01   7.2450046e+00   8.9044858e+01   8.4641565e+00   1.9607899e+01   5.1285182e+01   9.2363072e+00   2.9153429e+01   3.9434042e+01   3.5520959e+01   8.7288928e+01
   1.9911004e-01   5.1676959e+03   7.1910392e+02   7.8260550e+00   1.9446719e+01   3.2493758e+01   2.7989258e+03   6.4978713e+01   1.2190237e+02   7.9153399e-02   8.3584417e+01   5.0512546e+01   2.7641308e+03   1.7555675e+01   4.9592510e+01   2.9950942e+03   1.8048681e+01   6.2350114e+01   5.4565132e+00   2.7250079e+02   1.0187212e+02   4.5527324e+01   2.9413256e+01   2.7855715e+01   1.7904522e+01   1.2714743e+01   3.6315264e+00   1.2724147e+00   2.8133000e+01   4.5124064e+01   9.3850578e+00   2.1290576e+00   3.6709798e+00   1.7970716e+00   9.4413084e+00   5.0755846e-01   3.7675308e-02   1.5512954e-01   6.6206615e-02   8.9630925e+01   7.2450046e+00   8.9101435e+01   8.3719151e+00   1.9456950e+01   5.1383309e+01   8.6942116e+00   2.9122343e+01   3.9424247e+01   3.5570078e+01   8.9392008e+01
   1.9371791e-01   5.1727904e+03   6.6858856e+02   7.9275335e+00   2.0052992e+01   3.2386792e+01   2.7990803e+03   6.4456282e+01   1.2190341e+02   7.7799557e-02   8.3507011e+01   4.9161636e+01   2.7636196e+03   1.7743196e+01   4.9954073e+01   2.9959241e+03   1.7765706e+01   6.2360562e+01   6.1109863e+00   2.7342761e+02   1.0187526e+02   4.5540107e+01   2.9439177e+01   2.7844976e+01   1.7709456e+01   1.2633974e+01   3.5553601e+00   1.2606671e+00   2.7918873e+01   4.5051532e+01   9.0916639e+00   2.2115784e+00   3.8288641e+00   1.8339177e+00   9.3746147e+00   6.0182884e-01   3.7675308e-02   1.5512954e-01   6.6206615e-02   8.9630925e+01   7.2450046e+00   8.9142968e+01   8.3406887e+00   1.9325724e+01   5.1384475e+01   8.5203398e+00   2.9125447e+01   3.9441888e+01   3.5614418e+01   8.7783935e+01
   1.9251129e-01   5.1755815e+03   6.8533662e+02   7.7913103e+00   1.9495401e+01   3.2105376e+01   2.7992486e+03   6.5322333e+01   1.2192024e+02   7.6381151e-02   8.3529034e+01   5.0759235e+01   2.7638393e+03   1.7928235e+01   4.8729498e+01   2.9966579e+03   1.8080022e+01   6.2351323e+01   5.5640276e+00   2.7417341e+02   1.0183885e+02   4.5540410e+01   2.9375394e+01   2.7867786e+01   1.7732524e+01   1.2575606e+01   3.8269051e+00   1.2902886e+00   2.8064669e+01   4.5235515e+01   9.3402551e+00   2.3351957e+00   3.7623285e+00   1.8131513e+00   9.5194992e+00   4.4154915e-01   4.3018313e-02   1.6186832e-01   6.5739331e-02   9.0292351e+01   8.7520556e+00   8.9139836e+01   8.3889755e+00   1.9019406e+01   5.1418563e+01   8.5168748e+00   2.9128804e+01   3.9433917e+01   3.5509453e+01   8.8436376e+01
   1.9120969e-01   5.2116248e+03   6.8758625e+02   7.9229728e+00   1.9344397e+01   3.2359324e+01   2.8002363e+03   6.4966878e+01   1.2188463e+02   7.8633068e-02   8.3514105e+01   4.9815114e+01   2.7650126e+03   1.7415002e+01   4.8296329e+01   2.9968081e+03   1.7929261e+01   6.2360627e+01   7.6430354e+00   2.7280358e+02   1.0187121e+02   4.5541242e+01   3.0032608e+01   2.7728785e+01   1.8240426e+01   1.2719749e+01   4.0723825e+00   1.3111228e+00   2.7801894e+01   4.5179426e+01   9.4270342e+00   2.0801447e+00   4.0965072e+00   1.8729041e+00   9.3692083e+00   5.1760657e-01   4.3018313e-02   1.6186832e-01   6.5739331e-02   9.0292351e+01   8.7520556e+00   8.9110688e+01   8.4386218e+00   1.8900922e+01   5.1445000e+01   8.6248251e+00   2.9133835e+01   3.9428321e+01   3.5512103e+01   8.8617537e+01
   1.9152381e-01   5.1751110e+03   6.7979362e+02   7.7849332e+00   1.9240187e+01   3.1907951e+01   2.7999255e+03   6.4787195e+01   1.2188649e+02   8.0803322e-02   8.3520818e+01   4.9501668e+01   2.7650178e+03   1.7252134e+01   5.0938628e+01   2.9966691e+03   1.8219994e+01   6.2364664e+01   5.6202350e+00   2.7282713e+02   1.0186533e+02   4.5541575e+01   2.8992366e+01   2.7774522e+01   1.8124884e+01   1.2558479e+01   4.1450625e+00   1.2931032e+00   2.8157788e+01   4.5151678e+01   9.8336266e+00   2.2513927e+00   4.4496274e+00   1.8551168e+00   9.4725937e+00   4.9914163e-01   3.1892663e-02   1.6013259e-01   7.6785995e-02   8.9254068e+01   8.6781419e+00   8.9092304e+01   8.4497084e+00   1.8935609e+01   5.1297551e+01   8.7160383e+00   2.9138607e+01   3.9424452e+01   3.5666880e+01   8.9792664e+01
   1.9766290e-01   5.1703712e+03   6.8426464e+02   7.7852833e+00   1.9815063e+01   3.2233841e+01   2.7995747e+03   6.4791544e+01   1.2186307e+02   7.9388999e-02   8.3479109e+01   5.0921060e+01   2.7640563e+03   1.7739392e+01   5.0248919e+01   2.9968983e+03   1.8157328e+01   6.2354182e+01   6.7809165e+00   2.7383081e+02   1.0183284e+02   4.5545945e+01   2.9321116e+01   2.7976858e+01   1.7926882e+01   1.2747575e+01   4.1812896e+00   1.2750688e+00   2.8241388e+01   4.5101206e+01   9.2172228e+00   2.1651634e+00   3.7391410e+00   1.8466158e+00   9.4336786e+00   5.4997204e-01   3.1892663e-02   1.6013259e-01   7.6785995e-02   8.9254068e+01   8.6781419e+00   8.9174551e+01   8.3202658e+00   1.9469909e+01   5.1352398e+01   8.7091677e+00   2.9155850e+01   3.9411255e+01   3.5622091e+01   8.7240743e+01
   1.9720186e-01   5.2177518e+03   6.6584097e+02   7.8064462e+00   1.9637715e+01   3.2150040e+01   2.7996212e+03   6.6090140e+01   1.2190316e+02   8.2522277e-02   8.3467830e+01   5.0940152e+01   2.7648675e+03   1.7723245e+01   4.8339973e+01   2.9970825e+03   1.7990334e+01   6.2338370e+01   3.3809682e+00   2.7308271e+02   1.0188669e+02   4.5553923e+01   2.9201949e+01   2.7770746e+01   1.7779483e+01   1.2615535e+01   4.0005299e+00   1.2632363e+00   2.7443984e+01   4.5082141e+01   8.9648105e+00   2.2272666e+00   4.1725078e+00   1.8135982e+00   9.4443979e+00   4.5550319e-01   3.1892663e-02   1.6013259e-01   7.6785995e-02   8.9254068e+01   8.6781419e+00   8.9233732e+01   8.2459165e+00   1.9392324e+01   5.1401403e+01   8.7063239e+00   2.9141333e+01   3.9417387e+01   3.5603019e+01   8.8507458e+01
   1.9627752e-01   5.1868274e+03   6.8487836e+02   7.8123130e+00   2.0129940e+01   3.2181522e+01   2.7999020e+03   6.4069857e+01   1.2188921e+02   8.4867295e-02   8.3496254e+01   5.0988881e+01   2.7636900e+03   1.7735020e+01   5.0975714e+01   2.9978347e+03   1.8220562e+01   6.2351559e+01   6.1340831e+00   2.7526954e+02   1.0184820e+02   4.5566873e+01   2.9347585e+01   2.8025149e+01   1.7933405e+01   1.2706408e+01   4.0310611e+00   1.2793448e+00   2.7795641e+01   4.5160470e+01   9.4805920e+00   2.0553562e+00   4.2232146e+00   1.8215747e+00   9.4475435e+00   4.9572648e-01   3.2454951e-02   1.6396959e-01   5.3386553e-02   9.0322450e+01   7.8521609e+00   8.9180825e+01   8.2893318e+00   1.9272016e+01   5.1407646e+01   9.0042169e+00   2.9135854e+01   3.9390040e+01   3.5501774e+01   8.6107782e+01
   1.9652040e-01   5.1935808e+03   7.1690185e+02   7.8694687e+00   1.9889745e+01   3.2307738e+01   2.8008894e+03   6.4954988e+01   1.2191387e+02   8.5069098e-02   8.3474613e+01   4.8449147e+01   2.7653881e+03   1.7535726e+01   5.0270971e+01   2.9975896e+03   1.7912349e+01   6.2340020e+01   5.5679308e+00   2.7276065e+02   1.0184994e+02   4.5574059e+01   2.9150460e+01   2.7740767e+01   1.8303521e+01   1.2526251e+01   3.6294023e+00   1.2695354e+00   2.7881639e+01   4.5127934e+01   9.5522387e+00   2.2333062e+00   4.5650351e+00   1.8154247e+00   9.5263043e+00   4.4367743e-01   3.2454951e-02   1.6396959e-01   5.3386553e-02   9.0322450e+01   7.8521609e+00   8.9167610e+01   8.3859844e+00   1.9286559e+01   5.1428780e+01   9.1575221e+00   2.9153138e+01   3.9448322e+01   3.5556223e+01   8.8903415e+01
   2.0073382e-01   5.1961350e+03   7.0820562e+02   7.8730870e+00   1.9470738e+01   3.1908904e+01   2.8000656e+03   6.4168121e+01   1.2189934e+02   8.6933924e-02   8.3432371e+01   5.0670361e+01   2.7648265e+03   1.7518659e+01   4.8556833e+01   2.9968596e+03   1.7999571e+01   6.2336188e+01   4.9795017e+00   2.7348729e+02   1.0185006e+02   4.5562021e+01   2.9204646e+01   2.7925097e+01   1.7989602e+01   1.2691767e+01   3.4024684e+00   1.2561359e+00   2.8131758e+01   4.5125826e+01   9.4535407e+00   2.3021256e+00   4.1345521e+00   1.8280242e+00   9.4879054e+00   4.8321943e-01   1.9638294e-02   1.5010129e-01   7.3449186e-02   9.0306990e+01   8.5696106e+00   8.9108354e+01   8.4247507e+00   1.9785620e+01   5.1291614e+01   9.4257972e+00   2.9116883e+01   3.9414789e+01   3.5503016e+01   8.9595387e+01
   2.0052915e-01   5.1755553e+03   6.6837027e+02   7.7899273e+00   1.9721101e+01   3.2118353e+01   2.7997435e+03   6.5025311e+01   1.2191963e+02   8.6774255e-02   8.3403077e+01   5.0144768e+01   2.7646542e+03   1.7464331e+01   4.9787581e+01   2.9970419e+03   1.8035761e+01   6.2313783e+01   4.4791184e+00   2.7400199e+02   1.0187070e+02   4.5583367e+01   2.9230279e+01   2.7921825e+01   1.8681185e+01   1.2728225e+01   3.8467229e+00   1.3022522e+00   2.7731166e+01   4.5132834e+01   9.1512434e+00   2.1030776e+00   4.1780340e+00   1.8544175e+00   9.4795568e+00   5.3554111e-01   1.9638294e-02   1.5010129e-01   7.3449186e-02   9.0306990e+01   8.5696106e+00   8.9087075e+01   8.4141792e+00   1.9755929e+01   5.1407005e+01   9.1987704e+00   2.9143318e+01   3.9440298e+01   3.5538993e+01   8.9366102e+01
   2.1001371e-01   5.1713677e+03   6.9219362e+02   7.8258510e+00   2.0083890e+01   3.2147189e+01   2.8008742e+03   6.4952222e+01   1.2189354e+02   8.6088232e-02   8.3465952e+01   4.9797718e+01   2.7651645e+03   1.7626811e+01   5.0651109e+01   2.9969954e+03   1.7900284e+01   6.2344844e+01   6.5707859e+00   2.7271390e+02   1.0185879e+02   4.5564627e+01   2.9918274e+01   2.7683772e+01   1.7853630e+01   1.2774380e+01   4.0757846e+00   1.2972467e+00   2.7797803e+01   4.5257654e+01   9.2377364e+00   2.2274990e+00   4.0390885e+00   1.7754370e+00   9.3951431e+00   4.7492997e-01   1.9638294e-02   1.5010129e-01   7.3449186e-02   9.0306990e+01   8.5696106e+00   8.9082193e+01   8.4291111e+00   2.0433562e+01   5.1161328e+01   9.3784215e+00   2.9157098e+01   3.9430335e+01   3.5438165e+01   8.8142193e+01
   2.0054612e-01   5.1983075e+03   7.2605155e+02   7.7705673e+00   1.9697513e+01   3.2528938e+01   2.7999629e+03   6.4961615e+01   1.2189756e+02   8.6930237e-02   8.3418930e+01   5.0959285e+01   2.7634846e+03   1.7505577e+01   5.1146051e+01   2.9981517e+03   1.8170557e+01   6.2330739e+01   5.3869288e+00   2.7528058e+02   1.0185186e+02   4.5589617e+01   2.9552744e+01   2.7685924e+01   1.7934352e+01   1.2682787e+01   3.9922132e+00   1.3099394e+00   2.7434977e+01   4.5108299e+01   8.7187923e+00   2.3275198e+00   3.5524927e+00   1.8646844e+00   9.2818097e+00   4.8273596e-01   1.7229536e-02   1.6791405e-01   8.0365737e-02   9.0085258e+01   8.0829219e+00   8.9080871e+01   8.4276017e+00   1.9616379e+01   5.1366274e+01   9.4854091e+00   2.9170219e+01   3.9437202e+01   3.5532590e+01   8.9772338e+01
   1.9660880e-01   5.1876591e+03   6.7882937e+02   7.8033712e+00   1.9480655e+01   3.2062219e+01   2.8006361e+03   6.4734554e+01   1.2188094e+02   8.7472022e-02   8.3422864e+01   5.0746969e+01   2.7647177e+03   1.7575226e+01   5.0688688e+01   2.9975139e+03   1.8047455e+01   6.2357708e+01   7.5158334e+00   2.7377293e+02   1.0186243e+02   4.5593355e+01   2.9723402e+01   2.7613082e+01   1.7810234e+01   1.2619424e+01   3.4174377e+00   1.2922247e+00   2.7977618e+01   4.4986731e+01   9.5252768e+00   2.2885514e+00   4.1984277e+00   1.8137143e+00   9.4354217e+00   4.7020986e-01   1.7229536e-02   1.6791405e-01   8.0365737e-02   9.0085258e+01   8.0829219e+00   8.9091138e+01   8.3959650e+00   1.9444187e+01   5.1316646e+01   9.6192995e+00   2.9144876e+01   3.9412240e+01   3.5648930e+01   8.9162497e+01
   1.9565034e-01   5.1966370e+03   7.2677363e+02   7.7558619e+00   1.9727265e+01   3.2224657e+01   2.8008990e+03   6.5977248e+01   1.2189146e+02   8.8365648e-02   8.3478731e+01   5.2632542e+01   2.7656609e+03   1.7536053e+01   5.1576761e+01   2.9974688e+03   1.8064014e+01   6.2334646e+01   7.6031735e+00   2.7272800e+02   1.0185213e+02   4.5584779e+01   2.9555111e+01   2.7798469e+01   1.7714235e+01   1.2542901e+01   3.9219189e+00   1.3380758e+00   2.7535421e+01   4.5142505e+01   8.9109226e+00   2.2354727e+00   3.8350021e+00   1.7972243e+00   9.3818959e+00   4.6795478e-01   2.8046724e-02   1.6224000e-01   6.2316277e-02   8.8918731e+01   7.9756669e+00   8.9098719e+01   8.3896729e+00   1.9111722e+01   5.1444452e+01   9.9028137e+00   2.9162160e+01   3.9465061e+01   3.5491001e+01   8.7249265e+01
   1.9238225e-01   5.1729713e+03   7.1573974e+02   7.8513775e+00   2.0386218e+01   3.2007208e+01   2.8011912e+03   6.4017927e+01   1.2188018e+02   9.3726382e-02   8.3500924e+01   4.9077258e+01   2.7658013e+03   1.7758212e+01   4.8590332e+01   2.9984405e+03   1.7962638e+01   6.2335920e+01   6.4724041e+00   2.7373132e+02   1.0188807e+02   4.5560378e+01   2.9545556e+01   2.7801661e+01   1.7882729e+01   1.2509128e+01   4.1894692e+00   1.3266052e+00   2.7566692e+01   4.5052621e+01   9.0857543e+00   2.4375485e+00   3.8139219e+00   1.7868243e+00   9.3636395e+00   4.2931096e-01   2.8046724e-02   1.6224000e-01   6.2316277e-02   8.8918731e+01   7.9756669e+00   8.9208341e+01   8.2378857e+00   1.8903239e+01   5.1453559e+01   1.0413890e+01   2.9175706e+01   3.9452657e+01   3.5425452e+01   8.8546921e+01
   1.9352779e-01   5.1939506e+03   6.7677300e+02   7.7620848e+00   2.0180885e+01   3.2382463e+01   2.8006490e+03   6.4957282e+01   1.2190370e+02   9.7136793e-02   8.3493845e+01   4.8962007e+01   2.7652454e+03   1.7517746e+01   4.9212542e+01   2.9975826e+03   1.8102650e+01   6.2332159e+01   7.4263258e+00   2.7433043e+02   1.0187945e+02   4.5569763e+01   2.9285328e+01   2.7756489e+01   1.8299894e+01   1.2588401e+01   2.9002920e+00   1.2925967e+00   2.7501668e+01   4.5084548e+01   9.1751429e+00   2.0364686e+00   3.9886586e+00   1.8443757e+00   9.3973815e+00   4.3374887e-01   2.8046724e-02   1.6224000e-01   6.2316277e-02   8.8918731e+01   7.9756669e+00   8.9273313e+01   8.1724974e+00   1.8945563e+01   5.1329909e+01   1.0736067e+01   2.9153264e+01   3.9438495e+01   3.5711109e+01   8.8737802e+01
   1.9744690e-01   5.1832365e+03   6.7461554e+02   7.9267061e+00   1.9737756e+01   3.2042476e+01   2.7986878e+03   6.5399502e+01   1.2191633e+02   9.7666729e-02   8.3443084e+01   4.7711393e+01   2.7636716e+03   1.7536732e+01   5.0036626e+01   2.9946555e+03   1.8124563e+01   6.2361453e+01   3.5655006e+00   2.7277722e+02   1.0186985e+02   4.5587701e+01   2.9360291e+01   2.7568894e+01   1.8503099e+01   1.2675844e+01   3.4808696e+00   1.2907387e+00   2.7780076e+01   4.5081981e+01   9.1126817e+00   2.4134468e+00   3.6648195e+00   1.8520880e+00   9.3662090e+00   5.6683888e-01   3.0126618e-02   1.7186050e-01   5.9672160e-02   9.0253203e+01   8.3777089e+00   8.9245524e+01   8.2672835e+00   1.9542890e+01   5.1295988e+01   1.0496540e+01   2.9153773e+01   3.9425655e+01   3.5602090e+01   8.7719199e+01
   2.0497124e-01   5.1599219e+03   7.1566704e+02   7.7582879e+00   1.9669222e+01   3.1955119e+01   2.7986313e+03   6.4399351e+01   1.2189661e+02   9.2821904e-02   8.3515305e+01   5.0640743e+01   2.7632683e+03   1.7707954e+01   4.9978690e+01   2.9943969e+03   1.8072211e+01   6.2396972e+01   6.0354671e+00   2.7233718e+02   1.0184776e+02   4.5602082e+01   2.9838894e+01   2.7729061e+01   1.7482958e+01   1.2537007e+01   3.8720480e+00   1.2883855e+00   2.7645165e+01   4.5224591e+01   9.4361287e+00   2.1284061e+00   3.7204071e+00   1.7614223e+00   9.4745646e+00   4.6246899e-01   3.0126618e-02   1.7186050e-01   5.9672160e-02   9.0253203e+01   8.3777089e+00   8.9194240e+01   8.3353884e+00   2.0062463e+01   5.1230372e+01   9.7702170e+00   2.9150376e+01   3.9433461e+01   3.5722862e+01   8.8292938e+01
   1.9450406e-01   5.1805340e+03   7.0437556e+02   7.8869298e+00   1.9946214e+01   3.1749694e+01   2.7991606e+03   6.3932519e+01   1.2191487e+02   8.3230211e-02   8.3529058e+01   4.9622190e+01   2.7637042e+03   1.7629469e+01   4.9548917e+01   2.9942775e+03   1.8173111e+01   6.2402999e+01   4.5829642e+00   2.7293104e+02   1.0187179e+02   4.5591276e+01   2.9291197e+01   2.7786052e+01   1.8123878e+01   1.2661221e+01   3.6464527e+00   1.3026091e+00   2.7656584e+01   4.5106232e+01   9.3666958e+00   2.1821499e+00   3.7985231e+00   1.8126268e+00   9.4027652e+00   5.1304064e-01   1.9192416e-02   1.4191258e-01   8.7716101e-02   8.9625353e+01   8.9892641e+00   8.9158757e+01   8.3815954e+00   1.9054427e+01   5.1509247e+01   9.1419278e+00   2.9140196e+01   3.9423775e+01   3.5535684e+01   8.7759568e+01
   1.9848130e-01   5.1839688e+03   6.6852340e+02   7.8160828e+00   1.9506084e+01   3.2067214e+01   2.7988425e+03   6.4016268e+01   1.2188137e+02   7.7209737e-02   8.3533498e+01   4.9681000e+01   2.7640143e+03   1.7583753e+01   4.9720030e+01   2.9952427e+03   1.8097668e+01   6.2375065e+01   4.9014169e+00   2.7289933e+02   1.0187359e+02   4.5564436e+01   2.9210659e+01   2.7611097e+01   1.8095969e+01   1.2688737e+01   3.6920895e+00   1.2734474e+00   2.8208227e+01   4.5094689e+01   9.4528280e+00   2.3073942e+00   3.8970720e+00   1.7838734e+00   9.3915301e+00   3.6978608e-01   1.9192416e-02   1.4191258e-01   8.7716101e-02   8.9625353e+01   8.9892641e+00   8.9204323e+01   8.3130517e+00   1.9445657e+01   5.1289756e+01   8.6892303e+00   2.9148490e+01   3.9438214e+01   3.5524842e+01   9.0669430e+01
   2.0007263e-01   5.1917191e+03   6.7961516e+02   7.7766014e+00   1.9964558e+01   3.2138529e+01   2.7993808e+03   6.4801754e+01   1.2190740e+02   7.7598514e-02   8.3542058e+01   4.8394694e+01   2.7642933e+03   1.7386455e+01   5.0814279e+01   2.9950572e+03   1.8073790e+01   6.2379949e+01   5.4195467e+00   2.7298170e+02   1.0188155e+02   4.5585946e+01   2.9615284e+01   2.7859901e+01   1.8116851e+01   1.2577035e+01   4.2350360e+00   1.2590781e+00   2.8196886e+01   4.5085336e+01   9.2057469e+00   2.1811854e+00   4.1105933e+00   1.8614789e+00   9.3989164e+00   5.0748595e-01   1.9192416e-02   1.4191258e-01   8.7716101e-02   8.9625353e+01   8.9892641e+00   8.9217966e+01   8.2601820e+00   1.9703622e+01   5.1324461e+01   8.5850831e+00   2.9135372e+01   3.9451732e+01   3.5650187e+01   8.9679815e+01
   1.9793211e-01   5.1891164e+03   6.3106494e+02   7.7740504e+00   1.9735377e+01   3.2409600e+01   2.7989883e+03   6.4448529e+01   1.2189433e+02   7.6873302e-02   8.3539812e+01   5.0673920e+01   2.7640061e+03   1.7625763e+01   5.0496893e+01   2.9965424e+03   1.7913609e+01   6.2423673e+01   5.5470487e+00   2.7365611e+02   1.0187091e+02   4.5558506e+01   2.9038175e+01   2.7637499e+01   1.8234455e+01   1.2670956e+01   3.8472488e+00   1.3282679e+00   2.7882910e+01   4.5126150e+01   9.1628360e+00   2.1486683e+00   4.0178742e+00   1.8036127e+00   9.4692908e+00   5.9522500e-01   3.0765964e-02   1.6181723e-01   5.3672985e-02   8.9575946e+01   8.9229985e+00   8.9235003e+01   8.2571926e+00   1.9627260e+01   5.1341930e+01   8.4275062e+00   2.9159192e+01   3.9417673e+01   3.5570060e+01   8.8211262e+01
   2.0295069e-01   5.1809202e+03   7.4208032e+02   7.8603747e+00   1.9512839e+01   3.2154790e+01   2.7982517e+03   6.4203227e+01   1.2189150e+02   7.7706057e-02   8.3488796e+01   4.9805581e+01   2.7638966e+03   1.7655030e+01   4.8986080e+01   2.9962741e+03   1.8248950e+01   6.2413502e+01   5.8908836e+00   2.7418582e+02   1.0185034e+02   4.5594165e+01   2.9354914e+01   2.7887105e+01   1.7788852e+01   1.2548428e+01   4.2866665e+00   1.3039431e+00   2.8188845e+01   4.4977991e+01   9.2552119e+00   1.9833412e+00   3.9200634e+00   1.8226461e+00   9.4045212e+00   4.8945173e-01   3.0765964e-02   1.6181723e-01   5.3672985e-02   8.9575946e+01   8.9229985e+00   8.9247487e+01   8.2310235e+00   2.0084705e+01   5.1305958e+01   8.3957945e+00   2.9166828e+01   3.9424412e+01   3.5384550e+01   8.7786952e+01
   1.9946779e-01   5.1941328e+03   6.9596568e+02   7.7663116e+00   1.9506564e+01   3.2367595e+01   2.7997449e+03   6.4447771e+01   1.2189491e+02   7.7092487e-02   8.3534335e+01   5.2456377e+01   2.7646937e+03   1.7659296e+01   5.1153703e+01   2.9964078e+03   1.8043610e+01   6.2401879e+01   4.6121045e+00   2.7384890e+02   1.0185206e+02   4.5572251e+01   2.8970262e+01   2.7717504e+01   1.7472223e+01   1.2635220e+01   3.6999443e+00   1.2788081e+00   2.7622322e+01   4.5301281e+01   8.6500260e+00   2.1349775e+00   4.2314198e+00   1.8478924e+00   9.3426266e+00   5.8676769e-01   2.6983139e-02   1.7506148e-01   5.9073481e-02   8.9502115e+01   8.6892947e+00   8.9263870e+01   8.2263992e+00   1.9722766e+01   5.1364546e+01   8.4216359e+00   2.9157266e+01   3.9419026e+01   3.5625377e+01   8.6056436e+01
   1.9837867e-01   5.1682160e+03   6.8073905e+02   7.9240144e+00   1.9676885e+01   3.2133412e+01   2.7998871e+03   6.4712752e+01   1.2190184e+02   7.8831595e-02   8.3490962e+01   5.0398040e+01   2.7655946e+03   1.7420172e+01   5.0036168e+01   2.9971127e+03   1.7999958e+01   6.2357832e+01   5.2328667e+00   2.7397560e+02   1.0183273e+02   4.5576686e+01   2.9438001e+01   2.7777925e+01   1.8001210e+01   1.2696488e+01   3.8256460e+00   1.2767566e+00   2.8022877e+01   4.5220288e+01   9.1217030e+00   2.2202338e+00   4.0838325e+00   1.8472139e+00   9.4276812e+00   5.7108224e-01   2.6983139e-02   1.7506148e-01   5.9073481e-02   8.9502115e+01   8.6892947e+00   8.9298108e+01   8.2227784e+00   1.9429087e+01   5.1535065e+01   8.6464159e+00   2.9156615e+01   3.9423064e+01   3.5589657e+01   8.9345464e+01
   1.9677231e-01   5.1665452e+03   6.8954404e+02   7.9322603e+00   1.9587624e+01   3.1996620e+01   2.8006524e+03   6.5084811e+01   1.2189938e+02   7.9457637e-02   8.3470474e+01   4.9005267e+01   2.7656542e+03   1.7483839e+01   5.0538396e+01   2.9971496e+03   1.8030854e+01   6.2354208e+01   5.2912597e+00   2.7310409e+02   1.0187161e+02   4.5587123e+01   2.9529221e+01   2.7771057e+01   1.8030807e+01   1.2649377e+01   4.3208338e+00   1.3087377e+00   2.7707112e+01   4.5206131e+01   9.4712019e+00   2.1951562e+00   3.8035386e+00   1.8405539e+00   9.4982481e+00   4.2031893e-01   2.6983139e-02   1.7506148e-01   5.9073481e-02   8.9502115e+01   8.6892947e+00   8.9319498e+01   8.2229887e+00   1.9505919e+01   5.1387885e+01   8.9944425e+00   2.9172939e+01   3.9439629e+01   3.5625598e+01   8.9666173e+01
   1.9802022e-01   5.1863100e+03   7.4058990e+02   7.8470232e+00   1.9703454e+01   3.2026053e+01   2.8012074e+03   6.5548883e+01   1.2190768e+02   8.5055159e-02   8.3498476e+01   4.9828704e+01   2.7655822e+03   1.7599927e+01   5.0402206e+01   2.9964570e+03   1.8001686e+01   6.2354166e+01   7.1983871e+00   2.7267758e+02   1.0184766e+02   4.5575733e+01   2.9243309e+01   2.7869434e+01   1.7800382e+01   1.2660770e+01   3.2168872e+00   1.2810539e+00   2.7960778e+01   4.5245889e+01   9.3985317e+00   2.0698852e+00   3.4976035e+00   1.8583695e+00   9.5072427e+00   5.1722569e-01   2.6604750e-02   1.6428863e-01   8.2985251e-02   8.9627992e+01   8.2595148e+00   8.9302973e+01   8.2124273e+00   1.9519974e+01   5.1341098e+01   9.2778949e+00   2.9150671e+01   3.9411684e+01   3.5590323e+01   8.9286534e+01
   1.9578756e-01   5.1610460e+03   6.4351294e+02   7.8435659e+00   1.9484664e+01   3.2005534e+01   2.8007178e+03   6.5078432e+01   1.2190552e+02   8.3042422e-02   8.3478998e+01   4.9523931e+01   2.7653812e+03   1.7372672e+01   5.0778044e+01   2.9963532e+03   1.8028349e+01   6.2345394e+01   5.9571370e+00   2.7304988e+02   1.0184182e+02   4.5617696e+01   2.9792011e+01   2.7792238e+01   1.7759721e+01   1.2679108e+01   4.0558991e+00   1.3006920e+00   2.7871271e+01   4.5197183e+01   9.6283582e+00   2.0690774e+00   4.0408315e+00   1.7734952e+00   9.5000553e+00   4.7088478e-01   2.6604750e-02   1.6428863e-01   8.2985251e-02   8.9627992e+01   8.2595148e+00   8.9298410e+01   8.2041192e+00   1.9477875e+01   5.1427537e+01   9.4263787e+00   2.9140057e+01   3.9417122e+01   3.5664183e+01   8.7519950e+01
   1.9244881e-01   5.1962464e+03   6.6553891e+02   7.7802297e+00   2.0117719e+01   3.2266396e+01   2.8013562e+03   6.5083684e+01   1.2188633e+02   8.7582217e-02   8.3488852e+01   5.0369638e+01   2.7654394e+03   1.7610816e+01   4.9539292e+01   2.9967475e+03   1.8068208e+01   6.2332987e+01   6.5690819e+00   2.7242056e+02   1.0184775e+02   4.5575227e+01   2.9123572e+01   2.7733304e+01   1.8247188e+01   1.2612855e+01   3.8414540e+00   1.2801530e+00   2.8071194e+01   4.5047032e+01   9.0982740e+00   2.3573144e+00   3.9525814e+00   1.7997437e+00   9.4255929e+00   5.0996065e-01   2.3948605e-02   1.4464117e-01   9.3271766e-02   9.1412321e+01   8.1539715e+00   8.9279015e+01   8.1900892e+00   1.9068744e+01   5.1459452e+01   9.7307330e+00   2.9174973e+01   3.9429296e+01   3.5525892e+01   8.7794791e+01
   1.9997572e-01   5.1720166e+03   7.1011004e+02   7.7818243e+00   2.0114132e+01   3.1568098e+01   2.8004786e+03   6.5008919e+01   1.2191086e+02   9.0852522e-02   8.3444226e+01   4.9150124e+01   2.7653111e+03   1.7609897e+01   4.8221228e+01   2.9959570e+03   1.8059767e+01   6.2340602e+01   4.3209480e+00   2.7277251e+02   1.0186539e+02   4.5614308e+01   2.9268475e+01   2.7815645e+01   1.7638180e+01   1.2626911e+01   3.7687827e+00   1.3223412e+00   2.8168164e+01   4.5111585e+01   9.1924508e+00   2.2185389e+00   3.7932325e+00   1.8007081e+00   9.4459299e+00   4.0568442e-01   2.3948605e-02   1.4464117e-01   9.3271766e-02   9.1412321e+01   8.1539715e+00   8.9090364e+01   8.4627515e+00   1.9721423e+01   5.1297688e+01   9.7602421e+00   2.9147236e+01   3.9411704e+01   3.5405834e+01   8.8224939e+01
   1.9702541e-01   5.1481097e+03   6.7746578e+02   7.7203558e+00   1.9688796e+01   3.2114331e+01   2.8015790e+03   6.5378204e+01   1.2188609e+02   9.1979757e-02   8.3476954e+01   5.1055345e+01   2.7664991e+03   1.7680777e+01   4.8987856e+01   2.9969598e+03   1.8047121e+01   6.2357621e+01   7.0988568e+00   2.7294904e+02   1.0187422e+02   4.5625573e+01   2.9181420e+01   2.7911585e+01   1.7878775e+01   1.2762207e+01   3.8128464e+00   1.3258577e+00   2.7545963e+01   4.5087419e+01   8.8546637e+00   2.1630189e+00   3.8539249e+00   1.7812704e+00   9.4825732e+00   5.9077435e-01   2.3948605e-02   1.4464117e-01   9.3271766e-02   9.1412321e+01   8.1539715e+00   8.9017397e+01   8.5662772e+00   1.9404475e+01   5.1512212e+01   1.0109133e+01   2.9157883e+01   3.9449038e+01   3.5556108e+01   9.0578105e+01
   1.9758062e-01   5.1840494e+03   6.6506993e+02   7.8886070e+00   1.9909639e+01   3.2168442e+01   2.8022281e+03   6.4527473e+01   1.2188247e+02   9.8778752e-02   8.3434390e+01   4.9265099e+01   2.7671118e+03   1.7409003e+01   5.0898695e+01   2.9982389e+03   1.7765783e+01   6.2325001e+01   5.4382769e+00   2.7300296e+02   1.0188684e+02   4.5602150e+01   2.9080660e+01   2.7754050e+01   1.7888758e+01   1.2564892e+01   4.1380365e+00   1.2951275e+00   2.7495686e+01   4.5028614e+01   9.4724971e+00   2.0370377e+00   3.9472818e+00   1.8139506e+00   9.3770936e+00   4.4783081e-01   2.1258619e-02   1.5763536e-01   8.1344228e-02   8.9408963e+01   7.7323835e+00   8.9046449e+01   8.4500346e+00   1.9509964e+01   5.1447911e+01   1.0761677e+01   2.9133281e+01   3.9433006e+01   3.5582255e+01   8.6601969e+01
   2.0069146e-01   5.1855163e+03   7.0031612e+02   7.9286415e+00   1.9892850e+01   3.2399036e+01   2.8016837e+03   6.4857694e+01   1.2190507e+02   1.0351670e-01   8.3407739e+01   5.0124874e+01   2.7672435e+03   1.7423540e+01   4.9399080e+01   2.9978686e+03   1.8002255e+01   6.2333094e+01   7.1973739e+00   2.7292299e+02   1.0184751e+02   4.5646387e+01   2.9162941e+01   2.7920702e+01   1.8347396e+01   1.2691832e+01   3.4463092e+00   1.2769059e+00   2.8225505e+01   4.5143773e+01   8.9710746e+00   2.2554264e+00   3.9318454e+00   1.7878554e+00   9.4037447e+00   5.6291801e-01   2.1258619e-02   1.5763536e-01   8.1344228e-02   8.9408963e+01   7.7323835e+00   8.9173390e+01   8.2975084e+00   1.9652251e+01   5.1377606e+01   1.1532751e+01   2.9159552e+01   3.9462555e+01   3.5632421e+01   8.7727440e+01
   2.0572427e-01   5.2006020e+03   6.9351070e+02   7.8630558e+00   1.9741976e+01   3.2309668e+01   2.8016977e+03   6.5411224e+01   1.2189524e+02   1.1343315e-01   8.3471807e+01   5.0036328e+01   2.7666723e+03   1.7439212e+01   4.8591289e+01   2.9974726e+03   1.7766972e+01   6.2347599e+01   4.7421876e+00   2.7314572e+02   1.0187157e+02   4.5626599e+01   2.9947611e+01   2.7682457e+01   1.8379811e+01   1.2610885e+01   3.4574454e+00   1.2662559e+00   2.8057637e+01   4.5327935e+01   9.1695590e+00   2.4500558e+00   3.8026728e+00   1.8247064e+00   9.3769357e+00   5.3587366e-01   3.1410656e-02   1.4616772e-01   8.0263540e-02   9.0249811e+01   8.2430708e+00   8.9249773e+01   8.2020916e+00   2.0161115e+01   5.1295990e+01   1.2055263e+01   2.9156355e+01   3.9460694e+01   3.5490153e+01   8.5895472e+01
   2.0216612e-01   5.2113963e+03   6.6407265e+02   7.7851144e+00   1.9136826e+01   3.2462765e+01   2.7996631e+03   6.5400944e+01   1.2190184e+02   1.1020165e-01   8.3514475e+01   5.0889536e+01   2.7649475e+03   1.7513920e+01   5.1062997e+01   2.9960364e+03   1.8001050e+01   6.2364703e+01   5.0483243e+00   2.7297456e+02   1.0186283e+02   4.5645309e+01   2.9486279e+01   2.7885945e+01   1.8461399e+01   1.2475947e+01   3.5454380e+00   1.2822120e+00   2.7780680e+01   4.5116049e+01   8.8643649e+00   2.2556633e+00   3.6988955e+00   1.8105064e+00   9.3853570e+00   4.6048825e-01   3.1410656e-02   1.4616772e-01   8.0263540e-02   9.0249811e+01   8.2430708e+00   8.9237782e+01   8.2818391e+00   2.0026849e+01   5.1208127e+01   1.2177635e+01   2.9160030e+01   3.9483370e+01   3.5682151e+01   8.8677245e+01
   2.0487554e-01   5.1572907e+03   7.1033782e+02   7.8012857e+00   1.9334901e+01   3.2404331e+01   2.7991598e+03   6.5045503e+01   1.2192558e+02   1.0814663e-01   8.3547104e+01   4.9696139e+01   2.7639290e+03   1.7624926e+01   4.9885151e+01   2.9944694e+03   1.7877797e+01   6.2380741e+01   7.0328793e+00   2.7284338e+02   1.0185255e+02   4.5624392e+01   2.9346673e+01   2.7817377e+01   1.8035174e+01   1.2685941e+01   3.6425713e+00   1.2888716e+00   2.7919303e+01   4.5059460e+01   9.1759014e+00   2.3089470e+00   4.1581047e+00   1.8556503e+00   9.4235949e+00   5.8151348e-01   3.1410656e-02   1.4616772e-01   8.0263540e-02   9.0249811e+01   8.2430708e+00   8.9175648e+01   8.3266292e+00   2.0328502e+01   5.1205920e+01   1.1712195e+01   2.9119576e+01   3.9429712e+01   3.5711832e+01   8.7260708e+01
   2.0657153e-01   5.1990097e+03   6.8870832e+02   7.8229269e+00   1.9491680e+01   3.2319516e+01   2.7979959e+03   6.4267986e+01   1.2189090e+02   9.8110897e-02   8.3595321e+01   4.8726398e+01   2.7629350e+03   1.7415344e+01   4.9610391e+01   2.9942271e+03   1.7961407e+01   6.2421490e+01   5.7083468e+00   2.7298722e+02   1.0185193e+02   4.5611147e+01   2.9750452e+01   2.7765909e+01   1.7894148e+01   1.2601515e+01   3.8792035e+00   1.3028012e+00   2.7891089e+01   4.5059063e+01   9.4744178e+00   2.2689965e+00   3.5181672e+00   1.8226152e+00   9.3372729e+00   4.8495323e-01   2.1442262e-02   1.6932395e-01   6.5128382e-02   9.0172197e+01   7.4565449e+00   8.9163036e+01   8.3121938e+00   2.0194666e+01   5.1253834e+01   1.1072789e+01   2.9129933e+01   3.9434301e+01   3.5466882e+01   8.8055371e+01
   2.0182034e-01   5.1533333e+03   6.7965693e+02   7.9482772e+00   1.9511963e+01   3.2473266e+01   2.7982991e+03   6.5893669e+01   1.2190106e+02   9.5018324e-02   8.3607677e+01   5.0280359e+01   2.7637273e+03   1.7648934e+01   5.0112522e+01   2.9942416e+03   1.7913381e+01   6.2421605e+01   5.1005328e+00   2.7257909e+02   1.0187615e+02   4.5606309e+01   2.9727562e+01   2.7761535e+01   1.7863334e+01   1.2826293e+01   3.6694328e+00   1.3223975e+00   2.7738092e+01   4.4873421e+01   8.9286177e+00   2.1402296e+00   3.8637027e+00   1.8116663e+00   9.3994725e+00   5.3081362e-01   2.1442262e-02   1.6932395e-01   6.5128382e-02   9.0172197e+01   7.4565449e+00   8.9173822e+01   8.3496635e+00   1.9741000e+01   5.1396016e+01   1.0418102e+01   2.9137788e+01   3.9456729e+01   3.5443016e+01   8.7643567e+01
   1.9801908e-01   5.1840358e+03   6.6615791e+02   7.8401617e+00   1.9375655e+01   3.2230495e+01   2.7983537e+03   6.5385030e+01   1.2188750e+02   8.8741444e-02   8.3573894e+01   5.1054948e+01   2.7630835e+03   1.7646936e+01   5.0528543e+01   2.9939281e+03   1.7976382e+01   6.2429312e+01   4.8414410e+00   2.7340653e+02   1.0185993e+02   4.5608588e+01   2.9839319e+01   2.7851150e+01   1.7958349e+01   1.2622022e+01   3.3330699e+00   1.2823553e+00   2.8495090e+01   4.5015358e+01   9.0641561e+00   2.1394765e+00   4.1254778e+00   1.8097687e+00   9.5128406e+00   4.7473907e-01   3.3130934e-02   1.7123471e-01   5.7744232e-02   9.0372659e+01   7.8720555e+00   8.9130866e+01   8.3428746e+00   1.9454844e+01   5.1303987e+01   9.8415228e+00   2.9105275e+01   3.9409794e+01   3.5425347e+01   8.6633477e+01
   1.9706475e-01   5.1457381e+03   7.0384308e+02   7.8501062e+00   1.9593798e+01   3.2075003e+01   2.7978887e+03   6.4192838e+01   1.2190745e+02   8.4230870e-02   8.3604264e+01   5.1056175e+01   2.7632376e+03   1.7433565e+01   4.9605846e+01   2.9950585e+03   1.7734108e+01   6.2428825e+01   4.2496301e+00   2.7331366e+02   1.0188124e+02   4.5599719e+01   2.9464094e+01   2.7743022e+01   1.7254845e+01   1.2678739e+01   3.8791925e+00   1.2980866e+00   2.7906581e+01   4.5001300e+01   8.5247826e+00   2.1900758e+00   3.7993276e+00   1.8006997e+00   9.5122730e+00   5.1862823e-01   3.3130934e-02   1.7123471e-01   5.7744232e-02   9.0372659e+01   7.8720555e+00   8.9102919e+01   8.3752262e+00   1.9307239e+01   5.1301050e+01   9.3756092e+00   2.9102460e+01   3.9395230e+01   3.5602414e+01   8.8021522e+01
   1.9144606e-01   5.1909132e+03   7.3165388e+02   7.8828167e+00   1.9623001e+01   3.2397071e+01   2.7986650e+03   6.5092484e+01   1.2189184e+02   8.0003748e-02   8.3609968e+01   4.9792281e+01   2.7639525e+03   1.7562696e+01   5.0764239e+01   2.9953752e+03   1.8204383e+01   6.2417241e+01   4.5666669e+00   2.7342569e+02   1.0185022e+02   4.5601188e+01   2.9673900e+01   2.7833855e+01   1.7730288e+01   1.2657565e+01   3.6222903e+00   1.2755209e+00   2.8121836e+01   4.5063407e+01   9.1560291e+00   2.2632913e+00   3.6593176e+00   1.7938132e+00   9.4619565e+00   4.8817382e-01   3.3130934e-02   1.7123471e-01   5.7744232e-02   9.0372659e+01   7.8720555e+00   8.9118084e+01   8.3893853e+00   1.8702113e+01   5.1504613e+01   9.1169432e+00   2.9134898e+01   3.9428588e+01   3.5419969e+01   8.5604448e+01
   1.8810291e-01   5.1916978e+03   7.4805706e+02   7.7302200e+00   1.9815994e+01   3.2028547e+01   2.8002008e+03   6.4568394e+01   1.2188958e+02   8.7041172e-02   8.3575601e+01   5.1528777e+01   2.7648149e+03   1.7586229e+01   4.8773203e+01   2.9960313e+03   1.7788653e+01   6.2415265e+01   7.8181217e+00   2.7300888e+02   1.0186125e+02   4.5604282e+01   2.9549304e+01   2.7682116e+01   1.7846374e+01   1.2725471e+01   3.7861254e+00   1.2553574e+00   2.7963731e+01   4.5081192e+01   9.1209926e+00   2.2683814e+00   3.4899677e+00   1.8359761e+00   9.4521413e+00   4.9139628e-01   3.0040940e-02   1.6073746e-01   5.8401394e-02   8.9917463e+01   7.6615898e+00   8.9130130e+01   8.3603074e+00   1.8672740e+01   5.1357904e+01   9.2026539e+00   2.9133442e+01   3.9408074e+01   3.5741421e+01   8.7400466e+01
   1.8959902e-01   5.1602446e+03   7.0464705e+02   7.7279152e+00   1.9644063e+01   3.1921046e+01   2.7997963e+03   6.4819281e+01   1.2188740e+02   8.7888884e-02   8.3548759e+01   4.9557296e+01   2.7649948e+03   1.7413239e+01   5.2309399e+01   2.9960861e+03   1.8143019e+01   6.2417846e+01   5.4982233e+00   2.7337949e+02   1.0187491e+02   4.5591546e+01   2.9493894e+01   2.7678724e+01   1.7709954e+01   1.2692965e+01   3.9285091e+00   1.3423472e+00   2.8395621e+01   4.5066167e+01   8.7277819e+00   2.1166698e+00   3.8340069e+00   1.8153798e+00   9.4156964e+00   4.7651675e-01   3.0040940e-02   1.6073746e-01   5.8401394e-02   8.9917463e+01   7.6615898e+00   8.9186195e+01   8.3153033e+00   1.8824555e+01   5.1395567e+01   9.2406846e+00   2.9127653e+01   3.9443947e+01   3.5621763e+01   8.8739550e+01
   1.8740898e-01   5.1641776e+03   7.1662217e+02   7.7878534e+00   1.9297480e+01   3.2273329e+01   2.8008738e+03   6.5388104e+01   1.2189406e+02   8.6924438e-02   8.3574920e+01   5.0763624e+01   2.7657309e+03   1.7472724e+01   4.9473594e+01   2.9965054e+03   1.8053314e+01   6.2388691e+01   4.9194026e+00   2.7291679e+02   1.0186137e+02   4.5593209e+01   2.9363576e+01   2.7773055e+01   1.7790031e+01   1.2911546e+01   3.7487925e+00   1.2554716e+00   2.8433780e+01   4.5024102e+01   8.7277410e+00   2.2328561e+00   4.3323348e+00   1.7999882e+00   9.5004752e+00   4.9758432e-01   3.4841217e-02   1.5031515e-01   6.8775737e-02   8.9826489e+01   8.2794096e+00   8.9205013e+01   8.2911743e+00   1.8790358e+01   5.1476568e+01   9.3198575e+00   2.9130889e+01   3.9455845e+01   3.5553158e+01   8.6691969e+01
   1.9228942e-01   5.2310632e+03   7.1427032e+02   7.9505487e+00   1.9658137e+01   3.2147111e+01   2.8004336e+03   6.4997878e+01   1.2190709e+02   8.9717854e-02   8.3572713e+01   4.8549160e+01   2.7655530e+03   1.7730466e+01   4.8256886e+01   2.9959312e+03   1.8099337e+01   6.2380921e+01   5.9474641e+00   2.7343141e+02   1.0184938e+02   4.5604917e+01   2.9350626e+01   2.7685067e+01   1.8062520e+01   1.2682222e+01   3.9451796e+00   1.3146013e+00   2.8278115e+01   4.5115623e+01   9.5208930e+00   2.1538433e+00   4.1662645e+00   1.8221440e+00   9.3580238e+00   5.3877779e-01   3.4841217e-02   1.5031515e-01   6.8775737e-02   8.9826489e+01   8.2794096e+00   8.9203262e+01   8.2895501e+00   1.8895505e+01   5.1384446e+01   9.6573824e+00   2.9114867e+01   3.9428112e+01   3.5617887e+01   9.0400667e+01
   1.9493778e-01   5.1707693e+03   6.8584427e+02   7.8049388e+00   1.9639230e+01   3.2549814e+01   2.7996673e+03   6.4323096e+01   1.2189080e+02   8.8922792e-02   8.3551813e+01   4.9848889e+01   2.7640653e+03   1.7424852e+01   4.9499203e+01   2.9957183e+03   1.7854178e+01   6.2404468e+01   6.2480801e+00   2.7404174e+02   1.0184690e+02   4.5584649e+01   2.9945509e+01   2.7748145e+01   1.7473451e+01   1.2596660e+01   3.7530173e+00   1.3109626e+00   2.7740816e+01   4.4909050e+01   9.4750855e+00   2.1262633e+00   3.9294814e+00   1.7897130e+00   9.4347034e+00   5.1678893e-01   3.4841217e-02   1.5031515e-01   6.8775737e-02   8.9826489e+01   8.2794096e+00   8.9213320e+01   8.2995923e+00   1.9226790e+01   5.1368064e+01   9.6945928e+00   2.9136099e+01   3.9427231e+01   3.5576675e+01   8.9873355e+01
   1.8768146e-01   5.1824605e+03   6.5096570e+02   7.7794682e+00   1.9718529e+01   3.2327675e+01   2.8007420e+03   6.4244049e+01   1.2189500e+02   9.1786782e-02   8.3557443e+01   4.8414466e+01   2.7648201e+03   1.7664900e+01   4.8734142e+01   2.9962681e+03   1.7997883e+01   6.2389273e+01   4.6173546e+00   2.7294762e+02   1.0183864e+02   4.5596104e+01   2.9536668e+01   2.7828194e+01   1.7877412e+01   1.2639318e+01   4.3717333e+00   1.2428429e+00   2.8129515e+01   4.5222388e+01   8.7211747e+00   2.1080593e+00   3.8018445e+00   1.8245165e+00   9.4680322e+00   4.2048408e-01   3.7256171e-02   1.5358461e-01   7.4113311e-02   8.9056302e+01   9.3542188e+00   8.9262645e+01   8.2198454e+00   1.8446754e+01   5.1464823e+01   9.6391649e+00   2.9128005e+01   3.9409832e+01   3.5403275e+01   8.9113181e+01
   1.8880357e-01   5.2046699e+03   6.9729618e+02   7.8582431e+00   1.9809399e+01   3.2255758e+01   2.7988215e+03   6.4529528e+01   1.2190251e+02   8.7823296e-02   8.3515333e+01   4.8762722e+01   2.7640650e+03   1.7515382e+01   4.9695448e+01   2.9951653e+03   1.8078596e+01   6.2392174e+01   5.8763670e+00   2.7370850e+02   1.0184901e+02   4.5606433e+01   2.9861754e+01   2.7806547e+01   1.7592437e+01   1.2667738e+01   3.8093507e+00   1.2670880e+00   2.7836128e+01   4.5120491e+01   9.0231987e+00   2.2147680e+00   3.8460599e+00   1.8200933e+00   9.3821381e+00   5.4964874e-01   3.7256171e-02   1.5358461e-01   7.4113311e-02   8.9056302e+01   9.3542188e+00   8.9350756e+01   8.1304063e+00   1.8622657e+01   5.1436037e+01   9.5945265e+00   2.9115913e+01   3.9404465e+01   3.5716880e+01   8.4392759e+01
   1.8628127e-01   5.2256612e+03   6.8100532e+02   7.9463695e+00   1.9705588e+01   3.2326710e+01   2.7990588e+03   6.5066655e+01   1.2190270e+02   8.5984658e-02   8.3513727e+01   4.9344916e+01   2.7641094e+03   1.7330433e+01   5.1146366e+01   2.9951608e+03   1.8074959e+01   6.2389023e+01   4.5970701e+00   2.7369114e+02   1.0181576e+02   4.5608505e+01   2.9404952e+01   2.7529495e+01   1.8107865e+01   1.2635930e+01   3.7649365e+00   1.3164607e+00   2.8113008e+01   4.4752767e+01   9.4556499e+00   2.2836533e+00   3.8329576e+00   1.8181802e+00   9.4097047e+00   5.3533863e-01   2.7790772e-02   1.5089757e-01   6.5809466e-02   8.9280494e+01   8.6396953e+00   8.9371521e+01   8.1024201e+00   1.8213130e+01   5.1459006e+01   9.3544999e+00   2.9118827e+01   3.9387538e+01   3.5674649e+01   9.0344679e+01
   1.8979950e-01   5.2293825e+03   6.9008083e+02   7.8483434e+00   1.9909008e+01   3.2340316e+01   2.7981126e+03   6.5753225e+01   1.2191229e+02   8.0592635e-02   8.3474131e+01   5.0279368e+01   2.7634447e+03   1.7606160e+01   4.9397194e+01   2.9941770e+03   1.8009824e+01   6.2368019e+01   5.1229432e+00   2.7328812e+02   1.0180204e+02   4.5597420e+01   2.9575380e+01   2.7668005e+01   1.8043549e+01   1.2863299e+01   3.7065239e+00   1.2735937e+00   2.8251656e+01   4.4931864e+01   8.8430952e+00   2.1113610e+00   3.8822268e+00   1.8156399e+00   9.4086484e+00   5.0747317e-01   2.7790772e-02   1.5089757e-01   6.5809466e-02   8.9280494e+01   8.6396953e+00   8.9389648e+01   8.0947522e+00   1.8742977e+01   5.1311318e+01   8.9119480e+00   2.9107612e+01   3.9409075e+01   3.5688587e+01   9.0087038e+01
   1.8992507e-01   5.2205783e+03   6.7084255e+02   7.9349382e+00   1.9427917e+01   3.2188601e+01   2.7979497e+03   6.4990215e+01   1.2190501e+02   7.4421172e-02   8.3520522e+01   5.0190321e+01   2.7634816e+03   1.7803309e+01   4.9990473e+01   2.9945705e+03   1.8169852e+01   6.2396633e+01   5.7021744e+00   2.7315094e+02   1.0181780e+02   4.5602292e+01   2.9855879e+01   2.7924042e+01   1.7714717e+01   1.2678109e+01   3.9767558e+00   1.2835045e+00   2.8089760e+01   4.5149757e+01   9.0521563e+00   2.0603223e+00   3.7451987e+00   1.8242503e+00   9.5653653e+00   5.6653081e-01   2.7790772e-02   1.5089757e-01   6.5809466e-02   8.9280494e+01   8.6396953e+00   8.9398808e+01   8.1037894e+00   1.8876659e+01   5.1362337e+01   8.3349345e+00   2.9118596e+01   3.9417492e+01   3.5646012e+01   8.9460692e+01
   1.9046166e-01   5.1991443e+03   6.8710892e+02   7.8416030e+00   1.9723276e+01   3.2079304e+01   2.7984874e+03   6.4329245e+01   1.2189045e+02   6.6931924e-02   8.3536473e+01   5.0747768e+01   2.7636485e+03   1.7520284e+01   4.9636831e+01   2.9940982e+03   1.7804192e+01   6.2377334e+01   5.0185184e+00   2.7290257e+02   1.0182636e+02   4.5600185e+01   2.9532069e+01   2.7817550e+01   1.7611220e+01   1.2591508e+01   3.5769373e+00   1.2801125e+00   2.7503846e+01   4.5091466e+01   8.9413526e+00   2.2645017e+00   3.7230086e+00   1.8152251e+00   9.4515216e+00   4.7626001e-01   2.9472118e-02   1.4652581e-01   8.1916585e-02   9.0161008e+01   7.2428255e+00   8.9373946e+01   8.1697574e+00   1.8438015e+01   5.1448184e+01   7.7834369e+00   2.9124971e+01   3.9423371e+01   3.5679325e+01   8.7810020e+01
   1.8623069e-01   5.1904021e+03   6.6382531e+02   7.8470525e+00   1.9728580e+01   3.2050410e+01   2.7987007e+03   6.5554902e+01   1.2189176e+02   6.5275026e-02   8.3481770e+01   5.0233116e+01   2.7627762e+03   1.7373954e+01   4.9885414e+01   2.9954663e+03   1.8053498e+01   6.2378876e+01   5.9379175e+00   2.7420299e+02   1.0184445e+02   4.5593141e+01   2.9348371e+01   2.7897770e+01   1.7928432e+01   1.2655042e+01   3.1916753e+00   1.2843214e+00   2.7890360e+01   4.5080249e+01   9.5170657e+00   2.4069066e+00   3.5995108e+00   1.8547048e+00   9.4716068e+00   4.4246555e-01   2.9472118e-02   1.4652581e-01   8.1916585e-02   9.0161008e+01   7.2428255e+00   8.9292085e+01   8.2237287e+00   1.8252403e+01   5.1501497e+01   7.3874075e+00   2.9145926e+01   3.9419851e+01   3.5582216e+01   8.9023032e+01
   1.8884829e-01   5.2076607e+03   6.8217489e+02   7.7880342e+00   2.0224791e+01   3.2257265e+01   2.8000052e+03   6.4576749e+01   1.2189507e+02   6.7688869e-02   8.3517499e+01   5.0434141e+01   2.7653569e+03   1.7564574e+01   5.1025798e+01   2.9964007e+03   1.8130935e+01   6.2342158e+01   7.5162138e+00   2.7326759e+02   1.0183638e+02   4.5600316e+01   2.9663955e+01   2.7685369e+01   1.8296057e+01   1.2723067e+01   3.9051686e+00   1.3060476e+00   2.7660469e+01   4.5182826e+01   8.7175810e+00   2.2883869e+00   3.7628468e+00   1.8593080e+00   9.3456422e+00   4.9659112e-01   4.1582061e-02   1.5182268e-01   7.7374110e-02   8.9956123e+01   6.9853824e+00   8.9268137e+01   8.2710288e+00   1.8548890e+01   5.1468226e+01   7.4321030e+00   2.9149128e+01   3.9437028e+01   3.5636087e+01   8.9395400e+01
   1.8999745e-01   5.1794872e+03   6.6271796e+02   7.7294014e+00   1.9815417e+01   3.2255083e+01   2.8001844e+03   6.5006815e+01   1.2190276e+02   7.1579915e-02   8.3443056e+01   4.9984390e+01   2.7651520e+03   1.7216130e+01   4.9302769e+01   2.9966003e+03   1.7837517e+01   6.2375874e+01   6.2047359e+00   2.7391224e+02   1.0187624e+02   4.5619072e+01   2.9432964e+01   2.7707278e+01   1.7923683e+01   1.2764693e+01   3.7113028e+00   1.3177292e+00   2.8543113e+01   4.5065063e+01   9.0641940e+00   2.1913749e+00   3.5933841e+00   1.8271470e+00   9.4736901e+00   5.0186871e-01   4.1582061e-02   1.5182268e-01   7.7374110e-02   8.9956123e+01   6.9853824e+00   8.9266204e+01   8.2427889e+00   1.8884664e+01   5.1323203e+01   7.8305245e+00   2.9146595e+01   3.9399594e+01   3.5618460e+01   9.0051914e+01
   1.9226870e-01   5.1810351e+03   7.0613768e+02   7.8304661e+00   1.9750234e+01   3.1927456e+01   2.8012468e+03   6.5259784e+01   1.2187416e+02   7.3592212e-02   8.3461371e+01   4.9717288e+01   2.7658352e+03   1.7559991e+01   4.9125855e+01   2.9969097e+03   1.7835866e+01   6.2360550e+01   5.4174603e+00   2.7305401e+02   1.0186975e+02   4.5613959e+01   2.9768627e+01   2.7674090e+01   1.8221396e+01   1.2657042e+01   3.8375987e+00   1.2708930e+00   2.7968332e+01   4.5011412e+01   9.4231197e+00   2.2619253e+00   3.3605074e+00   1.7909059e+00   9.4533121e+00   5.3325428e-01   4.1582061e-02   1.5182268e-01   7.7374110e-02   8.9956123e+01   6.9853824e+00   8.9275206e+01   8.2507918e+00   1.8860419e+01   5.1447801e+01   8.1790919e+00   2.9119381e+01   3.9420598e+01   3.5573396e+01   8.7622597e+01
   1.9392282e-01   5.1852423e+03   7.0084185e+02   7.7989453e+00   1.9541968e+01   3.1840962e+01   2.8021834e+03   6.5817677e+01   1.2192416e+02   8.4643839e-02   8.3485272e+01   5.1952551e+01   2.7665879e+03   1.7477253e+01   4.9056795e+01   2.9971818e+03   1.8042690e+01   6.2363038e+01   3.3341974e+00   2.7334327e+02   1.0186248e+02   4.5598299e+01   2.9281277e+01   2.7777929e+01   1.7913967e+01   1.2740632e+01   3.6850243e+00   1.2816946e+00   2.7869646e+01   4.5082495e+01   9.1747451e+00   2.0996131e+00   3.9913223e+00   1.7866001e+00   9.3861101e+00   4.9697633e-01   3.6533071e-02   1.6853923e-01   7.2318260e-02   8.9024336e+01   8.3494997e+00   8.9338939e+01   8.1659629e+00   1.8934868e+01   5.1349999e+01   8.8385652e+00   2.9145523e+01   3.9445138e+01   3.5647971e+01   8.8904166e+01
   1.9136191e-01   5.1751740e+03   6.5359070e+02   7.9291517e+00   1.9911073e+01   3.1961532e+01   2.8017546e+03   6.4094568e+01   1.2189120e+02   8.5593419e-02   8.3493585e+01   5.1259449e+01   2.7670763e+03   1.7709587e+01   5.0076725e+01   2.9975792e+03   1.7938661e+01   6.2353986e+01   5.4020356e+00   2.7283360e+02   1.0182437e+02   4.5586396e+01   2.9407843e+01   2.7814240e+01   1.7778385e+01   1.2544887e+01   3.7284174e+00   1.2857829e+00   2.7883260e+01   4.4924534e+01   9.2636864e+00   2.1639370e+00   3.9821711e+00   1.8187655e+00   9.4712773e+00   5.7543117e-01   3.6533071e-02   1.6853923e-01   7.2318260e-02   8.9024336e+01   8.3494997e+00   8.9390715e+01   8.0898354e+00   1.8959506e+01   5.1425321e+01   9.4490272e+00   2.9135743e+01   3.9437924e+01   3.5657673e+01   8.8399627e+01
   1.9177122e-01   5.2023939e+03   6.7051674e+02   7.9052962e+00   1.9469659e+01   3.2088426e+01   2.8016813e+03   6.5058680e+01   1.2188932e+02   8.8798062e-02   8.3448629e+01   5.0623480e+01   2.7668410e+03   1.7660356e+01   4.8059516e+01   2.9971148e+03   1.7885400e+01   6.2331516e+01   4.5049874e+00   2.7294529e+02   1.0184226e+02   4.5580651e+01   2.9603174e+01   2.7680052e+01   1.7567515e+01   1.2620155e+01   3.9137282e+00   1.2791353e+00   2.8100107e+01   4.5145272e+01   9.0093777e+00   2.1758762e+00   3.8688104e+00   1.8008168e+00   9.4320395e+00   5.2177129e-01   2.3276705e-02   1.6752038e-01   5.9983433e-02   8.9204217e+01   8.0811532e+00   8.9451772e+01   8.0653411e+00   1.8773390e+01   5.1488321e+01   9.7724208e+00   2.9154955e+01   3.9432590e+01   3.5716258e+01   8.7563456e+01
   1.8701538e-01   5.2174507e+03   6.6066213e+02   7.8320135e+00   1.9891785e+01   3.2094300e+01   2.8008821e+03   6.4792796e+01   1.2189359e+02   9.1806561e-02   8.3496186e+01   4.9610993e+01   2.7661260e+03   1.7396916e+01   4.8869835e+01   2.9971559e+03   1.8062532e+01   6.2336208e+01   5.0250793e+00   2.7316417e+02   1.0181935e+02   4.5603259e+01   2.9507854e+01   2.7899104e+01   1.7846788e+01   1.2756352e+01   3.7752352e+00   1.2870849e+00   2.8160826e+01   4.4956633e+01   9.3785960e+00   2.1628751e+00   3.8326800e+00   1.8476657e+00   9.3725621e+00   5.0057853e-01   2.3276705e-02   1.6752038e-01   5.9983433e-02   8.9204217e+01   8.0811532e+00   8.9469889e+01   8.0382577e+00   1.8312603e+01   5.1498592e+01   1.0189563e+01   2.9133948e+01   3.9441759e+01   3.5575123e+01   8.8387540e+01
   1.8530083e-01   5.1878966e+03   6.6481369e+02   7.9047655e+00   1.9989292e+01   3.1957842e+01   2.8006454e+03   6.5994209e+01   1.2189203e+02   9.4816270e-02   8.3486900e+01   5.0373439e+01   2.7650458e+03   1.7570122e+01   5.1514208e+01   2.9965175e+03   1.7944904e+01   6.2342295e+01   2.8134958e+00   2.7315856e+02   1.0183361e+02   4.5608663e+01   2.9261814e+01   2.7740471e+01   1.7657548e+01   1.2699235e+01   3.7673152e+00   1.2686146e+00   2.8062446e+01   4.5115448e+01   9.1217851e+00   2.0557034e+00   3.7856721e+00   1.8335797e+00   9.3584953e+00   5.2214842e-01   2.3276705e-02   1.6752038e-01   5.9983433e-02   8.9204217e+01   8.0811532e+00   8.9473334e+01   8.0274998e+00   1.8363810e+01   5.1448170e+01   1.0323407e+01   2.9120197e+01   3.9426567e+01   3.5727888e+01   8.8214516e+01
   1.8468828e-01   5.2248130e+03   6.5875396e+02   7.8437220e+00   1.9620950e+01   3.2141582e+01   2.7997786e+03   6.4624528e+01   1.2189545e+02   9.2498350e-02   8.3447482e+01   4.9556645e+01   2.7647334e+03   1.7714082e+01   5.2395080e+01   2.9956607e+03   1.7892966e+01   6.2330409e+01   5.9692693e+00   2.7324418e+02   1.0184455e+02   4.5616677e+01   2.9615247e+01   2.7848144e+01   1.8289958e+01   1.2755068e+01   3.9153742e+00   1.3113288e+00   2.7870527e+01   4.5037334e+01   9.0127155e+00   2.3329782e+00   3.6685461e+00   1.7954574e+00   9.4279471e+00   5.1310472e-01   2.7033611e-02   1.5654341e-01   6.0788676e-02   8.9450534e+01   7.3751257e+00   8.9458888e+01   8.0310150e+00   1.8334749e+01   5.1520530e+01   1.0081784e+01   2.9146242e+01   3.9410137e+01   3.5682967e+01   8.9382575e+01
   1.9028634e-01   5.2183012e+03   6.9871435e+02   7.9281237e+00   1.9480371e+01   3.2124961e+01   2.7992615e+03   6.5233129e+01   1.2189564e+02   8.8663943e-02   8.3500122e+01   4.9429904e+01   2.7637348e+03   1.7676935e+01   4.9307054e+01   2.9950334e+03   1.8004341e+01   6.2359865e+01   6.7020489e+00   2.7326736e+02   1.0185037e+02   4.5579928e+01   2.9114203e+01   2.7734118e+01   1.8240108e+01   1.2722605e+01   3.8794517e+00   1.2881755e+00   2.8129881e+01   4.5165447e+01   9.2813620e+00   2.2196671e+00   4.5566137e+00   1.8184245e+00   9.4079829e+00   4.7611974e-01   2.7033611e-02   1.5654341e-01   6.0788676e-02   8.9450534e+01   7.3751257e+00   8.9470416e+01   8.0565867e+00   1.8731590e+01   5.1307829e+01   9.7747806e+00   2.9192427e+01   3.9397934e+01   3.5494786e+01   8.7493079e+01
   1.9561311e-01   5.2156027e+03   6.3574726e+02   7.8085821e+00   1.9991219e+01   3.2345049e+01   2.7984126e+03   6.5118304e+01   1.2188963e+02   8.1444511e-02   8.3454603e+01   4.8779391e+01   2.7633008e+03   1.7357327e+01   4.8040923e+01   2.9942953e+03   1.7945490e+01   6.2379389e+01   4.5087832e+00   2.7384509e+02   1.0181457e+02   4.5622629e+01   2.9525773e+01   2.7809134e+01   1.8265469e+01   1.2641507e+01   3.7031988e+00   1.2961432e+00   2.7796814e+01   4.5183165e+01   9.2523481e+00   2.2180112e+00   3.7541728e+00   1.8308515e+00   9.4081126e+00   4.2147893e-01   2.8324430e-02   1.5571206e-01   6.7270434e-02   8.9902821e+01   7.9384507e+00   8.9471017e+01   8.0426358e+00   1.9233272e+01   5.1374218e+01   9.1526801e+00   2.9160621e+01   3.9397970e+01   3.5658132e+01   8.7275035e+01
   1.9716030e-01   5.1947853e+03   7.0985851e+02   7.7622236e+00   1.9593085e+01   3.2059626e+01   2.7990637e+03   6.5712225e+01   1.2190574e+02   7.4843574e-02   8.3537171e+01   5.1804513e+01   2.7639140e+03   1.7513751e+01   4.8321467e+01   2.9941176e+03   1.7905343e+01   6.2407116e+01   5.1701434e+00   2.7297041e+02   1.0183176e+02   4.5593868e+01   2.9874107e+01   2.7910770e+01   1.7928366e+01   1.2776905e+01   3.3656576e+00   1.2625043e+00   2.7708295e+01   4.5165199e+01   9.2600264e+00   2.4385860e+00   3.7085472e+00   1.7978970e+00   9.4423785e+00   4.4635692e-01   2.8324430e-02   1.5571206e-01   6.7270434e-02   8.9902821e+01   7.9384507e+00   8.9450410e+01   8.1190668e+00   1.9314690e+01   5.1301052e+01   8.6899861e+00   2.9127420e+01   3.9439118e+01   3.5761508e+01   8.9382688e+01
   1.8844513e-01   5.2011531e+03   6.9362145e+02   7.8770363e+00   1.9965748e+01   3.2317234e+01   2.7986047e+03   6.4109397e+01   1.2187976e+02   7.7686279e-02   8.3481540e+01   4.9236817e+01   2.7631628e+03   1.7744208e+01   5.0824700e+01   2.9943922e+03   1.7855341e+01   6.2415547e+01   5.8075836e+00   2.7420298e+02   1.0182378e+02   4.5603330e+01   2.9450915e+01   2.7822059e+01   1.7824670e+01   1.2706537e+01   3.8811742e+00   1.2973175e+00   2.7796958e+01   4.5153492e+01   8.7534920e+00   2.1573271e+00   3.4860498e+00   1.8109104e+00   9.4309868e+00   5.5509798e-01   2.8324430e-02   1.5571206e-01   6.7270434e-02   8.9902821e+01   7.9384507e+00   8.9443887e+01   8.1268288e+00   1.8815765e+01   5.1368882e+01   8.3350123e+00   2.9128568e+01   3.9417499e+01   3.5762239e+01   8.9295017e+01
   1.8862259e-01   5.1672369e+03   6.8642352e+02   7.8444684e+00   1.9729683e+01   3.2136519e+01   2.7999492e+03   6.5074106e+01   1.2191102e+02   7.6835666e-02   8.3541478e+01   5.0741302e+01   2.7645596e+03   1.7596187e+01   5.0198907e+01   2.9953579e+03   1.8064368e+01   6.2392183e+01   4.5991440e+00   2.7291278e+02   1.0183301e+02   4.5593221e+01   2.9564096e+01   2.7788507e+01   1.7435225e+01   1.2878246e+01   4.2189134e+00   1.3033163e+00   2.7843247e+01   4.5142898e+01   9.2115847e+00   2.1978978e+00   3.6924682e+00   1.7844918e+00   9.5650371e+00   5.3074933e-01   3.8408959e-02   1.6353067e-01   6.8360286e-02   9.1390130e+01   7.7015428e+00   8.9370012e+01   8.2587712e+00   1.8682536e+01   5.1513780e+01   8.1585888e+00   2.9156900e+01   3.9474988e+01   3.5516050e+01   8.8353998e+01
   1.8574835e-01   5.1759006e+03   7.2698322e+02   7.9067702e+00   1.9858924e+01   3.2175031e+01   2.8019377e+03   6.6066780e+01   1.2189300e+02   7.9412468e-02   8.3543811e+01   5.2062656e+01   2.7666748e+03   1.7557323e+01   4.9015241e+01   2.9969312e+03   1.8022750e+01   6.2376107e+01   6.1904685e+00   2.7258858e+02   1.0184779e+02   4.5578328e+01   2.9544580e+01   2.7884559e+01   1.8189476e+01   1.2778691e+01   3.5892162e+00   1.2883776e+00   2.8306770e+01   4.5187503e+01   9.0252646e+00   2.2666109e+00   4.0355427e+00   1.8285393e+00   9.4685816e+00   4.5712294e-01   3.8408959e-02   1.6353067e-01   6.8360286e-02   9.1390130e+01   7.7015428e+00   8.9246987e+01   8.3810504e+00   1.8121025e+01   5.1535860e+01   8.4123557e+00   2.9172895e+01   3.9479088e+01   3.5617658e+01   8.9589600e+01
   1.8833241e-01   5.1857170e+03   6.9341375e+02   7.7693265e+00   2.0146954e+01   3.2198484e+01   2.8020449e+03   6.4485640e+01   1.2187411e+02   7.9985634e-02   8.3517720e+01   5.0354058e+01   2.7658982e+03   1.7481374e+01   4.9471075e+01   2.9980227e+03   1.8005463e+01   6.2408894e+01   6.6945329e+00   2.7374478e+02   1.0184751e+02   4.5614866e+01   2.9282212e+01   2.7753915e+01   1.8324569e+01   1.2670046e+01   4.1370426e+00   1.2563705e+00   2.7941339e+01   4.5108301e+01   8.9099364e+00   2.2873114e+00   3.8602396e+00   1.7669696e+00   9.4835857e+00   4.3142431e-01   2.4996059e-02   1.5018428e-01   8.9008454e-02   9.0968081e+01   7.3883009e+00   8.9115243e+01   8.4459131e+00   1.8545558e+01   5.1313840e+01   9.1412737e+00   2.9145571e+01   3.9416526e+01   3.5668334e+01   8.7187871e+01
   1.9494020e-01   5.1710577e+03   7.1573719e+02   7.8411208e+00   1.9573542e+01   3.2225051e+01   2.8016349e+03   6.5724165e+01   1.2189643e+02   8.7495255e-02   8.3499938e+01   5.1221023e+01   2.7667343e+03   1.7636171e+01   4.9954238e+01   2.9971227e+03   1.8136643e+01   6.2388854e+01   5.3129817e+00   2.7276047e+02   1.0188201e+02   4.5604214e+01   2.9833719e+01   2.7798514e+01   1.7861131e+01   1.2793536e+01   3.7005929e+00   1.3276788e+00   2.8593359e+01   4.5269481e+01   9.3541819e+00   2.2639762e+00   3.6452284e+00   1.7806655e+00   9.4637819e+00   4.9599786e-01   2.4996059e-02   1.5018428e-01   8.9008454e-02   9.0968081e+01   7.3883009e+00   8.9093324e+01   8.4371776e+00   1.9095948e+01   5.1330410e+01   9.7258521e+00   2.9158471e+01   3.9406776e+01   3.5596023e+01   8.5282210e+01
   1.8747778e-01   5.1774613e+03   7.0844603e+02   7.7980148e+00   1.9846467e+01   3.2030523e+01   2.8029065e+03   6.4823338e+01   1.2191007e+02   9.5160096e-02   8.3515457e+01   4.7945119e+01   2.7674925e+03   1.7555070e+01   5.0763378e+01   2.9984235e+03   1.7974992e+01   6.2373818e+01   5.3857566e+00   2.7302718e+02   1.0190841e+02   4.5603591e+01   2.9362115e+01   2.7700843e+01   1.7728827e+01   1.2638971e+01   3.3907771e+00   1.2777972e+00   2.8125122e+01   4.5182588e+01   8.7219487e+00   2.1550707e+00   3.4170470e+00   1.8416800e+00   9.5486628e+00   4.8125366e-01   2.4996059e-02   1.5018428e-01   8.9008454e-02   9.0968081e+01   7.3883009e+00   8.9105407e+01   8.4346971e+00   1.8623351e+01   5.1412123e+01   1.0538354e+01   2.9149656e+01   3.9448652e+01   3.5601362e+01   8.9540628e+01
   1.8859268e-01   5.1812344e+03   6.9811124e+02   7.8392446e+00   1.9327487e+01   3.2548676e+01   2.8033955e+03   6.4825424e+01   1.2190855e+02   1.0583254e-01   8.3536010e+01   5.1326021e+01   2.7689344e+03   1.7615939e+01   4.9678999e+01   2.9988615e+03   1.8028924e+01   6.2376412e+01   6.4186034e+00   2.7298785e+02   1.0189629e+02   4.5640852e+01   2.9594741e+01   2.7985371e+01   1.8097931e+01   1.2762987e+01   3.6632070e+00   1.2533608e+00   2.7974714e+01   4.5242305e+01   9.3105782e+00   2.1355786e+00   4.2026175e+00   1.8309930e+00   9.4270073e+00   5.8230638e-01   2.3682934e-02   1.4725434e-01   7.4648678e-02   9.0041227e+01   8.9334953e+00   8.9147635e+01   8.3791667e+00   1.8492064e+01   5.1429146e+01   1.1507449e+01   2.9158467e+01   3.9437712e+01   3.5523926e+01   8.8716092e+01
   1.8954436e-01   5.1956854e+03   6.7109207e+02   7.8554095e+00   1.9452168e+01   3.2321788e+01   2.8029268e+03   6.4801634e+01   1.2190803e+02   1.1374706e-01   8.3554016e+01   5.0996334e+01   2.7686309e+03   1.7364483e+01   5.0752479e+01   2.9985307e+03   1.7942988e+01   6.2381845e+01   6.7113563e+00   2.7225656e+02   1.0185979e+02   4.5612991e+01   2.9375729e+01   2.7773007e+01   1.7693637e+01   1.2522212e+01   4.1684583e+00   1.2757827e+00   2.8155392e+01   4.5192549e+01   9.2481844e+00   2.1760734e+00   3.8262319e+00   1.8045651e+00   9.4139704e+00   4.6449105e-01   2.3682934e-02   1.4725434e-01   7.4648678e-02   9.0041227e+01   8.9334953e+00   8.9212863e+01   8.2894253e+00   1.8634133e+01   5.1409708e+01   1.2470978e+01   2.9113474e+01   3.9439653e+01   3.5693346e+01   8.4338415e+01
   1.8787588e-01   5.2094819e+03   7.0067004e+02   7.8155805e+00   1.9779460e+01   3.2133101e+01   2.8025138e+03   6.4319396e+01   1.2191314e+02   1.1993200e-01   8.3604712e+01   4.9031412e+01   2.7671127e+03   1.7553816e+01   4.9343078e+01   2.9989074e+03   1.8097994e+01   6.2396968e+01   4.9380575e+00   2.7262045e+02   1.0185001e+02   4.5593829e+01   2.9050038e+01   2.7908656e+01   1.7969066e+01   1.2760026e+01   3.5103084e+00   1.3005981e+00   2.7702642e+01   4.5171483e+01   9.2607433e+00   2.1828750e+00   3.7779671e+00   1.8412278e+00   9.4319067e+00   4.3144303e-01   2.8149716e-02   1.4834590e-01   7.4537730e-02   8.9679939e+01   7.8125859e+00   8.9248720e+01   8.2653730e+00   1.8431889e+01   5.1447343e+01   1.3232314e+01   2.9132775e+01   3.9429278e+01   3.5516395e+01   8.6686485e+01
   1.9180527e-01   5.1563284e+03   7.0202500e+02   7.7685517e+00   1.9544632e+01   3.1648759e+01   2.8008185e+03   6.4663925e+01   1.2189011e+02   1.2293341e-01   8.3598355e+01   5.0260511e+01   2.7656840e+03   1.7390904e+01   4.9427551e+01   2.9973063e+03   1.8138378e+01   6.2387894e+01   4.1389255e+00   2.7272256e+02   1.0185162e+02   4.5584127e+01   2.9468361e+01   2.7813353e+01   1.7589815e+01   1.2648156e+01   4.1677617e+00   1.2859456e+00   2.7520083e+01   4.4955988e+01   9.1594233e+00   1.9879628e+00   3.9031906e+00   1.8042612e+00   9.4529970e+00   5.8250584e-01   2.8149716e-02   1.4834590e-01   7.4537730e-02   8.9679939e+01   7.8125859e+00   8.9308384e+01   8.1844084e+00   1.8795159e+01   5.1396042e+01   1.3478888e+01   2.9125841e+01   3.9423180e+01   3.5558965e+01   8.7636817e+01
   1.8710509e-01   5.1812401e+03   6.9974302e+02   7.8524682e+00   1.9714542e+01   3.2281770e+01   2.7993628e+03   6.4287905e+01   1.2190679e+02   1.2024152e-01   8.3536553e+01   5.0014937e+01   2.7644025e+03   1.7823933e+01   5.1146211e+01   2.9952142e+03   1.8064125e+01   6.2373092e+01   5.0314433e+00   2.7267551e+02   1.0182832e+02   4.5582395e+01   2.9470038e+01   2.7762655e+01   1.7822055e+01   1.2522645e+01   3.9973665e+00   1.2812168e+00   2.7896435e+01   4.5106843e+01   9.1655609e+00   2.1275360e+00   3.7779126e+00   1.8335852e+00   9.3776445e+00   4.8243761e-01   2.8149716e-02   1.4834590e-01   7.4537730e-02   8.9679939e+01   7.8125859e+00   8.9349386e+01   8.1453324e+00   1.8357270e+01   5.1530335e+01   1.3034043e+01   2.9125205e+01   3.9433656e+01   3.5765466e+01   8.8532479e+01
   1.8702447e-01   5.1836042e+03   6.9017155e+02   7.7936142e+00   1.9606105e+01   3.1948049e+01   2.7980142e+03   6.4600643e+01   1.2191156e+02   1.1370717e-01   8.3574243e+01   4.9869466e+01   2.7638491e+03   1.7429212e+01   5.1422045e+01   2.9943295e+03   1.8260692e+01   6.2398681e+01   4.3494120e+00   2.7279435e+02   1.0183222e+02   4.5553607e+01   2.9679400e+01   2.7707630e+01   1.8145754e+01   1.2685928e+01   4.3560272e+00   1.2938466e+00   2.7923930e+01   4.5144950e+01   9.1511229e+00   2.2163602e+00   3.5916429e+00   1.7703601e+00   9.4126638e+00   5.6718942e-01   3.9038428e-02   1.6272631e-01   6.7540905e-02   9.0692589e+01   6.3521511e+00   8.9296480e+01   8.2137780e+00   1.8331538e+01   5.1444767e+01   1.2367265e+01   2.9120824e+01   3.9429462e+01   3.5616725e+01   8.5139068e+01
   1.8674294e-01   5.1656012e+03   7.0890050e+02   7.8917185e+00   1.9506024e+01   3.1732907e+01   2.7970493e+03   6.5293228e+01   1.2189828e+02   1.0629098e-01   8.3599338e+01   4.9533773e+01   2.7621300e+03   1.7386443e+01   4.7668325e+01   2.9931006e+03   1.7935955e+01   6.2409647e+01   6.4252851e+00   2.7279447e+02   1.0184090e+02   4.5553002e+01   2.9119313e+01   2.7812814e+01   1.8668145e+01   1.2626422e+01   3.6234699e+00   1.2902788e+00   2.8056117e+01   4.5000346e+01   9.4819843e+00   2.1605204e+00   3.9816051e+00   1.8104977e+00   9.4624452e+00   4.5556882e-01   3.9038428e-02   1.6272631e-01   6.7540905e-02   9.0692589e+01   6.3521511e+00   8.9222935e+01   8.3178615e+00   1.8501965e+01   5.1328345e+01   1.1341863e+01   2.9123188e+01   3.9423587e+01   3.5637631e+01   8.6528376e+01
   1.9680552e-01   5.1739627e+03   7.0328562e+02   7.8394659e+00   1.9798282e+01   3.2137303e+01   2.7964442e+03   6.5289152e+01   1.2190305e+02   9.2087284e-02   8.3616633e+01   4.8262430e+01   2.7607595e+03   1.7635675e+01   4.9000571e+01   2.9925043e+03   1.8094076e+01   6.2420533e+01   5.0343299e+00   2.7388937e+02   1.0186931e+02   4.5557701e+01   2.9635812e+01   2.7553410e+01   1.8005808e+01   1.2777934e+01   3.4193800e+00   1.2633130e+00   2.8103728e+01   4.4941339e+01   8.8623434e+00   2.3774333e+00   3.8984216e+00   1.8270292e+00   9.4411167e+00   5.1899704e-01   3.6283610e-02   1.4880277e-01   8.0243821e-02   9.0561434e+01   8.0256203e+00   8.9206260e+01   8.3654685e+00   1.9465927e+01   5.1296198e+01   1.0070720e+01   2.9114544e+01   3.9427480e+01   3.5580926e+01   8.7791581e+01
   1.9668660e-01   5.1373541e+03   7.2706836e+02   7.8961776e+00   2.0045205e+01   3.2141019e+01   2.7973039e+03   6.5337553e+01   1.2190634e+02   8.3734797e-02   8.3642778e+01   4.9489031e+01   2.7621648e+03   1.7615082e+01   4.9465008e+01   2.9926318e+03   1.7846435e+01   6.2425278e+01   6.4296966e+00   2.7263428e+02   1.0185126e+02   4.5531290e+01   2.9785153e+01   2.7759639e+01   1.8133002e+01   1.2700365e+01   4.0922286e+00   1.3455497e+00   2.7502168e+01   4.5041383e+01   9.0725948e+00   2.1295798e+00   4.0063940e+00   1.7822123e+00   9.4825399e+00   5.6330954e-01   3.6283610e-02   1.4880277e-01   8.0243821e-02   9.0561434e+01   8.0256203e+00   8.9175024e+01   8.3512133e+00   1.9087876e+01   5.1351791e+01   8.9391576e+00   2.9099468e+01   3.9422662e+01   3.5633490e+01   8.7722260e+01
   1.9152705e-01   5.2000601e+03   6.9720240e+02   7.7684675e+00   1.9871142e+01   3.2343880e+01   2.7966133e+03   6.4798405e+01   1.2190624e+02   7.4787278e-02   8.3527904e+01   4.9113532e+01   2.7611010e+03   1.7316561e+01   5.0922303e+01   2.9932000e+03   1.7984310e+01   6.2443953e+01   5.4276376e+00   2.7367164e+02   1.0186575e+02   4.5570042e+01   2.9571852e+01   2.7702038e+01   1.7776215e+01   1.2780788e+01   3.7479410e+00   1.2747599e+00   2.7694658e+01   4.5003193e+01   9.5636622e+00   2.2333993e+00   3.8853026e+00   1.8131085e+00   9.4752686e+00   4.9882151e-01   3.6283610e-02   1.4880277e-01   8.0243821e-02   9.0561434e+01   8.0256203e+00   8.9160715e+01   8.3591876e+00   1.8909766e+01   5.1309086e+01   8.1197730e+00   2.9115190e+01   3.9426645e+01   3.5608403e+01   8.7415783e+01
   1.8879882e-01   5.2115381e+03   7.1453175e+02   7.7700383e+00   1.9468863e+01   3.2038093e+01   2.7990015e+03   6.4810095e+01   1.2189264e+02   6.8555537e-02   8.3633602e+01   5.0966866e+01   2.7631065e+03   1.7340175e+01   4.9405126e+01   2.9949603e+03   1.7874843e+01   6.2423391e+01   3.2987250e+00   2.7276644e+02   1.0186391e+02   4.5547408e+01   2.9415616e+01   2.7710914e+01   1.8019614e+01   1.2449132e+01   3.6211344e+00   1.2558527e+00   2.7678639e+01   4.5029784e+01   9.4832494e+00   2.3466691e+00   3.6685556e+00   1.8273816e+00   9.4646705e+00   4.5182287e-01   2.4670600e-02   1.5012937e-01   6.8010277e-02   8.9967796e+01   7.3635571e+00   8.9205396e+01   8.3200936e+00   1.8580416e+01   5.1478672e+01   7.4516296e+00   2.9120246e+01   3.9458559e+01   3.5541041e+01   8.7185792e+01
   1.9003155e-01   5.1998597e+03   6.9880329e+02   7.7523363e+00   1.9454390e+01   3.2071064e+01   2.7988783e+03   6.4225446e+01   1.2188682e+02   6.9728063e-02   8.3530474e+01   5.0844567e+01   2.7640716e+03   1.7451506e+01   5.0439915e+01   2.9953223e+03   1.7957222e+01   6.2420759e+01   4.0825004e+00   2.7300279e+02   1.0182770e+02   4.5570126e+01   2.9924888e+01   2.7715239e+01   1.8087707e+01   1.2784233e+01   3.9964489e+00   1.2759876e+00   2.7783664e+01   4.4944584e+01   9.4798972e+00   2.2326179e+00   3.9818358e+00   1.8052325e+00   9.5036437e+00   5.0077290e-01   2.4670600e-02   1.5012937e-01   6.8010277e-02   8.9967796e+01   7.3635571e+00   8.9225399e+01   8.2591740e+00   1.8712948e+01   5.1344829e+01   7.4130552e+00   2.9111346e+01   3.9395229e+01   3.5760622e+01   9.0011823e+01
   1.8892042e-01   5.1918610e+03   6.8578489e+02   7.8441084e+00   1.9749108e+01   3.2162569e+01   2.7992400e+03   6.3921612e+01   1.2190865e+02   6.6133826e-02   8.3574658e+01   4.9238844e+01   2.7647899e+03   1.7617947e+01   5.0773105e+01   2.9957009e+03   1.8067536e+01   6.2415726e+01   4.1382321e+00   2.7276147e+02   1.0187903e+02   4.5567646e+01   2.9411011e+01   2.7887740e+01   1.8103760e+01   1.2594874e+01   3.6084296e+00   1.2718968e+00   2.7742266e+01   4.4892588e+01   9.7697581e+00   2.3712049e+00   3.5722783e+00   1.8236879e+00   9.4907087e+00   4.8746021e-01   1.8494902e-02   1.6450152e-01   7.0823949e-02   9.0270003e+01   8.4771069e+00   8.9258795e+01   8.2559673e+00   1.8552194e+01   5.1339119e+01   7.2804031e+00   2.9101670e+01   3.9379745e+01   3.5622096e+01   8.5852996e+01
   1.9028164e-01   5.1780723e+03   6.5608653e+02   7.7959539e+00   1.9621892e+01   3.2327040e+01   2.7996282e+03   6.4059742e+01   1.2189719e+02   6.6502231e-02   8.3544016e+01   5.0186880e+01   2.7652164e+03   1.7407778e+01   5.1214057e+01   2.9963730e+03   1.8015073e+01   6.2384421e+01   5.6064203e+00   2.7281088e+02   1.0185114e+02   4.5559554e+01   2.9550432e+01   2.7595462e+01   1.7992444e+01   1.2804843e+01   4.1574427e+00   1.2712149e+00   2.8140613e+01   4.4724560e+01   9.4476482e+00   2.2769333e+00   3.4352236e+00   1.7961422e+00   9.5132198e+00   5.3687074e-01   1.8494902e-02   1.6450152e-01   7.0823949e-02   9.0270003e+01   8.4771069e+00   8.9271740e+01   8.2684862e+00   1.8781661e+01   5.1369357e+01   7.3565459e+00   2.9120977e+01   3.9405919e+01   3.5670335e+01   9.0518604e+01
   1.9266134e-01   5.1863100e+03   6.7313839e+02   7.7521930e+00   1.9566630e+01   3.2052132e+01   2.8005459e+03   6.4413881e+01   1.2189971e+02   6.8194942e-02   8.3493897e+01   5.0580579e+01   2.7655367e+03   1.7899993e+01   5.0037331e+01   2.9964906e+03   1.8030403e+01   6.2353946e+01   5.7272837e+00   2.7314434e+02   1.0185015e+02   4.5550879e+01   2.9488479e+01   2.7876376e+01   1.8170268e+01   1.2805087e+01   3.8830518e+00   1.3144584e+00   2.7726704e+01   4.5142931e+01   9.6064811e+00   2.0118041e+00   4.1243129e+00   1.8128552e+00   9.3834474e+00   4.9842873e-01   1.8494902e-02   1.6450152e-01   7.0823949e-02   9.0270003e+01   8.4771069e+00   8.9260937e+01   8.3088896e+00   1.8728082e+01   5.1469043e+01   7.5196755e+00   2.9159995e+01   3.9422723e+01   3.5559995e+01   8.9693967e+01
   1.9261940e-01   5.1862410e+03   7.0408500e+02   7.9099217e+00   1.9379341e+01   3.2311030e+01   2.8010269e+03   6.5360994e+01   1.2190427e+02   7.4735983e-02   8.3498402e+01   5.0518052e+01   2.7657449e+03   1.7484183e+01   4.8556110e+01   2.9967289e+03   1.8160664e+01   6.2389314e+01   5.2887557e+00   2.7226808e+02   1.0184004e+02   4.5535880e+01   2.9127331e+01   2.7766391e+01   1.8228958e+01   1.2669560e+01   3.6231652e+00   1.2767503e+00   2.7586248e+01   4.4894684e+01   9.5146872e+00   2.2055844e+00   3.7806980e+00   1.7744359e+00   9.4627662e+00   5.5652451e-01   3.1584316e-02   1.5957333e-01   7.7287963e-02   9.0700858e+01   7.7160168e+00   8.9219088e+01   8.3501273e+00   1.8922961e+01   5.1308433e+01   8.0142146e+00   2.9142992e+01   3.9415586e+01   3.5757480e+01   8.6073331e+01
   1.9515992e-01   5.1585202e+03   6.7866087e+02   7.9290423e+00   1.9971261e+01   3.2047197e+01   2.7994774e+03   6.4846937e+01   1.2190269e+02   7.3043099e-02   8.3427485e+01   4.9140320e+01   2.7652745e+03   1.7551265e+01   5.0976585e+01   2.9970746e+03   1.8060994e+01   6.2351646e+01   4.2793296e+00   2.7386492e+02   1.0184300e+02   4.5579309e+01   2.9577840e+01   2.7539437e+01   1.8024315e+01   1.2656291e+01   3.7194683e+00   1.2928788e+00   2.7926629e+01   4.5064427e+01   9.1903108e+00   2.3428565e+00   3.6803892e+00   1.7778578e+00   9.4018439e+00   5.4746068e-01   3.1584316e-02   1.5957333e-01   7.7287963e-02   9.0700858e+01   7.7160168e+00   8.9199138e+01   8.3897619e+00   1.9323807e+01   5.1352859e+01   8.2226943e+00   2.9161708e+01   3.9436869e+01   3.5583572e+01   8.8096932e+01
   1.9276807e-01   5.2036153e+03   6.9188418e+02   7.8053744e+00   2.0100468e+01   3.2014773e+01   2.8008858e+03   6.4247126e+01   1.2192137e+02   7.5088141e-02   8.3431783e+01   5.0398339e+01   2.7664320e+03   1.7471569e+01   4.9465677e+01   2.9972038e+03   1.8054275e+01   6.2343624e+01   3.6425689e+00   2.7244887e+02   1.0186944e+02   4.5563943e+01   2.9482219e+01   2.7870963e+01   1.8198781e+01   1.2764977e+01   3.3218830e+00   1.2938988e+00   2.7763161e+01   4.4970967e+01   9.3292979e+00   2.0161577e+00   3.9533081e+00   1.8390312e+00   9.4658959e+00   5.1605865e-01   2.5294520e-02   1.7350044e-01   8.1495844e-02   8.9843131e+01   8.8936001e+00   8.9145938e+01   8.4223439e+00   1.9088486e+01   5.1352582e+01   8.3083177e+00   2.9134576e+01   3.9421953e+01   3.5606000e+01   8.6101420e+01
   1.9520151e-01   5.2069743e+03   6.8220467e+02   7.9042057e+00   1.9525981e+01   3.2149130e+01   2.8005141e+03   6.4687111e+01   1.2186994e+02   8.3144743e-02   8.3442904e+01   4.9768837e+01   2.7657383e+03   1.7910407e+01   4.9262823e+01   2.9979945e+03   1.7951977e+01   6.2359377e+01   4.5253095e+00   2.7400172e+02   1.0186052e+02   4.5581260e+01   2.9740328e+01   2.7725048e+01   1.7965394e+01   1.2756628e+01   4.0079161e+00   1.2745423e+00   2.7678370e+01   4.5289391e+01   9.6279436e+00   2.0519914e+00   4.0000430e+00   1.8179170e+00   9.3978597e+00   3.8803750e-01   2.5294520e-02   1.7350044e-01   8.1495844e-02   8.9843131e+01   8.8936001e+00   8.9210893e+01   8.3010667e+00   1.9207813e+01   5.1388932e+01   8.8547982e+00   2.9184340e+01   3.9445684e+01   3.5499193e+01   8.9324815e+01
   1.9131809e-01   5.1585681e+03   6.6767907e+02   7.9169141e+00   2.0127792e+01   3.1982938e+01   2.8007827e+03   6.4406044e+01   1.2190677e+02   9.0677359e-02   8.3414427e+01   4.8556394e+01   2.7653587e+03   1.7566591e+01   4.9379043e+01   2.9993075e+03   1.7777942e+01   6.2357219e+01   4.6876255e+00   2.7499695e+02   1.0186304e+02   4.5579865e+01   2.8999932e+01   2.7742911e+01   1.7715669e+01   1.2719965e+01   4.3975384e+00   1.3087163e+00   2.7576025e+01   4.5018591e+01   9.2105578e+00   2.1157592e+00   4.0154348e+00   1.7854584e+00   9.4941934e+00   4.3406282e-01   2.5294520e-02   1.7350044e-01   8.1495844e-02   8.9843131e+01   8.8936001e+00   8.9247522e+01   8.2571303e+00   1.8891729e+01   5.1451117e+01   9.4452740e+00   2.9162138e+01   3.9455045e+01   3.5649971e+01   8.8925490e+01
   1.9370207e-01   5.1739667e+03   6.9224459e+02   7.9091735e+00   1.9399731e+01   3.1972094e+01   2.8023279e+03   6.5390214e+01   1.2190473e+02   9.2102856e-02   8.3467720e+01   4.7842182e+01   2.7676800e+03   1.7708195e+01   5.1616720e+01   2.9980903e+03   1.8102993e+01   6.2325143e+01   4.4101407e+00   2.7236472e+02   1.0187280e+02   4.5563355e+01   2.9502057e+01   2.7705372e+01   1.7867179e+01   1.2768560e+01   3.5515435e+00   1.2785341e+00   2.8074372e+01   4.5005524e+01   9.7433840e+00   2.1818475e+00   3.9633725e+00   1.7977784e+00   9.4442598e+00   4.8743947e-01   2.8979095e-02   1.7912479e-01   7.1263282e-02   9.1025860e+01   7.8930458e+00   8.9203883e+01   8.3475116e+00   1.8909037e+01   5.1525213e+01   9.9153303e+00   2.9163581e+01   3.9451437e+01   3.5645793e+01   8.7375799e+01
   1.8866796e-01   5.1673995e+03   7.1262988e+02   7.8391732e+00   1.9652575e+01   3.2386458e+01   2.8013525e+03   6.5736508e+01   1.2188645e+02   9.9031418e-02   8.3408704e+01   4.9387458e+01   2.7659264e+03   1.7423100e+01   5.1474882e+01   2.9981379e+03   1.8140319e+01   6.2335020e+01   5.6877687e+00   2.7326662e+02   1.0185173e+02   4.5590483e+01   2.9178121e+01   2.7858292e+01   1.7783498e+01   1.2624519e+01   3.9420496e+00   1.2900078e+00   2.7655167e+01   4.5035284e+01   9.7918119e+00   2.0609289e+00   3.9932084e+00   1.8543602e+00   9.4168215e+00   5.7102275e-01   2.8979095e-02   1.7912479e-01   7.1263282e-02   9.1025860e+01   7.8930458e+00   8.9111963e+01   8.4585763e+00   1.8758230e+01   5.1420608e+01   1.0554556e+01   2.9171068e+01   3.9443309e+01   3.5606434e+01   8.7746978e+01
   1.8863447e-01   5.2001515e+03   7.0986765e+02   7.8570124e+00   1.9756219e+01   3.2247564e+01   2.8028663e+03   6.4834911e+01   1.2189550e+02   1.0249946e-01   8.3472416e+01   5.0436908e+01   2.7671528e+03   1.7474932e+01   4.9501063e+01   2.9978596e+03   1.8065608e+01   6.2322874e+01   3.6168439e+00   2.7215204e+02   1.0186768e+02   4.5586255e+01   2.9324103e+01   2.7834117e+01   1.8121463e+01   1.2701017e+01   4.3079030e+00   1.2226902e+00   2.7774126e+01   4.5114438e+01   9.5548904e+00   2.2007927e+00   4.0347842e+00   1.8236569e+00   9.4370595e+00   5.4612358e-01   2.7399681e-02   1.6292418e-01   7.0451128e-02   9.0026400e+01   7.9469051e+00   8.9067421e+01   8.5168519e+00   1.8790318e+01   5.1483729e+01   1.1062472e+01   2.9179225e+01   3.9425991e+01   3.5589131e+01   9.0023478e+01
   1.9358540e-01   5.1672088e+03   7.1442630e+02   7.7753633e+00   1.9441416e+01   3.2319552e+01   2.8006778e+03   6.5250903e+01   1.2192103e+02   1.0766954e-01   8.3420354e+01   4.8927989e+01   2.7660486e+03   1.7378505e+01   5.0735793e+01   2.9977994e+03   1.7879309e+01   6.2325544e+01   3.9410508e+00   2.7345568e+02   1.0186594e+02   4.5577431e+01   2.9595328e+01   2.7873145e+01   1.8451970e+01   1.2583198e+01   3.6725448e+00   1.2694391e+00   2.7851349e+01   4.5039741e+01   9.1526194e+00   2.1302107e+00   3.4638011e+00   1.8050616e+00   9.4869188e+00   4.8591503e-01   2.7399681e-02   1.6292418e-01   7.0451128e-02   9.0026400e+01   7.9469051e+00   8.9125822e+01   8.3743889e+00   1.9048604e+01   5.1341500e+01   1.1462666e+01   2.9155031e+01   3.9396694e+01   3.5737919e+01   8.9165488e+01
   1.9546547e-01   5.1611230e+03   6.9704275e+02   7.8209730e+00   1.9830749e+01   3.2085459e+01   2.8000650e+03   6.4659662e+01   1.2190715e+02   1.0182636e-01   8.3469880e+01   5.0274223e+01   2.7650899e+03   1.7481248e+01   4.8677993e+01   2.9968479e+03   1.7881035e+01   6.2342948e+01   5.4295565e+00   2.7341951e+02   1.0191700e+02   4.5590457e+01   2.9010986e+01   2.7926091e+01   1.8260932e+01   1.2860194e+01   3.7876204e+00   1.2972165e+00   2.7411491e+01   4.5016603e+01   9.2408375e+00   1.9090732e+00   3.6512466e+00   1.8128392e+00   9.4086087e+00   4.8607215e-01   2.7399681e-02   1.6292418e-01   7.0451128e-02   9.0026400e+01   7.9469051e+00   8.9172755e+01   8.3188589e+00   1.9383568e+01   5.1246084e+01   1.1478182e+01   2.9182777e+01   3.9419882e+01   3.5606212e+01   8.6574645e+01
   2.0086921e-01   5.2037672e+03   7.0092926e+02   7.8342425e+00   1.9885007e+01   3.2294123e+01   2.7997296e+03   6.5402799e+01   1.2190810e+02   1.0025667e-01   8.3518106e+01   5.0039702e+01   2.7647523e+03   1.7581827e+01   5.1183049e+01   2.9963892e+03   1.8056878e+01   6.2347423e+01   3.4802705e+00   2.7274676e+02   1.0187915e+02   4.5586162e+01   2.9488659e+01   2.7873768e+01   1.7718893e+01   1.2695271e+01   4.1185467e+00   1.2916417e+00   2.7764906e+01   4.5122707e+01   9.2447211e+00   2.1786840e+00   3.8022640e+00   1.7942207e+00   9.3767990e+00   5.7682197e-01   5.1655542e-02   1.4427387e-01   7.5473104e-02   9.0498557e+01   8.2583297e+00   8.9182054e+01   8.3519093e+00   1.9771541e+01   5.1401940e+01   1.1146031e+01   2.9161602e+01   3.9460433e+01   3.5619497e+01   9.1851356e+01
   1.9483511e-01   5.2134107e+03   6.9374376e+02   7.8612252e+00   1.9674048e+01   3.2462567e+01   2.7995477e+03   6.4957712e+01   1.2189832e+02   1.0113109e-01   8.3501325e+01   5.1325970e+01   2.7647341e+03   1.7478295e+01   5.0783680e+01   2.9969658e+03   1.8081418e+01   6.2355719e+01   4.8937228e+00   2.7389531e+02   1.0187778e+02   4.5569626e+01   2.9214892e+01   2.7692966e+01   1.7948039e+01   1.2556157e+01   3.8002235e+00   1.3097337e+00   2.8034960e+01   4.5004136e+01   9.6646060e+00   2.0261622e+00   3.7734373e+00   1.7956644e+00   9.4316070e+00   4.5575943e-01   5.1655542e-02   1.4427387e-01   7.5473104e-02   9.0498557e+01   8.2583297e+00   8.9142780e+01   8.3860596e+00   1.9176349e+01   5.1445180e+01   1.1010697e+01   2.9156846e+01   3.9456060e+01   3.5492144e+01   8.9293613e+01
   1.9620590e-01   5.1599481e+03   7.0537796e+02   7.8061534e+00   1.9482301e+01   3.2351189e+01   2.8001223e+03   6.5384425e+01   1.2189319e+02   1.0056779e-01   8.3569204e+01   4.9064171e+01   2.7649514e+03   1.7567207e+01   4.9911044e+01   2.9964029e+03   1.8009203e+01   6.2396831e+01   3.7583844e+00   2.7242083e+02   1.0188050e+02   4.5547608e+01   2.9378682e+01   2.7872679e+01   1.7693046e+01   1.2825315e+01   4.0801655e+00   1.2902778e+00   2.7654470e+01   4.5018715e+01   9.2494749e+00   1.9552150e+00   4.0043949e+00   1.7882284e+00   9.3962242e+00   5.0364968e-01   3.9528971e-02   1.6285612e-01   7.2821190e-02   9.0420481e+01   7.7359150e+00   8.9114739e+01   8.4120505e+00   1.9237024e+01   5.1415507e+01   1.1013673e+01   2.9159522e+01   3.9449172e+01   3.5413006e+01   9.0856822e+01
   1.9532888e-01   5.1833329e+03   6.7196202e+02   7.8372867e+00   1.9326140e+01   3.2227746e+01   2.7991048e+03   6.4949030e+01   1.2188712e+02   9.8546531e-02   8.3472085e+01   4.9327531e+01   2.7642669e+03   1.7424389e+01   4.9636145e+01   2.9961722e+03   1.8127244e+01   6.2360299e+01   7.5419265e+00   2.7333033e+02   1.0186864e+02   4.5573985e+01   2.9181665e+01   2.7621567e+01   1.8000319e+01   1.2762132e+01   4.1869753e+00   1.3110236e+00   2.8170915e+01   4.5102722e+01   9.2440311e+00   2.3171447e+00   4.2561757e+00   1.8069322e+00   9.4821177e+00   5.5338537e-01   3.9528971e-02   1.6285612e-01   7.2821190e-02   9.0420481e+01   7.7359150e+00   8.9119009e+01   8.3878706e+00   1.8913310e+01   5.1557880e+01   1.0901549e+01   2.9123890e+01   3.9451138e+01   3.5516541e+01   9.1308039e+01
   1.9410754e-01   5.1918882e+03   6.9696040e+02   7.8660587e+00   1.9530927e+01   3.2325082e+01   2.7999972e+03   6.4410696e+01   1.2188949e+02   1.0168314e-01   8.3496441e+01   5.0825517e+01   2.7647896e+03   1.7720455e+01   4.9703028e+01   2.9964184e+03   1.8107723e+01   6.2341585e+01   4.8384776e+00   2.7366005e+02   1.0185802e+02   4.5562485e+01   2.9745125e+01   2.7711504e+01   1.7808217e+01   1.2575893e+01   4.1342751e+00   1.3151629e+00   2.8225698e+01   4.4901034e+01   9.0908993e+00   2.2949358e+00   3.6931251e+00   1.8418921e+00   9.4143195e+00   5.4433586e-01   3.9528971e-02   1.6285612e-01   7.2821190e-02   9.0420481e+01   7.7359150e+00   8.9106807e+01   8.4058085e+00   1.9151185e+01   5.1446189e+01   1.0900753e+01   2.9135580e+01   3.9425386e+01   3.5503235e+01   8.6664081e+01
   1.9069314e-01   5.1878119e+03   7.1080636e+02   7.7801283e+00   2.0013578e+01   3.1909797e+01   2.8004327e+03   6.4764391e+01   1.2190986e+02   1.0159062e-01   8.3544918e+01   5.1419952e+01   2.7653261e+03   1.7403146e+01   4.8662834e+01   2.9964534e+03   1.8100535e+01   6.2390557e+01   1.9191104e+00   2.7370171e+02   1.0185645e+02   4.5547247e+01   2.9355886e+01   2.7586416e+01   1.8096998e+01   1.2585852e+01   3.7898856e+00   1.2972921e+00   2.7577987e+01   4.5114896e+01   9.5205000e+00   1.9143639e+00   4.1189479e+00   1.8141487e+00   9.4666507e+00   4.7428238e-01   1.3961948e-02   1.5869624e-01   7.7940234e-02   9.0468644e+01   8.2234041e+00   8.9104882e+01   8.3926496e+00   1.8757220e+01   5.1383199e+01   1.1072202e+01   2.9137927e+01   3.9444412e+01   3.5590960e+01   9.1357642e+01
   1.9577871e-01   5.1895370e+03   6.9060249e+02   7.7750612e+00   1.9223224e+01   3.2200678e+01   2.7992224e+03   6.5089371e+01   1.2192191e+02   1.0089817e-01   8.3496577e+01   5.2338824e+01   2.7639512e+03   1.7470757e+01   4.9427248e+01   2.9954735e+03   1.8018589e+01   6.2379648e+01   5.3392503e+00   2.7296842e+02   1.0186241e+02   4.5578531e+01   2.9345965e+01   2.7760408e+01   1.8098372e+01   1.2646984e+01   4.0985694e+00   1.2774653e+00   2.7791480e+01   4.4916087e+01   9.5437320e+00   2.2870611e+00   3.9252846e+00   1.8079711e+00   9.3701523e+00   4.6094116e-01   1.3961948e-02   1.5869624e-01   7.7940234e-02   9.0468644e+01   8.2234041e+00   8.9107696e+01   8.3907017e+00   1.9056198e+01   5.1336290e+01   1.1004838e+01   2.9120917e+01   3.9438563e+01   3.5660326e+01   8.7189211e+01
   1.9690453e-01   5.1750860e+03   6.7047665e+02   7.7945135e+00   1.9575804e+01   3.2127462e+01   2.7989936e+03   6.5565007e+01   1.2191142e+02   9.5067197e-02   8.3503896e+01   5.0253031e+01   2.7640119e+03   1.7518332e+01   4.9014753e+01   2.9953730e+03   1.7885482e+01   6.2387074e+01   3.1724213e+00   2.7271502e+02   1.0187488e+02   4.5582870e+01   2.9497372e+01   2.7625742e+01   1.8356944e+01   1.2764767e+01   4.1445332e+00   1.2640467e+00   2.7583865e+01   4.5032584e+01   9.6158048e+00   2.1459975e+00   3.9181863e+00   1.7727142e+00   9.4357714e+00   4.4129138e-01   2.4848794e-02   1.5218157e-01   5.7102975e-02   9.0177238e+01   8.0009977e+00   8.9090892e+01   8.3874996e+00   1.9224123e+01   5.1288045e+01   1.0578928e+01   2.9126969e+01   3.9395790e+01   3.5550990e+01   8.9276496e+01
   1.9955556e-01   5.2061120e+03   7.2985753e+02   7.8435745e+00   1.9859684e+01   3.2269337e+01   2.7982766e+03   6.5331324e+01   1.2188930e+02   9.1003421e-02   8.3579862e+01   5.0883910e+01   2.7635312e+03   1.7529342e+01   5.0464549e+01   2.9952489e+03   1.7987953e+01   6.2391939e+01   6.3258864e+00   2.7320334e+02   1.0187987e+02   4.5551639e+01   2.9531955e+01   2.7755156e+01   1.8065782e+01   1.2548787e+01   3.7892410e+00   1.2894710e+00   2.7696843e+01   4.4994906e+01   9.3213597e+00   2.0886239e+00   3.7049953e+00   1.8807650e+00   9.4385776e+00   4.7324948e-01   2.4848794e-02   1.5218157e-01   5.7102975e-02   9.0177238e+01   8.0009977e+00   8.9141049e+01   8.3759455e+00   1.9524635e+01   5.1339304e+01   1.0169724e+01   2.9157483e+01   3.9467568e+01   3.5313731e+01   8.7965449e+01
   1.9514316e-01   5.2233239e+03   6.8980845e+02   7.8538330e+00   1.9737645e+01   3.2436534e+01   2.7991908e+03   6.5356548e+01   1.2190010e+02   9.0460975e-02   8.3571168e+01   5.0428690e+01   2.7629615e+03   1.7339573e+01   4.9631429e+01   2.9956237e+03   1.8145344e+01   6.2420315e+01   3.6468573e+00   2.7355710e+02   1.0187470e+02   4.5544176e+01   2.9527301e+01   2.7641581e+01   1.8376771e+01   1.2689308e+01   3.8648117e+00   1.3477618e+00   2.7984915e+01   4.4724143e+01   9.1776202e+00   2.2146491e+00   3.9983900e+00   1.7715771e+00   9.3938074e+00   4.9169397e-01   2.4848794e-02   1.5218157e-01   5.7102975e-02   9.0177238e+01   8.0009977e+00   8.9121735e+01   8.3783118e+00   1.9395304e+01   5.1300453e+01   9.7585288e+00   2.9126598e+01   3.9421335e+01   3.5522304e+01   8.8876344e+01
   1.9963259e-01   5.1807759e+03   6.4846365e+02   7.8546481e+00   1.9611367e+01   3.1736718e+01   2.7992902e+03   6.5397519e+01   1.2190786e+02   8.2787703e-02   8.3627989e+01   4.8618555e+01   2.7638440e+03   1.7381705e+01   4.9920296e+01   2.9946633e+03   1.8064545e+01   6.2417602e+01   5.2362546e+00   2.7284586e+02   1.0187945e+02   4.5555615e+01   2.9450393e+01   2.7763559e+01   1.8096814e+01   1.2656707e+01   4.3833724e+00   1.2827509e+00   2.7871064e+01   4.5061355e+01   9.3847179e+00   2.0911275e+00   3.3825556e+00   1.7884706e+00   9.4788662e+00   4.5697479e-01   4.2740640e-02   1.6441419e-01   8.7011037e-02   8.9735667e+01   8.4030852e+00   8.9161790e+01   8.3353203e+00   1.9648763e+01   5.1224124e+01   9.3672813e+00   2.9124623e+01   3.9433512e+01   3.5702924e+01   8.9694558e+01
   2.0104699e-01   5.1920520e+03   7.0551995e+02   7.8224134e+00   1.9202781e+01   3.2247250e+01   2.7968390e+03   6.5140522e+01   1.2188650e+02   7.8265701e-02   8.3497134e+01   4.9903116e+01   2.7610943e+03   1.7473060e+01   4.9946662e+01   2.9943652e+03   1.8024416e+01   6.2414334e+01   4.8888756e+00   2.7539938e+02   1.0186955e+02   4.5582392e+01   2.9557726e+01   2.7804834e+01   1.7892526e+01   1.2595705e+01   3.6774934e+00   1.2757432e+00   2.7601818e+01   4.4841973e+01   8.9508945e+00   2.1629617e+00   3.7708425e+00   1.8046901e+00   9.4437590e+00   4.2637277e-01   4.2740640e-02   1.6441419e-01   8.7011037e-02   8.9735667e+01   8.4030852e+00   8.9212902e+01   8.2819305e+00   1.9578951e+01   5.1324487e+01   8.6613417e+00   2.9102260e+01   3.9427087e+01   3.5532894e+01   9.2431374e+01
   1.9606339e-01   5.2147791e+03   6.7776431e+02   7.8954154e+00   1.9699167e+01   3.1773392e+01   2.7981738e+03   6.4873309e+01   1.2193080e+02   7.3524580e-02   8.3503105e+01   5.0569685e+01   2.7616951e+03   1.7698224e+01   4.9845115e+01   2.9939472e+03   1.8092481e+01   6.2381259e+01   5.5329858e+00   2.7307488e+02   1.0185878e+02   4.5565023e+01   2.9059992e+01   2.7581195e+01   1.8631892e+01   1.2738474e+01   3.7123571e+00   1.2749287e+00   2.7486313e+01   4.4992632e+01   9.4696193e+00   2.0552561e+00   4.1368697e+00   1.7663535e+00   9.5001085e+00   4.9938817e-01   3.6006195e-02   1.4529664e-01   6.3882031e-02   8.9538683e+01   7.4552563e+00   8.9247017e+01   8.2532169e+00   1.9279564e+01   5.1392062e+01   7.8567787e+00   2.9145314e+01   3.9442323e+01   3.5766646e+01   8.7146147e+01
   2.0333872e-01   5.1891020e+03   6.5357577e+02   7.8272440e+00   1.9657330e+01   3.2478953e+01   2.7983427e+03   6.5669720e+01   1.2189737e+02   6.4170761e-02   8.3552299e+01   5.0750801e+01   2.7627489e+03   1.7483328e+01   5.1652321e+01   2.9946406e+03   1.7991777e+01   6.2405123e+01   5.2008340e+00   2.7296413e+02   1.0183604e+02   4.5539914e+01   2.9375957e+01   2.7658318e+01   1.8108645e+01   1.2667080e+01   3.7429211e+00   1.3342177e+00   2.8324350e+01   4.4991288e+01   9.1804753e+00   2.1994363e+00   3.4721584e+00   1.7724189e+00   9.4318302e+00   4.7021333e-01   3.6006195e-02   1.4529664e-01   6.3882031e-02   8.9538683e+01   7.4552563e+00   8.9262644e+01   8.2336959e+00   2.0158514e+01   5.1175654e+01   7.2512623e+00   2.9141820e+01   3.9397542e+01   3.5674348e+01   8.7215695e+01
   2.0234063e-01   5.2012715e+03   6.5214439e+02   7.7716432e+00   1.9837044e+01   3.1842857e+01   2.7981682e+03   6.4902897e+01   1.2189629e+02   6.0950594e-02   8.3493735e+01   5.0075919e+01   2.7627441e+03   1.7916803e+01   5.1502793e+01   2.9948640e+03   1.7798728e+01   6.2397204e+01   3.8839080e+00   2.7366935e+02   1.0180030e+02   4.5581017e+01   2.9172380e+01   2.7802931e+01   1.7606476e+01   1.2660230e+01   4.1603306e+00   1.3191335e+00   2.7306565e+01   4.4912263e+01   9.2931143e+00   2.0711414e+00   3.8462026e+00   1.8156355e+00   9.4445339e+00   5.2633235e-01   3.6006195e-02   1.4529664e-01   6.3882031e-02   8.9538683e+01   7.4552563e+00   8.9324940e+01   8.2214327e+00   2.0001664e+01   5.1289748e+01   6.7424161e+00   2.9146252e+01   3.9464811e+01   3.5629168e+01   8.7055000e+01
   1.9913877e-01   5.2163866e+03   6.8152272e+02   7.7514513e+00   1.9486677e+01   3.2166226e+01   2.7997286e+03   6.4997616e+01   1.2190577e+02   6.0415661e-02   8.3490845e+01   4.8569168e+01   2.7642828e+03   1.7774898e+01   4.8699903e+01   2.9955582e+03   1.8106328e+01   6.2381056e+01   5.4717105e+00   2.7329594e+02   1.0181378e+02   4.5566992e+01   2.9258392e+01   2.7831476e+01   1.7765626e+01   1.2567796e+01   4.0862334e+00   1.2930901e+00   2.7867021e+01   4.4764488e+01   9.4750392e+00   2.3014477e+00   3.9639553e+00   1.8264552e+00   9.5186001e+00   4.6202623e-01   3.6912082e-02   1.4969160e-01   7.7206023e-02   9.0200408e+01   8.4985150e+00   8.9302490e+01   8.2511648e+00   1.9533913e+01   5.1468598e+01   6.7087075e+00   2.9108658e+01   3.9416888e+01   3.5833646e+01   8.7855353e+01
   1.9741447e-01   5.1538332e+03   6.9132730e+02   7.8799040e+00   1.9907288e+01   3.2003074e+01   2.8006969e+03   6.5289501e+01   1.2190681e+02   6.2542705e-02   8.3476455e+01   5.0294126e+01   2.7653294e+03   1.7628024e+01   5.0201069e+01   2.9975490e+03   1.8108844e+01   6.2342909e+01   4.5427321e+00   2.7381263e+02   1.0185691e+02   4.5545629e+01   2.9902364e+01   2.7662534e+01   1.8844540e+01   1.2682762e+01   4.1064428e+00   1.2740946e+00   2.7929271e+01   4.5045633e+01   9.7155800e+00   2.0664167e+00   3.9492372e+00   1.8362627e+00   9.4246416e+00   4.2289592e-01   3.6912082e-02   1.4969160e-01   7.7206023e-02   9.0200408e+01   8.4985150e+00   8.9273577e+01   8.3060624e+00   1.9384422e+01   5.1507344e+01   6.9542144e+00   2.9145978e+01   3.9417145e+01   3.5656496e+01   8.8027655e+01
   2.0371388e-01   5.1944414e+03   6.7766148e+02   7.8471768e+00   2.0318711e+01   3.2104585e+01   2.8001411e+03   6.5030707e+01   1.2188807e+02   6.8089348e-02   8.3399483e+01   5.2498649e+01   2.7646135e+03   1.7399948e+01   4.8467158e+01   2.9963025e+03   1.8164674e+01   6.2363336e+01   5.3242459e+00   2.7355778e+02   1.0186198e+02   4.5590280e+01   2.9297284e+01   2.7593141e+01   1.7790171e+01   1.2580048e+01   4.0032986e+00   1.2979509e+00   2.7490458e+01   4.4903741e+01   9.6435249e+00   2.1349061e+00   3.8699634e+00   1.8391394e+00   9.4881828e+00   5.9151825e-01   1.7149774e-02   1.5997697e-01   1.0339954e-01   8.9518629e+01   8.2947644e+00   8.9243722e+01   8.3404824e+00   1.9984478e+01   5.1095540e+01   7.2468911e+00   2.9148604e+01   3.9439235e+01   3.5557372e+01   8.7902807e+01
   1.9885850e-01   5.1710635e+03   7.1428032e+02   7.8470559e+00   1.9715853e+01   3.1818199e+01   2.8001476e+03   6.4984062e+01   1.2190722e+02   6.9148401e-02   8.3391599e+01   5.0325207e+01   2.7651057e+03   1.7545445e+01   4.9615711e+01   2.9966679e+03   1.8076926e+01   6.2340421e+01   5.3966839e+00   2.7348970e+02   1.0182874e+02   4.5579097e+01   2.9838004e+01   2.7618093e+01   1.7829837e+01   1.2737433e+01   3.6906812e+00   1.2596109e+00   2.7972262e+01   4.5088727e+01   9.1488884e+00   2.4121115e+00   3.9637095e+00   1.8156625e+00   9.3759793e+00   4.4102968e-01   1.7149774e-02   1.5997697e-01   1.0339954e-01   8.9518629e+01   8.2947644e+00   8.9285806e+01   8.2589046e+00   1.9673335e+01   5.1396498e+01   7.4569818e+00   2.9186549e+01   3.9420161e+01   3.5733966e+01   8.9232025e+01
   1.9763639e-01   5.2025131e+03   6.7790918e+02   7.8357855e+00   1.9885212e+01   3.2193297e+01   2.8018637e+03   6.4361040e+01   1.2188764e+02   7.4763339e-02   8.3454126e+01   4.9491835e+01   2.7665345e+03   1.7691880e+01   4.9308801e+01   2.9983015e+03   1.7971643e+01   6.2339921e+01   6.3964442e+00   2.7286884e+02   1.0185486e+02   4.5575068e+01   2.8969401e+01   2.7725494e+01   1.7733462e+01   1.2600610e+01   3.9623589e+00   1.2658898e+00   2.7821735e+01   4.4996943e+01   9.2636467e+00   2.2154284e+00   3.8086329e+00   1.7632980e+00   9.3729441e+00   5.3984703e-01   1.7149774e-02   1.5997697e-01   1.0339954e-01   8.9518629e+01   8.2947644e+00   8.9327854e+01   8.2158138e+00   1.9201949e+01   5.1331175e+01   7.9983340e+00   2.9168870e+01   3.9440446e+01   3.5690452e+01   9.2244386e+01
   1.9493922e-01   5.1816012e+03   6.9571883e+02   7.8458099e+00   1.9594178e+01   3.2999603e+01   2.8009023e+03   6.4952191e+01   1.2189068e+02   8.1300442e-02   8.3437855e+01   5.0086079e+01   2.7661664e+03   1.7610296e+01   4.9337483e+01   2.9983842e+03   1.7844554e+01   6.2347615e+01   6.3055342e+00   2.7399908e+02   1.0183495e+02   4.5583713e+01   2.9049590e+01   2.7826716e+01   1.7934112e+01   1.2572611e+01   4.1104292e+00   1.2643436e+00   2.7770124e+01   4.5055520e+01   9.7625649e+00   2.2144322e+00   3.9954466e+00   1.8009279e+00   9.3951514e+00   5.3245916e-01   3.5556122e-02   1.6369185e-01   8.3927904e-02   9.0844813e+01   7.6791670e+00   8.9256999e+01   8.2958908e+00   1.9346343e+01   5.1468279e+01   8.5872766e+00   2.9136233e+01   3.9416249e+01   3.5559712e+01   9.0056367e+01
   1.9941916e-01   5.1984466e+03   6.9771627e+02   7.9109673e+00   1.9611049e+01   3.2671553e+01   2.8019126e+03   6.5300560e+01   1.2188943e+02   8.6415684e-02   8.3407668e+01   5.0318886e+01   2.7668555e+03   1.7523539e+01   4.9824513e+01   2.9988700e+03   1.8081190e+01   6.2317079e+01   4.0890211e+00   2.7326304e+02   1.0183413e+02   4.5589228e+01   2.9470862e+01   2.7710694e+01   1.7762852e+01   1.2616208e+01   3.7607963e+00   1.3046473e+00   2.7488023e+01   4.5031588e+01   9.0371637e+00   2.2822579e+00   3.6127848e+00   1.8181014e+00   9.3425642e+00   5.4458014e-01   3.5556122e-02   1.6369185e-01   8.3927904e-02   9.0844813e+01   7.6791670e+00   8.9172801e+01   8.4073650e+00   1.9597091e+01   5.1417207e+01   9.3076056e+00   2.9184853e+01   3.9454574e+01   3.5446599e+01   8.7684527e+01
   1.9769211e-01   5.1778176e+03   7.2416225e+02   7.8705094e+00   1.9612257e+01   3.2375888e+01   2.8030270e+03   6.4299790e+01   1.2190382e+02   9.2393530e-02   8.3417822e+01   5.0351393e+01   2.7673020e+03   1.7627763e+01   4.8542076e+01   2.9996955e+03   1.8203791e+01   6.2327640e+01   7.0856511e+00   2.7298078e+02   1.0184572e+02   4.5569604e+01   2.9574466e+01   2.7734495e+01   1.8147261e+01   1.2672768e+01   3.4747456e+00   1.3021269e+00   2.7962823e+01   4.5096002e+01   9.4568215e+00   2.1238039e+00   4.1765521e+00   1.8041919e+00   9.4500049e+00   5.5319464e-01   2.3347808e-02   1.5844517e-01   7.4281856e-02   9.0566307e+01   7.7446981e+00   8.9120471e+01   8.4619816e+00   1.9312530e+01   5.1448721e+01   1.0217717e+01   2.9171246e+01   3.9453437e+01   3.5654635e+01   8.8541196e+01
   1.9861012e-01   5.1749743e+03   6.9410273e+02   7.7619102e+00   2.0009834e+01   3.1972317e+01   2.8016033e+03   6.5133000e+01   1.2189585e+02   9.9719788e-02   8.3379354e+01   4.9411149e+01   2.7666097e+03   1.7566937e+01   5.0130350e+01   2.9985007e+03   1.8270043e+01   6.2333468e+01   5.5898851e+00   2.7392769e+02   1.0189541e+02   4.5644644e+01   2.9301137e+01   2.7905969e+01   1.8210799e+01   1.2595077e+01   3.4635781e+00   1.2969513e+00   2.7823911e+01   4.5055868e+01   9.6580009e+00   2.1516013e+00   4.3600136e+00   1.8148644e+00   9.3722340e+00   5.3823071e-01   2.3347808e-02   1.5844517e-01   7.4281856e-02   9.0566307e+01   7.7446981e+00   8.9108076e+01   8.4493162e+00   1.9462618e+01   5.1268490e+01   1.0844437e+01   2.9193010e+01   3.9428196e+01   3.5389952e+01   8.7921684e+01
   2.0042054e-01   5.1890698e+03   7.0558984e+02   7.8073184e+00   1.9417808e+01   3.2150665e+01   2.8022682e+03   6.4461951e+01   1.2189957e+02   1.0366308e-01   8.3432737e+01   5.0998863e+01   2.7666912e+03   1.7559489e+01   4.9192758e+01   2.9978171e+03   1.7932378e+01   6.2321723e+01   3.6045776e+00   2.7278867e+02   1.0185752e+02   4.5566731e+01   2.9780728e+01   2.7753642e+01   1.8565791e+01   1.2728009e+01   3.2731473e+00   1.2630980e+00   2.7481277e+01   4.4981886e+01   9.2899509e+00   2.4776920e+00   3.9871684e+00   1.8348242e+00   9.4563726e+00   4.3322812e-01   2.3347808e-02   1.5844517e-01   7.4281856e-02   9.0566307e+01   7.7446981e+00   8.9129891e+01   8.4574025e+00   1.9795967e+01   5.1305623e+01   1.1309760e+01   2.9152631e+01   3.9453465e+01   3.5467470e+01   8.6539233e+01
   2.0332084e-01   5.1745845e+03   6.9724336e+02   7.7790106e+00   1.9746862e+01   3.2261893e+01   2.8011977e+03   6.5674114e+01   1.2189455e+02   1.0549711e-01   8.3483224e+01   5.1895430e+01   2.7660781e+03   1.7545084e+01   4.9057169e+01   2.9969024e+03   1.8134071e+01   6.2341212e+01   7.2848045e+00   2.7245894e+02   1.0188818e+02   4.5596754e+01   2.9691447e+01   2.7734813e+01   1.8107457e+01   1.2746574e+01   3.7072714e+00   1.3096699e+00   2.7863553e+01   4.5033352e+01   8.9476283e+00   2.1547254e+00   4.1672115e+00   1.8258005e+00   9.4045815e+00   5.2581512e-01   4.0980350e-02   1.6779244e-01   7.6429250e-02   9.0430990e+01   8.1158623e+00   8.9110157e+01   8.4518976e+00   2.0061509e+01   5.1152976e+01   1.1609144e+01   2.9139882e+01   3.9432082e+01   3.5350266e+01   8.7661945e+01
   2.0394531e-01   5.1647756e+03   7.3251766e+02   7.7399576e+00   1.9476877e+01   3.2003132e+01   2.8002529e+03   6.5965360e+01   1.2189552e+02   1.0396666e-01   8.3492433e+01   5.1117255e+01   2.7654744e+03   1.7453476e+01   4.7571913e+01   2.9963423e+03   1.8052576e+01   6.2382822e+01   6.0461139e+00   2.7293992e+02   1.0187092e+02   4.5573577e+01   2.9765029e+01   2.7735412e+01   1.7714008e+01   1.2693014e+01   3.8443294e+00   1.2872177e+00   2.7771274e+01   4.5138416e+01   9.5716811e+00   2.1321215e+00   4.2946064e+00   1.7798522e+00   9.4340753e+00   4.0391777e-01   4.0980350e-02   1.6779244e-01   7.6429250e-02   9.0430990e+01   8.1158623e+00   8.9101748e+01   8.4246058e+00   1.9832222e+01   5.1254864e+01   1.1423221e+01   2.9155774e+01   3.9435401e+01   3.5400137e+01   8.8704834e+01
   1.9635184e-01   5.1853240e+03   7.0935065e+02   7.8233586e+00   1.9438609e+01   3.2005134e+01   2.7994377e+03   6.4146315e+01   1.2190300e+02   1.0259780e-01   8.3523790e+01   5.0312366e+01   2.7645878e+03   1.7463497e+01   4.9673958e+01   2.9964400e+03   1.7983859e+01   6.2382429e+01   5.7964846e+00   2.7273624e+02   1.0184541e+02   4.5606676e+01   2.9323239e+01   2.7676008e+01   1.7797310e+01   1.2698855e+01   3.5373697e+00   1.3195134e+00   2.7916522e+01   4.4955663e+01   8.9506717e+00   2.1445204e+00   3.9411020e+00   1.8381597e+00   9.5313941e+00   4.8737420e-01   4.0949351e-02   1.6322085e-01   6.1610649e-02   8.9808681e+01   7.9204752e+00   8.9121321e+01   8.4435462e+00   1.9259691e+01   5.1406004e+01   1.1226557e+01   2.9161403e+01   3.9464017e+01   3.5543906e+01   8.8955093e+01
   1.9717016e-01   5.1507209e+03   7.1557116e+02   7.9036480e+00   1.9683220e+01   3.2135299e+01   2.8002523e+03   6.5731129e+01   1.2189928e+02   1.0026079e-01   8.3544506e+01   5.0029366e+01   2.7643945e+03   1.7589461e+01   4.9536403e+01   2.9965619e+03   1.8025341e+01   6.2374994e+01   5.7195493e+00   2.7385374e+02   1.0185542e+02   4.5573511e+01   2.9222883e+01   2.7714042e+01   1.8008413e+01   1.2390653e+01   3.9121015e+00   1.2626947e+00   2.8168464e+01   4.4966882e+01   9.2229930e+00   2.1710762e+00   3.9114555e+00   1.7783253e+00   9.4357489e+00   5.2201771e-01   4.0949351e-02   1.6322085e-01   6.1610649e-02   8.9808681e+01   7.9204752e+00   8.9164413e+01   8.3459733e+00   1.9271397e+01   5.1371594e+01   1.1119676e+01   2.9162076e+01   3.9439393e+01   3.5630594e+01   8.5146273e+01
   1.9665383e-01   5.1801977e+03   7.2843605e+02   7.8639807e+00   1.9789769e+01   3.2263991e+01   2.7992790e+03   6.5275157e+01   1.2190224e+02   9.5885814e-02   8.3520306e+01   4.8974317e+01   2.7643385e+03   1.7643070e+01   4.9127940e+01   2.9948593e+03   1.8141728e+01   6.2387240e+01   5.9555146e+00   2.7274083e+02   1.0183943e+02   4.5597565e+01   2.9477327e+01   2.7827716e+01   1.8341577e+01   1.2624933e+01   3.9697835e+00   1.2840796e+00   2.7775126e+01   4.5129531e+01   9.2461295e+00   2.3344721e+00   3.9526759e+00   1.7685001e+00   9.4762907e+00   5.0208090e-01   4.0949351e-02   1.6322085e-01   6.1610649e-02   8.9808681e+01   7.9204752e+00   8.9212401e+01   8.3138727e+00   1.9545816e+01   5.1394133e+01   1.0707357e+01   2.9159208e+01   3.9435612e+01   3.5703636e+01   8.7339473e+01
   2.0107733e-01   5.2039261e+03   7.1240929e+02   7.8475983e+00   2.0240898e+01   3.1666414e+01   2.7989560e+03   6.5399794e+01   1.2189490e+02   9.3440856e-02   8.3571559e+01   5.0929682e+01   2.7637876e+03   1.7670080e+01   4.8645992e+01   2.9949512e+03   1.7817180e+01   6.2396949e+01   4.8339230e+00   2.7331296e+02   1.0184693e+02   4.5567567e+01   2.9094296e+01   2.7628323e+01   1.8100882e+01   1.2800965e+01   3.8723792e+00   1.2566900e+00   2.7777943e+01   4.5063300e+01   9.0099986e+00   2.2508891e+00   3.6518037e+00   1.8020823e+00   9.3984324e+00   4.0433655e-01   3.7484798e-02   1.5560293e-01   6.6495429e-02   8.9638338e+01   8.2014673e+00   8.9227126e+01   8.2989208e+00   1.9892069e+01   5.1287194e+01   1.0342742e+01   2.9156665e+01   3.9420077e+01   3.5523260e+01   8.8351290e+01
   2.0463640e-01   5.1867285e+03   6.8668722e+02   7.8398843e+00   1.9554989e+01   3.2052426e+01   2.7989881e+03   6.4297552e+01   1.2191096e+02   8.9299101e-02   8.3583697e+01   4.7392294e+01   2.7641986e+03   1.7806152e+01   4.9975807e+01   2.9949796e+03   1.7789534e+01   6.2410900e+01   5.9206133e+00   2.7312410e+02   1.0183987e+02   4.5560468e+01   2.9503574e+01   2.7569783e+01   1.8161833e+01   1.2566990e+01   3.9658458e+00   1.3023733e+00   2.8020473e+01   4.5017062e+01   9.2207680e+00   2.1514899e+00   4.3726459e+00   1.8097311e+00   9.5425331e+00   4.8309057e-01   3.7484798e-02   1.5560293e-01   6.6495429e-02   8.9638338e+01   8.2014673e+00   8.9281430e+01   8.2639189e+00   2.0113603e+01   5.1364545e+01   9.9183672e+00   2.9187743e+01   3.9472005e+01   3.5653021e+01   8.9568304e+01
   2.0495871e-01   5.1887812e+03   6.9628919e+02   7.7643450e+00   1.9739160e+01   3.2042024e+01   2.7969106e+03   6.4457525e+01   1.2192331e+02   8.4043964e-02   8.3567579e+01   4.9669845e+01   2.7621554e+03   1.7288038e+01   4.9276326e+01   2.9939017e+03   1.8171894e+01   6.2405735e+01   5.7675258e+00   2.7339692e+02   1.0183719e+02   4.5558730e+01   2.9456081e+01   2.7707700e+01   1.8068499e+01   1.2758050e+01   3.4679123e+00   1.3020333e+00   2.7747128e+01   4.5231881e+01   8.9805206e+00   2.1082563e+00   4.1316859e+00   1.8366438e+00   9.4604468e+00   5.5118516e-01   2.0285109e-02   1.5434652e-01   6.7167184e-02   9.0156171e+01   7.5412346e+00   8.9290180e+01   8.2383412e+00   2.0060695e+01   5.1324075e+01   9.3166157e+00   2.9138679e+01   3.9466631e+01   3.5750937e+01   8.9549752e+01
   2.0377933e-01   5.1695959e+03   6.9786851e+02   7.9351246e+00   1.9380907e+01   3.2490637e+01   2.7983853e+03   6.4793482e+01   1.2192006e+02   7.8078129e-02   8.3597394e+01   5.0305804e+01   2.7633551e+03   1.7362707e+01   4.9048720e+01   2.9936321e+03   1.8036885e+01   6.2420377e+01   4.9554838e+00   2.7308752e+02   1.0185370e+02   4.5543810e+01   2.9515228e+01   2.7976918e+01   1.7871478e+01   1.2827194e+01   3.7819342e+00   1.2501708e+00   2.7721237e+01   4.5050203e+01   9.1250958e+00   2.1187352e+00   3.9526169e+00   1.8225526e+00   9.4520283e+00   5.6031122e-01   2.0285109e-02   1.5434652e-01   6.7167184e-02   9.0156171e+01   7.5412346e+00   8.9237279e+01   8.2902417e+00   1.9981132e+01   5.1318161e+01   8.6101181e+00   2.9125844e+01   3.9404240e+01   3.5517930e+01   8.8466246e+01
   2.0221909e-01   5.1979886e+03   7.1860435e+02   7.8537418e+00   1.9434124e+01   3.1971829e+01   2.7970759e+03   6.4035803e+01   1.2188108e+02   7.3205359e-02   8.3483515e+01   5.1264144e+01   2.7622717e+03   1.7412148e+01   4.7682361e+01   2.9938596e+03   1.8114705e+01   6.2407153e+01   7.0038968e+00   2.7425431e+02   1.0181815e+02   4.5597440e+01   2.9579718e+01   2.7571557e+01   1.7773086e+01   1.2509797e+01   3.5608050e+00   1.2979596e+00   2.8079463e+01   4.5006929e+01   9.2447266e+00   2.0960123e+00   4.2251078e+00   1.8427384e+00   9.4015793e+00   4.9441816e-01   2.0285109e-02   1.5434652e-01   6.7167184e-02   9.0156171e+01   7.5412346e+00   8.9252517e+01   8.3316951e+00   1.9720320e+01   5.1354309e+01   7.9863922e+00   2.9140872e+01   3.9420436e+01   3.5612284e+01   8.9540184e+01
   1.9769559e-01   5.2111213e+03   7.0112809e+02   7.8887615e+00   2.0096801e+01   3.2028987e+01   2.7982394e+03   6.4474965e+01   1.2189654e+02   6.6751500e-02   8.3511388e+01   4.9926414e+01   2.7641918e+03   1.7838375e+01   5.0432300e+01   2.9945218e+03   1.8118170e+01   6.2388712e+01   5.0238330e+00   2.7335784e+02   1.0184018e+02   4.5553067e+01   2.9268395e+01   2.7712652e+01   1.8091361e+01   1.2419326e+01   3.4066430e+00   1.2825025e+00   2.7585076e+01   4.4982977e+01   9.6751547e+00   2.2786004e+00   3.7662602e+00   1.8327189e+00   9.4746699e+00   5.4546128e-01   1.2491092e-02   1.5342575e-01   6.1092077e-02   8.9628407e+01   6.9500141e+00   8.9281685e+01   8.2971755e+00   1.9425112e+01   5.1401572e+01   7.4644227e+00   2.9158990e+01   3.9456468e+01   3.5683915e+01   8.8820955e+01
   2.0116097e-01   5.2073690e+03   6.9064889e+02   7.7593900e+00   1.9875868e+01   3.2371195e+01   2.7989734e+03   6.3927264e+01   1.2189367e+02   6.9688987e-02   8.3458888e+01   5.1110926e+01   2.7636045e+03   1.7469352e+01   5.0864856e+01   2.9958073e+03   1.7981579e+01   6.2388290e+01   7.2060771e+00   2.7371067e+02   1.0182892e+02   4.5572815e+01   2.9077359e+01   2.7880170e+01   1.7917520e+01   1.2474302e+01   4.0967128e+00   1.2722945e+00   2.8224860e+01   4.5150670e+01   9.0760565e+00   2.3438425e+00   3.8759370e+00   1.7869162e+00   9.4181188e+00   4.8038673e-01   1.2491092e-02   1.5342575e-01   6.1092077e-02   8.9628407e+01   6.9500141e+00   8.9285502e+01   8.2568844e+00   1.9751962e+01   5.1362668e+01   7.3345986e+00   2.9141796e+01   3.9427704e+01   3.5624124e+01   9.0757567e+01
   2.0200927e-01   5.1822924e+03   7.3067579e+02   7.8928444e+00   1.9771719e+01   3.2123799e+01   2.7998518e+03   6.5003643e+01   1.2189922e+02   6.7313080e-02   8.3475961e+01   5.0637493e+01   2.7649247e+03   1.7355884e+01   4.8442132e+01   2.9960003e+03   1.8120516e+01   6.2353798e+01   7.0556577e+00   2.7303773e+02   1.0183618e+02   4.5590182e+01   2.9685183e+01   2.7820604e+01   1.7888307e+01   1.2602609e+01   3.9069295e+00   1.3170990e+00   2.7306600e+01   4.5217058e+01   9.6084839e+00   2.2991295e+00   4.4240299e+00   1.8346470e+00   9.4726159e+00   4.6873396e-01   2.8373578e-02   1.5670338e-01   6.6854899e-02   9.0393281e+01   8.3131805e+00   8.9297528e+01   8.2134985e+00   1.9895123e+01   5.1375916e+01   7.3348255e+00   2.9127360e+01   3.9391612e+01   3.5684360e+01   8.6268894e+01
   1.9939450e-01   5.1961368e+03   6.9482784e+02   7.8069330e+00   1.9493728e+01   3.2529711e+01   2.7998804e+03   6.4571988e+01   1.2193322e+02   6.8564635e-02   8.3447011e+01   5.1265219e+01   2.7648018e+03   1.7414638e+01   4.9966754e+01   2.9963282e+03   1.7925585e+01   6.2351496e+01   7.0692741e+00   2.7383744e+02   1.0185479e+02   4.5592921e+01   2.9506866e+01   2.7802178e+01   1.7896885e+01   1.2653118e+01   4.2618513e+00   1.2609935e+00   2.7625895e+01   4.4924899e+01   9.0317141e+00   2.2160357e+00   4.0324637e+00   1.7970939e+00   9.4334708e+00   5.5694866e-01   2.8373578e-02   1.5670338e-01   6.6854899e-02   9.0393281e+01   8.3131805e+00   8.9244569e+01   8.3177944e+00   1.9587103e+01   5.1317408e+01   7.6194571e+00   2.9133514e+01   3.9426654e+01   3.5739225e+01   8.8414713e+01
   1.9842523e-01   5.2115186e+03   7.0580220e+02   7.8356271e+00   1.9809074e+01   3.2281593e+01   2.8014538e+03   6.4572099e+01   1.2189471e+02   7.4020262e-02   8.3487317e+01   4.9656573e+01   2.7656334e+03   1.7602935e+01   4.9476935e+01   2.9975354e+03   1.8120297e+01   6.2337047e+01   3.2070832e+00   2.7335639e+02   1.0183773e+02   4.5574522e+01   2.9369655e+01   2.7745130e+01   1.7679019e+01   1.2663295e+01   3.6571459e+00   1.2635336e+00   2.8246017e+01   4.4944469e+01   9.1577148e+00   2.2299039e+00   3.5303273e+00   1.8364753e+00   9.3438312e+00   5.4178410e-01   2.8373578e-02   1.5670338e-01   6.6854899e-02   9.0393281e+01   8.3131805e+00   8.9208415e+01   8.3806056e+00   1.9517130e+01   5.1376783e+01   7.9732379e+00   2.9158832e+01   3.9415624e+01   3.5598351e+01   8.8766289e+01
   1.9609630e-01   5.2055325e+03   6.9641863e+02   7.8274500e+00   1.9683836e+01   3.1713334e+01   2.8020431e+03   6.4536240e+01   1.2189683e+02   7.9090559e-02   8.3437621e+01   4.9590577e+01   2.7668664e+03   1.7759879e+01   4.9926223e+01   2.9978751e+03   1.8103011e+01   6.2339377e+01   6.6795699e+00   2.7313868e+02   1.0182810e+02   4.5622298e+01   2.9386675e+01   2.7873328e+01   1.8412379e+01   1.2758382e+01   3.6479995e+00   1.3195254e+00   2.8212503e+01   4.5062494e+01   9.0942267e+00   2.3022095e+00   3.9617421e+00   1.8230265e+00   9.3959890e+00   5.8280564e-01   1.5710757e-02   1.5114701e-01   7.9132204e-02   9.0665308e+01   8.2359630e+00   8.9164275e+01   8.4038891e+00   1.9331110e+01   5.1406101e+01   8.5771817e+00   2.9160563e+01   3.9404014e+01   3.5622809e+01   8.5905994e+01
   2.0253480e-01   5.1369615e+03   6.9995228e+02   7.7665357e+00   2.0031651e+01   3.2326632e+01   2.8014812e+03   6.4878575e+01   1.2189370e+02   8.4580490e-02   8.3440154e+01   4.9792727e+01   2.7670186e+03   1.7630233e+01   4.9690482e+01   2.9974407e+03   1.8151051e+01   6.2357568e+01   4.3013237e+00   2.7307198e+02   1.0186580e+02   4.5632791e+01   2.9368152e+01   2.7816862e+01   1.8367013e+01   1.2578272e+01   3.6357423e+00   1.2658451e+00   2.7930071e+01   4.4874973e+01   8.9919049e+00   2.2253552e+00   4.1160943e+00   1.8208445e+00   9.3844010e+00   5.2505131e-01   1.5710757e-02   1.5114701e-01   7.9132204e-02   9.0665308e+01   8.2359630e+00   8.9140999e+01   8.4478365e+00   1.9951319e+01   5.1184960e+01   9.3593756e+00   2.9138117e+01   3.9426687e+01   3.5480279e+01   8.7310523e+01
   2.0571381e-01   5.1653223e+03   7.1849100e+02   7.7798367e+00   1.9820706e+01   3.2120187e+01   2.8010149e+03   6.5204029e+01   1.2191149e+02   8.8752623e-02   8.3433623e+01   5.0717647e+01   2.7656329e+03   1.7275847e+01   4.8394593e+01   2.9976898e+03   1.8301388e+01   6.2364784e+01   6.8444303e+00   2.7401946e+02   1.0187361e+02   4.5656147e+01   2.9465064e+01   2.7711282e+01   1.8154745e+01   1.2795614e+01   4.0655958e+00   1.2528617e+00   2.7775700e+01   4.4784915e+01   9.1544441e+00   2.1916138e+00   3.9802369e+00   1.7775267e+00   9.4120535e+00   5.2826444e-01   3.6202492e-02   1.7143302e-01   5.9164831e-02   8.9878148e+01   7.7689698e+00   8.9151074e+01   8.4394544e+00   2.0287995e+01   5.1295141e+01   9.8512381e+00   2.9152517e+01   3.9467308e+01   3.5543018e+01   8.8792280e+01
   2.0612904e-01   5.1764788e+03   7.2985504e+02   7.7241033e+00   1.9715694e+01   3.1854193e+01   2.8013572e+03   6.5199946e+01   1.2190870e+02   9.3281186e-02   8.3431792e+01   5.0060497e+01   2.7656784e+03   1.7754151e+01   4.9101251e+01   2.9977403e+03   1.7843990e+01   6.2349718e+01   4.6750933e+00   2.7393193e+02   1.0185309e+02   4.5642399e+01   2.9332623e+01   2.7767881e+01   1.8053565e+01   1.2618023e+01   4.1353296e+00   1.2702721e+00   2.7829387e+01   4.5032718e+01   9.6296083e+00   1.9762019e+00   3.3118406e+00   1.8121049e+00   9.4505567e+00   4.9584965e-01   3.6202492e-02   1.7143302e-01   5.9164831e-02   8.9878148e+01   7.7689698e+00   8.9195250e+01   8.3826426e+00   2.0236846e+01   5.1273574e+01   1.0239092e+01   2.9155967e+01   3.9447668e+01   3.5575109e+01   8.9254132e+01
   2.0463583e-01   5.1891184e+03   7.2031302e+02   7.7662728e+00   1.9746161e+01   3.2269626e+01   2.8004802e+03   6.5032627e+01   1.2187999e+02   9.4455841e-02   8.3407553e+01   4.9991442e+01   2.7654337e+03   1.7311969e+01   5.1269621e+01   2.9965232e+03   1.7959478e+01   6.2343593e+01   5.4175320e+00   2.7350183e+02   1.0187742e+02   4.5667409e+01   2.9485196e+01   2.7702927e+01   1.8070892e+01   1.2594915e+01   3.9230290e+00   1.3097169e+00   2.8436919e+01   4.5059981e+01   9.1785007e+00   2.2455814e+00   4.3825514e+00   1.8192726e+00   9.4757264e+00   5.7587301e-01   3.6202492e-02   1.7143302e-01   5.9164831e-02   8.9878148e+01   7.7689698e+00   8.9226760e+01   8.3098076e+00   2.0208705e+01   5.1323009e+01   1.0415173e+01   2.9177240e+01   3.9440944e+01   3.5456926e+01   8.9488908e+01
   2.0499884e-01   5.1789623e+03   7.1323231e+02   7.7531142e+00   1.9841791e+01   3.2062350e+01   2.8013477e+03   6.5628429e+01   1.2190418e+02   9.4876942e-02   8.3508955e+01   4.8251779e+01   2.7659010e+03   1.7504102e+01   4.9859849e+01   2.9965650e+03   1.8168029e+01   6.2370965e+01   5.1539470e+00   2.7337844e+02   1.0185761e+02   4.5639439e+01   2.9874979e+01   2.7703475e+01   1.7564583e+01   1.2748099e+01   3.7477109e+00   1.2725696e+00   2.7787990e+01   4.5246485e+01   9.6934089e+00   1.9166398e+00   4.2330289e+00   1.8359230e+00   9.3598859e+00   4.2003336e-01   2.4322454e-02   1.5866821e-01   7.1462751e-02   9.0531754e+01   7.0326176e+00   8.9214425e+01   8.3691064e+00   2.0128929e+01   5.1303790e+01   1.0583423e+01   2.9202848e+01   3.9474216e+01   3.5545213e+01   8.6334319e+01
   1.9788222e-01   5.1953987e+03   6.7253197e+02   7.7457494e+00   1.9490923e+01   3.2563177e+01   2.8009805e+03   6.4827594e+01   1.2189020e+02   9.8088953e-02   8.3529367e+01   5.0388088e+01   2.7668064e+03   1.7413504e+01   5.1169615e+01   2.9969081e+03   1.8167649e+01   6.2386429e+01   4.3435246e+00   2.7325126e+02   1.0184321e+02   4.5639635e+01   2.9794932e+01   2.7778638e+01   1.8065503e+01   1.2655898e+01   4.2015850e+00   1.2497427e+00   2.8056542e+01   4.4993496e+01   8.8551241e+00   1.9894377e+00   4.2077135e+00   1.7941585e+00   9.4401672e+00   5.1250246e-01   2.4322454e-02   1.5866821e-01   7.1462751e-02   9.0531754e+01   7.0326176e+00   8.9171857e+01   8.4156416e+00   1.9327117e+01   5.1425949e+01   1.0765585e+01   2.9167636e+01   3.9459982e+01   3.5469986e+01   8.7914321e+01
   1.9666874e-01   5.1759402e+03   6.7862663e+02   7.8988000e+00   2.0355329e+01   3.2412189e+01   2.8006360e+03   6.4628923e+01   1.2191760e+02   9.9977746e-02   8.3528590e+01   4.9886234e+01   2.7654836e+03   1.7600725e+01   4.8956421e+01   2.9968082e+03   1.8266574e+01   6.2390989e+01   5.8171537e+00   2.7332920e+02   1.0185199e+02   4.5636772e+01   2.9536661e+01   2.7602666e+01   1.7865236e+01   1.2705794e+01   3.7401995e+00   1.2759409e+00   2.8349769e+01   4.5017137e+01   9.0640251e+00   2.2121376e+00   3.5730820e+00   1.7884025e+00   9.5249301e+00   4.8335641e-01   2.9420094e-02   1.7837322e-01   5.0688798e-02   8.9642739e+01   8.8517978e+00   8.9138069e+01   8.4227269e+00   1.9394015e+01   5.1283876e+01   1.0913718e+01   2.9127619e+01   3.9446667e+01   3.5476147e+01   8.9369361e+01
   1.9747454e-01   5.2106303e+03   6.8842613e+02   7.9243389e+00   1.9617128e+01   3.2397014e+01   2.8002015e+03   6.4671675e+01   1.2190094e+02   9.6547910e-02   8.3515447e+01   5.0638059e+01   2.7644146e+03   1.7549917e+01   4.8768262e+01   2.9954852e+03   1.7848915e+01   6.2394922e+01   5.6036854e+00   2.7334652e+02   1.0186029e+02   4.5620743e+01   2.9645219e+01   2.7648529e+01   1.7702994e+01   1.2686264e+01   4.3243302e+00   1.2960419e+00   2.8179097e+01   4.5128197e+01   9.1827166e+00   2.2884626e+00   3.4978661e+00   1.8402977e+00   9.3704410e+00   4.7173248e-01   2.9420094e-02   1.7837322e-01   5.0688798e-02   8.9642739e+01   8.8517978e+00   8.9188746e+01   8.3149659e+00   1.9377458e+01   5.1322503e+01   1.0697073e+01   2.9133807e+01   3.9436217e+01   3.5444549e+01   8.8486654e+01
   1.9262978e-01   5.1989693e+03   7.0719560e+02   7.8441343e+00   1.9415110e+01   3.2243141e+01   2.7993668e+03   6.4987905e+01   1.2189935e+02   9.6695374e-02   8.3541686e+01   5.0399741e+01   2.7643788e+03   1.7456713e+01   5.1096309e+01   2.9952630e+03   1.7836825e+01   6.2373748e+01   5.9122350e+00   2.7309391e+02   1.0184344e+02   4.5591248e+01   2.9646590e+01   2.7896599e+01   1.8313969e+01   1.2550824e+01   3.8430685e+00   1.3093979e+00   2.7649074e+01   4.5148180e+01   8.8036732e+00   2.3032578e+00   4.0167909e+00   1.8264970e+00   9.4374661e+00   4.4546036e-01   2.9420094e-02   1.7837322e-01   5.0688798e-02   8.9642739e+01   8.8517978e+00   8.9232006e+01   8.2829552e+00   1.9125759e+01   5.1390862e+01   1.0383019e+01   2.9161317e+01   3.9432668e+01   3.5417575e+01   8.6506918e+01
   1.9806364e-01   5.1727260e+03   6.8740367e+02   7.8267713e+00   1.9719832e+01   3.1966292e+01   2.7979533e+03   6.3799081e+01   1.2188181e+02   9.2279234e-02   8.3567476e+01   5.0941877e+01   2.7633753e+03   1.7693074e+01   4.9900975e+01   2.9947164e+03   1.8093034e+01   6.2411646e+01   5.8509910e+00   2.7412529e+02   1.0184354e+02   4.5616643e+01   2.9772972e+01   2.7880601e+01   1.7957297e+01   1.2643742e+01   3.8489887e+00   1.2668149e+00   2.8301009e+01   4.5184532e+01   9.0711766e+00   2.3176440e+00   3.8209154e+00   1.8436068e+00   9.4656522e+00   5.4483760e-01   2.7614850e-02   1.5381492e-01   5.2948188e-02   9.0176699e+01   8.3473255e+00   8.9243565e+01   8.3171672e+00   1.9576060e+01   5.1239475e+01   1.0040092e+01   2.9142336e+01   3.9460295e+01   3.5468425e+01   8.7150883e+01
   1.9672018e-01   5.1932433e+03   6.8730212e+02   7.8500265e+00   2.0331342e+01   3.2226755e+01   2.7984876e+03   6.5149980e+01   1.2189014e+02   8.3998043e-02   8.3555180e+01   5.1112675e+01   2.7617125e+03   1.7557055e+01   5.0632737e+01   2.9943114e+03   1.7995813e+01   6.2421752e+01   3.1429826e+00   2.7440544e+02   1.0183401e+02   4.5587408e+01   3.0105380e+01   2.7831320e+01   1.7769271e+01   1.2688133e+01   3.9260086e+00   1.2786275e+00   2.7915149e+01   4.5094925e+01   8.9340796e+00   1.9875922e+00   4.1215397e+00   1.8079649e+00   9.3997455e+00   5.4592408e-01   2.7614850e-02   1.5381492e-01   5.2948188e-02   9.0176699e+01   8.3473255e+00   8.9210554e+01   8.3440655e+00   1.9395269e+01   5.1299633e+01   9.3749535e+00   2.9114660e+01   3.9426281e+01   3.5506836e+01   8.7193128e+01
   1.9088154e-01   5.1851221e+03   7.1285440e+02   7.8170155e+00   1.9716654e+01   3.1989091e+01   2.7981374e+03   6.4754575e+01   1.2189843e+02   7.7549310e-02   8.3584462e+01   4.9703569e+01   2.7630766e+03   1.7403104e+01   5.1447274e+01   2.9937082e+03   1.8155531e+01   6.2404499e+01   7.2155398e+00   2.7318591e+02   1.0186716e+02   4.5591392e+01   2.9313702e+01   2.7652079e+01   1.7625081e+01   1.2677283e+01   3.5361561e+00   1.2602131e+00   2.7883736e+01   4.4912236e+01   9.2075780e+00   2.1387678e+00   3.5564366e+00   1.8205855e+00   9.4908477e+00   4.8123853e-01   3.3189441e-02   1.4208822e-01   7.5777937e-02   8.9784590e+01   7.7529675e+00   8.9201325e+01   8.3496782e+00   1.8890865e+01   5.1351821e+01   8.6054588e+00   2.9114288e+01   3.9415270e+01   3.5656096e+01   9.0951168e+01
   1.9033684e-01   5.1732169e+03   6.7749863e+02   7.8366958e+00   1.9478717e+01   3.2120024e+01   2.7990100e+03   6.4805347e+01   1.2190204e+02   7.4215409e-02   8.3575096e+01   5.0772495e+01   2.7630655e+03   1.7679431e+01   5.0507353e+01   2.9943723e+03   1.7879020e+01   6.2397310e+01   5.0855404e+00   2.7360749e+02   1.0184827e+02   4.5587928e+01   2.9366638e+01   2.7811641e+01   1.8328397e+01   1.2565927e+01   3.5694658e+00   1.2370387e+00   2.8625655e+01   4.5028294e+01   9.0277265e+00   2.1190851e+00   4.3452455e+00   1.7753406e+00   9.5101790e+00   4.8934442e-01   3.3189441e-02   1.4208822e-01   7.5777937e-02   8.9784590e+01   7.7529675e+00   8.9231290e+01   8.3115720e+00   1.8898816e+01   5.1449312e+01   8.0683814e+00   2.9140907e+01   3.9406542e+01   3.5660133e+01   8.8972218e+01
   2.0104943e-01   5.2024769e+03   7.1961520e+02   7.7268717e+00   1.9835382e+01   3.2204295e+01   2.7989620e+03   6.5332414e+01   1.2191144e+02   7.4696437e-02   8.3559744e+01   5.1031901e+01   2.7634952e+03   1.7578009e+01   4.9481592e+01   2.9945679e+03   1.8046512e+01   6.2418596e+01   5.5257176e+00   2.7372068e+02   1.0182745e+02   4.5592564e+01   2.9658830e+01   2.7722642e+01   1.7485766e+01   1.2492280e+01   4.0508609e+00   1.3072054e+00   2.7640728e+01   4.4898397e+01   9.2510804e+00   2.1768861e+00   3.8619270e+00   1.8222112e+00   9.4510759e+00   4.7636860e-01   3.3189441e-02   1.4208822e-01   7.5777937e-02   8.9784590e+01   7.7529675e+00   8.9293065e+01   8.2998581e+00   1.9574345e+01   5.1262728e+01   7.8423577e+00   2.9139812e+01   3.9411212e+01   3.5641045e+01   8.6488986e+01
   1.9432289e-01   5.1557745e+03   6.9436632e+02   7.8560836e+00   1.9462918e+01   3.2141436e+01   2.7988916e+03   6.5100073e+01   1.2189359e+02   6.6707738e-02   8.3496158e+01   4.9857804e+01   2.7635294e+03   1.7774242e+01   5.0754178e+01   2.9944494e+03   1.8159162e+01   6.2379688e+01   5.3834048e+00   2.7305129e+02   1.0185425e+02   4.5596132e+01   2.9026352e+01   2.7761805e+01   1.7292259e+01   1.2708636e+01   3.4899411e+00   1.3236501e+00   2.7748306e+01   4.4984419e+01   8.4742834e+00   2.2672586e+00   3.9123034e+00   1.8419056e+00   9.3824715e+00   5.5135361e-01   2.3909754e-02   1.4194056e-01   8.0302907e-02   8.9782396e+01   8.0535335e+00   8.9288797e+01   8.2790208e+00   1.8922622e+01   5.1493790e+01   7.3495839e+00   2.9139033e+01   3.9421282e+01   3.5547725e+01   8.8077952e+01
   1.9123143e-01   5.1881903e+03   6.9895465e+02   7.8340897e+00   1.9549290e+01   3.2077672e+01   2.8001408e+03   6.4755064e+01   1.2189640e+02   6.8620392e-02   8.3508107e+01   5.0600739e+01   2.7655390e+03   1.7686188e+01   4.8299074e+01   2.9963716e+03   1.8101410e+01   6.2340715e+01   4.1030460e+00   2.7286490e+02   1.0183711e+02   4.5599603e+01   2.9448757e+01   2.7695619e+01   1.7544827e+01   1.2714760e+01   3.9088706e+00   1.3405593e+00   2.8347874e+01   4.5140183e+01   9.0604421e+00   2.0320814e+00   3.8924241e+00   1.8429151e+00   9.4692706e+00   4.7210592e-01   2.3909754e-02   1.4194056e-01   8.0302907e-02   8.9782396e+01   8.0535335e+00   8.9296814e+01   8.2723772e+00   1.8704458e+01   5.1589207e+01   7.3565522e+00   2.9165081e+01   3.9437890e+01   3.5544095e+01   8.7003835e+01
   1.8666694e-01   5.1842790e+03   6.7051138e+02   7.7862582e+00   1.9895033e+01   3.2003539e+01   2.8006192e+03   6.4957358e+01   1.2188437e+02   7.2428209e-02   8.3438279e+01   4.9644044e+01   2.7649456e+03   1.7640473e+01   5.1153424e+01   2.9967266e+03   1.8009345e+01   6.2317915e+01   6.0604466e+00   2.7384726e+02   1.0184290e+02   4.5616664e+01   2.9444386e+01   2.7788838e+01   1.8011754e+01   1.2550932e+01   4.1482970e+00   1.2663322e+00   2.7999806e+01   4.4984096e+01   8.5698515e+00   2.1502659e+00   4.1011265e+00   1.8010825e+00   9.4759414e+00   4.6506047e-01   5.3583664e-02   1.6083812e-01   5.5713299e-02   9.0263918e+01   7.8071870e+00   8.9303693e+01   8.2680774e+00   1.8544973e+01   5.1531145e+01   7.8408498e+00   2.9156129e+01   3.9429668e+01   3.5504282e+01   8.9051020e+01
   1.9268398e-01   5.1991347e+03   6.7942252e+02   7.7435960e+00   1.9592905e+01   3.2540979e+01   2.8018829e+03   6.4630668e+01   1.2188565e+02   7.4669747e-02   8.3467515e+01   5.0084214e+01   2.7667331e+03   1.7478521e+01   5.0985329e+01   2.9971650e+03   1.7941210e+01   6.2325601e+01   5.9541389e+00   2.7306428e+02   1.0183501e+02   4.5614756e+01   2.9734795e+01   2.7874678e+01   1.7930494e+01   1.2600569e+01   3.5042887e+00   1.2762350e+00   2.7700472e+01   4.5189660e+01   9.2429610e+00   2.1407870e+00   3.8393980e+00   1.8365876e+00   9.4955630e+00   4.0121936e-01   5.3583664e-02   1.6083812e-01   5.5713299e-02   9.0263918e+01   7.8071870e+00   8.9245237e+01   8.3154199e+00   1.8903739e+01   5.1385350e+01   8.3980626e+00   2.9149608e+01   3.9416568e+01   3.5591447e+01   8.6711843e+01
   1.9053936e-01   5.2147599e+03   6.9106016e+02   7.8523199e+00   1.9839694e+01   3.2053016e+01   2.8009635e+03   6.5165147e+01   1.2189154e+02   8.3618517e-02   8.3420801e+01   4.9690144e+01   2.7661243e+03   1.7599665e+01   5.1250389e+01   2.9970277e+03   1.7990174e+01   6.2314363e+01   4.8468038e+00   2.7374345e+02   1.0185719e+02   4.5634479e+01   2.9413187e+01   2.7848671e+01   1.8186676e+01   1.2597008e+01   3.9814733e+00   1.2663164e+00   2.7676110e+01   4.5006230e+01   9.1909728e+00   2.1017768e+00   4.0519674e+00   1.8328689e+00   9.4416401e+00   4.4884059e-01   5.3583664e-02   1.6083812e-01   5.5713299e-02   9.0263918e+01   7.8071870e+00   8.9231646e+01   8.3384353e+00   1.8837978e+01   5.1406238e+01   8.8402901e+00   2.9141284e+01   3.9423458e+01   3.5588000e+01   8.8482083e+01
   1.9321566e-01   5.1630818e+03   7.2404001e+02   7.7680126e+00   1.9921602e+01   3.2235242e+01   2.8006553e+03   6.5937519e+01   1.2187786e+02   8.4420475e-02   8.3454088e+01   5.1155745e+01   2.7660108e+03   1.7552914e+01   5.1765832e+01   2.9972018e+03   1.8175021e+01   6.2312619e+01   8.0516329e+00   2.7306914e+02   1.0186979e+02   4.5629996e+01   2.9504017e+01   2.7894774e+01   1.7936706e+01   1.2738111e+01   4.1167720e+00   1.2764128e+00   2.7894828e+01   4.5137284e+01   9.2824854e+00   2.1124753e+00   3.4342494e+00   1.7949721e+00   9.4262727e+00   5.0368204e-01   1.8310735e-02   1.5636519e-01   6.1357628e-02   9.0556434e+01   8.2667870e+00   8.9163265e+01   8.3973838e+00   1.9244038e+01   5.1319122e+01   9.2421146e+00   2.9160869e+01   3.9414440e+01   3.5487832e+01   8.6822675e+01
   1.9292230e-01   5.1938092e+03   7.2148691e+02   7.8170279e+00   1.9982416e+01   3.2528489e+01   2.8010875e+03   6.5046567e+01   1.2190575e+02   8.4920774e-02   8.3464910e+01   5.0571749e+01   2.7654592e+03   1.7561034e+01   5.1646108e+01   2.9975264e+03   1.8026411e+01   6.2336676e+01   2.8393109e+00   2.7430952e+02   1.0186071e+02   4.5626415e+01   2.9453731e+01   2.7789373e+01   1.8480103e+01   1.2753664e+01   3.5300534e+00   1.2610957e+00   2.7614043e+01   4.5236177e+01   8.5788107e+00   2.2019070e+00   3.5433032e+00   1.7954182e+00   9.4289691e+00   5.4046938e-01   1.8310735e-02   1.5636519e-01   6.1357628e-02   9.0556434e+01   8.2667870e+00   8.9132444e+01   8.4254781e+00   1.9179310e+01   5.1350340e+01   9.6152075e+00   2.9149106e+01   3.9399802e+01   3.5540206e+01   8.8613550e+01
   2.0245104e-01   5.1605978e+03   7.1187505e+02   7.8322605e+00   1.9767960e+01   3.1861985e+01   2.8001534e+03   6.6540470e+01   1.2188148e+02   9.0910313e-02   8.3441365e+01   4.8327670e+01   2.7652947e+03   1.7300084e+01   4.7894170e+01   2.9973223e+03   1.8060565e+01   6.2360614e+01   5.9173074e+00   2.7373620e+02   1.0184955e+02   4.5633359e+01   3.0090291e+01   2.7617301e+01   1.7958402e+01   1.2674675e+01   3.8038784e+00   1.2883838e+00   2.8005753e+01   4.4943688e+01   8.6652931e+00   2.2734020e+00   3.9057108e+00   1.8143191e+00   9.4012885e+00   5.4314398e-01   2.8887401e-02   1.4772255e-01   6.7935643e-02   9.1093096e+01   7.9507116e+00   8.9141123e+01   8.4289708e+00   1.9724974e+01   5.1242639e+01   9.9265254e+00   2.9178306e+01   3.9435030e+01   3.5555412e+01   9.0420872e+01
   1.9352532e-01   5.1690031e+03   6.6669591e+02   7.8285260e+00   1.9252832e+01   3.2316560e+01   2.8005523e+03   6.5275471e+01   1.2189910e+02   9.3745004e-02   8.3441653e+01   4.9327663e+01   2.7651627e+03   1.7704350e+01   5.0881713e+01   2.9967123e+03   1.7763602e+01   6.2368238e+01   3.9893924e+00   2.7288518e+02   1.0188461e+02   4.5609957e+01   2.9720108e+01   2.7661432e+01   1.7822495e+01   1.2548267e+01   3.4917305e+00   1.2807950e+00   2.7981121e+01   4.4889697e+01   9.0890668e+00   2.1529208e+00   3.6401235e+00   1.8237598e+00   9.4220125e+00   5.0149459e-01   2.8887401e-02   1.4772255e-01   6.7935643e-02   9.1093096e+01   7.9507116e+00   8.9063420e+01   8.5388100e+00   1.9145334e+01   5.1348338e+01   9.9619526e+00   2.9165527e+01   3.9429228e+01   3.5465311e+01   8.3903088e+01
   1.9131095e-01   5.1867192e+03   6.2825762e+02   7.7874334e+00   1.9589150e+01   3.1731800e+01   2.8015863e+03   6.5428920e+01   1.2187920e+02   9.5085758e-02   8.3500042e+01   5.1712954e+01   2.7663919e+03   1.7497283e+01   4.9980508e+01   2.9970530e+03   1.8076059e+01   6.2350474e+01   7.1228437e+00   2.7257522e+02   1.0187918e+02   4.5625494e+01   2.9761532e+01   2.7804141e+01   1.7565242e+01   1.2612079e+01   3.8803083e+00   1.3170583e+00   2.8074660e+01   4.5221664e+01   9.0864253e+00   2.3164823e+00   3.7930038e+00   1.8323384e+00   9.4231114e+00   4.6805677e-01   2.8887401e-02   1.4772255e-01   6.7935643e-02   9.1093096e+01   7.9507116e+00   8.9074733e+01   8.5623798e+00   1.8886416e+01   5.1367072e+01   1.0265407e+01   2.9181991e+01   3.9482411e+01   3.5569050e+01   9.1825926e+01
   1.8753807e-01   5.1972868e+03   7.2492721e+02   7.8155563e+00   1.9449623e+01   3.2222594e+01   2.8011502e+03   6.5625846e+01   1.2188541e+02   9.7179113e-02   8.3497625e+01   5.0310681e+01   2.7655597e+03   1.7666380e+01   5.0567563e+01   2.9977647e+03   1.8026859e+01   6.2358802e+01   4.8186443e+00   2.7335849e+02   1.0188474e+02   4.5605625e+01   2.9448640e+01   2.7818721e+01   1.7489792e+01   1.2841273e+01   3.5596281e+00   1.3141139e+00   2.7655714e+01   4.5058936e+01   8.6009391e+00   2.0299101e+00   3.5939051e+00   1.8106718e+00   9.3938053e+00   5.2924786e-01   2.2725323e-02   1.6283434e-01   5.7217414e-02   9.0627072e+01   7.7222875e+00   8.9008885e+01   8.5719352e+00   1.8415919e+01   5.1438246e+01   1.0612014e+01   2.9185347e+01   3.9404801e+01   3.5474794e+01   9.0190919e+01
   1.8612756e-01   5.1685585e+03   6.8907069e+02   7.9558283e+00   1.9794359e+01   3.2112230e+01   2.8015056e+03   6.4575439e+01   1.2189722e+02   1.0114499e-01   8.3474060e+01   4.9898241e+01   2.7669059e+03   1.7602380e+01   5.1101492e+01   2.9974562e+03   1.8084523e+01   6.2348143e+01   4.3680269e+00   2.7295882e+02   1.0186511e+02   4.5624916e+01   2.9409596e+01   2.7717081e+01   1.7411609e+01   1.2557567e+01   3.9577175e+00   1.3136615e+00   2.8153688e+01   4.5006679e+01   8.3272963e+00   2.2047571e+00   3.6916514e+00   1.8174533e+00   9.4407943e+00   5.4641050e-01   2.2725323e-02   1.6283434e-01   5.7217414e-02   9.0627072e+01   7.7222875e+00   8.9029974e+01   8.5582800e+00   1.8226932e+01   5.1512668e+01   1.1025077e+01   2.9175793e+01   3.9448611e+01   3.5537490e+01   8.6884528e+01
   1.8311991e-01   5.1597302e+03   6.9791224e+02   7.8624042e+00   1.9633351e+01   3.2386239e+01   2.8024399e+03   6.4578630e+01   1.2189757e+02   1.0616318e-01   8.3530043e+01   5.0087637e+01   2.7670496e+03   1.7540635e+01   5.1164059e+01   2.9975613e+03   1.8224883e+01   6.2340161e+01   3.9521823e+00   2.7289221e+02   1.0188282e+02   4.5595560e+01   2.9883023e+01   2.7887132e+01   1.7989025e+01   1.2506864e+01   4.2421119e+00   1.2859578e+00   2.8214515e+01   4.5066741e+01   8.9841952e+00   2.1629686e+00   3.9095915e+00   1.7991141e+00   9.4582611e+00   5.0967775e-01   2.2204320e-02   1.6237285e-01   9.0414435e-02   9.0346903e+01   7.9589700e+00   8.9020308e+01   8.5203473e+00   1.8017064e+01   5.1553348e+01   1.1649689e+01   2.9138172e+01   3.9423266e+01   3.5541942e+01   9.0374971e+01
   1.8568280e-01   5.1777836e+03   7.4321642e+02   7.8365030e+00   1.9678743e+01   3.2229774e+01   2.8011584e+03   6.5198570e+01   1.2189307e+02   1.1241654e-01   8.3512018e+01   4.8518978e+01   2.7661651e+03   1.7484323e+01   5.0657281e+01   2.9971257e+03   1.8162317e+01   6.2351299e+01   5.4962573e+00   2.7303951e+02   1.0187169e+02   4.5590014e+01   2.9299077e+01   2.7761849e+01   1.8011715e+01   1.2708588e+01   4.0589465e+00   1.2894525e+00   2.8106129e+01   4.5221402e+01   9.8916553e+00   2.2429361e+00   4.3914663e+00   1.7872458e+00   9.4259442e+00   4.8331662e-01   2.2204320e-02   1.6237285e-01   9.0414435e-02   9.0346903e+01   7.9589700e+00   8.9047100e+01   8.4741480e+00   1.8168058e+01   5.1391271e+01   1.2188837e+01   2.9168432e+01   3.9430408e+01   3.5458801e+01   8.6052382e+01
   1.8983519e-01   5.1472233e+03   6.9211180e+02   7.8640656e+00   2.0211671e+01   3.2287066e+01   2.8003962e+03   6.5167547e+01   1.2191349e+02   1.1383733e-01   8.3501102e+01   5.0385075e+01   2.7652974e+03   1.7378434e+01   4.9145204e+01   2.9962107e+03   1.8070323e+01   6.2356357e+01   5.2446911e+00   2.7230570e+02   1.0188703e+02   4.5623277e+01   2.9290553e+01   2.7707096e+01   1.8109259e+01   1.2553080e+01   3.9249494e+00   1.2809725e+00   2.8135899e+01   4.5146398e+01   8.9741712e+00   1.9818642e+00   4.2868302e+00   1.8340173e+00   9.4776708e+00   5.1237852e-01   2.2204320e-02   1.6237285e-01   9.0414435e-02   9.0346903e+01   7.9589700e+00   8.9061548e+01   8.4852836e+00   1.8603398e+01   5.1399747e+01   1.2261123e+01   2.9162443e+01   3.9419782e+01   3.5543626e+01   8.6070970e+01
   1.9105923e-01   5.1649120e+03   6.9667558e+02   7.7576143e+00   1.9807940e+01   3.2229882e+01   2.7998519e+03   6.5725860e+01   1.2188977e+02   1.1174630e-01   8.3565170e+01   4.8794107e+01   2.7639550e+03   1.7460264e+01   4.9517911e+01   2.9951615e+03   1.8050594e+01   6.2371682e+01   4.8923554e+00   2.7249533e+02   1.0186893e+02   4.5567710e+01   2.9536149e+01   2.7777001e+01   1.7957856e+01   1.2714663e+01   3.6468990e+00   1.2931828e+00   2.7908787e+01   4.4929091e+01   9.1342755e+00   2.3283695e+00   3.6520816e+00   1.7872261e+00   9.3313744e+00   5.7067923e-01   3.1616830e-02   1.6556914e-01   9.7296522e-02   8.9651355e+01   7.8131861e+00   8.9124793e+01   8.4092493e+00   1.8961968e+01   5.1323646e+01   1.1985134e+01   2.9145890e+01   3.9415682e+01   3.5423084e+01   9.0952444e+01
   1.9138721e-01   5.1622229e+03   6.6313225e+02   7.7922082e+00   2.0018371e+01   3.2306951e+01   2.7979385e+03   6.5582726e+01   1.2192298e+02   1.0197596e-01   8.3546390e+01   5.0429118e+01   2.7628744e+03   1.7519322e+01   5.0719312e+01   2.9943673e+03   1.8007433e+01   6.2359881e+01   5.1464402e+00   2.7365717e+02   1.0186472e+02   4.5575014e+01   2.9602644e+01   2.7847519e+01   1.7913233e+01   1.2635720e+01   4.3096439e+00   1.3113838e+00   2.8011510e+01   4.5020019e+01   9.2548440e+00   1.9820577e+00   4.1969941e+00   1.8525472e+00   9.4710821e+00   4.6566747e-01   3.1616830e-02   1.6556914e-01   9.7296522e-02   8.9651355e+01   7.8131861e+00   8.9168748e+01   8.3548525e+00   1.8861855e+01   5.1397178e+01   1.1283865e+01   2.9144012e+01   3.9419374e+01   3.5457282e+01   9.1140267e+01
   1.9215432e-01   5.1871346e+03   6.9020599e+02   7.9399578e+00   1.9506806e+01   3.2108324e+01   2.7962763e+03   6.4881741e+01   1.2190837e+02   9.3734361e-02   8.3483835e+01   4.9026295e+01   2.7613173e+03   1.7511892e+01   4.9893343e+01   2.9925715e+03   1.7967283e+01   6.2356316e+01   3.6746662e+00   2.7412441e+02   1.0184224e+02   4.5581642e+01   2.9792048e+01   2.7881473e+01   1.7821979e+01   1.2572974e+01   3.6801346e+00   1.2912840e+00   2.8108815e+01   4.5204905e+01   9.3252857e+00   2.2318319e+00   4.0435672e+00   1.8523481e+00   9.4252890e+00   4.9962722e-01   2.7184404e-02   1.6244018e-01   7.1861128e-02   9.0584246e+01   7.1096458e+00   8.9202115e+01   8.3092447e+00   1.8719553e+01   5.1395616e+01   1.0154647e+01   2.9128694e+01   3.9434714e+01   3.5346219e+01   9.0567130e+01
   1.8657276e-01   5.1733617e+03   7.3479477e+02   7.8542678e+00   1.9617764e+01   3.2161008e+01   2.7967339e+03   6.5035009e+01   1.2191767e+02   8.4130651e-02   8.3513617e+01   4.9917200e+01   2.7608675e+03   1.7643607e+01   4.9743173e+01   2.9926375e+03   1.7929287e+01   6.2363989e+01   5.7496791e+00   2.7420023e+02   1.0184882e+02   4.5584244e+01   2.9732982e+01   2.7661679e+01   1.8344375e+01   1.2492898e+01   3.9764866e+00   1.2610059e+00   2.8553172e+01   4.4921393e+01   9.0534693e+00   2.1293626e+00   4.0344625e+00   1.8335281e+00   9.4156352e+00   4.7965387e-01   2.7184404e-02   1.6244018e-01   7.1861128e-02   9.0584246e+01   7.1096458e+00   8.9153277e+01   8.4291045e+00   1.8418553e+01   5.1448919e+01   8.9617465e+00   2.9145583e+01   3.9442977e+01   3.5464213e+01   8.8351456e+01
   1.9256140e-01   5.1658968e+03   7.1750962e+02   7.7843026e+00   1.9845069e+01   3.2160112e+01   2.7964621e+03   6.4618880e+01   1.2189918e+02   7.2551234e-02   8.3574052e+01   4.8992767e+01   2.7611688e+03   1.7833487e+01   5.1192741e+01   2.9924129e+03   1.8124191e+01   6.2376097e+01   6.5185483e+00   2.7296867e+02   1.0184692e+02   4.5562007e+01   2.9448391e+01   2.7723629e+01   1.7696391e+01   1.2710347e+01   3.7571183e+00   1.2599368e+00   2.7927259e+01   4.4886841e+01   9.1073896e+00   2.3330186e+00   4.1314761e+00   1.8690507e+00   9.4334567e+00   6.1264308e-01   2.7184404e-02   1.6244018e-01   7.1861128e-02   9.0584246e+01   7.1096458e+00   8.9115138e+01   8.4827625e+00   1.8790384e+01   5.1285993e+01   7.8520306e+00   2.9147187e+01   3.9444013e+01   3.5497247e+01   8.8685157e+01
   1.8886577e-01   5.2247143e+03   6.8421745e+02   7.8478790e+00   2.0511333e+01   3.2198031e+01   2.7965423e+03   6.4501487e+01   1.2190180e+02   6.3022524e-02   8.3499709e+01   4.9520926e+01   2.7618748e+03   1.7636116e+01   5.0957005e+01   2.9931335e+03   1.8104950e+01   6.2367820e+01   3.4414533e+00   2.7333979e+02   1.0188839e+02   4.5575294e+01   2.9373830e+01   2.7794099e+01   1.7786998e+01   1.2614597e+01   4.1109086e+00   1.2928398e+00   2.7644568e+01   4.5038097e+01   8.9930550e+00   2.2083351e+00   4.0707368e+00   1.8562177e+00   9.4253034e+00   5.3263447e-01   3.7365015e-02   1.6154873e-01   6.8691886e-02   9.0131214e+01   8.7867278e+00   8.9105445e+01   8.4631380e+00   1.8529199e+01   5.1461103e+01   6.7525208e+00   2.9156754e+01   3.9449833e+01   3.5583512e+01   8.7465437e+01
   1.8551445e-01   5.1506489e+03   7.0762134e+02   7.7883882e+00   1.9770063e+01   3.2418738e+01   2.7978320e+03   6.4178225e+01   1.2189856e+02   5.9963504e-02   8.3511614e+01   5.0881801e+01   2.7633741e+03   1.7446245e+01   4.9373676e+01   2.9946269e+03   1.8327116e+01   6.2336017e+01   4.2301935e+00   2.7286329e+02   1.0183823e+02   4.5552710e+01   2.9458400e+01   2.7811039e+01   1.7214409e+01   1.2863906e+01   3.8602689e+00   1.2788286e+00   2.7559546e+01   4.4969338e+01   8.6060201e+00   1.9973902e+00   3.9281362e+00   1.8130374e+00   9.3716424e+00   5.0839802e-01   3.7365015e-02   1.6154873e-01   6.8691886e-02   9.0131214e+01   8.7867278e+00   8.9107872e+01   8.4364981e+00   1.8498895e+01   5.1418330e+01   6.2428903e+00   2.9143876e+01   3.9423433e+01   3.5688212e+01   9.0973369e+01
   1.8050780e-01   5.1995109e+03   6.7013226e+02   7.8759925e+00   1.9632014e+01   3.2217322e+01   2.8007369e+03   6.5574995e+01   1.2188168e+02   5.8993407e-02   8.3549714e+01   4.9739565e+01   2.7660635e+03   1.7398785e+01   5.2255865e+01   2.9975346e+03   1.8046036e+01   6.2327690e+01   5.6357976e+00   2.7351932e+02   1.0186594e+02   4.5591394e+01   2.9399761e+01   2.7816723e+01   1.7987539e+01   1.2641608e+01   3.8890298e+00   1.2818720e+00   2.7935442e+01   4.4961249e+01   9.2773705e+00   2.1396377e+00   4.3246181e+00   1.8458385e+00   9.4382860e+00   4.7890518e-01   1.7164949e-02   1.4363787e-01   8.2175248e-02   8.8775452e+01   8.4128462e+00   8.9136406e+01   8.4064649e+00   1.7823244e+01   5.1638579e+01   6.4896431e+00   2.9146851e+01   3.9417962e+01   3.5458017e+01   9.2195016e+01
   1.8504427e-01   5.1840892e+03   6.9035637e+02   7.7717202e+00   2.0437086e+01   3.2089056e+01   2.8017528e+03   6.4998759e+01   1.2191013e+02   6.9998968e-02   8.3508041e+01   4.9392631e+01   2.7667735e+03   1.7639891e+01   5.0517761e+01   2.9981452e+03   1.7846068e+01   6.2309305e+01   4.3233668e+00   2.7332820e+02   1.0183958e+02   4.5549120e+01   2.9360427e+01   2.7608800e+01   1.7816194e+01   1.2478135e+01   3.5568393e+00   1.3000685e+00   2.8090094e+01   4.5166938e+01   8.7794200e+00   2.2918150e+00   4.2322270e+00   1.8449515e+00   9.5118461e+00   5.1508688e-01   1.7164949e-02   1.4363787e-01   8.2175248e-02   8.8775452e+01   8.4128462e+00   8.9264801e+01   8.2331857e+00   1.8226471e+01   5.1437839e+01   7.3466394e+00   2.9154965e+01   3.9408119e+01   3.5611641e+01   9.0265614e+01
   1.8625336e-01   5.1962396e+03   6.8061994e+02   7.8213455e+00   1.9678372e+01   3.2041287e+01   2.8013307e+03   6.4565790e+01   1.2189918e+02   7.3343481e-02   8.3436495e+01   5.0382149e+01   2.7662219e+03   1.7510927e+01   4.8732988e+01   2.9979031e+03   1.8174314e+01   6.2307878e+01   5.0262937e+00   2.7283155e+02   1.0182023e+02   4.5593184e+01   2.9509295e+01   2.7701773e+01   1.7581671e+01   1.2502514e+01   3.4458911e+00   1.2904973e+00   2.8210363e+01   4.5271645e+01   9.4529160e+00   2.1049232e+00   4.6362753e+00   1.7872858e+00   9.4994895e+00   5.4965540e-01   1.7164949e-02   1.4363787e-01   8.2175248e-02   8.8775452e+01   8.4128462e+00   8.9366075e+01   8.1368019e+00   1.8302269e+01   5.1488655e+01   7.9949837e+00   2.9190741e+01   3.9443267e+01   3.5553998e+01   9.2565079e+01
   1.8194169e-01   5.1723886e+03   7.0462651e+02   7.9612678e+00   1.9695488e+01   3.2321021e+01   2.8016514e+03   6.4284294e+01   1.2188924e+02   7.2754601e-02   8.3406713e+01   4.8420740e+01   2.7662030e+03   1.7590587e+01   5.0431075e+01   2.9979399e+03   1.7978083e+01   6.2307071e+01   4.8840765e+00   2.7348019e+02   1.0180768e+02   4.5565097e+01   2.9682787e+01   2.7720864e+01   1.7773522e+01   1.2627061e+01   3.8414311e+00   1.2662363e+00   2.8167538e+01   4.5104464e+01   8.9841082e+00   2.4395792e+00   4.1541936e+00   1.8234550e+00   9.3975027e+00   4.6777097e-01   3.1640692e-02   1.4988257e-01   8.1920187e-02   9.0884646e+01   8.5869149e+00   8.9284081e+01   8.2634098e+00   1.7998731e+01   5.1576443e+01   8.4501744e+00   2.9179936e+01   3.9416773e+01   3.5713328e+01   8.8138029e+01
   1.8259665e-01   5.1671477e+03   6.7262738e+02   7.8552743e+00   1.9752137e+01   3.2202928e+01   2.8016582e+03   6.5218065e+01   1.2188729e+02   8.2898132e-02   8.3442679e+01   5.0120629e+01   2.7662572e+03   1.7518491e+01   5.0493638e+01   2.9979468e+03   1.8015584e+01   6.2292623e+01   8.1071364e+00   2.7311491e+02   1.0183582e+02   4.5585443e+01   2.9638791e+01   2.7825872e+01   1.7551222e+01   1.2852286e+01   4.1746820e+00   1.3044140e+00   2.7787843e+01   4.5196737e+01   9.2515582e+00   2.2946380e+00   4.0599675e+00   1.8107200e+00   9.4364865e+00   4.3510239e-01   3.1640692e-02   1.4988257e-01   8.1920187e-02   9.0884646e+01   8.5869149e+00   8.9162070e+01   8.4298223e+00   1.7883031e+01   5.1484546e+01   8.8420962e+00   2.9206975e+01   3.9428121e+01   3.5657908e+01   8.7625570e+01
   1.7914542e-01   5.1755007e+03   7.1440345e+02   7.8932837e+00   1.9702383e+01   3.2482005e+01   2.8017938e+03   6.5706198e+01   1.2189826e+02   8.3874486e-02   8.3402008e+01   5.0458608e+01   2.7668062e+03   1.7452258e+01   5.1151435e+01   2.9980476e+03   1.7946329e+01   6.2286861e+01   4.6512077e+00   2.7289271e+02   1.0186134e+02   4.5571856e+01   2.9364891e+01   2.7912206e+01   1.7513100e+01   1.2669863e+01   3.4734508e+00   1.2805834e+00   2.8117184e+01   4.5020516e+01   8.5243951e+00   2.2657480e+00   4.0972277e+00   1.8404624e+00   9.5197996e+00   5.6514803e-01   1.7909409e-02   1.5896449e-01   6.7540289e-02   9.0071033e+01   8.7054495e+00   8.9063156e+01   8.4987412e+00   1.7580174e+01   5.1536313e+01   9.2476131e+00   2.9164892e+01   3.9400174e+01   3.5671841e+01   9.1215739e+01
   1.7770149e-01   5.1989963e+03   7.1767551e+02   7.8806354e+00   1.9701620e+01   3.2372458e+01   2.8017942e+03   6.4599618e+01   1.2187707e+02   8.8011854e-02   8.3413085e+01   5.1003557e+01   2.7668752e+03   1.7521550e+01   5.0840748e+01   2.9985187e+03   1.8017950e+01   6.2281569e+01   4.5113841e+00   2.7320944e+02   1.0187159e+02   4.5572621e+01   2.9518376e+01   2.7782222e+01   1.8087425e+01   1.2769191e+01   4.4000326e+00   1.3324264e+00   2.7669501e+01   4.5075998e+01   8.6130698e+00   2.0914277e+00   4.1324441e+00   1.7934635e+00   9.4809451e+00   5.1205865e-01   1.7909409e-02   1.5896449e-01   6.7540289e-02   9.0071033e+01   8.7054495e+00   8.9114000e+01   8.4205696e+00   1.7505063e+01   5.1599404e+01   9.8278760e+00   2.9131369e+01   3.9417292e+01   3.5474874e+01   8.5213189e+01
   1.8201641e-01   5.1868677e+03   7.1712144e+02   7.8920233e+00   1.9865766e+01   3.2208074e+01   2.8023170e+03   6.5311237e+01   1.2190598e+02   9.5816284e-02   8.3430493e+01   4.9991332e+01   2.7677476e+03   1.7662857e+01   5.1292351e+01   2.9992689e+03   1.8010717e+01   6.2268315e+01   5.9738086e+00   2.7265080e+02   1.0189504e+02   4.5584694e+01   2.9158635e+01   2.7907430e+01   1.8506622e+01   1.2605177e+01   3.7816793e+00   1.3082834e+00   2.8190300e+01   4.5175098e+01   9.1344399e+00   2.1336497e+00   3.6740164e+00   1.8557055e+00   9.3745216e+00   5.3312499e-01   1.7909409e-02   1.5896449e-01   6.7540289e-02   9.0071033e+01   8.7054495e+00   8.9119288e+01   8.3937342e+00   1.7919183e+01   5.1394232e+01   1.0676453e+01   2.9168004e+01   3.9398630e+01   3.5670243e+01   8.9668437e+01
   1.9144751e-01   5.1638433e+03   7.2355087e+02   7.8030119e+00   1.9526364e+01   3.2273985e+01   2.8010265e+03   6.4828512e+01   1.2192025e+02   1.0232498e-01   8.3395429e+01   5.0927763e+01   2.7648364e+03   1.7491519e+01   5.2078126e+01   2.9980683e+03   1.8076736e+01   6.2303992e+01   4.0347857e+00   2.7466946e+02   1.0186057e+02   4.5587843e+01   2.9679721e+01   2.7851225e+01   1.7767166e+01   1.2725799e+01   3.9104092e+00   1.3079904e+00   2.7984869e+01   4.5056052e+01   9.6249348e+00   2.2234291e+00   4.2513457e+00   1.8264421e+00   9.4613894e+00   4.2614741e-01   3.6302124e-02   1.6123727e-01   6.5614617e-02   9.0466057e+01   8.0064349e+00   8.9137652e+01   8.3952971e+00   1.8805530e+01   5.1360540e+01   1.1174784e+01   2.9191506e+01   3.9445921e+01   3.5588394e+01   8.6082063e+01
   1.8561058e-01   5.1668885e+03   6.7867837e+02   7.8546053e+00   1.9294635e+01   3.2153143e+01   2.8008575e+03   6.4348340e+01   1.2189602e+02   1.0102574e-01   8.3427274e+01   5.2142177e+01   2.7656575e+03   1.7846128e+01   5.0323144e+01   2.9971327e+03   1.8008944e+01   6.2317073e+01   6.3231557e+00   2.7291628e+02   1.0185996e+02   4.5609907e+01   2.9532881e+01   2.7820139e+01   1.8129709e+01   1.2712085e+01   3.8291460e+00   1.3106804e+00   2.7897712e+01   4.5194789e+01   9.3993714e+00   2.2262196e+00   3.9969346e+00   1.8163429e+00   9.4229677e+00   5.3812219e-01   3.6302124e-02   1.6123727e-01   6.5614617e-02   9.0466057e+01   8.0064349e+00   8.9111631e+01   8.4338867e+00   1.8270746e+01   5.1469169e+01   1.1300987e+01   2.9203853e+01   3.9465110e+01   3.5395080e+01   8.7937163e+01
   1.8794688e-01   5.1868024e+03   7.2858527e+02   7.7377534e+00   2.0239779e+01   3.2341680e+01   2.7998247e+03   6.4815865e+01   1.2191245e+02   1.0121470e-01   8.3451681e+01   5.0753949e+01   2.7645480e+03   1.7576404e+01   5.1287262e+01   2.9966609e+03   1.8023214e+01   6.2305321e+01   5.7597150e+00   2.7328837e+02   1.0187728e+02   4.5577121e+01   2.9723434e+01   2.7941001e+01   1.8096820e+01   1.2746568e+01   3.8996094e+00   1.2819969e+00   2.7643030e+01   4.5164624e+01   8.8978505e+00   2.1714628e+00   4.1392336e+00   1.8556895e+00   9.4343461e+00   4.5636046e-01   2.2727719e-02   1.3403757e-01   5.3240468e-02   8.9767388e+01   8.4674381e+00   8.9085312e+01   8.4765714e+00   1.8408445e+01   5.1331745e+01   1.1297191e+01   2.9190683e+01   3.9450520e+01   3.5531758e+01   8.9166505e+01
   1.8552739e-01   5.2159950e+03   6.9885614e+02   7.7909036e+00   1.9843079e+01   3.2519015e+01   2.7991582e+03   6.3729783e+01   1.2188713e+02   9.9070758e-02   8.3442354e+01   5.0643973e+01   2.7629604e+03   1.7556309e+01   5.0561027e+01   2.9962790e+03   1.8160323e+01   6.2335151e+01   3.4370613e+00   2.7389224e+02   1.0191248e+02   4.5558613e+01   2.9447956e+01   2.7710017e+01   1.7870443e+01   1.2785083e+01   3.8903994e+00   1.2737767e+00   2.7787147e+01   4.4994585e+01   9.5007345e+00   2.1228304e+00   3.8901751e+00   1.8167943e+00   9.3632170e+00   4.5583195e-01   2.2727719e-02   1.3403757e-01   5.3240468e-02   8.9767388e+01   8.4674381e+00   8.9140663e+01   8.3767451e+00   1.8348459e+01   5.1363181e+01   1.1083385e+01   2.9169762e+01   3.9437077e+01   3.5388457e+01   9.0100781e+01
   1.8727760e-01   5.1849122e+03   7.1470240e+02   7.8130391e+00   1.9619158e+01   3.2050595e+01   2.7994938e+03   6.5294581e+01   1.2189582e+02   9.8168423e-02   8.3562503e+01   5.0520048e+01   2.7653323e+03   1.7558321e+01   4.8848188e+01   2.9957143e+03   1.8038490e+01   6.2335757e+01   4.1325128e+00   2.7212365e+02   1.0184320e+02   4.5536979e+01   2.9094816e+01   2.7698473e+01   1.7824785e+01   1.2793505e+01   3.8946192e+00   1.2832761e+00   2.7874374e+01   4.5028823e+01   9.5352370e+00   2.2025784e+00   4.4094500e+00   1.8396816e+00   9.3817756e+00   5.0588642e-01   2.2727719e-02   1.3403757e-01   5.3240468e-02   8.9767388e+01   8.4674381e+00   8.9175530e+01   8.3318821e+00   1.8251619e+01   5.1462362e+01   1.0746388e+01   2.9159573e+01   3.9449580e+01   3.5492864e+01   8.7113786e+01
   1.8581713e-01   5.1758773e+03   6.7578476e+02   7.8270744e+00   2.0487528e+01   3.2418545e+01   2.7984847e+03   6.5288807e+01   1.2190765e+02   9.4728924e-02   8.3485441e+01   5.0576661e+01   2.7634007e+03   1.7513055e+01   5.0599651e+01   2.9964472e+03   1.7947911e+01   6.2357713e+01   4.4548257e+00   2.7427469e+02   1.0185773e+02   4.5563521e+01   2.9543260e+01   2.7745905e+01   1.8108912e+01   1.2641299e+01   3.8530898e+00   1.3289075e+00   2.7677862e+01   4.5086319e+01   9.0518481e+00   2.1041625e+00   3.6711486e+00   1.8257422e+00   9.3492552e+00   5.9312843e-01   2.6702485e-02   1.5677381e-01   6.5539560e-02   8.9473019e+01   7.9464659e+00   8.9190536e+01   8.2912939e+00   1.8359001e+01   5.1479597e+01   1.0445643e+01   2.9188853e+01   3.9431484e+01   3.5653049e+01   8.7054559e+01
   1.8691074e-01   5.1780291e+03   6.8008683e+02   7.8762841e+00   1.9872902e+01   3.2048708e+01   2.7989984e+03   6.4943321e+01   1.2190037e+02   8.9906833e-02   8.3493338e+01   4.9310210e+01   2.7636244e+03   1.7747616e+01   4.9466166e+01   2.9947934e+03   1.8048301e+01   6.2346337e+01   5.2500023e+00   2.7236629e+02   1.0185010e+02   4.5535002e+01   2.9588132e+01   2.7887652e+01   1.8199174e+01   1.2740332e+01   4.0049127e+00   1.2661864e+00   2.7938066e+01   4.5050380e+01   9.0346491e+00   2.0752934e+00   4.0027961e+00   1.8318267e+00   9.4583288e+00   4.6770574e-01   2.6702485e-02   1.5677381e-01   6.5539560e-02   8.9473019e+01   7.9464659e+00   8.9235418e+01   8.2536667e+00   1.8437058e+01   5.1385370e+01   9.8334342e+00   2.9167186e+01   3.9450943e+01   3.5663450e+01   8.7058666e+01
   1.8637026e-01   5.1861388e+03   6.7187114e+02   7.8156411e+00   1.9779662e+01   3.2221586e+01   2.7979724e+03   6.4442961e+01   1.2190029e+02   8.3729873e-02   8.3519604e+01   4.9680633e+01   2.7623649e+03   1.7683206e+01   4.9743626e+01   2.9943492e+03   1.7927661e+01   6.2351494e+01   4.9701183e+00   2.7323983e+02   1.0184083e+02   4.5537838e+01   2.9509842e+01   2.7855468e+01   1.8242067e+01   1.2680937e+01   4.1664152e+00   1.3138368e+00   2.7796661e+01   4.5048304e+01   9.1973975e+00   2.2393560e+00   3.8030997e+00   1.8507439e+00   9.4174812e+00   5.9931975e-01   2.9086514e-02   1.5251807e-01   6.9879984e-02   8.9567186e+01   7.9111038e+00   8.9263141e+01   8.2395072e+00   1.8552572e+01   5.1283752e+01   9.1057116e+00   2.9171002e+01   3.9420082e+01   3.5643797e+01   8.9693983e+01
   1.9053468e-01   5.2206750e+03   7.0582776e+02   7.8862447e+00   1.9789583e+01   3.2100633e+01   2.7977190e+03   6.4876818e+01   1.2190890e+02   7.4948233e-02   8.3587045e+01   5.0414070e+01   2.7628616e+03   1.7304860e+01   4.9268747e+01   2.9938490e+03   1.8111334e+01   6.2377064e+01   4.3751438e+00   2.7217651e+02   1.0186960e+02   4.5528533e+01   2.9330784e+01   2.7768000e+01   1.7702805e+01   1.2652944e+01   3.9363078e+00   1.2498589e+00   2.7455414e+01   4.5054724e+01   9.5980208e+00   2.1893049e+00   3.8811707e+00   1.8037992e+00   9.4243361e+00   3.8646548e-01   2.9086514e-02   1.5251807e-01   6.9879984e-02   8.9567186e+01   7.9111038e+00   8.9288331e+01   8.2399178e+00   1.8710347e+01   5.1350912e+01   8.2710431e+00   2.9149315e+01   3.9442017e+01   3.5644772e+01   8.9198223e+01
   1.8747421e-01   5.1656416e+03   6.6993242e+02   7.8642643e+00   1.9362005e+01   3.2216749e+01   2.7972493e+03   6.5336909e+01   1.2188604e+02   7.0587609e-02   8.3484762e+01   5.0830557e+01   2.7620979e+03   1.7556519e+01   5.0917097e+01   2.9949995e+03   1.8080753e+01   6.2387905e+01   5.5926126e+00   2.7423566e+02   1.0185528e+02   4.5538193e+01   2.9453634e+01   2.7860469e+01   1.8237880e+01   1.2652684e+01   3.4376711e+00   1.2527165e+00   2.7843184e+01   4.5045188e+01   9.4082563e+00   2.1017811e+00   3.9068492e+00   1.7814253e+00   9.5514865e+00   5.5660054e-01   2.9086514e-02   1.5251807e-01   6.9879984e-02   8.9567186e+01   7.9111038e+00   8.9273012e+01   8.2479444e+00   1.8392698e+01   5.1531195e+01   7.5183984e+00   2.9193212e+01   3.9442641e+01   3.5334603e+01   8.9486389e+01
   1.9021862e-01   5.1908387e+03   6.7103752e+02   7.8106679e+00   1.8880815e+01   3.2178485e+01   2.7974456e+03   6.3981867e+01   1.2191407e+02   6.0409093e-02   8.3394151e+01   5.1077963e+01   2.7621694e+03   1.7486974e+01   5.0658828e+01   2.9943602e+03   1.7775074e+01   6.2365090e+01   5.6651776e+00   2.7370687e+02   1.0186080e+02   4.5581734e+01   2.9312750e+01   2.7649068e+01   1.7842118e+01   1.2633845e+01   3.6932050e+00   1.2654067e+00   2.7549431e+01   4.5221593e+01   9.2708664e+00   2.2683814e+00   3.9558390e+00   1.7998563e+00   9.4760385e+00   5.6187596e-01   3.0868130e-02   1.4939021e-01   7.8264054e-02   9.0483347e+01   8.0613531e+00   8.9218353e+01   8.3200834e+00   1.8662915e+01   5.1331754e+01   6.7888122e+00   2.9182180e+01   3.9414776e+01   3.5577316e+01   8.7934438e+01
   1.8828251e-01   5.1643652e+03   6.9450681e+02   7.7979957e+00   1.9866546e+01   3.1957806e+01   2.7983129e+03   6.5008936e+01   1.2189014e+02   5.6429686e-02   8.3453415e+01   4.9494937e+01   2.7640153e+03   1.7431226e+01   5.0710076e+01   2.9952441e+03   1.8100574e+01   6.2350011e+01   6.5237682e+00   2.7290219e+02   1.0181460e+02   4.5551361e+01   2.9875120e+01   2.7814129e+01   1.7878816e+01   1.2438189e+01   3.7103555e+00   1.2778838e+00   2.7992916e+01   4.4956502e+01   9.6288712e+00   2.1037909e+00   4.1943561e+00   1.8210075e+00   9.4567788e+00   4.8451289e-01   3.0868130e-02   1.4939021e-01   7.8264054e-02   9.0483347e+01   8.0613531e+00   8.9146679e+01   8.3964451e+00   1.8529556e+01   5.1434011e+01   6.3723509e+00   2.9152470e+01   3.9401442e+01   3.5772639e+01   8.8289960e+01
   1.8405562e-01   5.2013896e+03   6.8968107e+02   7.9152181e+00   1.9680543e+01   3.2464856e+01   2.8001023e+03   6.4826188e+01   1.2188371e+02   5.8332036e-02   8.3461501e+01   4.8697762e+01   2.7650037e+03   1.7327679e+01   4.9889718e+01   2.9971493e+03   1.8082048e+01   6.2341922e+01   5.3658893e+00   2.7311301e+02   1.0185007e+02   4.5555376e+01   2.9838702e+01   2.7930710e+01   1.7482332e+01   1.2724822e+01   4.0259045e+00   1.2936875e+00   2.7764702e+01   4.5170465e+01   9.3418093e+00   2.1930647e+00   4.3330104e+00   1.7816651e+00   9.3753583e+00   4.2565598e-01   4.2548920e-02   1.6159468e-01   6.3064173e-02   9.0962973e+01   8.3534395e+00   8.9121825e+01   8.4281968e+00   1.8135387e+01   5.1478096e+01   6.5489686e+00   2.9168377e+01   3.9425274e+01   3.5553882e+01   8.8232631e+01
   1.7827782e-01   5.1711892e+03   7.2218397e+02   7.9213478e+00   1.9485639e+01   3.2216066e+01   2.8025384e+03   6.5015935e+01   1.2190400e+02   6.7651380e-02   8.3466654e+01   5.0550454e+01   2.7677769e+03   1.7632893e+01   5.0629417e+01   2.9980974e+03   1.7770412e+01   6.2310073e+01   4.4117473e+00   2.7209469e+02   1.0187318e+02   4.5567623e+01   2.9726859e+01   2.7704116e+01   1.8118636e+01   1.2725747e+01   3.9768850e+00   1.2857950e+00   2.7692743e+01   4.5057021e+01   9.0580194e+00   2.3007232e+00   3.6927554e+00   1.8301311e+00   9.4134586e+00   6.0205391e-01   4.2548920e-02   1.6159468e-01   6.3064173e-02   9.0962973e+01   8.3534395e+00   8.9046533e+01   8.5084586e+00   1.7498009e+01   5.1586905e+01   7.1935433e+00   2.9186478e+01   3.9422349e+01   3.5524374e+01   8.8979365e+01
   1.8229777e-01   5.1931590e+03   7.2416527e+02   7.8275339e+00   1.9845803e+01   3.1754220e+01   2.8031461e+03   6.4872040e+01   1.2190967e+02   7.7175165e-02   8.3444071e+01   5.0418305e+01   2.7685468e+03   1.7589648e+01   5.0819950e+01   2.9991631e+03   1.8161986e+01   6.2334301e+01   5.6527112e+00   2.7247780e+02   1.0187720e+02   4.5535161e+01   2.9513926e+01   2.7774666e+01   1.8319815e+01   1.2610583e+01   3.5137109e+00   1.2706850e+00   2.7395427e+01   4.5064821e+01   8.8253588e+00   2.2782997e+00   4.0290396e+00   1.7738755e+00   9.4992689e+00   4.3673187e-01   4.2548920e-02   1.6159468e-01   6.3064173e-02   9.0962973e+01   8.3534395e+00   8.9011190e+01   8.5361290e+00   1.7815758e+01   5.1398198e+01   8.3796563e+00   2.9172923e+01   3.9438598e+01   3.5652590e+01   9.0092288e+01
   1.8847190e-01   5.1624473e+03   6.8292207e+02   7.8173581e+00   1.9363130e+01   3.2075518e+01   2.8027538e+03   6.5295500e+01   1.2187402e+02   8.7488663e-02   8.3492808e+01   5.0297669e+01   2.7681148e+03   1.7515152e+01   4.9065859e+01   3.0000404e+03   1.8113615e+01   6.2339284e+01   6.7128801e+00   2.7257739e+02   1.0187767e+02   4.5508667e+01   2.8962737e+01   2.7812140e+01   1.7878460e+01   1.2779541e+01   4.1734625e+00   1.3080166e+00   2.8077168e+01   4.5074838e+01   9.4471070e+00   2.1635871e+00   4.1682137e+00   1.7900438e+00   9.3974085e+00   6.3512822e-01   3.8245225e-02   1.5208126e-01   7.0363786e-02   9.0012088e+01   8.5184685e+00   8.9044836e+01   8.4957392e+00   1.8322676e+01   5.1352448e+01   9.5184553e+00   2.9174581e+01   3.9471533e+01   3.5618081e+01   9.0663410e+01
   1.8863839e-01   5.1654772e+03   6.9003689e+02   7.8236073e+00   2.0355509e+01   3.2386260e+01   2.8024020e+03   6.4768354e+01   1.2188338e+02   9.5860172e-02   8.3407395e+01   5.0203838e+01   2.7659116e+03   1.7622732e+01   5.0975964e+01   3.0006769e+03   1.7980673e+01   6.2334668e+01   7.5184765e+00   2.7508952e+02   1.0185052e+02   4.5547861e+01   2.8763967e+01   2.7893536e+01   1.8460921e+01   1.2662065e+01   3.6679138e+00   1.2856090e+00   2.7447719e+01   4.5127490e+01   9.4799937e+00   2.1560913e+00   3.6475267e+00   1.8262660e+00   9.3934882e+00   4.2294697e-01   3.8245225e-02   1.5208126e-01   7.0363786e-02   9.0012088e+01   8.5184685e+00   8.9085011e+01   8.4269483e+00   1.8516505e+01   5.1484376e+01   1.0534386e+01   2.9185157e+01   3.9464140e+01   3.5536526e+01   9.1189840e+01
   1.9465490e-01   5.1719317e+03   7.3102485e+02   7.8144686e+00   1.9774225e+01   3.2159817e+01   2.8025853e+03   6.4174273e+01   1.2188966e+02   1.0473115e-01   8.3473826e+01   5.1159898e+01   2.7677575e+03   1.7516927e+01   5.0499007e+01   2.9994014e+03   1.7955220e+01   6.2332212e+01   4.1691857e+00   2.7257655e+02   1.0186904e+02   4.5553539e+01   2.9276862e+01   2.7874438e+01   1.7866690e+01   1.2736807e+01   4.1944077e+00   1.3027977e+00   2.7622503e+01   4.5059629e+01   9.7000246e+00   2.0642205e+00   4.1823581e+00   1.8355126e+00   9.4070082e+00   6.1817410e-01   3.2134398e-02   1.6827352e-01   5.7960892e-02   8.9863755e+01   7.8351547e+00   8.9099564e+01   8.3882376e+00   1.9361129e+01   5.1338866e+01   1.1326229e+01   2.9142929e+01   3.9441175e+01   3.5528443e+01   9.0949892e+01
   1.9319329e-01   5.1761128e+03   7.0500888e+02   7.8656114e+00   1.9548616e+01   3.2017940e+01   2.8016089e+03   6.5155769e+01   1.2191896e+02   1.0576837e-01   8.3465183e+01   5.0526999e+01   2.7667015e+03   1.7293030e+01   5.0295492e+01   2.9993577e+03   1.8021802e+01   6.2326883e+01   7.1250788e+00   2.7319006e+02   1.0186957e+02   4.5558104e+01   2.9730047e+01   2.8029162e+01   1.7822398e+01   1.2729111e+01   3.5437084e+00   1.2612334e+00   2.7693500e+01   4.4976846e+01   9.2437268e+00   2.1411194e+00   4.0584379e+00   1.8039399e+00   9.3876930e+00   5.0411889e-01   3.2134398e-02   1.6827352e-01   5.7960892e-02   8.9863755e+01   7.8351547e+00   8.9128926e+01   8.3448548e+00   1.8972554e+01   5.1471776e+01   1.1986762e+01   2.9144866e+01   3.9467506e+01   3.5465459e+01   8.6240304e+01
   1.8672400e-01   5.1708606e+03   6.9873180e+02   7.8173985e+00   1.9270101e+01   3.2015932e+01   2.8009608e+03   6.4889436e+01   1.2188657e+02   1.0940391e-01   8.3471404e+01   4.9854994e+01   2.7657308e+03   1.7751039e+01   5.1164284e+01   2.9971164e+03   1.8162036e+01   6.2328127e+01   6.4756723e+00   2.7244082e+02   1.0186947e+02   4.5576822e+01   2.9344417e+01   2.7547405e+01   1.8284808e+01   1.2637471e+01   3.5280595e+00   1.2255363e+00   2.7591232e+01   4.4965204e+01   9.5172936e+00   2.0151760e+00   3.9663676e+00   1.8782159e+00   9.3946750e+00   5.3383901e-01   3.2134398e-02   1.6827352e-01   5.7960892e-02   8.9863755e+01   7.8351547e+00   8.9149665e+01   8.3085184e+00   1.8435428e+01   5.1427867e+01   1.2240245e+01   2.9137843e+01   3.9419720e+01   3.5604480e+01   8.5713261e+01
   1.9036087e-01   5.1807902e+03   7.1669442e+02   7.8577072e+00   1.9687850e+01   3.2199009e+01   2.8008255e+03   6.4852644e+01   1.2191927e+02   1.1168651e-01   8.3546496e+01   5.0564382e+01   2.7652515e+03   1.7553915e+01   5.0475213e+01   2.9968495e+03   1.7972844e+01   6.2338653e+01   5.8841412e+00   2.7227290e+02   1.0186062e+02   4.5524425e+01   2.9435946e+01   2.7807083e+01   1.7735814e+01   1.2632216e+01   3.9214354e+00   1.3003986e+00   2.7445837e+01   4.5051105e+01   9.6633865e+00   2.2756467e+00   4.0213987e+00   1.8190839e+00   9.4111802e+00   5.1698404e-01   2.8197395e-02   1.5572833e-01   8.1483364e-02   8.9751878e+01   7.1657125e+00   8.9174491e+01   8.3268262e+00   1.8823587e+01   5.1351930e+01   1.2104475e+01   2.9144207e+01   3.9448555e+01   3.5531117e+01   8.8941054e+01
   1.8723533e-01   5.1983952e+03   6.9939707e+02   7.8607499e+00   1.9729127e+01   3.2165019e+01   2.7990222e+03   6.4399189e+01   1.2190633e+02   1.0831354e-01   8.3509776e+01   5.1623711e+01   2.7635464e+03   1.7563702e+01   4.9060728e+01   2.9955277e+03   1.7935157e+01   6.2369828e+01   4.9691599e+00   2.7347817e+02   1.0185774e+02   4.5554911e+01   2.9088188e+01   2.7685586e+01   1.8564124e+01   1.2558256e+01   3.3746453e+00   1.2684081e+00   2.7719783e+01   4.5122090e+01   9.3962200e+00   2.3208994e+00   3.5257211e+00   1.8420182e+00   9.3767263e+00   4.7657727e-01   2.8197395e-02   1.5572833e-01   8.1483364e-02   8.9751878e+01   7.1657125e+00   8.9186203e+01   8.3133980e+00   1.8454690e+01   5.1448063e+01   1.1728386e+01   2.9155731e+01   3.9451143e+01   3.5494738e+01   9.0592067e+01
   1.9607827e-01   5.1828314e+03   6.7460999e+02   7.7528192e+00   2.0601275e+01   3.2105752e+01   2.7973822e+03   6.4281284e+01   1.2187712e+02   9.7821459e-02   8.3527246e+01   4.8928221e+01   2.7616350e+03   1.7540733e+01   5.2783676e+01   2.9944720e+03   1.8154532e+01   6.2375556e+01   6.0320244e+00   2.7393854e+02   1.0187263e+02   4.5526142e+01   3.0121073e+01   2.7764879e+01   1.8024696e+01   1.2700366e+01   3.8010421e+00   1.2407386e+00   2.7670434e+01   4.5025238e+01   9.5374868e+00   2.1650132e+00   3.8783990e+00   1.8385448e+00   9.4678409e+00   4.3969455e-01   4.1032639e-02   1.5946593e-01   6.7399571e-02   9.0406006e+01   8.4792555e+00   8.9185400e+01   8.3115446e+00   1.9300730e+01   5.1220133e+01   1.0894401e+01   2.9137836e+01   3.9445141e+01   3.5446732e+01   9.2089721e+01
   1.8861050e-01   5.1644645e+03   7.0048920e+02   7.8412940e+00   1.9319897e+01   3.2191486e+01   2.7974573e+03   6.5444912e+01   1.2189924e+02   8.8342334e-02   8.3559627e+01   4.7969184e+01   2.7621126e+03   1.7279908e+01   5.0162482e+01   2.9938501e+03   1.7946494e+01   6.2379582e+01   4.1345904e+00   2.7300912e+02   1.0184831e+02   4.5533257e+01   2.9260481e+01   2.7834105e+01   1.7639860e+01   1.2750814e+01   3.6302072e+00   1.2881175e+00   2.7284523e+01   4.4988916e+01   9.7787808e+00   2.1838388e+00   4.0557074e+00   1.7611822e+00   9.3519756e+00   5.0148305e-01   4.1032639e-02   1.5946593e-01   6.7399571e-02   9.0406006e+01   8.4792555e+00   8.9098707e+01   8.3697466e+00   1.8643517e+01   5.1338129e+01   9.7928262e+00   2.9085398e+01   3.9390121e+01   3.5510543e+01   8.9079914e+01
   1.8710809e-01   5.1637892e+03   6.9583675e+02   7.8389135e+00   1.9554662e+01   3.2078718e+01   2.7967124e+03   6.6013339e+01   1.2188705e+02   7.7692148e-02   8.3454571e+01   5.1706497e+01   2.7616663e+03   1.7611673e+01   5.0695569e+01   2.9935912e+03   1.7924267e+01   6.2379780e+01   5.6650756e+00   2.7348851e+02   1.0184980e+02   4.5574107e+01   2.9239748e+01   2.7931447e+01   1.8370427e+01   1.2672191e+01   3.9320494e+00   1.3271233e+00   2.7977195e+01   4.4960720e+01   9.2236537e+00   2.2719611e+00   3.8428572e+00   1.8276627e+00   9.4059442e+00   5.1164124e-01   4.1032639e-02   1.5946593e-01   6.7399571e-02   9.0406006e+01   8.4792555e+00   8.9090026e+01   8.4200969e+00   1.8397864e+01   5.1523364e+01   8.7225432e+00   2.9156468e+01   3.9444400e+01   3.5433115e+01   8.8104010e+01
   1.9195554e-01   5.1720404e+03   6.8170349e+02   7.7912190e+00   1.9706405e+01   3.2013412e+01   2.7987375e+03   6.4595431e+01   1.2188590e+02   7.5653226e-02   8.3543311e+01   4.9393138e+01   2.7631786e+03   1.7740346e+01   5.1709961e+01   2.9946586e+03   1.8157117e+01   6.2388491e+01   6.4221955e+00   2.7226841e+02   1.0188251e+02   4.5533840e+01   2.9174425e+01   2.7789518e+01   1.8495492e+01   1.2704621e+01   3.7803171e+00   1.2845055e+00   2.7178615e+01   4.5121605e+01   9.4441079e+00   2.0254067e+00   4.6295086e+00   1.7766346e+00   9.4424583e+00   4.7717514e-01   3.0847866e-02   1.6679575e-01   8.7931031e-02   8.9948652e+01   7.7824965e+00   8.9104523e+01   8.3962941e+00   1.9000801e+01   5.1310729e+01   8.0981597e+00   2.9157757e+01   3.9449770e+01   3.5512961e+01   9.1361917e+01
   1.9707297e-01   5.1695045e+03   7.3719279e+02   7.7535686e+00   2.0085935e+01   3.2206325e+01   2.7980514e+03   6.4926033e+01   1.2191279e+02   6.9026618e-02   8.3491881e+01   4.9709512e+01   2.7615870e+03   1.7395888e+01   5.1182279e+01   2.9951375e+03   1.8034739e+01   6.2395513e+01   4.4155065e+00   2.7382914e+02   1.0189763e+02   4.5529248e+01   2.9448305e+01   2.7805120e+01   1.8215244e+01   1.2740471e+01   3.7502128e+00   1.2831783e+00   2.7711974e+01   4.5127693e+01   9.3211533e+00   2.3159067e+00   3.5935303e+00   1.7807572e+00   9.4262984e+00   4.8781077e-01   3.0847866e-02   1.6679575e-01   8.7931031e-02   8.9948652e+01   7.7824965e+00   8.9115662e+01   8.3604330e+00   1.9538491e+01   5.1264742e+01   7.7065971e+00   2.9146074e+01   3.9448670e+01   3.5453796e+01   9.0611538e+01
   1.9541625e-01   5.1799255e+03   7.3519994e+02   7.7793586e+00   1.9560827e+01   3.2024276e+01   2.7992021e+03   6.4237359e+01   1.2189507e+02   6.8875202e-02   8.3534141e+01   5.0932918e+01   2.7640498e+03   1.7615142e+01   5.0717079e+01   2.9951044e+03   1.8342960e+01   6.2392792e+01   5.8220628e+00   2.7198533e+02   1.0187667e+02   4.5537510e+01   2.9213087e+01   2.7861423e+01   1.7931829e+01   1.2685008e+01   4.1104996e+00   1.3077719e+00   2.7354729e+01   4.5130900e+01   9.1794559e+00   2.0767842e+00   4.0121656e+00   1.8140580e+00   9.5056190e+00   4.7057033e-01   1.7320045e-02   1.4554907e-01   8.5324645e-02   8.9595372e+01   7.4648623e+00   8.9130631e+01   8.3337922e+00   1.9439177e+01   5.1322847e+01   7.3894937e+00   2.9135686e+01   3.9456915e+01   3.5624517e+01   8.9274194e+01
   1.9527409e-01   5.1943814e+03   6.9253543e+02   7.7649504e+00   1.9587168e+01   3.2184084e+01   2.7987490e+03   6.4441001e+01   1.2190969e+02   6.9713511e-02   8.3485241e+01   5.0339345e+01   2.7640653e+03   1.7695921e+01   5.1872495e+01   2.9968604e+03   1.8138940e+01   6.2396970e+01   5.8457919e+00   2.7352748e+02   1.0184058e+02   4.5570121e+01   2.9195763e+01   2.7806934e+01   1.7691162e+01   1.2566598e+01   3.8879507e+00   1.2712263e+00   2.7666206e+01   4.5051382e+01   9.3780390e+00   2.1371628e+00   4.0472686e+00   1.8102499e+00   9.5240369e+00   4.8179269e-01   1.7320045e-02   1.4554907e-01   8.5324645e-02   8.9595372e+01   7.4648623e+00   8.9155400e+01   8.3089105e+00   1.9268746e+01   5.1347882e+01   7.3987291e+00   2.9135194e+01   3.9419004e+01   3.5558926e+01   8.7909367e+01
   1.9128020e-01   5.1695678e+03   7.0111810e+02   7.8993224e+00   1.9515445e+01   3.2157048e+01   2.8006425e+03   6.4406336e+01   1.2191845e+02   7.2576304e-02   8.3529399e+01   5.1002145e+01   2.7659982e+03   1.7564583e+01   5.0179242e+01   2.9976630e+03   1.8096523e+01   6.2383434e+01   5.5449726e+00   2.7230629e+02   1.0184013e+02   4.5523415e+01   2.9221321e+01   2.7838729e+01   1.8128958e+01   1.2741605e+01   3.7447243e+00   1.3377212e+00   2.7598339e+01   4.5077491e+01   9.6031216e+00   2.2002892e+00   4.0256557e+00   1.7888086e+00   9.4295861e+00   4.7680311e-01   1.7320045e-02   1.4554907e-01   8.5324645e-02   8.9595372e+01   7.4648623e+00   8.9223304e+01   8.2974046e+00   1.8949473e+01   5.1472081e+01   7.7932550e+00   2.9134366e+01   3.9437127e+01   3.5584764e+01   8.9672881e+01
   1.9489198e-01   5.1469193e+03   7.3963793e+02   7.8542916e+00   1.9591361e+01   3.2364544e+01   2.8009234e+03   6.4702032e+01   1.2191021e+02   7.2556661e-02   8.3424871e+01   4.9976455e+01   2.7658413e+03   1.7425542e+01   5.0483245e+01   2.9978141e+03   1.8057300e+01   6.2352857e+01   6.2387392e+00   2.7249247e+02   1.0183722e+02   4.5525545e+01   2.9209204e+01   2.7696456e+01   1.7756971e+01   1.2500307e+01   3.8943364e+00   1.2363251e+00   2.7498729e+01   4.5361024e+01   9.4436426e+00   2.1645291e+00   3.9941175e+00   1.8050220e+00   9.3951929e+00   4.3274118e-01   3.0915959e-02   1.4962718e-01   5.2313322e-02   9.0173340e+01   7.7933703e+00   8.9199202e+01   8.3233295e+00   1.9200569e+01   5.1413661e+01   8.2399250e+00   2.9153363e+01   3.9445690e+01   3.5514379e+01   8.7889232e+01
   1.9292202e-01   5.2045080e+03   7.2169337e+02   7.9250097e+00   1.9243917e+01   3.1929784e+01   2.8021216e+03   6.4673304e+01   1.2190734e+02   7.9390372e-02   8.3495501e+01   5.0152131e+01   2.7663363e+03   1.7641782e+01   4.9603618e+01   2.9982373e+03   1.8180359e+01   6.2333850e+01   3.8217839e+00   2.7198757e+02   1.0184473e+02   4.5547481e+01   2.9392438e+01   2.7672499e+01   1.8219473e+01   1.2518081e+01   4.1553813e+00   1.2776228e+00   2.7440939e+01   4.5076837e+01   9.0585490e+00   2.1887416e+00   4.2459805e+00   1.8134597e+00   9.4291254e+00   5.0398708e-01   3.0915959e-02   1.4962718e-01   5.2313322e-02   9.0173340e+01   7.7933703e+00   8.9173365e+01   8.3807610e+00   1.8989114e+01   5.1484061e+01   8.5753608e+00   2.9163080e+01   3.9444180e+01   3.5682341e+01   8.7996114e+01
   1.9721638e-01   5.1987405e+03   7.3345467e+02   7.7879033e+00   1.9560772e+01   3.2226900e+01   2.8013635e+03   6.4392707e+01   1.2189364e+02   8.4147226e-02   8.3402818e+01   4.9793349e+01   2.7648720e+03   1.7359640e+01   5.0371485e+01   2.9977152e+03   1.8227234e+01   6.2308182e+01   4.7091836e+00   2.7312655e+02   1.0183971e+02   4.5542603e+01   2.9150773e+01   2.7661123e+01   1.7865496e+01   1.2570843e+01   4.2144144e+00   1.3270672e+00   2.8008434e+01   4.5167899e+01   9.2143847e+00   2.2434489e+00   3.5708184e+00   1.8011186e+00   9.4195256e+00   4.5904767e-01   3.4148251e-02   1.7662736e-01   6.2564057e-02   8.9580195e+01   8.3897541e+00   8.9167495e+01   8.3770952e+00   1.9220272e+01   5.1306606e+01   9.0616472e+00   2.9168270e+01   3.9458549e+01   3.5566734e+01   8.9287484e+01
   1.9567797e-01   5.1394260e+03   7.0264245e+02   7.8597112e+00   1.9240798e+01   3.2080732e+01   2.8023309e+03   6.4145814e+01   1.2193155e+02   8.7103307e-02   8.3472820e+01   4.8645084e+01   2.7665883e+03   1.7416005e+01   4.9619486e+01   2.9993975e+03   1.8154855e+01   6.2326875e+01   4.2557083e+00   2.7324485e+02   1.0185615e+02   4.5550889e+01   2.9264302e+01   2.7840246e+01   1.7880074e+01   1.2678613e+01   4.4534832e+00   1.3101174e+00   2.8021926e+01   4.5154351e+01   8.9693483e+00   2.0930569e+00   3.9114105e+00   1.8124821e+00   9.4548013e+00   5.0255858e-01   3.4148251e-02   1.7662736e-01   6.2564057e-02   8.9580195e+01   8.3897541e+00   8.9210558e+01   8.2998401e+00   1.9168821e+01   5.1482050e+01   9.6831061e+00   2.9125897e+01   3.9478613e+01   3.5641200e+01   8.9674091e+01
   1.9569787e-01   5.1813093e+03   6.4308596e+02   7.9215902e+00   1.9606125e+01   3.1800626e+01   2.8021443e+03   6.5283139e+01   1.2190664e+02   9.5259843e-02   8.3473330e+01   5.1078621e+01   2.7675128e+03   1.7589430e+01   5.1908448e+01   2.9982213e+03   1.8083442e+01   6.2318095e+01   6.0503426e+00   2.7218050e+02   1.0181386e+02   4.5536242e+01   2.9309877e+01   2.8022469e+01   1.7942259e+01   1.2764590e+01   3.5311302e+00   1.2947064e+00   2.8002055e+01   4.5238795e+01   8.9572130e+00   2.0429841e+00   4.3115404e+00   1.8294825e+00   9.4074316e+00   5.2826956e-01   3.4148251e-02   1.7662736e-01   6.2564057e-02   8.9580195e+01   8.3897541e+00   8.9213461e+01   8.2469545e+00   1.9093113e+01   5.1354198e+01   1.0378976e+01   2.9147018e+01   3.9457942e+01   3.5717680e+01   8.8114314e+01
   1.9375566e-01   5.1586341e+03   7.1774051e+02   7.8248417e+00   1.9485498e+01   3.2462411e+01   2.8020544e+03   6.4692236e+01   1.2189147e+02   9.7967039e-02   8.3486800e+01   5.0334193e+01   2.7657000e+03   1.7500341e+01   5.0302729e+01   2.9988727e+03   1.7981144e+01   6.2330420e+01   3.8607395e+00   2.7348809e+02   1.0186103e+02   4.5551028e+01   2.9450514e+01   2.7743115e+01   1.7852297e+01   1.2790017e+01   3.8029047e+00   1.2530309e+00   2.7503959e+01   4.5148445e+01   9.2763464e+00   2.1286041e+00   4.2367895e+00   1.7771483e+00   9.4175155e+00   4.3835823e-01   3.2196309e-02   1.4610010e-01   8.5263608e-02   8.9674669e+01   7.9806754e+00   8.9207158e+01   8.2213377e+00   1.9086392e+01   5.1336272e+01   1.0896589e+01   2.9132869e+01   3.9422166e+01   3.5722166e+01   9.1326309e+01
   1.9137196e-01   5.2077926e+03   6.8331617e+02   7.8196265e+00   1.9760518e+01   3.2559243e+01   2.8002168e+03   6.5065273e+01   1.2189041e+02   9.9254601e-02   8.3437049e+01   4.9801495e+01   2.7643023e+03   1.7367366e+01   4.9547817e+01   2.9968985e+03   1.8210286e+01   6.2341445e+01   6.5204568e+00   2.7445062e+02   1.0187110e+02   4.5539284e+01   2.9102354e+01   2.7674221e+01   1.7732343e+01   1.2714482e+01   4.4824631e+00   1.3112253e+00   2.7500501e+01   4.5305243e+01   9.2622179e+00   1.9809105e+00   3.6418261e+00   1.8614398e+00   9.4326579e+00   4.9143936e-01   3.2196309e-02   1.4610010e-01   8.5263608e-02   8.9674669e+01   7.9806754e+00   8.9246828e+01   8.2330136e+00   1.8915414e+01   5.1382830e+01   1.0911141e+01   2.9149279e+01   3.9429120e+01   3.5526946e+01   9.0277211e+01
   1.8962723e-01   5.1879125e+03   7.0887529e+02   7.8583855e+00   2.0089212e+01   3.2010129e+01   2.8001767e+03   6.4539258e+01   1.2191086e+02   9.5498122e-02   8.3478134e+01   4.9547338e+01   2.7646629e+03   1.7500269e+01   4.9244191e+01   2.9974839e+03   1.8241794e+01   6.2324225e+01   4.3506157e+00   2.7386716e+02   1.0186303e+02   4.5538161e+01   2.9647714e+01   2.7748736e+01   1.7828425e+01   1.2683567e+01   4.1445853e+00   1.2871063e+00   2.7393090e+01   4.5006624e+01   9.0508707e+00   2.0754264e+00   4.1368164e+00   1.7842556e+00   9.4595433e+00   5.5680443e-01   4.6677170e-02   1.5290567e-01   5.5425363e-02   9.0106115e+01   8.9695918e+00   8.9235688e+01   8.2368749e+00   1.8905867e+01   5.1458195e+01   1.0825050e+01   2.9127864e+01   3.9418610e+01   3.5703446e+01   9.1161200e+01
   1.9305899e-01   5.1913042e+03   7.0927257e+02   7.7700057e+00   1.9865765e+01   3.1966186e+01   2.8003031e+03   6.5920561e+01   1.2189629e+02   9.8045164e-02   8.3485631e+01   5.0226670e+01   2.7655171e+03   1.7690367e+01   5.0097048e+01   2.9961708e+03   1.8135585e+01   6.2326561e+01   5.4493100e+00   2.7274339e+02   1.0186180e+02   4.5557675e+01   2.9309077e+01   2.7932491e+01   1.8380842e+01   1.2663580e+01   3.8495452e+00   1.3276518e+00   2.7643954e+01   4.5012347e+01   9.4563069e+00   2.1008293e+00   3.9734518e+00   1.8160477e+00   9.4772712e+00   4.4405545e-01   4.6677170e-02   1.5290567e-01   5.5425363e-02   9.0106115e+01   8.9695918e+00   8.9186303e+01   8.2897153e+00   1.8652894e+01   5.1404870e+01   1.0667095e+01   2.9129243e+01   3.9419155e+01   3.5662786e+01   9.0257467e+01
   1.9707164e-01   5.2067023e+03   6.8225008e+02   7.8556146e+00   1.9779758e+01   3.2372857e+01   2.7996370e+03   6.4943315e+01   1.2191458e+02   9.8133390e-02   8.3520226e+01   4.9073200e+01   2.7639460e+03   1.7738403e+01   4.9630766e+01   2.9963218e+03   1.8248092e+01   6.2372711e+01   4.5856003e+00   2.7298753e+02   1.0187862e+02   4.5526202e+01   2.8699462e+01   2.7731046e+01   1.7910205e+01   1.2732281e+01   4.3169244e+00   1.3030665e+00   2.7502342e+01   4.4996572e+01   9.3459801e+00   2.0975611e+00   4.0502382e+00   1.8557119e+00   9.4044351e+00   3.9675778e-01   4.6677170e-02   1.5290567e-01   5.5425363e-02   9.0106115e+01   8.9695918e+00   8.9167832e+01   8.3018731e+00   1.9266295e+01   5.1284275e+01   1.0631530e+01   2.9155238e+01   3.9419666e+01   3.5708210e+01   8.9896977e+01
   1.9744536e-01   5.1755657e+03   6.9531363e+02   7.8449216e+00   1.9655179e+01   3.1929877e+01   2.8000148e+03   6.4150050e+01   1.2192185e+02   9.4917999e-02   8.3509298e+01   5.0113246e+01   2.7648379e+03   1.7714799e+01   4.9956910e+01   2.9961956e+03   1.7869619e+01   6.2359579e+01   7.2781266e+00   2.7247637e+02   1.0187759e+02   4.5533031e+01   2.9101917e+01   2.7654475e+01   1.7881712e+01   1.2620023e+01   3.8966550e+00   1.2505016e+00   2.7473275e+01   4.5038678e+01   9.0970721e+00   2.2509386e+00   3.9584828e+00   1.8381047e+00   9.4372643e+00   4.8743218e-01   1.1945374e-02   1.7046507e-01   5.6580535e-02   8.9517910e+01   8.7093860e+00   8.9221373e+01   8.2672964e+00   1.9546780e+01   5.1472299e+01   1.0349648e+01   2.9193405e+01   3.9432556e+01   3.5570758e+01   9.2093019e+01
   1.9701469e-01   5.1976411e+03   6.6789910e+02   7.8821076e+00   1.9830098e+01   3.2010044e+01   2.7995552e+03   6.3718018e+01   1.2190998e+02   9.5701327e-02   8.3451301e+01   5.0073009e+01   2.7645010e+03   1.7697062e+01   5.0415759e+01   2.9964597e+03   1.8109715e+01   6.2363824e+01   5.6654492e+00   2.7278533e+02   1.0185076e+02   4.5576328e+01   2.9119980e+01   2.7856184e+01   1.7962483e+01   1.2603631e+01   3.4830617e+00   1.2605881e+00   2.7699276e+01   4.5181393e+01   8.9156875e+00   2.0370301e+00   4.1468631e+00   1.8115120e+00   9.4098120e+00   4.3734264e-01   1.1945374e-02   1.7046507e-01   5.6580535e-02   8.9517910e+01   8.7093860e+00   8.9260458e+01   8.2191339e+00   1.9461696e+01   5.1442775e+01   1.0326090e+01   2.9175502e+01   3.9457765e+01   3.5491289e+01   8.8438348e+01
   1.9782116e-01   5.1456158e+03   6.9980594e+02   7.8675442e+00   1.9684748e+01   3.2250074e+01   2.7988753e+03   6.5094625e+01   1.2188994e+02   9.7261201e-02   8.3440069e+01   4.9019854e+01   2.7632099e+03   1.7649139e+01   4.8753052e+01   2.9980012e+03   1.8015219e+01   6.2368720e+01   6.9855182e+00   2.7581737e+02   1.0184840e+02   4.5565889e+01   2.9448711e+01   2.7728035e+01   1.8323891e+01   1.2813970e+01   3.8466544e+00   1.2771037e+00   2.7854767e+01   4.4977492e+01   9.0249945e+00   2.1898154e+00   4.0992486e+00   1.8188454e+00   9.4546443e+00   5.0718333e-01   3.6110491e-02   1.5408424e-01   4.9082009e-02   9.0231623e+01   8.4793277e+00   8.9285029e+01   8.2064020e+00   1.9499583e+01   5.1422894e+01   1.0501610e+01   2.9145654e+01   3.9442501e+01   3.5544185e+01   8.7708926e+01
   2.0266481e-01   5.1924660e+03   7.0185351e+02   7.9068969e+00   1.9445900e+01   3.2168888e+01   2.7990960e+03   6.6085226e+01   1.2191577e+02   9.5622769e-02   8.3486621e+01   5.0008588e+01   2.7639237e+03   1.7618115e+01   5.0988156e+01   2.9971522e+03   1.7961439e+01   6.2372499e+01   4.6933404e+00   2.7361328e+02   1.0184632e+02   4.5557063e+01   2.9411078e+01   2.7989760e+01   1.7633014e+01   1.2732452e+01   3.6122579e+00   1.3077389e+00   2.7050469e+01   4.5132212e+01   9.4513780e+00   2.2703212e+00   4.0383082e+00   1.8258751e+00   9.5004146e+00   5.1710447e-01   3.6110491e-02   1.5408424e-01   4.9082009e-02   9.0231623e+01   8.4793277e+00   8.9242403e+01   8.2950676e+00   1.9693006e+01   5.1368542e+01   1.0456586e+01   2.9142477e+01   3.9454010e+01   3.5538119e+01   8.7716182e+01
   1.9428230e-01   5.2158607e+03   6.8471403e+02   7.7659519e+00   1.9586556e+01   3.2361231e+01   2.7999957e+03   6.4093253e+01   1.2187690e+02   9.1829163e-02   8.3533600e+01   5.0340759e+01   2.7653800e+03   1.7675100e+01   4.9612620e+01   2.9956726e+03   1.8110302e+01   6.2353059e+01   5.8166127e+00   2.7204483e+02   1.0188245e+02   4.5526719e+01   2.9459243e+01   2.7764619e+01   1.8450212e+01   1.2679184e+01   3.9795944e+00   1.3222976e+00   2.7523283e+01   4.5025629e+01   9.7174873e+00   2.1900802e+00   3.6760514e+00   1.8428615e+00   9.3876589e+00   4.9998161e-01   3.6110491e-02   1.5408424e-01   4.9082009e-02   9.0231623e+01   8.4793277e+00   8.9195495e+01   8.3125805e+00   1.9146932e+01   5.1440214e+01   1.0261537e+01   2.9133443e+01   3.9419453e+01   3.5518676e+01   9.0572312e+01
   1.9900644e-01   5.1832228e+03   6.8520782e+02   7.7217114e+00   1.9520985e+01   3.2402270e+01   2.8000101e+03   6.4844997e+01   1.2190000e+02   9.2339289e-02   8.3565366e+01   5.2258645e+01   2.7637190e+03   1.7681062e+01   5.0182694e+01   2.9972248e+03   1.8000111e+01   6.2403272e+01   5.6341774e+00   2.7350183e+02   1.0185620e+02   4.5545708e+01   2.9591322e+01   2.7744592e+01   1.7722148e+01   1.2563361e+01   3.7139117e+00   1.2743997e+00   2.7752893e+01   4.5112927e+01   9.6324101e+00   2.0495104e+00   4.0779844e+00   1.8332401e+00   9.4468521e+00   5.2513896e-01   2.8159877e-02   1.6729587e-01   6.7981357e-02   8.9959253e+01   7.9976651e+00   8.9189870e+01   8.3109888e+00   1.9628717e+01   5.1279897e+01   1.0265677e+01   2.9147502e+01   3.9440721e+01   3.5474795e+01   8.9746285e+01
   1.9444560e-01   5.2007513e+03   7.0991444e+02   7.9207707e+00   1.9495200e+01   3.2124360e+01   2.7995855e+03   6.4674635e+01   1.2188615e+02   9.6039384e-02   8.3543382e+01   4.9544883e+01   2.7640810e+03   1.7616547e+01   4.9131609e+01   2.9958134e+03   1.7820170e+01   6.2383138e+01   5.7050577e+00   2.7311021e+02   1.0186162e+02   4.5547136e+01   2.8976907e+01   2.7666122e+01   1.8290314e+01   1.2741460e+01   3.7260728e+00   1.3011256e+00   2.7394701e+01   4.5012201e+01   9.1121259e+00   2.3748744e+00   3.5342380e+00   1.8444750e+00   9.3722167e+00   5.2281451e-01   2.8159877e-02   1.6729587e-01   6.7981357e-02   8.9959253e+01   7.9976651e+00   8.9197901e+01   8.3002556e+00   1.9110356e+01   5.1407792e+01   1.0108936e+01   2.9139068e+01   3.9443487e+01   3.5583691e+01   9.0007824e+01
   2.0095063e-01   5.1987892e+03   7.0743219e+02   7.8280239e+00   1.9426083e+01   3.2304298e+01   2.7991828e+03   6.5260340e+01   1.2193126e+02   8.9595787e-02   8.3500546e+01   4.9940006e+01   2.7636855e+03   1.7749042e+01   4.8972272e+01   2.9952648e+03   1.7987345e+01   6.2409441e+01   5.8764359e+00   2.7300969e+02   1.0184745e+02   4.5575596e+01   2.9260437e+01   2.7874007e+01   1.8069833e+01   1.2576169e+01   3.8699676e+00   1.2793538e+00   2.7808663e+01   4.5145282e+01   9.6249140e+00   2.3835035e+00   3.9784664e+00   1.7966138e+00   9.4392429e+00   4.2289048e-01   1.7654273e-02   1.5756525e-01   6.7925139e-02   8.9902694e+01   8.7374158e+00   8.9205119e+01   8.3075172e+00   1.9761370e+01   5.1339075e+01   9.8062425e+00   2.9139030e+01   3.9435272e+01   3.5649194e+01   8.8468348e+01
   1.9974254e-01   5.2086457e+03   7.2129415e+02   7.8057925e+00   1.9699816e+01   3.2074680e+01   2.7995118e+03   6.5125850e+01   1.2188835e+02   8.6930728e-02   8.3551267e+01   4.9794652e+01   2.7646488e+03   1.7570256e+01   5.2939066e+01   2.9959714e+03   1.8079359e+01   6.2403839e+01   5.1925100e+00   2.7221099e+02   1.0185176e+02   4.5562633e+01   2.9096927e+01   2.7785231e+01   1.8079301e+01   1.2777544e+01   3.8357770e+00   1.3049538e+00   2.7412195e+01   4.5083638e+01   8.7540377e+00   2.2550738e+00   3.6235133e+00   1.8206361e+00   9.4901818e+00   4.9635689e-01   1.7654273e-02   1.5756525e-01   6.7925139e-02   8.9902694e+01   8.7374158e+00   8.9213644e+01   8.2951242e+00   1.9768897e+01   5.1325830e+01   9.5767833e+00   2.9122491e+01   3.9439758e+01   3.5481192e+01   8.9689459e+01
   2.0228199e-01   5.2048623e+03   7.1276520e+02   7.8073520e+00   2.0148523e+01   3.2388878e+01   2.7999266e+03   6.5455960e+01   1.2190672e+02   8.7485136e-02   8.3560533e+01   4.8453595e+01   2.7644059e+03   1.7550079e+01   5.0344622e+01   2.9961534e+03   1.7922694e+01   6.2402849e+01   6.2513532e+00   2.7300114e+02   1.0186593e+02   4.5538554e+01   2.9390203e+01   2.7633225e+01   1.8255231e+01   1.2616756e+01   4.0181876e+00   1.2834219e+00   2.7837643e+01   4.4988243e+01   9.3025184e+00   2.1789436e+00   4.0927843e+00   1.7937908e+00   9.4511825e+00   5.1924288e-01   1.7654273e-02   1.5756525e-01   6.7925139e-02   8.9902694e+01   8.7374158e+00   8.9211553e+01   8.3033902e+00   1.9908775e+01   5.1304209e+01   9.4828961e+00   2.9099452e+01   3.9448703e+01   3.5691355e+01   8.7603636e+01
   2.0412451e-01   5.1738654e+03   6.9695685e+02   7.7831843e+00   1.9616303e+01   3.2008250e+01   2.7991078e+03   6.4104916e+01   1.2188809e+02   8.4121961e-02   8.3552985e+01   5.0043031e+01   2.7645893e+03   1.7368167e+01   4.8877559e+01   2.9961199e+03   1.8000384e+01   6.2403249e+01   5.6021267e+00   2.7318923e+02   1.0183424e+02   4.5569965e+01   2.9767854e+01   2.7782874e+01   1.7919738e+01   1.2509888e+01   3.6070725e+00   1.2716297e+00   2.7682503e+01   4.5047398e+01   9.3018764e+00   2.2202553e+00   3.8706392e+00   1.8694763e+00   9.4036112e+00   4.9231537e-01   2.6495557e-02   1.7546826e-01   6.3065811e-02   8.9852578e+01   8.1730710e+00   8.9216939e+01   8.2768547e+00   1.9994648e+01   5.1276074e+01   9.3943854e+00   2.9106834e+01   3.9415229e+01   3.5497440e+01   8.6925134e+01
   1.9934255e-01   5.2054130e+03   7.2939489e+02   7.8587025e+00   2.0109479e+01   3.2013244e+01   2.7997763e+03   6.4128959e+01   1.2190525e+02   8.6265733e-02   8.3568401e+01   5.1388338e+01   2.7641642e+03   1.7681721e+01   5.0779309e+01   2.9969612e+03   1.7974342e+01   6.2396050e+01   3.2242982e+00   2.7401120e+02   1.0181795e+02   4.5530288e+01   2.9257569e+01   2.7859788e+01   1.8248366e+01   1.2648511e+01   3.6489495e+00   1.3290620e+00   2.7666388e+01   4.5096112e+01   9.2924140e+00   2.3047375e+00   4.1004338e+00   1.8301824e+00   9.5095903e+00   4.5180805e-01   2.6495557e-02   1.7546826e-01   6.3065811e-02   8.9852578e+01   8.1730710e+00   8.9244956e+01   8.2707252e+00   1.9517668e+01   5.1423477e+01   9.3738776e+00   2.9124679e+01   3.9453434e+01   3.5534753e+01   9.0137220e+01
   2.0127028e-01   5.1748223e+03   6.6458614e+02   7.7810422e+00   1.9431440e+01   3.2120392e+01   2.7993309e+03   6.4866843e+01   1.2189270e+02   8.6301597e-02   8.3505020e+01   5.0273190e+01   2.7644847e+03   1.7600626e+01   4.9615685e+01   2.9955023e+03   1.8049632e+01   6.2402147e+01   3.9290964e+00   2.7243188e+02   1.0187727e+02   4.5537485e+01   2.9460819e+01   2.7761530e+01   1.7813891e+01   1.2712755e+01   3.7576424e+00   1.3247259e+00   2.7895768e+01   4.5085239e+01   9.1660792e+00   2.2347412e+00   3.4932254e+00   1.8030114e+00   9.4299284e+00   4.8929158e-01   3.7709260e-02   1.7320016e-01   6.7671691e-02   9.0415898e+01   8.5955374e+00   8.9235558e+01   8.2586717e+00   1.9879445e+01   5.1312755e+01   9.2549220e+00   2.9129762e+01   3.9433811e+01   3.5376890e+01   8.8613050e+01
   1.9881983e-01   5.1600718e+03   7.0746380e+02   7.8270666e+00   1.9712234e+01   3.2440787e+01   2.7987075e+03   6.4438352e+01   1.2189464e+02   8.3574485e-02   8.3498507e+01   4.8418449e+01   2.7626643e+03   1.7407726e+01   4.9686837e+01   2.9972492e+03   1.8129825e+01   6.2385045e+01   4.5484581e+00   2.7524584e+02   1.0186052e+02   4.5541827e+01   2.9670421e+01   2.7558876e+01   1.7802889e+01   1.2701819e+01   3.6450457e+00   1.2843429e+00   2.7851043e+01   4.5119280e+01   9.1696704e+00   2.2032261e+00   3.5018598e+00   1.7752479e+00   9.3677113e+00   4.0664808e-01   3.7709260e-02   1.7320016e-01   6.7671691e-02   9.0415898e+01   8.5955374e+00   8.9171777e+01   8.3168110e+00   1.9544697e+01   5.1376484e+01   9.1118199e+00   2.9095965e+01   3.9402968e+01   3.5464044e+01   9.0941968e+01
   1.9566276e-01   5.1807294e+03   7.0664442e+02   7.8827946e+00   1.9777550e+01   3.2152975e+01   2.8004139e+03   6.5018502e+01   1.2188024e+02   8.1194094e-02   8.3510394e+01   4.8738477e+01   2.7658900e+03   1.7695113e+01   4.8559624e+01   2.9961840e+03   1.8007262e+01   6.2360820e+01   6.5270643e+00   2.7265561e+02   1.0182788e+02   4.5566543e+01   2.9411715e+01   2.7442601e+01   1.7802154e+01   1.2762964e+01   3.8970556e+00   1.2731584e+00   2.7518243e+01   4.5115600e+01   9.3778407e+00   2.1549163e+00   3.9752741e+00   1.8200232e+00   9.3675859e+00   5.6626365e-01   3.7709260e-02   1.7320016e-01   6.7671691e-02   9.0415898e+01   8.5955374e+00   8.9163848e+01   8.3502795e+00   1.9211922e+01   5.1376135e+01   9.1539792e+00   2.9141047e+01   3.9429697e+01   3.5728334e+01   8.6989534e+01
   1.9363939e-01   5.1630412e+03   7.0072155e+02   7.8724827e+00   1.9495108e+01   3.2246506e+01   2.8004680e+03   6.5721009e+01   1.2190654e+02   8.7327268e-02   8.3486776e+01   4.8684920e+01   2.7654764e+03   1.7417545e+01   5.0461232e+01   2.9968875e+03   1.7989283e+01   6.2357219e+01   6.2075416e+00   2.7259209e+02   1.0185137e+02   4.5560781e+01   2.9211213e+01   2.7846181e+01   1.8579553e+01   1.2694181e+01   3.7004619e+00   1.3299265e+00   2.7978923e+01   4.5152225e+01   8.8614911e+00   2.1762566e+00   3.6222726e+00   1.8309887e+00   9.3858389e+00   5.7932467e-01   3.0401373e-02   1.7531273e-01   6.6937870e-02   9.1390440e+01   9.3837378e+00   8.9094177e+01   8.4435395e+00   1.9158253e+01   5.1435228e+01   9.4636327e+00   2.9128729e+01   3.9441967e+01   3.5658902e+01   8.8540997e+01
   2.0481503e-01   5.1728600e+03   7.1958645e+02   7.7505789e+00   1.9916134e+01   3.2376490e+01   2.8015634e+03   6.4404667e+01   1.2191488e+02   9.0452140e-02   8.3513183e+01   4.9252555e+01   2.7659552e+03   1.7529746e+01   4.9291707e+01   2.9970056e+03   1.8057463e+01   6.2371058e+01   7.1653962e+00   2.7247693e+02   1.0188476e+02   4.5557401e+01   2.9220549e+01   2.7712404e+01   1.8246558e+01   1.2652443e+01   3.9327749e+00   1.2522896e+00   2.7603510e+01   4.5091096e+01   9.2229231e+00   2.1559572e+00   4.2444075e+00   1.7969953e+00   9.4159562e+00   4.9905384e-01   3.0401373e-02   1.7531273e-01   6.6937870e-02   9.1390440e+01   9.3837378e+00   8.9022959e+01   8.5495833e+00   2.0035431e+01   5.1269355e+01   9.7628907e+00   2.9131248e+01   3.9449634e+01   3.5699754e+01   8.7382020e+01
   2.0516322e-01   5.1699384e+03   7.1432689e+02   7.8482394e+00   1.9456311e+01   3.2060710e+01   2.8015291e+03   6.4856153e+01   1.2191803e+02   9.1745117e-02   8.3514591e+01   4.9550183e+01   2.7655621e+03   1.7512801e+01   5.1013648e+01   2.9974409e+03   1.8076542e+01   6.2391831e+01   5.7210196e+00   2.7269092e+02   1.0190644e+02   4.5563726e+01   2.9583161e+01   2.7651811e+01   1.7781729e+01   1.2762743e+01   3.7742333e+00   1.2606968e+00   2.7538343e+01   4.4911308e+01   9.2717593e+00   2.2020183e+00   3.2214918e+00   1.8380690e+00   9.4250798e+00   3.9864057e-01   3.0785637e-02   1.5962483e-01   6.7170580e-02   8.9734171e+01   7.9494601e+00   8.8945098e+01   8.5952950e+00   2.0236272e+01   5.1317092e+01   1.0137683e+01   2.9110938e+01   3.9437408e+01   3.5673165e+01   8.8328813e+01
